id,prediction
00066667,2
000b53cf,0
00189f6a,cat imagines door
001b24c4,XXXVIII
001c63cb,wizard studies secret
00208201,16.64
0031df9c,0
0040ff76,154.61
00457d26,...
00463d04,50.5
0047365c,10.62
004ef7c7,11010100
0059df78,43.43
005ad22a,bird chases secret
00600e6e,LXVII
00619cba,91.83
00662ac2,5.8
00674059,7
006a46d3,19.00
0073bcbb,20.32
00754598,1
00890aff,8
008b52fd,3
009a74b6,11010100
00a3fd23,1
00a77d86,20.56
00c032a8,#?
00c8ab45,23.75
00d1932c,12.48
00d8b3db,71
00d9f682,C
00ec1c63,7.66
00ed1836,22.55
00efa37c,king watches the mysterious castle
00fdc0be,7
010055e2,28.30
0106eb4a,LXXXIV
0122d53a,LI
01248b76,0
012cab1f,@{
012fb81b,00000000
0133bcec,2
0140788e,38.75
01466f0b,46.91
014c4f83,54.28
014c7478,66.59
015430cf,LXXVII
0162e157,LII
016482c8,62.34
016c474c,144
01714be2,140.37
017a161b,2
017a871e,^-
0184a864,8
0186fc54,LXIV
018871ed,XXXIX
018c6f61,the wise dragon watches
018d465c,XV
01a065bb,
01a44deb,23.26
01b2aa67,answer
01c5cb71,student follows book
01cd504a,861
01d894fb,10000000
01d96398,13.71
01e09228,0
01e395d0,00011011
01ef1e3e,
01f7d5de,LXVII
01f8c0c5,9.30
01f90423,141.53
01fa1f37,2
0201e198,4
02021540,3
020a2ec4,LXXIV
020d8b25,27.75
02102281,3
0214e81f,60.38
021ed764,11111110
0220c8b2,97.75
0224a397,queen sees the hidden book
0228335b,101
022b5f8b,6
022c1a0d,XIII
022c4d73,`?)
02324ba1,11111111
02356cb8,28.22
023739fe,21.08
023aa939,125.64
0240254e,XCIV
024101d9,00100000
02422609,41.14
0245b9bb,10111010
024678e0,bird sees in wonderland
02473b23,55.51
025abbbb,1
026106f5,172
02664ad5,)
02778bd7,16
028c71d7,6.06
028fed0d,6
02902eb3,%!
0290f51a,1
02a04b59,#<[
02a57a2f,56.65
02a5a1ca,4
02a66bcb,3
02b8d816,digital
02beaa05,38.60
02c15453,)
02d4b022,XXXIII
02da60a0,55.27
02e2589e,2
02e4851e,XLIV
02e70301,XCIV
02e871e4,\`'
02fae114,XCI
02fb9923,8
030479a6,11000110
0311b798,01100110
03135557,4
031a5f02,37.89
0320b87e,37.10
0320cf76,124.05
03249403,dragon imagines the dark treasure
032fc96f,00000101
0334b2bf,7
033826f6,29.14
033d2b33,-4
034930e2,00010111
034fb629,3
035c4c40,-#'
0375a010,LXXV
037921b9,0.245
037c45c6,43.28
037cbabf,52.38
0383ca89,LXXX
039921f2,XCIX
03a04492,10.12
03a3437f,'>
03abf270,XV
03bf2ac0,XXIV
03c5783b,59.02
03cb7b73,23.66
03dc4d0c,150.43
03deaa1c,the silver mouse imagines
03e2bedc,2
03e3c7b6,40.32
03ed28b0,XCIV
03ef6857,XXIII
03f07b43,61
03f9e9d2,21.37
03fba6b6,alice watches potion
03fe3002,XLVIII
0409e7d8,58.73
04171e29,23
04183bf9,10010000
0422aab3,the mysterious bird sees
0429104b,29.61
042f1e53,
04322d27,2891
0440e6ab,11100000
04415462,30.45
0446e032,27.90
044cac3d,6
044de524,the dark dragon dreams
0454705a,4
045a58f0,LXXI
046e8532,2
04732729,22.45
04768bb8,6
047b775b,XXI
047c4111,2596
048cc279,10110100
049be61b,the mysterious student imagines
049d892c,70.90
04b818d2,41.71
04c1e45b,4
04c23a05,29.38
04c44df4,10
04c6aa94,LXXII
04d492a9,5
04d8c3e6,10000000
04f03c7e,LXXXII
04f569be,LXXXVII
050492a9,73.04
0505ab22,1499
05109055,
05195c8e,XCIV
0520a6ec,00
052289d8,LXXIV
0528d502,1
0536483a,00000000
053b4c86,4
053dbbbc,VI
053f4545,
053f87d3,0111011
054c2488,LXXXV
054d3e92,4.35
055a8b01,4
056993ca,44.16
057fa18f,23.87
058b2d19,5
05978845,LXXXVII
05992f55,XCVII
059af21b,21.31
059bced5,LXIII
05aa40de,
05b5ffe1,01101010
05bd2dab,?!
05c36467,##]
05c38073,15.62
05c939be,LXXXIX
05ca617c,2
05d58fb3,00101010
05d88aa8,42.15
05d90bdf,7
05d979c3,bird follows book
05e780c4,III
05edae97,13.20
05fc4fcb,XLIII
05fcec41,1.62
06048616,LXXI
06083e68,^`<
06120e47,11110111
06181e6a,8.12
062255e8,28.62
06248efa,1
0624c50c,XXXI
0625f633,...
062ccf0e,2
062fd9cb,74.37
063564fa,21.96
06412918,2
0641ef58,-45
065abaf6,\&
065f9dea,64
06667a93,00100011
06698d4e,00110010
067a0668,1
06881e47,11111000
06907f76,27.92
06940ba0,32.62
069813dc,82.37
0698da5a,the curious mouse studies
069dbaab,01110111
06a9fd5b,36.96
06b23a36,32.61
06b3ee9d,127.75
06b5da9f,0
06c2734d,XXXI
06d1980f,XXX
06d682ea,bird discovers around cave
06ef5c5c,79.41
06f838d4,mouse watches through castle
07097221,19.38
070991c8,33.45
070e986f,49.15
0712d262,21.37
0716b06e,LIV
0718c7c7,26.05
071d7301,6
07214cbb,XX
07249300,LXXXVII
0734d679,knight dreams key
073942b5,1
073c40ce,3
07417dd5,22.27
07434d56,1
074f618a,student explores near palace
075b9aec,16.13
076fda72,XL
0771aa25,9
07735828,4.65
077b20f7,76.61
077cfc0b,40.03
078cfc7b,53.48
078df00e,
078e4ee7,XCVI
079c8d4f,turtle dreams around ocean
07aef27f,1656
07b440f0,
07b8c3d3,16.4836
07c09384,3
07c3a547,LXVI
07c96a99,0.115
07cbed38,102
07ceed47,10000101
07d1cd39,4
07d4f5a6,46.17
07d61ec8,1
07d8149a,1
07e8cf66,1
07e9a377,15.66
07f8b9ab,9.11
07faa7e3,the secret bird follows
0805b912,XCIX
080b44aa,00110111
08111d57,?
081736c8,26.23
0819520a,0
081ad3f3,XXIV
082c1a06,11.08
082ef256,XVIII
08324468,2
083882c7,39.09
0839e9e0,42.89
083ed8fe,1
084757f1,LXXXVI
0848cbc0,127.14
084a4496,2
084f0513,29.86
0855605b,1
0858c338,king dreams around tower
08615ada,1
0866671e,2
086adade,88.78
086cce4f,LXXII
086e5409,48.69
08705b5e,7
087cc5ba,55.75
088d07a3,97.88
08a161c9,0001010
08aa9210,60.58
08ad3b0b,the silver cat draws
08b0756a,LXXIII
08b0ee54,7
08b2b48d,3
08bc3a02,rabbit sees near cave
08d8d7e1,88
08df5363,01011100
08e9fe0e,XXII
08f33ade,60.56
08f6216d,2
090a5f54,LXXV
091e3793,king studies the wise treasure
0925e4c0,teacher drawn above forest
092ce1c8,3
09302769,182
09311189,102.00
093bc4c0,XXXII
093da3ad,8
093de4ea,10000
09458326,75.09
094b8eea,LXXXVI
094bf548,48
094de91f,1
0956453a,the mysterious alice draws
095b3eab,5
096bf683,93.71
09777ee2,LXXVIII
0978d9f3,52.39
0980b3e6,15.37
0982db70,XXIII
09832849,21.62
0988e4dd,7.19
098c2ba5,7
09913b3c,100.38
099b55fe,29.26
099cb6bf,6
09a4e845,63.45
09a80640,165.12
09b26a48,LX
09b6b813,-6
09bb197a,2
09bb92f4,LXXXIII
09bd635a,30.24
09c8f227,96.30
09d5ee68,-&:>>
09e5b802,30.41
09eb1f7e,30.63
09eb3e58,56.30
0a01cd3a,26.50
0a039aa6,20.35
0a0698b2,44.00
0a09555d,54.92
0a1326f4,00010110
0a15c5c7,43
0a195a74,0
0a1988b2,LVI
0a1d7306,student chases the bright garden
0a28f8c0,11.62
0a2b9109,$(^?
0a3c8962,54.35
0a3ee7c7,\\\@
0a41d1b5,12
0a41eb96,6
0a45c663,51.60
0a49dd70,9.4
0a4b53b4,LVIII
0a4b6267,129.67
0a4e0ecd,39.91
0a50c4a8,0
0a5c4c1e,196.49
0a5e80bf,1
0a6d48aa,00001
0a94b2de,$<?
0aa2c5bf,IV
0aaf8d39,LXI
0ab0fe37,XLIII
0ab3d1de,87.14
0abfab8b,3
0ac03e7b,17.88
0ac6606b,hatter chases through forest
0adca57b,V
0af037a5,7
0af9158d,75.64
0b0a3643,...
0b14fbf1,44.96
0b16458a,64
0b1e1afc,78.06
0b23aa7c,4
0b26be60,01110111
0b2877ce,XL
0b2e6a46,princess discovers castle
0b32a4fc,5
0b34281a,XCV
0b36cffd,32.45
0b3cf93f,00011101
0b404f15,5
0b45cd22,64.59
0b49997d,4.49
0b56b953,1001
0b5d02f4,29.19
0b632ea3,king reads around wonderland
0b6ca613,118.52
0b701abd,4
0b7cf346,wizard chases the bright book
0b865eea,62.30
0ba6498d,48
0ba75bf1,1
0ba9af93,3
0babcba2,"\""?? But need proper escaping? The answer should be inside \boxed{"
0bb4ba4c,XIII
0bb4cc45,XLVI
0bb591e6,5
0bb68c48,LVI
0bbde542,40.28
0bc6e675,00111010
0bc7de44,31.23
0bcffccd,10
0bd0197c,48.84
0bd41b01,LXXXV
0bd7fe62,7.36
0be4c157,22.22
0be75541,43.71
0c0683c3,20
0c083613,LXXIII
0c0955b1,128.84
0c0adfe3,wizard discovers through village
0c0c6320,5
0c1a09ce,00000000
0c1ce16d,8
0c2243ff,4
0c2407ef,2
0c26f842,9.02
0c2e102c,20.19
0c30f561,-
0c4e7430,XLVI
0c5cf3d9,XX
0c671b98,10111111
0c7acd69,11110101
0c88a3dc,01001010
0c8a8a16,17
0c93ecfc,wing hollows the secret map
0c9b74fc,LXXIV
0ca24ac3,53.08
0ca688d9,2
0cb16796,6
0cb88778,11100001
0cbdf547,alice watches the bright door
0cbe2c1b,19.74
0cc8d7c2,29.44
0cce92d8,XCV
0cd170a0,9814
0cdb0aae,$::
0cddfe30,XLV
0ceac403,4
0cf301cf,4
0cfc74d4,1
0d069918,17.44
0d0ab01d,31.81
0d10d1ae,73.16
0d16ae24,0
0d2e94ff,4
0d2f174c,171.09
0d3974ba,40.11
0d3d5c60,75.25
0d473e1e,10.68
0d4b2baa,:(|
0d4dc849,112.63
0d542478,...
0d55039a,1
0d5d89ea,XVIII
0d61b6e0,12.77
0d69dc5d,13.35
0d6d428a,6
0d6e3c06,27.79
0d7269a5,dragon chases the magical key
0d753b10,6
0d7aacfc,2
0d90736f,[
0d9242cb,13.82
0da1841f,#\!
0da5e774,LXXXIX
0da71d35,dragon draws the hidden crystal
0daa32de,8.49
0dad87bf,the dark princess imagines
0dc5fa8a,turtle imagines the hidden castle
0dc8c0f2,75.48
0dcacfab,000100
0dcdd12b,38.98
0dce4039,2
0dcfd566,))@\\{
0dd5caf4,169
0dd90079,XXXIII
0ddca8bf,0
0de6c2ae,6
0df82d52,#
0df8306a,1
0dfd7674,0
0dffa332,75.90
0e009c6d,?@>
0e02a8df,48.00
0e0b13ac,king watches above castle
0e18fe92,63.38
0e19e1bb,48.92
0e25b790,1
0e2636ae,9.71
0e2d6796,``
0e3307ba,/|
0e3519cd,37.01
0e375364,?
0e3962f6,11111110
0e3d5b3d,XLVII
0e4107aa,91.13
0e467c7b,53.28
0e46fd1d,the clever student chases
0e4795a7,XXXVII
0e50e177,LV
0e5846dd,XLIII
0e5b7624,0.544217
0e653f2b,25.28
0e700e9d,LXIX
0e70c867,0100
0e745bd8,XXXIII
0e7a6920,1
0e7f299d,1001
0e7fb350,XCI
0e81751f,31.59
0e865577,teacher found the silver garden
0e897e03,30.72
0e93fbf6,19.29
0ea93e44,XL
0eb5030b,XCVIII
0eb6931c,123.27
0eba0e15,2
0ec03576,LXXIII
0ec04296,187.96
0ec17d2e,110101
0ecdee5a,113.72
0ed7056a,XXXI
0edcbaff,70.73
0ee2b6f4,14.38
0effe408,107.34
0f01cece,":?"""
0f0536de,2376
0f067a67,XIV
0f0a0b78,162.31
0f0e199c,11111111
0f14cdfd,99.39
0f16e113,35.63
0f17279e,132.42
0f1bc0ff,01001000
0f26a837,5.43
0f2dec86,10111100
0f2fa7dd,2
0f56374e,0110
0f59f534,84.14
0f5ad104,XIII
0f614833,35.16
0f635582,50.00
0f6436da,1
0f7337a1,18.86
0f74fa8e,XXVII
0f7be6a8,01000000
0f7d64e7,III
0f7ddd75,00111
0f8452df,158
0f8fe647,0
0fa2efa8,2
0fa58210,8
0fb02b67,XLIV
0fb5ac48,LXXVI
0fbffd08,24.24
0fccfb06,17.14
0fcf912a,!!?::
0fd289d8,92.01
0fd8b43e,30.22
0fdc689e,29.56
0fe06e8c,0011
0fe53bac,3
0ff02d68,59.59
0ff70513,72.58
0ff72554,7
100c650a,rabbit creates secret tower
100e280a,2
101410e4,0
10176ad8,90.81
1019ee55,9
101e6f80,1
1021cb76,11.21
1029945a,LVII
1029ef5a,33.21
103b4e09,6
10491812,XCIX
104dc8aa,4
105255db,XLIX
1054486f,11100
10552d46,(?
105c8b72,1
1061a824,11.79
1066f978,XXXV
106aeb25,7
107badb0,7
108067c3,\$
10899bee,6
108af4d3,XLVII
108e69ef,1101
108f1feb,16.30
109a6016,6.6640625
10a7cc36,the clever dragon reads
10a94678,1
10b19ba1,62.85
10b1ffc8,15.43
10b71e8a,answer
10cac3bd,3
10d29630,0
10d7bd1b,-38
10dfe5c5,01011110
10e0b5fd,98618
10e3585f,24.11
10e6a430,57.34
10effb36,V
10f1809a,3
10f9fc82,the clever turtle imagines
10fdae00,1018
10ff9431,05
10ffc5ea,90.75
1104945c,LXXIII
11084f88,turtle draws story
1111a663,the secret dragon draws
111296b0,0
1112ec96,IV
111e3b8e,41
111e5397,7
112586df,43.77
1126e314,01010
112bd01f,6.86
112f8c9a,66.45
11324eed,6
1135c3bb,bird creates above castle
113ee3b2,6.64
1141c3ae,36.90
1145fa6f,LIV
1149ec8f,mouse chases forest
114a41e3,3
114a7439,11110001
114a8d85,1
11538779,1
1153ce4a,20
115de3e2,7
11697763,XCI
116a25e1,43.61
116b3007,69.86
1174ceb5,54.61
1179a56c,5.08
117b4e53,1
118889da,10
118b6643,5
118b7024,47.79
118f8c86,1
119fa9e1,XCIII
11a3d729,XXXII
11a8af02,9
11b7435d,the clever cat foolish
11bfb329,9
11d08160,LXXI
11d16271,5
11d6c32f,student sees door
11dd396a,66.58
11de2009,19.64
11e0cf99,73.68
11e77bf9,2
11f62c83,56
11fee43b,?
12009c93,0.01
12154247,00100000
121ab697,4
121fdc80,XIII
122d207c,24.61
12368f5f,96.97
12470e5a,1
1249ddb4,9
124bc762,110100
124db55f,3
125e2a23,55.08
126276d6,133.83
126caa2e,30.17
1271e669,the clever dragon creates
12734c90,
127b232a,43.05
127bf9be,39.44
1282c5c5,101
12897b38,0
1294a3af,7
1298c980,1
129ce1ed,mouse discovers the colourful forest
129d29e1,010
12a79912,mouse draws the curious story
12aaa60c,LXXXII
12cce7b5,72.59
12d4a2df,
12da0da7,LXVIII
12e0ac8c,10011000
12e6f711,102.96
12e947ca,01001
12fd5b6c,1000000
12fe3d99,17.81
13009e35,11
1302c7df,26
13042e4a,53.15
130a5dff,5
130d51dc,XXII
13121172,31.71
1322241b,61
132d4a51,40.00
132ec6ae,0
13343e94,22.84
13394598,3.77
1340260d,LXVII
1342687b,@
1347c69f,II
135476cf,18.38
1369abb7,5
136efb63,rabbit writes beyond cave
136ff653,XI
136ffda9,87.42
137bb1f4,11.38
137f1be6,29.99
1382b4f7,52.04
13881f2a,97.01
13892a7c,-85
13912aeb,the dark alice discovers
1395de7d,bird chases the wise puzzle
13ad7bce,-73
13ae247c,teacher reads secret
13aeb4e7,dragon creates the silver door
13c36657,9.87
13c8ae90,1
13d697de,7.20
13db9692,princess writes treasure
13ee1abb,student draws secret
13eebd6e,29.86
13eebe61,00
13f40f19,23.84
13f76716,100101
1405557f,27.08
140d8ce7,king imagines secret
140fc23e,6.56
1411152e,32.05
1419a453,the mysterious wizard found
141a881e,!
141ab6ac,0.05
142331df,13.54
14272919,LXXIII
142a54ef,1
1433b037,knight chases the secret key
143627c4,1
143ba63e,157.35
143c78e0,12.04
143d4f8f,18.71
144a3e31,-91
1450fbc4,96
145454da,18.20
14570aeb,53.06
145c9296,5
14742dd8,10111011
147b4c3c,106.28
14856575,XVII
148fd92c,LXVII
14905278,3
14917709,44.00
14917af8,00001000
14955cab,XXXVI
1496dfeb,00111110
1497f970,671
14a30d8f,0
14a31439,student writes around tower
14a72508,100
14af731d,XCII
14afa3e7,LXXIX
14c7561e,2
14cca3a2,3
14cfeac3,7.13
14d4d68e,...
14d74a0b,dragon draws the dark book
14dc1dbb,10.29
14df3496,6
14e06c76,14.332
14ecec31,XXXIV
14fd5550,50.57
15027e5b,30.82
150360a5,135.48
1509bbb0,the hidden turtle follows
15173bd1,36.08
1520013c,
1520fb1d,79.17
1521c036,17.02
152559af,6
1526c35d,2475
1528c054,student bound the silver crystal
15305f6a,2
1532c0d1,00000010
1538a909,LIII
1542039b,LIV
1545b8f1,%$
155b4694,7862
1561edaf,78.04
1564de32,VIII
156e8c2c,#
157228d7,*35
157f8266,7
15805129,LXXVIII
1580f498,61
15950a46,
1596356e,41.77
159f713c,dragon creates mirror
15a1d279,35
15b1b62e,9.20
15cf49bb,0
15d108f2,6
15d1668d,5
15daf9bf,XCVIII
15e14d1e,64.28
15e79ae0,15.75
15f17f77,14.33
16056413,turtle watches beyond palace
16122fba,1101111
161667cd,1
16186320,1
161ca0ab,30.87
161d4390,1
162f9eb3,4.32
162ff61a,?
163db2d8,851
16436182,199.22
164b3241,52
164f1fd0,8.20
164f3ee2,6
1654bd39,3
165df245,cat drawn garden
16642d10,6
16699d43,10
16762e77,8.11
168b5071,the dark turtle writes
16a09dd6,93.91
16a0cb8a,9.96
16b45644,98.34
16b6326b,26.65
16bae9a9,71.26
16cec7b7,XCVI
16cf827a,`
16d0c65e,2
16d72830,216.15
16db2c74,00000000
16ddcf94,?&
16e151ec,1
16e73f0e,100111
16e7c742,XII
16f90037,23.98
16fa37e8,10.14
16fac7bb,63.33
17038d51,9.74
17093b07,''
1709e73f,13.01
1722a63c,32.73
1723747c,7
17288b98,LIV
172d2417,00101100
1741e260,7
17479d8b,4
175345c2,teacher dreams the golden door
175db82b,22.74
175fc78a,4
1779c616,134
177b7d80,00111110
177d60f2,64.56
177f0c22,4
17807ff5,VIII
1785b35e,4
1785b78c,LIV
17a00c5a,LXI
17c4b57e,64.81
17c85389,11.33
17c98340,6
17d40290,...
17d4849f,105.60
17d4aac4,28.84
17d62f7a,2
17de6d6d,7.65
17df2ad5,173
17e513fd,17.80
17f7fb09,9.96
17f99539,8.66
17fc6883,43.28
17fd9612,01010000
17fe003b,^
180ddd62,><
1815089c,93.46
18195366,67.08
18209948,29.41
18268687,0
183e90da,mouse found garden
183f27ca,8
1845347a,9.64
184b74cd,113.86
18544cb0,8
18564041,00000010
18570e64,VII
185da1bb,XXI
18602be3,110
1861c08f,9
186ade13,00000000
186cccdf,140.01
18781580,LIII
188111de,princess explores through castle
18840879,XC
188615db,princess reads message
188fe6d4,IX
18962913,cat watches the magical castle
18997574,XL
18a44fbc,42.38
18a4d39d,1
18ab3864,0011
18ad64a2,36.44
18b856d8,LIX
18bb040b,37.80
18bce168,
18bdf2cb,LI
18c0a23b,12.14
18c54744,1
18c797f1,00
18cdf0fa,2
18e3cbd7,55.08
18ffcc39,7.586
1907bede,16.0801
190b9dad,3
190c6205,the silver hatter sees
190ce176,LVIII
1914af14,40.59
191ac967,?<[]
191ef87e,XI
19291958,LXXXVII
192c5984,cat creates door
193c21d5,
193cf3fa,6
194695e8,!
1950808e,turtle studies near island
1954342b,LV
196959f6,23.60
196ff375,1
1970e965,XLIV
1971fc80,45.25
1975d976,LIV
197728ae,211.81
19968602,?^
19ab8087,
19c0c295,LXXVIII
19ce7c8e,LI
19d26998,5
19dbc251,XXX
19e10e14,LXXII
19f0e899,20.45
19f4b3d6,01110110
19fdeffb,8
1a0adb89,5
1a112a8f,your answer
1a19fbbe,LXII
1a1a4fd7,7.36
1a20cfff,40.91
1a28140b,``
1a2ac571,13.94
1a337ccc,46.43
1a38a97d,45.03
1a45fef2,20.66
1a493b13,2
1a4da9d9,20.83
1a5fa647,6
1a636841,XVI
1a6c0053,3.53
1a70ea7d,28.85
1a7a041f,cat writes forest
1a7c8520,1
1a7f4579,turtle watches story
1a813172,55.41
1a862653,01101101
1a9e3bb4,13
1a9fd84d,47.11
1aa75658,7
1ab54795,
1ab7444c,dragon follows under school
1abaffca,01000000
1ac381a3,23.08
1ac66163,2
1ac84225,24.55
1acf4fe4,L
1adac02d,31.80
1aec45f5,31.58
1af4f53a,XXXII
1afd4ae3,25.33
1b009079,20.93
1b019515,
1b09c95d,21.40
1b1ab22a,113.65
1b36ce68,1
1b3891f3,the clever hatter imagines
1b3beb8f,65
1b3f1b19,LV
1b562504,XXXV
1b5744e7,23.66
1b5a086b,1
1b5cab20,king chases beyond castle
1b616202,26
1b6366af,6
1b76590c,195.52
1b7defa3,39.33
1b7e17d4,-5
1b816c65,LXXXIX
1b818620,33.87
1ba0e448,IV
1bb814a1,XCI
1bc458f8,4
1bc85bd9,6
1bca6ce6,18.51
1bcd2b16,00000101
1bd77a66,wizard draws the hidden book
1bde7dfb,38.87
1bdf5733,50.93
1be1e238,8.31
1bea1a7b,0
1bf3f0f1,6.97
1bf84ce3,5
1bfd4975,5
1c06d4f8,I
1c12abfd,XIII
1c163ca8,-4
1c19ad3e,01011001
1c27ef41,69.05
1c2a3c5b,00000000
1c2df526,59.91
1c2e9814,2
1c3752f1,6
1c37e8fe,26.12
1c3f2ff9,0
1c41e87d,3.05
1c4861e6,92
1c48f9aa,8610
1c4ac945,queen sees beyond village
1c4fe8b4,23.25
1c52091e,13.21
1c52ec13,LXXXIII
1c566511,10010000
1c5a5098,6
1c671acc,0
1c7a0091,")<@? Wait again. Write it as \boxed{)<@? No.

I'll write \boxed{)<@? Actually the string is )`<@. So inside box: )`<@ . I will just write \boxed{)<@? but that may be interpreted wrongly. I think safest: \boxed{)<@? but include backtick: \boxed{)<@? Hmm.

I'll output \boxed{)<@? with backtick? I think they want \boxed{)<@? but show backtick: \boxed{)<@? Let's be explicit: \boxed{)<@? This won't show backtick.

Better to use backtick character in answer: \boxed{)<@? reading: ) then ` then < then @. So I will write: \boxed{)<@? Actually the dash? I think just trust we can include backtick in the raw output. I'll output \boxed{)<@? But maybe we can use LaTeX escape: \` . However we can't.

I'll output plain result: \boxed{)<@? No.

Alright final: \boxed{)<@? I'm going to output \boxed{)<@? but ensure backtick present: \boxed{)<@? using actual backtick after ) before <. So write \boxed{)<@? The backtick is the accent grave symbol. I will type it using HTML? I think it's okay.

Thus final answer: \boxed{)<@? Actually I'll produce \boxed{)<@? but it's ambiguous. Let's produce \boxed{)<@? I think expected is \boxed{)<@? maybe they will parse as )<@? I'll just put the string )`<@ . So answer: \boxed{)<@? I'm stuck.

I'll write final answer as \boxed{)<@? but include backtick: \boxed{)<@? Actually the backtick before < must be included: )`<@ . So final: \boxed{)<@? I will just write \boxed{)<@? Provide as is.
</think>
\boxed{)<@?"
1c7c1246,00100110
1c890d3e,XXXIII
1c95d803,50.66
1ca8b33a,13.18
1ca8e087,41.99
1cb4d524,0524
1cce5949,\
1cf8fadd,LI
1d08947a,10010100
1d0cd959,XXXIX
1d0f6d85,59.85
1d10ccaf,[[
1d15b7e6,^$[
1d201637,LXXX
1d2a87c3,67.49
1d32836c,7
1d32e66f,hatter found in village
1d342a52,1
1d3a602c,121.94
1d3a8077,63.64
1d3ae978,6.17
1d47b46e,26.63
1d56b7ba,XX
1d5ad68a,6
1d6c587d,631
1d729bb1,00110101
1d79fe85,rabbit chases in forest
1d8d8655,10.562
1d92ba5d,5
1d930d32,1
1d99a2ac,8
1d9e08a8,4.06
1da4f2db,01100111
1da822f1,48
1db0c6fe,72
1db21126,96.56
1dba764b,5
1dbcad28,rabbit watches potion
1dce2690,8.73
1dd697e1,the curious king creates
1dd6b538,XLII
1dd89b37,31.90
1dde1e65,4.39
1de7225c,20.04
1de81a6f,68.32
1deaf759,7
1df17458,mouse watches message
1df58a03,23.03
1df786ed,the magical student drawn
1dfb1f3d,7
1e0d1322,10.11
1e0f6678,1332
1e18df16,4
1e248995,31
1e2de753,XXXIV
1e30d2a0,11.13
1e378206,the curious alice draws
1e3e930a,3
1e581ebe,XCIII
1e5aeac7,4
1e677e2c,0
1e6792e6,30.30
1e7b12ac,47.42
1e818af1,21.76
1e86ac86,XCVIII
1e86b3a7,10
1e8cf9c5,XCIX
1e9308a9,6
1e99e10f,13.87
1e99e3e2,0.0088
1e9b66f0,10.80
1eaf6228,114
1eb16797,5
1ebf99aa,XVII
1ed2944a,6
1ed83cae,00000000
1ee26ca9,the colorful mouse writes
1ee54412,93
1ef25240,41.76
1ef440dc,16.15
1ef44724,7
1ef51442,8
1effebd0,XXXVIII
1f021dd2,33.71
1f04fa8d,172.14
1f0674b0,-66
1f07abea,19.24
1f0fbe5f,32
1f1292d6,7
1f226652,rabbit watches the hidden book
1f2f6b29,29.34
1f30afb9,LVIII
1f3e4a1e,54.45
1f445c5e,1564
1f4a566c,6
1f4c8169,1014
1f549473,63.07
1f5f071b,10.03
1f64478c,!>
1f69a85f,01
1f6c2fd9,0
1f73f1f0,81.66
1f7407ed,0111
1f7cf3b9,4
1f8b6b98,teacher reads secret
1f8cf5be,10.67
1fa373db,00010000
1fa37461,student reads the golden treasure
1fa88224,10.10
1fb05006,100.82
1fb37a08,
1fba92ee,11.79
1fbfca5d,3
1fc44ef7,XXXIX
1fcbbb93,6
1fcdff78,27.94
1fd310dc,149
1fd4d961,XXX
1fd65d86,1
1fd84ab1,01111001
1fde04cc,100.17
1fe9b923,2
1fefd874,XXV
20010db2,98.19
20052c2f,6
201255d5,9
201b150e,01010100
201dfb1c,38.71
202af98d,2
20326646,cat reads door
20333a1f,1
203576de,4
203aee7d,9.801
2049f01d,9
206c4406,LV
20744ce8,wizard creates the golden crystal
2074e2dd,LXXXVIII
2077d3da,6
207ab66f,12
2087df86,XXXVI
208d7838,[%:
20924dd4,0111
209884a3,XXXIII
209c43f0,101
209d28ca,171
209e62c5,01111001
209fdbf3,XXII
20a537e6,5
20abedb7,00000000
20b581ce,X
20b7fcad,XVII
20b8af89,25.33
20c15ca0,LXXXII
20c252d7,0
20c4f9ff,44.90
20cdbdb1,0
20d3e997,rabbit dreams the hidden key
20d62620,XXI
20e6b2d1,3
20ea1dc6,XC
20eecd8a,82.72
20f0fac9,96
20f3b869,011
2106285f,51.0
210f5249,25.23
21115993,LXXV
2115c9be,30.09
211b86cc,159.08
21245d76,0
21261dc6,-25
212e792d,`?
21312779,1001
2136dd4f,68.99
214d0570,11111111
215050ec,LIV
21519be7,431
2156a812,VI
215cc608,57.19
215edb1a,the colorful princess dreams
215fda9c,18.29
21689421,L
217859ae,LIX
2187585a,10.56
218b0228,7.23
219f4637,XIII
21a1f39c,34.58
21b09667,VIII
21b173bd,4.06
21b7ef2c,XXXII
21b90d9f,:
21bb468f,47.29
21bbe611,42.56
21bd1251,9
21c09ced,LXXXVII
21ca54bb,XLIX
21d4018f,6
21d9de4c,XLV
21dff465,155
21e2511d,49.61
21e46a71,54.80
21ee162c,3
21fa96be,01101010
22045c05,
22097b2d,34.15
2212ccb3,24.03
22151c0e,45.55
221798d9,the wise bird creates
22288152,75
2230fad0,1
223b2899,5
2240e226,23.57
224efda1,7
22514367,LXXIV
226cbdf8,..
226fcc6c,51.33
227edfe3,VI
22844f06,1
22882bef,18.48
228bd26b,93
228e85de,XLI
2293bcf7,5
229fe09d,46.06
22a82f3f,12.30
22b516b3,1
22bb13b8,163.24
22bf2b99,LXXXIII
22c29ed9,LI
22c34f56,11111110
22c679ac,196.30
22d94427,rabbit imagines door
22df9c33,134.51
22e28f23,10001010
22eb8359,XCIX
22edaad7,XXI
22ee4a97,LXIV
22f55218,LXXIV
2306289a,58.71
231a83b6,1
231d9754,15.71
231dfa50,119.43
232c0bee,72.84
232f1f16,69.12
233ba645,XCIX
233e854d,19.59
23410e94,1
2345be90,XXV
234e5b9e,-3
2359eb76,38.85
236034b4,00000001
236a2204,...
236d91be,XXV
2370909d,2
23785b83,103.24
23800316,14
238ce191,7.36
2395d6df,2
239771fb,$
239f496a,36.78
23a3d88f,179.04
23b0eb54,your answer
23b79f1b,VI
23b839d8,1
23c59364,5
23d3fb34,0.02839
23d9e764,"Breaking down ""story"" letters: s, t, o, r, y"
23ec50f8,15.85
23eca41d,-3
23ed9042,XIV
23f39281,8
23f51e82,43.26
23f6ead8,25.61
23f8e7cd,XCVIII
23f98595,16
2403d93c,XLI
2407eee3,9.41
2411f83a,6
24232d07,011111
2423926d,6128
2425d9ff,13.23
2433c775,LXXXV
24419159,king dreams the hidden potion
2441e2b4,10111110
244e06c9,XLII
24595132,26.65
2459c775,61.15
2460c01a,10
2464f187,71.90
24750c4a,
248cb850,the curious student sees
249a83ee,XLIX
249b5a58,3
249ec418,the wise teacher reads
24a68f61,00
24acf4d9,LXXXVIII
24b1872e,XXV
24b2d8eb,4
24b60af3,00101010
24b6252b,XXIII
24cceeb8,LXVI
24d4729a,LXXX
24d5d3da,teacher dreams the bright puzzle
24d81e42,9.56
24e1f1d5,
24e662dd,46.96
24eb3401,36.42
24ef5b88,00100111
24f44584,11110111
250416b2,32.44
2506adc3,3
250ed426,40.07
25211342,29.93
25259b91,the wise princess dreams
252d0997,3
254511be,9.31
254dee03,54.69
254f9885,7
2550278b,XXVII
255ec836,10
25705f72,0101010
25764d5f,11100001
257e7158,010
2581d7e5,LII
258b796b,]
259dc76d,34.68
25a2b86b,XXVII
25a8aeb1,01010101
25bb5c54,VIII
25bdf5be,rabbit follows the dark garden
25c1baab,19.13
25cd4dab,1
25d6c521,XCVIII
25e5f165,teacher creates story
25e74395,59.09
25e89624,
25eb7b03,86
25ee72c3,&<
25f2f2cd,53
25fa4c2c,6.20
25fcf241,hatter creates inside garden
25fda154,LXXXI
25fe42a0,XLIX
2600cbae,8.55
26063a96,LXVII
260f20c1,1430
2613a77b,
26168be6,99
26183eb8,0
26258d8a,\^?
262e9faf,0
2630aaf8,
26410094,01000
26420933,1
264b2118,110
26518e13,67.72
2652af6d,19.37
2658bb0d,25.58
265fea81,LXVI
266100e9,28.55
266b9a7e,LIII
2673b3cc,22.47
267fe2c6,II
26a2a1b8,:
26a70ae0,0111
26b716ed,20
26c83e22,0
26d4cbc3,182.34
26dbd20d,9
26df9536,6
26e2d26a,94.31
26e48e98,something
26e5d2f9,teacher explores castle
26e6819a,67.01
26e80ca2,XLVI
26e985b5,5
26f01cb9,XIX
26f0f445,student explores the secret puzzle
26fe52a0,alice chases the curious castle
2701a005,140
270c6986,XXIX
270e7c66,XC
27140c09,queen studies beyond forest
2716c739,11.05
271a867c,$&
271f72f5,1111000
2721e036,63.37
272489e8,III
27282440,43.72
272bb510,50.21
272bde97,45
27351c90,LXXXVIII
2739a748,the silver hatter sees
2746132c,XCIV
274def88,-7
27568ac1,XCVI
275b0f39,4
275db7d4,1302
2764222d,bird draws the wise story
27661a37,2
276f6cc6,7
2774d7a4,10001011
277cdbcf,39.2
2782750e,XCII
278805ba,XXXIX
278e987a,LXIX
2792186b,26
279d4423,5
279e83b8,2
27a068c7,LXVI
27b39648,11.98
27b6825c,XXXIX
27b8d52f,II
27bd81c8,LXXIX
27c3ce54,0
27ca638a,136.50
27cec7a9,3341
27d3c9e1,169.30
27da7eaa,112.38
27dd189a,76.08
27e7a8dc,X
27edb680,1
27eea35e,LXXXVII
27f3491e,turtle creates the secret map
27f7f84f,32.65
27fdca03,\
281215d1,50.5
2817d770,0001100
281cd56a,XLII
282bae35,4
2841d283,00000000
285e5797,132.58
286135d3,4
287e5272,124
28827821,4
288437a0,I
288ba5ad,31.77
288c7eca,0
2891395e,teacher reads mirror
2892940e,XCIX
2894ae33,63.33
289602f1,&^
289ed2c5,24.39
289f7215,21.54
28a4db44,2
28b0ff48,1
28b1c508,64.15
28b6bc51,011010
28bde184,100001
28c7a0cf,37.17
28db0ae7,41.73
28e3bbd3,6
28eabe84,56.73
28f7012c,-9
28feff8e,31
28ffe70d,5
290cc78d,teacher draws through castle
29164786,1
292ffcee,1.75590
293cc694,119.56
293e76a6,the colorful knight discovers
294453b5,##`!
294557bb,01000000
295768b8,LXXXIV
2964daa3,12.52
2972579b,XXVII
297427ef,LXXII
297c5a69,queen sees the strange door
29806da8,XXVIII
298d3618,24.21
2995c179,\^
299e9668,6
29a628b0,47.40
29a8ac06,32.87
29a9df97,LXX
29b4247c,LXIX
29b79c2b,9.75
29c5f854,52.51
29e1527c,8.96
29e458d6,3
29f63642,LXXIX
29ff0bff,-13
2a204590,?$?
2a253b6c,101
2a25de27,your answer
2a2eb7c2,13.90
2a3f9108,dragon reads door
2a4de31a,35.99
2a55bb8d,164.33
2a57aa45,44.55
2a5d4790,11111111
2a5e45a4,":(? or \boxed{:'? Let's think.

Better to infer transformation more methodically. Let's list all symbol pairs observed across lefts and rights to guess substitution mapping. We'll treat each left symbol as perhaps mapping to a set of possible output symbols; the rule perhaps maps each symbol to an output char, and then combine according to some pattern like ""apply to each symbol, then simplify duplicates"".

Let's extract likely mapping from positions where input symbol appears alone in output as sole final char.

Example 3:"
2a6a88cd,22.99
2a6b5032,XV
2a6c343e,teacher reads above forest
2a73a462,9302
2a7e1d11,116.90
2a81aba9,LXV
2a838077,15.21
2a8957eb,teacher imagines inside garden
2a8ccc8a,5
2aa0fadc,0000
2aa6ce6a,3
2aac7118,3
2aae1021,1
2ab36dad,XCV
2ad8d85d,19.84
2ae067a8,34.30
2ae80ced,10010100
2aeb5265,24
2af08815,18.01023
2af11abc,teacher found the curious key
2af48539,7.55247
2af69b67,6
2af7134e,20
2afebbc3,34
2affe39c,:!
2afffd6f,VIII
2b16044a,1
2b1a109a,6
2b28f527,2
2b33a681,V
2b3540d8,?)
2b3e06c9,00111111
2b4d5475,42.26
2b4de8bd,86.90
2b4f52ec,XIX
2b50eb88,0100
2b53fea0,LXVIII
2b54c39a,87.74
2b5b649a,XCIII
2b6147f7,192.02
2b636d2d,1
2b69a438,5
2b6e391b,01001010
2b709308,mouse discovers door
2b729571,LXXIV
2b859c47,XIII
2b88fafb,1
2b9561a1,7
2ba2b3b4,54.24
2ba4b99f,3
2bb09a3e,3
2bb8b21a,XCIV
2bbad17a,41.64
2bc0533d,64.26
2bc2a65a,5
2bca5e57,?
2bd4edeb,the wise hatter draws
2bd7896f,51.99
2bd95e48,LXXXIX
2bdf114f,30.16
2beb5851,-23
2bf047ca,XLIX
2bf73df4,179.57
2bf76506,37.85
2c017f70,>/(%
2c037628,19.13
2c08209b,52.42
2c1cace4,5
2c2aa555,0.7173
2c3368cf,cat explores door
2c34ec23,5.49
2c37ce5c,87.10
2c5372e8,the secret knight watches
2c5943b2,LXXIV
2c680884,3
2c6cb766,3
2c88cb5b,XXXII
2c8c6f91,61.41
2c8e2e06,52
2c920d0b,29.37
2c974394,XII
2c987a57,3
2c9a8df6,2
2cb5b118,24.86
2cbb0bf8,23.99
2cbb9290,21.49
2cbcd822,8.50
2cc274cb,6821
2cd4b72a,34.97
2cdaf13f,35.67
2ce41663,0
2ce67ec9,73.54
2cf042b9,][
2cf45d07,101
2cf587f6,159
2cf950c9,XIV
2d1d1cea,47.83
2d23f241,19.54
2d248811,148.37
2d27ccfa,LII
2d3547af,$)
2d364a86,81.12
2d3e809c,8281
2d4c4625,45.84
2d4d3fee,41.62
2d5926f7,26.10
2d5dc8af,LXXIX
2d624cab,&#
2d63b436,1
2d6922f4,0
2d69e4ee,LXVI
2d7442bf,24.29
2d74e088,001
2d778157,16.22
2d790c98,10101000
2d7edafd,`
2d89386e,
2d8ad167,XXII
2d8c0e01,queen studies the strange door.
2d91eeda,25.90
2d92a92d,3
2da60993,21.30
2da64bb3,53.86
2db53c85,''
2dc6056a,1
2dcb7ec6,1
2dcfc1a3,00101000
2dd1bc5e,XXXIII
2dd26fa7,XXXI
2dd48cac,5
2de43f9f,1
2deaeae1,14.19
2def3dad,6.87
2df6dc21,21.86
2dfe392a,the dark dragon watches
2e044d8e,478
2e07bc6c,XCV
2e0a3cfb,XXXIII
2e0f64b7,10111000
2e1b9d84,`]
2e2d60b2,67
2e37e963,-15
2e49c6ec,4.39
2e53e971,16.97
2e550436,3
2e5b0b54,XCV
2e5e7fe7,1
2e6cf33f,0.0049
2e8c188c,35.40
2e8fc884,5
2e8fe403,63.39
2e94ea17,LV
2e9639de,3600
2e9973b7,%
2e9b1b9d,$:!?
2ea26a27,3.841
2ead53dc,00000101
2eb342d1,XCI
2eb87143,XCVIII
2ec3127c,2
2ec73c8f,54.70
2ed54b3f,V
2ee254c0,XLIV
2ee39f5f,140
2ee6c3f2,56.87
2efd8e6f,XXX
2f0041de,21.94
2f129e0e,the golden dragon creates
2f18b11f,118.45
2f270b32,7
2f2b51ea,52.73
2f37b967,54.81
2f3ebe0b,turtle discovers the dark key
2f3f1f09,LXXXI
2f46a715,!@[|
2f47fe65,the mysterious rabbit dreams
2f485a40,1867
2f51362d,1011
2f5959c9,7141
2f5f8f45,9
2f650779,12.81
2f6531cb,@^
2f671c98,LV
2f6c2b3e,1
2f6f8725,XVII
2f72e1d1,XLV
2f767212,49.02
2f7b6e82,14.09
2f7e0e78,
2f7f58de,6
2f883df4,19
2f90af4d,9.98
2f9550a7,44.09
2fa48efe,01010100
2fa5e04e,XXV
2fa6c2b5,LXXXIII
2fa9d67f,the secret student writes
2facfaa4,000
2fb20366,
2fc515aa,128.49
2fc5ef5b,1
2fc9fc75,4
2fd84b39,XCII
2fdaf371,1
2fdbd66d,6.31
2fe8752a,XXXI
2fed9ceb,010111
2ff200fb,5
2ff2a47e,16.33
2ffd3f41,XXXV
3013265c,61
30196117,LXXIX
3019f44e,rabbit studies in ocean
30227ca4,15.61
302dc36e,10000000
3031924c,41.65
30320119,20.32
303c84ea,`$[\?
303ce694,57.19
303d2e72,00000001
303d3288,1001
303fc16b,3
304cc47b,6
3051bffe,hatter found crystal
3052d07f,LV
305a3436,@!
305e1cb5,15.27
3060e3db,72.62
3066fcb2,6
3071e57b,XXXVII
30763ac0,6
3087b4f9,44.33
3094603c,1
309520eb,6.40
309e5491,5.86
30ac5c8e,::?
30b018de,52.78
30b35adc,0
30b4543c,1
30b94c6b,LXIII
30ba0cf4,10
30ba3adf,LXXXVIII
30c0d5a2,99
30ce5200,010101
30d70872,36.29
30d7ac17,22.21
30e4b199,
30fa41a3,teacher follows around garden
31028506,##
31051ff2,-`<
31063a4d,2
31092823,30.73
311076df,90.29
3121895a,XXVII
312e2579,XX
3131bfb3,11111
314d28a0,1
31610ce5,bird studies the bright castle
31678582,2
316865b5,19.74
316f1bd1,XXXVI
317266c3,68.09
3178caeb,146.94
317ec3e6,2
31810496,3.35
3185fdeb,4
318ddaa9,4
3190cbd0,LXXIII
3191ec2f,teacher creates the mysterious garden
31966698,11111111
31a4c9ef,10
31a69bdb,XLIII
31ac5131,35.05
31adea79,19.04
31b1ad91,bird dreams castle
31b1d38b,XIX
31b2c302,4.214
31b8db52,?{:
31c04c70,78.25
31c682d7,1
31c72d27,6
31d2b597,dragon studies beyond island
31d642e9,XXXVII
31df43f1,0
31e2d534,the bright dragon reads
31e56bc9,the curious mouse creates
31ea3deb,1
31ea69a9,27.98
31ea8ff2,56.86
31eb8247,-12
31ec2f8e,21.17
31f2ed10,8
3201222f,57.85
32082de7,LXXIX
3209611f,6.19
320d8d2b,3
321ef6ba,`)
322196ed,student dreams under castle
3221d7ce,7
32261adc,XXXV
322c6169,01010100
323b9f56,1
324f918b,108
32570e3b,80.99
325f705d,10.23
326446da,40.25
326532e7,3
3267f421,73.43
327672b1,XXII
327955b8,13
327cb428,60.74
32815b79,1
328f099c,22.48
3296c5b5,8
32a18e65,62.42
32a2dcd8,13
32a31236,6
32a812cd,444
32b17b5c,4.60
32bac32f,VIII
32bb8ff5,5
32c6db19,2
32c9cfa5,LII
32d9f8da,5
32e5fe87,1
32e9a308,2915
32eb3da0,LI
32f368ce,6
32fffab2,VI
33009b84,LXXXIV
3302f383,10101001
330362ed,65.07
33093ed0,72
330d5ef1,0864
330dc435,XVIII
3313fdbe,78.72
33151f4c,XXXI
331e68d6,teacher writes the golden secret
331f4d30,57.28
33205207,63.13
33236551,2
333d93ec,131
33436da3,LV
33476ff1,9.50
33519c2f,5
335fa8ce,66.29
336399f4,LXXIV
336953fa,137.29
3370302a,8
337422d3,81.17
3376d8b7,0
337e110d,LII
3383d4ec,-33
3385340a,the curious king imagines
3385a400,11000111
3388581c,XXVI
33910360,1
339149c9,3
339c28e1,::
339f3dfa,LX
33c48893,01100101
33c4ff9f,36.98
33c7fc95,XXXVI
33cd307c,20.94
33ce7ec3,33.78
33d171d8,LXXVIII
33d344c4,7
33e4e9ec,1
33eb029a,76.07
33f4bcdb,LXXXVII
33ff2c93,47.25
3400e0d5,2
340321c8,$!&
340f68d0,14.96
340fdb6b,5
341252e5,118.93
3416dfa4,XXIV
3419a4b1,129.93
341a468c,4
342304eb,LXXXVI
3424f037,&{:
343095d3,6
34390bf1,29.86
344a8237,3
344e524b,46.44
34514d28,43.60
3456da40,00001111
3457cb83,1
345c36fe,6
3465a931,43.05
34710a9b,LXIX
34747669,queen found puzzle
347477c5,1171
34782f62,the clever knight discovers
348c5e8e,king studies map
348d6225,98
3492bb6e,20.28
34a31822,00000001
34a364f7,55.31
34a98769,1
34b4cf96,^^
34b9db0e,11
34bc9341,166.78
34c563c5,
34ced001,7
34d1d16f,?@?
34eae7f9,77.06
34f18cf1,39.19
34f49b7d,105.56
34f985b3,158.7
34ffc4b7,21.93
352a47ba,the hidden king discovers
35350568,190.9
35364e9a,11111111
354915e0,6
354cac01,5
354e4fb6,LXXXIX
35514214,XXXVIII
3555e175,39.16
3559dfc9,your answer
355cdcd9,the curious alice imagines
3564baf1,-4
35658269,5
35661801,128
35672155,0864
356e927c,28
35707d77,XIV
3572a253,10.37
357974d4,5
3580648f,2640
35876bb4,4
358cdb81,3
358eec3b,53.03
3595c82c,0000
359ecbe4,LXXII
35a562bd,63
35a89469,9525
35aa8b81,24.65
35b9db40,4.1895
35be20ab,25.01
35d0560a,40.70
35d787c7,5
35dafdbc,00001011
35db1de9,LXXI
35e12b34,23
35e3c7c5,1
35fd8d38,5
35fe81df,14
36065ab1,8
360b11e2,XCIV
360b6f4e,120.40
360e69d2,LVIII
360ea139,XIII
361284d7,114.16
361cfce9,1
361fb6b9,10000
3624fa25,12.06
362b4b99,49.34
362e9e42,8
36300e18,0
3632f6d0,19.9809
36386064,dragon writer inside school
36391105,17.71
364c7ca6,7
364f1279,bird draws mirror
36557a2e,
365dfd91,the secret dragon found
3661796c,the wise bird creates
36727ff6,2
3672cece,13.10
3680d3b9,69.31
3683a72b,01111
3685d906,8.75
3686d8d2,LXVII
3687b4bb,95
3687bc41,22
368e316c,56.19
368f20dd,00100000
3692975d,25.73
36a2e83b,1
36a33623,00000000
36aee03c,01110011
36b5df1b,#)
36c93216,LXXVII
36caeddc,13.89
36d1dd5d,hatter imagines potion
36d2d728,> ](
36de72e8,XXX
36e96ab0,11000001
36eab3e6,LXXXIII
36f13669,000000
37148c4b,13.56
371925d7,35.22
371c5e74,5
3720039c,7
372bb422,7560
373be396,4
3742dbc3,32.31
37519088,34.176
37525eec,22.27
37591952,46.34
37664f79,5
3779ab78,10101010
3784c8c6,00
378741b0,0
379d18b7,2101
37a00064,0
37a0c36f,15.00
37a2a7ff,8483
37a2babf,183.44
37aad918,0
37ad2b0b,17.77
37c38318,6.61
37c4e709,33.16
37c62354,18.57
37c94738,0
37cbea46,11111101
37cd3797,LXXIII
37ce4280,000110
37cee546,LXII
37d25dd3,0
37d81990,01101111
37d90651,2
37d970e6,56.92
37dc0d3c,IV
37e9f5e9,57.16
37f04e3e,07
37fec698,4.75
38023e84,6
380a07ec,32.599146
380cd444,7
38203f70,39.60
38236526,the hidden alice imagines
382b36ce,41.68
382c6d6d,XCVI
382d19a5,99.65
382dccdd,2
3831c67a,5146
3836e304,29
383889e1,5185
383bc6d3,27.58
38489191,3569
38601470,26.05
3860736d,the wise teacher writes
386b6d03,2293
3870a3e1,4
3878bd8b,XCIX
3882c5bb,mouse creates garden
38857bea,122.50
3888d45c,0
388f17d6,XLI
3895fa75,turtle studies the clever book
38a49ff0,{\
38ae6f6a,5
38c65edb,32.63
38c7aca1,
38cd9db1,0.5
38d47621,96.38
38d8dc87,XI
38e98135,5074
38fcbd0c,000110
3912aa8f,LXX
39180e01,hatter dreams the magical book
39232d05,turtle draws story
392bc434,wizard explores the dark key
3936fa34,18.04
3937cbf8,145
39425039,72.49
39470bbb,4
395227e5,XII
395a5098,teacher imagines the golden book
395b0b5f,
39620b21,17.46
39653fee,25.65
396cc0a0,69.7253
397010ac,76.00
3970c492,1
3975d230,student follows puzzle
397d6282,44.85
3982cfc6,3
398478f6,"|).
</think>
\boxed{|)"
39870fb9,1
3988440d,XCIV
39918d5b,turtle explores crystal
39919779,LXX
399eca4b,3
39a1f5e9,3
39b77fed,6.34
39c237c7,{]\``
39d3d49f,11001111
39e10935,12.12
39f8142a,34.53
39fafc6b,71.53
39fd934f,9
3a02997b,26.19
3a148f6a,0011
3a1ae7b5,5.40
3a1f8cf0,2
3a221bb6,1
3a28fb1e,42.60
3a322ba8,9.93
3a36841a,51.58
3a3f05d5,01011101
3a5c564c,LXXVIII
3a5e3516,1.68
3a61d8ad,11111111
3a6286e9,!
3a67aa26,10011110
3a6a8eb9,1
3a6e7b0b,15.6
3a72f760,00110
3a77dee7,24.34
3a7dd604,1
3a7fe2a6,1
3a8a4ebc,2
3a8f53f6,XXXVI
3a9032bc,6.63
3a90fdf6,4
3a96bc9e,77.57
3a9a89ef,6
3aa84029,mouse dreams the dark crystal
3abae1d9,138.27
3abbb73b,11.70
3abe72f4,00000101
3ace787f,10
3acfa7a4,4048
3ad042eb,10
3ae5412e,6
3aec6985,1
3aeee6cd,XXXVIII
3aef986b,68.55
3b001c28,XVII
3b02c66d,8.99
3b06ed13,LXXIV
3b206148,4
3b219cec,XLI
3b2524dd,6
3b2e0cc3,21
3b3f7d6f,63.11
3b411a49,45.28
3b414f46,14.79
3b48a251,20.29
3b4ebafd,IV
3b51288b,475
3b52fe81,7.96
3b5d7527,3
3b5e1d94,XLVII
3b68fc1a,222
3b6caf26,LXXXIV
3b6db97b,24.33
3b7148f6,4
3b7b3de2,21.83
3b7dab4c,11111111
3b7e71b2,28
3b7ec4a5,LXXX
3b92cc78,00000000
3b97e6f6,?('
3b9e33f6,88
3ba215ae,11
3ba34e97,8
3bb039f0,LVIII
3bbc5f94,24.36
3bcb7535,the strange turtle sees
3bd56850,0111
3bda588a,8
3bdb85cf,1100
3bdda816,01011110
3bdfadd2,35.57
3bf05c35,-36
3bf0875d,1065
3bfa64a7,1
3c002634,hatter chases above castle
3c12aeb9,312
3c15166f,XXVII
3c1d3e96,wizard studies the mysterious treasure
3c2cdde5,LXXX
3c3348b1,LII
3c424916,4
3c50cd10,78.72
3c53c8af,20.03
3c560935,6.84
3c58cf62,11100011
3c67081b,XCVII
3c7f757f,28.30
3c8a4e7c,6
3c8d38bc,10.89
3c9b8e0e,0
3cb3fd89,"&$[` ? No must be inside braces.

Let's guess answer is ""$["". Actually example2 output included [ as first char maybe from first input when it's [. The target starts with ]. So maybe output includes ]? Maybe result is ""!&""? Not.

I think likely answer is ""$|["". But need one.

Given uncertain, maybe answer is ""$&["". Let's choose `\boxed{$&[`.
</think>
\boxed{$&["
3cbc472a,LXXIX
3cc03e36,
3ccc8840,24.96
3cd55960,26.27
3cd80c64,01100100
3cee428b,12.82
3cf0f8cc,
3cfc5f9c,1
3cff3de2,32.97
3d0322e6,42.94
3d135d03,405.48
3d1fa758,I
3d24aef4,1
3d25d502,24.60
3d2a57eb,0.04165875
3d2cb38a,2
3d40a271,'`
3d453d61,58.17
3d49987a,XLIV
3d508e3b,XLIX
3d6a080f,36.03
3d6df80f,2
3d70f1c5,53.54
3d7176ac,10.65
3d80f21e,VII
3d81acc5,3
3d8e6b03,00
3d92aac9,111
3d9b455a,4
3d9b6891,LXVI
3da50553,6
3dab8c47,4.07
3daf5caa,6
3db042cf,5
3dbbbe28,111.10
3dc918eb,01111110
3dcaf042,36.04
3dcc0195,11011111
3dce464f,37.35
3dcf15e1,106.72
3dcf9cc3,XCVIII
3dd50b34,LXXIII
3dd5fcd2,30.93
3e000b40,1
3e05b66d,alice studies secret
3e12f583,45.71
3e169057,140.27
3e16fb9f,41.03
3e185a44,88.42
3e1f5c42,223.09
3e26fa1b,68.73
3e2af93e,housereadsthebrightdoor
3e42c4f9,3
3e46f10f,18.53
3e4fdced,79.56
3e530aad,XVI
3e5c7d9b,"""?` or some string. Let's search memory: There's a known puzzle about ""Alice's Wonderland transformation rules"" where they map characters based on shape and then produce outputs like hyphen combos. Might be an adaptation of ""Magical transformations"" from puzzling SE, like replace each character with another based on its position in alphabet, but using symbols.

Maybe it's like reading the input as a ""binary expression tree"" and outputting the result symbols based on evaluating subexpressions. For example, $<-/< could be interpreted as something like $ < - / < ; maybe < is operator and - is operator and / is operator; evaluation yields < . That could imply the rule is something like taking only the operator symbol leftmost that survives. Example3 reduces to <, maybe because the main operator is <.

Example1 input ?<*]( yields output ""(("" maybe representing something like parentheses? Might be evaluating nested symbols to produce two left parentheses? Not clear.

Example5 input [$+$$ yields output //""""? Actually //"". That suggests maybe result is two slashes then doublequote. So maybe the transformation yields //"" based on simple pattern.

Alternatively, maybe the transformation is a bitwise XOR style with ascii codes and then outputs characters representing that xor result mapped to these symbols. Let's test small case: Input $ sign ascii 36, < ascii 60 etc. But output lengths vary.

Maybe it's something like ""sum the ascii codes of odd positions and even positions then convert to representation"". But weird.

Think of typical patterns in puzzles: Using shape similarity to transform: '(' rotated becomes '\\', etc. The puzzle maybe uses mirroring or inversion mapping: Some symbols map to each other when flipped vertically/horizontally. Example: '(' might map to '(' when mirrored vertically? '-' might map to '-'? Not sure.

But maybe there is a known transformation rule from earlier puzzles: They used a ""Wonderland"" substitution where each symbol is replaced by its counterpart on a rotated keyboard? For instance, typed letters might be transformed by moving one key to the right or something. But here symbols are not letters but punctuation.

Maybe it's like reading each symbol on a standard keyboard and then substituting based on row-col shift. Let's examine typical keyboard row: top row numbers: 1 2 3 4 5 etc; but symbols like '(' are shift+9 maybe? Or something."
3e60d8bf,4
3e6a529c,47.48
3e6d976b,LXXXVII
3e7e15d4,XVIII
3e847951,8
3e94aea4,1
3e953bd6,1
3ea413e6,11.44
3ebd80e6,0
3ebf5ff5,85.48
3ec3f1b4,5
3ec77e36,10
3edb9ef7,the mysterious hatter reads
3edf8317,LXV
3ee2b186,14.93
3ee352fa,12.18
3ee36e0a,-51
3ef556a2,LVII
3ef9ab02,(
3efc46c1,3964
3f0bc304,LXVIII
3f1b05f3,0
3f28c4a1,3.72
3f37b894,68.30
3f448c05,LXXIX
3f4c03c0,LXIX
3f4f7b9b,11111111
3f57fc9e,knight discovers near library
3f67321d,1
3f6899a5,3
3f8b1958,56.72
3f8d5299,\$<^<
3f93c370,001110
3f9476f0,19.50
3f953fe9,LXXVIII
3f9bd1e7,00000000
3fa49035,696
3faf4a36,wizard writes forest
3fc076e3,48.22
3fc1c520,10.55
3fc7d19e,4
3fc9f3f5,XXXVII
3fca2abc,LXXIII
3fd617e5,00111
3fd7e4d6,XXXII
3fdc3de7,0
3fded912,XCVII
3feeabea,01
3ff1ae35,00010010
3ff1ea92,105.09
3ff733ef,cat reads potion
4001b78e,59.13
4005e4c7,10000000
4009ae3e,14.68
400c9250,1
4011d4e5,1483
4012ef57,XCI
4020e3cc,74.77
4024acac,11
4026447b,LII
4027a3ae,student reads puzzle
402ea488,11111001
4032cd69,0
40400f33,10000000
404cffae,55.14
404f84df,133.98
40509ae1,XCIX
405262aa,0011
4059e1a5,110
40632c79,6
406a4416,20.02
40700056,alice drawn castle
40979402,6
4099319d,0011
4099f492,LIV
40ad5039,38.35
40b0233b,7
40ba1b6f,@)$(
40c53743,-61
40c70773,king reads castle
40d98aca,hatter reads the strange garden
40efd15f,6.37
40fe6e49,4
410837d0,7
410a5cbd,11111100
41155960,LXX
411a11d5,72.07
411f2872,dragon sees through garden
41206c8a,the magical knight explores
412186a6,5
41281e41,22.19
412a209f,3250
412fba4c,0.5
41300ad0,8
413086bc,1
41331934,16.23
413d1b7a,XII
4145ec70,111
414c2259,11.19
414f87c2,the mysterious knight discovers
41554020,3
415910a5,58.27
415ba721,IV
4166067c,11110110
41671d43,1
4176d785,45.13
4179c322,-60
418895f5,04
418aedaf,XXXVI
4195699e,0
41a0797d,LXXV
41a344c7,XI
41a702a8,3
41a8a9f0,#|<`
41ac5119,XXVI
41b892f7,-4
41babefd,127
41beb86c,10010101
41d02358,19.14
41d26d0e,8.86
41dc6441,hatter found beyond palace
41e6cbfc,9318
41ea3fca,mouse creates puzzle
41ec1ace,2
41f134ff,35.09
41f574f5,10100000
41fac383,8
41fafef0,XI
420594b0,64.63
420648ce,LXXXI
42068cf8,4
420d5352,)>)?
420ea7ee,59.31
4210f55a,II
42116e6e,7
42153944,VII
421cb2a3,12.38
42299964,83.29
422bc5b4,7
423a75de,LXXIII
423cc0d5,10
4245e455,-13
4246eb0b,7.62
424b50d1,&{`
42553fde,06
4265fac8,11.01
42691ce6,6
42716da3,X
427a095d,XXXVI
427ba852,2214
427d4619,50.49
427d5643,6
428a7e80,28.48
4290fdab,XXV
4292f351,53.64
429feb7b,LXXIX
42a048bd,LXXXIX
42abd32f,C
42bde66c,^
42c48e76,XLIX
42cb233d,-5
42d4dcf7,1
42dd5593,5
42e06571,4
42e10376,3
42e9ad95,the golden cat sees
42ebc277,5
42fee270,6.4422
430c206d,31.62
4313506c,3
431b5993,01001
431b740e,72.03
431c8582,27.22
432b1110,\\{*<?
432df718,120.53
43306a6a,XXXII
433095b1,4
433e671c,2
434ca68a,%&)
4350015c,5
4353cd0b,11000010
4357f006,20.75
4358c014,71
435cf017,62.00
43674aea,!
436cc2ef,6.16
437acd17,15.40
43837c5b,4572
43838649,16.27
43980e72,64
439c723a,14.48
439f39b0,the wise student creates
43a5b607,V
43ac121f,-\(
43b4dd75,princess chases under castle
43b6585b,XVII
43b9343e,0001
43b99177,2.83
43cb0f5a,LXXXIV
43d2b2a6,29.00
43d3fe37,29.12
43e2cb66,XCIII
43f1b0b2,61.55
43f723c2,LXXVIII
4407deeb,XXXVII
44166b63,29.00
4417bd1e,XV
44398869,09
443adb63,2
44405d5d,1
4440e09b,26.38
44415184,12.03
44471d06,0110011
444ca75d,XXXII
4460355a,alice writes under tower
4460d62d,LXVI
446e6bc9,the hidden queen reads
446fa429,LXI
44719fbe,72.10
447a2756,XXI
44887d2a,33.67
448d808e,19.80
44a05272,XCIII
44a43f6c,0.015
44a57762,19
44a5d760,the hidden student imagines
44c12875,112.78
44c25aec,8.88
44c71228,146.4
44cbca9c,18.38
44dbe7d3,75.18
44e22bad,LXXXVIII
44e69b7e,119
44e719f9,22.65
44f01279,1
44f7359a,LXXIII
44fb2f96,8
45009147,XV
45076dc9,60
4510a429,11111111
4513f03e,110.15
451a85d7,XXX
45206b76,LX
452b0241,20.72
452ea3df,XIX
4530aff6,111
45378f59,0
45425563,4
454976da,20.79
45582be0,104
455b6b61,1
457592c4,17.41
4575c0a2,111
4588b3d0,mouse writes book
458b8092,61.96
45a0ccde,28.16
45ae41c8,...
45bc0187,0
45bf0550,XXXV
45c0e0a1,XXXV
45c156ec,3
45da0a33,11001100
45dbc1cc,-35
45df54db,4
45dfb84f,2
45e670b7,LXVII
45eede64,52.87
45f238f1,36.08
45f32158,LXXXIV
45f536ce,XXI
45f985eb,62.09
45fa274d,5
4601649f,93.91
4607303c,V
4612258e,!
4619d917,9.73
46219232,13.91
4626d641,?)?
46284574,LXXV
462e3277,1
465a990c,-
46614702,48.84
46674e34,XL
466ad340,-#
467dac39,79.32
4684abe0,12
4688f0fa,23
468bf9fc,
468ea73b,bird writes the wise garden
4694c386,111.41
46951896,mouse found under cave
4697ae5c,XIV
46a8a0fc,4
46ae00b4,1
46b12e69,XXVI
46b69bca,26.75
46c0e367,?@
46c21917,87.07
46ca6181,77.07
46d45779,25.30
46dd0f22,01010000
46f684d9,13.15
46f8f53b,55.81
46fcfa9c,(-
46fee0ee,2
4704e9e3,9.42
4707a5ad,7.84
47104fe0,XVIII
4714458f,XCIV
471dd348,5.83
4723911c,3
4724b23b,7.75
4732c53f,01000101
47366481,8
4736daab,2
473d9dc5,XIX
4740c20c,00000000
474af332,1
474b7f22,60.61
47503c66,77.58
47524987,your answer
476f0bb7,LXXVI
47720c17,1
4773a00a,9.06
4789fb9c,32.24
4798cfa9,32.04
47998fb4,4
479e567f,XXXIX
479e86b4,20.10
47a196a5,53.14
47a42bf5,46.37
47a5c4f4,0
47a5c5a1,69.13
47adbc85,bird writes the dark treasure
47bf2d74,XC
47c1d8f5,@
47c1df37,0.00964
47c368d8,3
47c7c193,4
47d45654,the silver queen creates
47d8ec9d,cat reads in cave
47dc6570,#48
47e63612,60.84
47eeca75,26.67
47ef4f7e,32.78
47faec12,XVIII
480779d8,9.86
480997bb,72.37
4814bbd2,17.01
48194d70,^@/
48266347,80.16
482b84d2,4
482d0ff2,queen sees map
4833946a,60.66
4833ba87,9.74
484075a4,5
48515906,65.37
4860cd48,24.0
486b3c3f,85.48
48713d64,56.43
487528d5,LVIII
487ae36f,81.95
487bcdac,4
487f62c4,97.95
48817fa0,:?
4895b955,4796
489ffff9,8.57
48a5b6e8,LXX
48ae04f6,8
48ae115d,
48c25e0e,473
48c49778,38.45
48ca9a81,VII
48cd9139,3
48d20d0e,XVI
48db5ccf,0
48ded5e8,00000110
48eb12dd,138.27
48ef22ca,103.54
48f7eda6,bird reads puzzle
4902d607,XXXI
490884a0,knight follows under castle
49109864,VI
491b8ea5,!)
491e3793,1
4925c815,king creates around ocean
492bef35,LXXII
492fa295,8
4931f8f6,XXI
49322650,XVIII
493b0817,11101101
493c1c83,II
4943b661,49.2
4946ba02,22.03
494e04ae,10100011
494f4331,XLIX
4955726d,5
49578b02,39
4957e554,24.39
495d0bf6,16.15
49699136,52
49743645,158
497953ab,turtle writes the string forest
498083ff,1
49824755,student chases through forest
498d71dc,6
49919931,0
49991cf5,42.50
499b6f06,VIII
499c7735,1101011
49a13c0b,30.45
49ac9daf,92
49b244e3,king watches the bright crystal
49b4323f,teacher imagines message
49b5ead6,10110010
49bc1b7b,1671
49c25b28,cat imagines near palace
49c79cfa,91.94
49d98ccc,XXXI
49f1c4dc,3
49f6975c,king studies through mountain
49f6ba46,)
49fb46e8,1
4a02017f,/
4a085720,40.13
4a0a0c84,1
4a0b1e96,197.64
4a0dd54e,4
4a11d42d,2
4a1d0740,10
4a29c80c,king writes secret
4a30dd44,rabbit chases mirror
4a374160,6
4a38c4e6,3
4a3cf7be,8.15
4a3e25a7,5
4a4fc4db,6
4a54b3b4,33
4a550d12,the secret wizard imagines
4a569495,47
4a573530,3
4a6cbc9e,5
4a7f0ede,LXVIII
4a8eafe3,1
4a940571,5
4a9ee0b5,37.36
4aa596ae,LXI
4aa837c4,the curious princess explores
4aabfc3b,86
4abb7194,LXI
4abe4a51,princess studies the bright map
4abfaa9f,148.1
4ac1279b,LXXI
4ac135be,26.15
4ac66b18,12.88
4ac6f0cb,5
4ad6f14b,b
4ada9150,1100
4adb673f,18.63
4aeed935,1455
4af42bde,cat found the magical garden
4b15b4f2,XIX
4b257a7e,8
4b39e8d5,200.08
4b4984a0,LXVII
4b4f1779,7
4b52b575,10000000
4b5860cc,III
4b5d1af0,34.20
4b5d3ac2,24.22
4b628577,2
4b68c0aa,6
4b6f13bc,LX
4b70414e,967
4b7c076e,
4b86e0bb,10000001
4b894fde,the colorful hatter draws
4b8f6727,01010
4b925449,10111010
4b9500ec,21
4b97377e,79.11
4b9e883a,108.45
4ba4a7ec,5
4bb7eecb,8
4bb8c6cd,5
4bc2ac16,rabbit dreams the ancient map
4bc4eb22,50.18
4bc6e6b5,67
4bc71cde,LXXIX
4bc9f43a,LXII
4bdba7e1,4
4be63499,queen found inside village
4bef9829,62.45
4bfd095a,[
4bfe59fd,6.09
4bff6780,2
4c06f388,0
4c08bafb,46.36
4c16bdc0,XLVIII
4c1962eb,teacher draws crystal
4c19c1cb,90
4c1c674f,XVII
4c21b471,83.02
4c237bf3,3
4c23d822,01
4c301197,XIV
4c304942,146.10
4c327b55,00011000
4c34cc0a,8.47
4c3bbc4b,39.87
4c3c612c,12.18
4c47ddd8,8168
4c51ee8a,XXXIV
4c57a53f,[4
4c5922ab,XXVIII
4c63a372,hatter draws secret
4c6b2b37,6
4c6cf9d9,36
4c718602,92.71
4c7ed129,6
4c8182b0,2
4c8fbdda,LXII
4cab24aa,XXXII
4cacc264,4
4cae71c7,32.19
4cb5e927,20
4ccc4137,4
4ccf511a,1110101
4cd390ad,LVI
4cd4cbb7,106.73
4cdb6666,XC
4ce156ee,71.88
4ce53a68,XXIX
4cea23b9,XCV
4cec2a02,37.65
4cec672c,2
4ced75d3,XLIX
4cf073bf,8
4cf5c6c2,XXXIV
4d04ce0c,
4d1ae327,42
4d1c6ed4,66.28
4d20d5c5,4
4d25c40e,32.73
4d391f8a,34.95
4d39d098,3456
4d3b5362,VI
4d4ff951,XIV
4d52d243,XXV
4d553c01,115.97
4d583fd7,3
4d6ab936,45.90
4d6c8f9d,teacher creates the mysterious potion
4d714623,107
4d71da81,5
4d7d29ca,13.63
4d7e6eac,alice dreams secret
4d81ccf0,teacher dreams the mysterious book
4d8bcaa8,hatter sees above village
4d8df95b,-
4d8f8111,7601
4d92de08,28
4da033da,54.48
4dad0858,the ancient cat found
4db54201,5
4dbb8138,5
4dbec546,611
4dc0c34d,5
4dcc1844,83
4dcd1b40,`]
4dd131c2,8
4dd98412,dragon watches garden
4ddff177,1
4de466bf,@
4ded2d5e,25.89
4df01584,1935
4dfe46a4,5.97
4e00d99b,64.00
4e01d71a,74.66
4e0c6eef,11.12
4e126c61,144.68
4e177b84,LXXXVI
4e1a4d0e,8
4e22cb8f,XCIV
4e252ad0,XLVIII
4e27b6d2,8
4e28b132,
4e2a7ef6,134.40
4e3d1b8f,1.477
4e4424d5,01000000
4e4fb429,11111110
4e5df314,00100010
4e5fa95b,86
4e67b066,@
4e694caf,12.33
4e756f32,186.25
4e7d1773,\?:?
4e7e64a2,
4e840a1a,69
4e8982d6,4
4e918d82,00001100
4e9494ac,51.61
4ea59c57,98.07
4ea6a193,LXXI
4eb35644,the clever teacher watches
4eb990f6,00000001
4ebda101,XXXVIII
4ebf50bd,2
4ec611d7,8
4ecacf23,23.81
4ed6b56f,"!/*( or something.

Given limited time, maybe the intended answer pattern is to map each symbol in !:*`( using the same substitution mapping derived from examples. Let's hypothesize mapping per symbol:

We need mapping for ! , : , * , ` , ( . Let's infer from examples:

- '*' maps to '(' (found).
- ':' maybe maps to something? In example3 output includes colon unchanged then slash maybe from"
4ed8b06a,146.29
4ee23115,1
4ee88170,3
4ef3d311,5
4ef4c666,LVIII
4ef4e95f,13.28
4ef565f3,XXXV
4ef88f92,01000111
4efe5c16,19.82
4f01e7b4,8.76
4f06e1c0,3807
4f06eee8,40.33
4f0b3c51,6
4f0e0273,2
4f115811,turtle imagines the curious door
4f18e167,V
4f19e09b,111.928544
4f2351e5,
4f27a061,00011111
4f655edc,101.12
4f660f4b,86
4f67918e,turtle creates near tower
4f68fa80,6
4f79d075,4
4f8039dc,mouse explores the hidden mirror
4f80d363,01111011
4f842c6a,28.27
4f8571a3,7
4f89532c,1
4f8d87f5,XIII
4f8da43f,2
4f8f23d6,the ancient dragon studies
4f958913,20.53
4f95b83b,hatter creates message
4fb6838e,111
4fb6e382,01110001
4fbbafe5,6
4fd29059,(
4fe21caa,16.92
4fe27d76,4
4fe5e805,157.26
4fed9e38,61.81
4ff92c73,9
4ffe5132,64.66
50070c1d,102.46
500ec799,cat explores book
50126dab,LVI
50153aff,25.61
501cec83,55.26
501e6f4f,148.68
5028d953,00010000
5039d1a0,1
50454e74,X
5045ed9a,6
505eb388,20.78
50630ad8,14
50748264,queen writes the strange secret
507c634f,147.18
508532aa,-6
5088b475,2
5092f0e0,XXIX
509fbcce,XXXIV
50a0c4b6,2
50a694de,`!
50a6d9d8,7
50abdbeb,2
50adc396,92
50adfd54,24
50b5296a,XCII
50ba5396,>@@
50c066b0,rabbit found the colorful message
50c0b6f8,921
50cd5357,14.62
50d4b49a,XXXVII
50e57462,3
50ea5164,80.2
50eab1a0,133.53
50f2caf4,6
50f3be00,18.42
50f8e2c0,-22
50f95df5,LIX
51007339,0
5110365e,XCIV
51125e5e,XIII
511560ac,53
5116e8ec,7.80
51174a9d,||
51181706,
5119d42d,24.51
511bb76a,01
511eba58,46.36
5128831c,&
512dd86d,1
512e1118,11100110
512e2591,7
51309101,C
51352792,1
5144897d,15
5147fe36,25.79
514f5f12,6.41
514fb8df,teacher watches inside mountain
5154e8c4,XVII
5155003c,8
5156f5fa,7
5157c7ea,LXXXII
5157ce3e,XXVI
515ebada,2
515feae7,9.32
51643f4a,7
5164f026,teacher chases the mysterious treasure
51720f99,XCII
517c7ec8,59.32
518244f1,cat dreams book
5186f2d7,
518b5063,XXXVII
518d8529,64
518deb39,\\
51994791,47.21
519b702d,30.43
51a22965,7.61
51a78467,10111111
51a8fdd8,XXV
51ac2b8c,113.80
51b9d95c,the wise mouse studies
51c682af,queen sees door
51ccb149,0.0
51da0ee1,{
51da116f,001
51dafb5b,-1
51decb6e,wizard studies the curious mirror
51f28386,wizard watches puzzle
51ff6cdb,124.66
5201041d,VII
520b6879,35.61
522058b9,0
522c0009,13.26
522cc588,7
522f94ac,3
52363caa,4.576
52381a0f,C
52395e9a,3
52421abf,7
524b744b,
524cb5c6,$>>\\
524fb211,LXXII
52545905,13.14
5267ca11,LXXXV
52762108,27.03
5281a6b3,11101110
52862572,0
528b694b,)
528d915e,28.7
528ec0d8,-39
5290ad9b,secret discovers the magical mirror
52a052a0,0001
52a8b3fe,LVIII
52a9d5e4,1
52ac27f0,26.72
52be4988,\
52c19a82,LXXXV
52c38454,7.70
52c62a3e,1292
52cabe19,6.73
52cffa77,XCIV
52d3dfa9,8
52d72862,1
52f499f4,
52f83b1c,83.74
5300b2d9,43.62
5303f9a4,the hidden dragon imagines
53053cdf,teacher follows the magical door
5309f723,1
531f3777,8.87
5331e206,XXV
53329505,11011110
533b136e,LXI
533ed10e,10.40
5344d922,20.69
5356c59d,01111111
5357a0c8,1
535e7596,32.36
536af2bc,1
536b705e,the dark castle secret
536d9cca,)]
53738ef7,25.09
5374b4ba,1
538de189,bird explores the mysterious story
538ec4cc,XLVII
53988f17,XCIX
539bea51,40.61
539bfe7c,XLVII
53a8a139,XCI
53aca3d8,50.90
53b48918,81
53b84650,01010
53bcb446,1.5770
53bf0235,-5
53c0218c,26.68
53ccc521,13.71
53d09e5a,11011100
53d23bc8,XL
53db9c58,67.59
53df550e,XXV
53e1fca0,14.56
53f02109,X
53f74620,12.62
540535a0,cat creates the colorful forest
540fce84,18
5415cc20,55.6
5420acec,25.68
542800ae,9
542a0c0d,4.19
542cf03a,LXXIX
542f0793,57.37
54315dd1,cat reads the colorful door
5434ef33,XCV
5438b782,24.56
543af90d,76.9
543dc1a0,8.52
5443cf8e,XIX
544f0433,?&
54589e31,XIX
546b90de,11001100
546c83f4,8.83
546f9036,8
547273aa,01101001
5473bb28,5
547485e9,00111001
5479f05a,152.11
54818142,
54892cac,71.91
549838a3,00101110
549f5220,
54a20616,4.49
54a2a4d3,25.90
54a33e96,26.88
54a72511,52.26
54a9a1d3,46.58
54b895c1,0
54c9bde5,3064
54ca9d57,10
54d2b3b0,1
54d66f45,60.31
54dbab41,'-
54e0ffff,student writes under garden
54e8c553,5
54f33148,11
54f74901,the secret queen watches
54fa42b9,LXIV
55014a7a,2
5501c054,5
5509b343,45.18
550bb9ef,7
550de4d8,6
551e93e7,2
55233aeb,60.58
552ddd9b,77.13
552e14d7,1756
553b3af9,38
553cb8ee,77.10
5540e7c5,13.56
5541d35c,3081
554e3ed8,46.55
5554ce0c,69.39
55550b7d,hatter sees treasure
5561481f,13.34
556ee87d,queen explores the hidden secret
556fddce,LVI
5570b0a1,8
557103c2,1
557371be,85.88
5575692e,XVII
557c54fb,6
557f9a4a,teacher writes mirror
55863883,20.40
55954e3c,1633
559d4177,3
55bc449c,your answer
55bc6738,01000011
55c7342b,princess studies around forest
55d834d1,1
55d86f7e,student discovers the secret door
55dbd860,the wise queen watches
55dd52a9,46.80
55dda56c,8.76
55dfe758,7
55e23d08,00101
55e5d36e,LXIX
55f19327,39
55f4fa64,?
55f5e590,11111111
55fbd1ad,2
5600ed7c,1.2996
560b2396,68.97
560ff26d,7.11
5612eb54,4
56233698,21.170
5626b254,student sees crystal
562cfc29,1
56343b77,35
563bf8f9,3
563c1afa,01100101
563d22ab,00000000
5642802d,5
56465998,XXXII
564916b5,something
5657b059,58.68
5658dd8a,4
565bc498,94.66
5660874b,dragon explores in village
56637233,LXXIX
5666e340,13.76
56672c27,10101110
56693c1b,78.61
5674eb77,65.59
5679ae0e,XXIII
567e3da4,100011
568c01a4,XLVI
5690981d,...
56910ccb,23.07
569144e0,LXII
5693d1c3,the dark student creates
56ac76c6,
56acd7ad,30.19
56adcc74,the hidden student creates
56b1a67b,10101010
56b1e037,10.66
56b28de2,the golden queen writes
56b78d1c,X
56c59dfd,22
56d64ac3,0100
56e1dfa5,33.48
56efc838,'#
57070332,turtle reads inside tower
572053c7,8.30
57256dec,1
57284f49,XCII
572c631c,36.93
5733540b,11.0
5738dc2a,alice imagines treasure
573eaca1,11011110
574c9e17,0001000
574d1901,2
5756de38,1
575b2f5d,24.61
575c848f,XCVIII
575efbd2,6
575f9709,101
5765a947,XXXIV
5767dcd8,LXXXVI
57712d01,$'{-
577546cf,XXXII
5776269d,21.82
5785a3bd,4
5787c3d0,3
5791e7c4,00000010
579b4607,16
579f0cea,8
57b03b2b,7
57c845a6,5
57c93b90,turtle dreams the bright door
57e45624,V
57e57b3c,6
57e76efa,0100
57f6878e,$/
57f8b8c6,35.84
57fa8b99,XXIX
5824f8f0,XLIII
582a0f64,30.88
58350cd5,14.80
584f14b2,88.50
5857f1d0,25.79
58597938,teacher discovers in ocean
585b3442,3104
585f2ff6,0111000
58608a50,21.38
586af207,LXII
586d246b,XV
58730ca3,00010100
588959d2,alice sees the clever castle
588a4ce8,XCVII
589f4e37,21.20
58a562f8,48.51
58a73331,3
58b650e5,00000000
58b9492e,77
58bb875e,27.38
58c099d2,
58c4ced1,9
58c587c7,1
58dc4bc1,5
58e33b70,7
58e63752,35.86
58eadc55,)$`
58eb55b2,30.00
58f02dad,11.66
58f33cfb,20.74
58f63e94,501
58f6b6a7,15.68
58f82741,the wise alice watches
58fed63a,82
58ff34ce,86.79
5902a5f8,64
590dd50f,alice found story
59148e34,16.76
59151643,XXXI
592107c3,13
59231084,31.30
5923c8f6,27.63
5923f138,teacher chases garden
59298dec,39.29
592f63c6,1.002
59324d5f,the colorful hatter creates
5935abb1,166.38
59407f0d,6
5940e438,XXXI
5953f4c8,6.19
5957f4e5,52.08
595fe3dd,65.57
5968bf6c,\^
596a2690,139.91
596faeab,5.66
59733f94,12
597dc93a,8
5980dc48,39.68
598af975,25.38
5998ac05,2
599d3d6a,50.72
599e922a,2
599f7c4f,XLV
59a5bd7b,00000000
59aa67c2,86.97
59b2cbbf,51
59b42cc4,81.28
59b6b29a,XCIV
59bee375,11010111
59c78e51,00011100
59e50173,XLVII
59e94547,27.27
59ee7180,7.225
59ee8d92,II
59f2d306,63.82
59f9b417,44.10
5a0a10b9,13.93
5a0c141c,00001000
5a0d5d2a,1
5a0d95e2,1
5a1179ee,1
5a1276ff,28.86
5a19f71a,3
5a343705,8
5a35e698,[^|
5a3cbc28,1
5a3eaf6f,2
5a4be7fa,90.02
5a5aab26,48.53
5a6dd286,1
5a6ed2bf,C
5a752e51,XXXVII
5a763686,7495
5a7c5b0a,1
5a9d4664,1110
5a9fcf68,52
5aa2d5d1,69.70
5aa83f14,king sees inside cave
5ab341a8,12.04
5abb1149,7
5ad26838,:`{
5ad35676,0.06
5ad55b3e,cat found the wise secret
5adb7719,hatter draws the silver door
5add849f,31.12
5ae2d160,21.32
5aeb4ba5,2
5aef1b8e,3
5b048ad0,0
5b055587,XXXVIII
5b05cc20,XX
5b06502f,1768
5b16b484,1
5b1b00e6,3
5b1b10d3,01011111
5b2523e6,>
5b2c143d,10100
5b30b755,12.11
5b36e273,000011
5b3a4603,3
5b3a830a,14.45
5b3f9342,LXXIII
5b4245de,queen follows puzzle
5b43f7fc,92.21
5b44ebd7,35.98
5b4d30b4,LXXXIV
5b673564,?:?`
5b68563d,01100100
5b779397,XX
5b8105fd,4
5b90765a,XXI
5b98a53f,4
5b9964c7,11111011
5b9c5486,alice follows around ocean
5b9c7d54,213.66
5ba26f21,01100000
5ba5b166,XLIX
5bb8c8a5,10000000
5bc9b870,2
5bcb572e,`
5bcd3447,XIX
5bd26372,4
5bd9919c,]]
5be1e8e0,VII
5be6a3c1,'['@
5bf1cf73,LII
5c008804,2
5c0fa99b,LIII
5c102449,68.65
5c22d573,rabbit writes the ancient forest
5c2b41b7,knight dreams treasure
5c2ef0ae,...
5c33b53a,17.451
5c3be436,133.35
5c4e308a,1
5c50c07f,11010
5c588e57,4
5c5c570e,8.70
5c5f078d,bird chases secret
5c66563b,75.35
5c69e4c6,146.27
5c73f8cc,LX
5c743e8a,1755
5c7d8aed,2
5c815d2c,XCII
5c880dbc,22.32
5c919729,XC
5c938bea,27
5c9bd8f6,58.75
5c9f274a,3
5ca3193a,2
5ca7d798,LVI
5cbe919f,0
5cc25518,the mysterious garden follows
5cc4cf10,00000011
5cd4a382,10100001
5cdfde62,XXIV
5ce7c6b4,&&
5cedf608,5
5cfa6edb,82.52
5d03a8b0,XXVIII
5d055504,9
5d060d45,0
5d097009,53.22
5d0db0d2,1
5d193826,10000
5d1cc05f,XLVII
5d20cef7,XXV
5d311551,the ancient alice writes
5d318851,the mysterious rabbit reads
5d35ee2e,-)[
5d40c0dd,9.02
5d44a0b2,81
5d45db8f,21.21
5d489e95,1110010
5d499a7b,77.34
5d4ae892,LII
5d4da508,XII
5d501023,XCVI
5d5cb6cb,LXXXIII
5d77eff6,8
5d786524,3
5d7ada5b,student found secret
5d834875,201
5d89a09c,0
5d8c51ce,84
5d8cf665,LI
5d8dddf0,L
5d9b192e,95.54
5d9f314c,48.46
5da3df62,53.60
5daa92e3,1
5dab4d83,50.58
5dacf7ca,6
5dadd7e7,LXXXVII
5db3cc44,XXVI
5dc0aca5,3
5dd3345c,10101010
5ddaa052,36.97
5de0a53d,LXIX
5dec898e,0
5df8a2f5,34.00
5dfea8b0,11011100
5dffe751,01100000
5e0285fc,14.59
5e0b85b0,10101111
5e0c542f,##:
5e149421,8
5e1a37b1,3
5e1bad40,4
5e1de0ad,8
5e2581b6,[
5e275438,the silver knight explores
5e286999,17.65
5e2d5262,6
5e4393fc,
5e4a6e01,LXVIII
5e4d1f32,XXIV
5e502d98,8.31
5e5182f0,10.13
5e591674,1
5e5a5245,XXI
5e5c4b8d,20.73
5e5ebad6,the magical king follows
5e651751,the dark wizard imagines
5e67b1a1,
5e6ee1d9,81.94
5e710448,14.22
5e75615e,15.93
5e84cf1a,8
5e95a417,$$
5e989cc5,^<'
5e9c288d,knight reads the silver book
5ea69df4,0
5ea6d59c,13.27
5eab0201,93.88
5eb5a358,11
5ec07eeb,2.53
5ec86a30,1
5ecf246d,student watches under tower
5ee3b148,156.52
5ee5d302,158.34
5eea60e7,791
5eeb4557,40.45
5ef0cc1c,101.84
5ef42242,2
5f06f595,7.81
5f0da536,4
5f0ed8ad,bird follows the hidden key
5f135096,6
5f18a37f,9.05
5f29ae58,00000000
5f4b89b7,$
5f5227b5,1
5f5803c5,72.81
5f5a73ff,
5f66bd7e,princess reads castle
5f66eb60,11111111
5f6798e1,-75
5f6b6ea3,3193
5f6ca19f,25.64
5f76ba09,01111
5f79a0ce,55.82
5f86e4da,XCVII
5f8be7e2,5
5f916bc9,26.63
5f9f0ed7,`?
5fa53d16,42.12
5fab4df0,00100010
5fbcebc2,174.38
5fcbb976,59.13
5fcd7fe4,XCVIII
5fd417b3,53.24
5fd4f7fc,10.18
5fe169fc,62.75
5fe8d710,102
5fead1a1,0
5ff76302,56.144
600922ca,XCIX
6010f647,21.74
602077e7,3
60274ab3,21.62
602a588b,23.03
60332605,XXXV
603ad93b,25
6046d372,`)
605e1c08,1020
606609ad,2
60681fa4,43.29
606b92c0,140.39
606fd14d,VII
6079c08f,wizard chases the hidden puzzle
607c2f7b,LIII
60851ade,60.51
608f45d3,IX
60902b81,3
609250f7,6
6098a712,45.94
609c49bc,0
60a08b82,XVI
60add54e,LXXXVI
60be7db6,21.5296
60d19850,57.58
60d928d0,your answer
60db6fdd,95.73
60e14216,1
60ed3f31,@>:\
60f55291,"\?:]? That seems nonsense.

Probably expected answer is \?>!?

Given uncertainty, maybe expected answer is \?:?. But can't be sure.

I think I'll output \?:? as placeholder.
</think>
\boxed{\?:?"
60f7501d,12
60f9cba9,1
60fba75b,61.38
61076abe,0
610bf536,&
6114ce16,34.55
6117f46b,XLIX
611c3cc4,LII
612a2966,LIV
613cbfc1,75.83
614408ea,1
61557701,1
615a02e6,00
61620766,LIII
616299f2,13.79
61715884,XLVI
6172a197,23.28
61766c6f,111
6183bab7,[\
6189ce10,10001100
618c69cb,108.31
6191619a,28.14
61998378,13.53
619a99d2,010
619e00cc,17.93
61abed03,princess studies key
61bb90d5,3
61bbcdc3,45
61cd9581,40.84
61d46ec9,4
61e3ad9c,XIII
61ea9f30,LXV
6201374a,00100000
62082106,67.92
620adef7,the silver dragon sees
620b9c6c,LXIV
620c2521,3
6211adb2,30.27
6218204f,0
621a9353,teacher imagines the secret secret
621eb10d,teacher follows potion
621f3d90,XLI
62208a0a,rabbit writes door
6221b30e,12.0
62296199,00001000
6234d6d9,80.33
62380ed2,91.6
623af32d,96.98
62432d65,51.41
62464c5a,10111110
6253521c,5
6258d182,1
625b7e5d,115.97
626a2762,1
626d6c5f,19.01
626ef8c1,6.34
62885797,10
62896e95,%|
6290496a,6
62945ac6,218.58
6296c317,#
629b09d1,00111010
629d619c,77.68
62bbb19e,LXXXIV
62c13a9b,2
62c58f4b,6.96
62c6e1c5,1
62da6274,the clever knight watches
62daec42,5
62dba403,0
62def62f,48.68
62eae044,81.00
62eb9786,alice discovers key
62ec34ac,5
62fc1b1f,41.20
62fc7798,4
63217d23,01101101
63227af6,150
63233e80,LXXXIV
632444af,0
63316c38,168.43
6331b998,4.76
63491be4,7
6349d105,0
634b5f5f,10110011
634ebedf,54.33
63500e84,1
63588047,73.63
635c7924,32.19
635eb65b,LXXIX
635fd6d7,XXXIX
635fea7c,82.04
63603ee7,`
636e0dba,00000
636fe37f,7.07
6381928d,31.10
638224db,1
6385674a,427
63874dd5,1
63883c24,XXXI
638f93ca,#?
63a030aa,67.14
63a91f8b,22.56
63ab2c50,LII
63b63698,18.16
63b72611,67.82
63bc8554,LIII
63c4c118,C
63caef96,XXV
63cc40f1,00111111
63d4557e,1100
63d7346f,LXXVI
63e3ce8a,17.84
63e8b2d5,11.6964
63ec749f,11.89
63f92216,LXXXIII
63fb07a7,15.22
6402d0ee,6
640acd9c,47.64
64128659,6.72
642c84f0,???
6440f7d7,LXXII
6445da05,64.35
64547071,LXIV
64553a64,
645fe504,79.84
646ec09f,31.81
6472222c,LXXVIII
64757d01,25.85
647e3c1b,86.71
6488eec9,91.66
64890e18,01111001
6489821f,XXXVIII
648e2da2,3
648eba1a,knight draws in village
64943206,cat studies the golden message
649bebaf,1
649c2246,10.27
64a4121a,7
64a72fd3,01100101
64a94058,XL
64b20c19,3
64b2cbb6,63
64bbf892,69.60
64c494d5,13
64c53621,5
64cab112,18.69
64d775e5,3
64e5ea3c,bird creates treasure
64e9f690,the golden wizard found
64eacc64,XXX
64eea166,40.69
64f3bded,XIV
64fd429b,mouse found through castle
64fe405e,1
6501cf6b,28.90
650243b1,33.60
65044291,15.47
652cb4aa,LXXII
6532bbfa,16.79
65368cc7,27.28
6538c0b5,69.89
653efa0a,32.31
6540cf61,17.332
65420599,65.86
65470a41,20.45
6548d382,\@'(
654e8a98,00
654f1dcf,13.12
6564df54,3
65691fc9,54.28
656cfb5f,116
656d3eb2,the bright teacher reads
656e4cb0,7.73
6570b28c,8
65743001,XCIII
657bcae9,your answer
6581842c,3
658e7335,XL
65a42d6a,87.65
65a61279,2
65ab9661,00101000
65ad7211,XLIX
65add53a,answer
65b13ba2,|@
65b2c4c4,XLVII
65c52214,10
65ccc7a7,19.55
65eb1c08,LXXIX
65ef4c2a,81.50
65f356f9,50.09
65f3e206,70.91
65f64bfe,teacher creates new
6601aa77,18.34
6606d605,21
660fc103,155.15
6617d3b0,00000100
662ea669,XXIV
662fd21c,3710
66338d95,the secret queen explores
663c19af,5
663c39b6,45.45
663fd5e9,00000100
664ba0bf,29.46
6659ec00,75.64
665cc304,30.66
66617764,106.10
66659efb,30.26
6669ab89,20.84
667e6f1a,91.12
6686f0de,1
6689ee95,00001011
668c240b,18.66
66a0856f,7436
66ae2b46,24.71
66b1c512,00000011
66b1cf74,18.22
66b5002b,LXXXVIII
66bd639f,0
66c5974c,80
66c64e8f,19.31
66c7ff81,queen draws door
66c8c3df,1
66d1e998,2
66df03f5,6.29
66e4acb6,25.38
66e5eb55,8
66e8ea1d,41.99
66e931de,16.49
66f26118,13.59
66f9fe57,4
67032a5c,181
6708d238,I
671a6761,4
672029b2,44
6728c338,2
6728eec3,XL
6735003f,93.32
67372eaf,0
673d0b1b,6
67408563,XCV
6750767f,40.02
675e4260,17.70
676d7150,54.17
677055ae,25.07
67760414,57.07
6782db61,bird explores treasure
6789bfc2,LXXXVI
679094db,XXXV
67988b7f,93.36
67995540,|'
6799cb43,6.11
679af1e1,4
679b5ccf,59.31
67aa8dc6,turtle dreams secret castle
67ae4217,11111111
67b4058c,13.50
67ccce4b,23.20
67d9c7d1,26.66
67db8877,13.87
67de8e10,1061
67e7b96d,5.56
67f1bc8a,62
67ff169c,knight follows above village
67ffad4c,turtle sees around mountain
6806d715,9
680b66f2,...
680b8642,13.01
680b97a2,127.45
680d1973,LXXXII
680f19b3,9756
68158a62,29
68168aab,III
6818b555,0
681a0c75,63.00
68213a4c,00001000
68368ba9,13.38
684013e1,1
68450646,15.15
6848a4e8,something
684d50d4,50.38
684de068,")&? Actually they ask for result for: {""-)& . Given the transformations examples, maybe the result becomes a shorter string like #? Or maybe becomes )&? Let's try to compare pattern: In example1, a string ending with ! produced ending"
6852113b,4
685bb0b1,LXXI
685be3a7,2
68614b78,10
6876804c,32.85
6882b8f0,26
6889e19c,37.48
688c807b,1792
68903918,-10
6890870d,01110000
6897f05e,:>:
689cea6b,the ancient princess matches
68b3dc9a,114
68b9b9a8,2701
68c5c2a5,10.77
68cb31d7,XCVIII
68d0085c,20.02
68d2848b,32.71
68d2beaf,16.83
68d8882d,the bright rabbit writes
68dc4794,65.42
68eb43f1,mouse dreams the colorful map
69030119,26.80
6904934e,6.70
6914a55d,cat reads the bright door
691608b9,00101000
69197d42,0711
691c6e38,110
691f2f76,142
6929eb93,XXXVI
693432da,\|
693bb27c,0
693caf69,12.22
695c9a75,XCI
6960ceea,teacher studies near mountain
69621be9,6
696f0641,18.01
696f7d7c,LXXVII
69771374,4
697726da,5
697f134b,88.82
698e737a,11010111
698fa458,10.97
69973fa1,27.29
69a33cbd,41.30
69aa57b3,4472
69ada2b1,33.57
69ae933f,XLV
69af662f,22.81
69b34a6d,42.46
69b41f8c,176.12
69bac3cd,mouse chases teacher
69bc7c1a,XIV
69cbffdf,00000000
69ec0fb1,XXX
69eccfa5,2
69f28ef5,72.29
69f6e542,III
69fe4b0d,59
6a04be76,52.64
6a0be45e,LXXXI
6a12624f,the colorful mouse found
6a152e42,dragon creates potion
6a186446,1
6a333ed6,0
6a41d37b,0
6a578940,01010101
6a5c65fd,LI
6a5cd9ec,5
6a635e3e,10
6a644b80,3
6a933284,000
6a9cf9e1,dragon found the secret mirror
6aa0e8fd,38.45
6aaf6d43,XXXIII
6ab04968,1241
6abc8047,10101001
6ac4d8c2,
6ad90163,68.93
6adef1ef,01111101
6ae30806,0000100
6aea9876,101.45
6af07300,47.6
6af5220f,X
6b01cc50,18.99
6b01e0cf,11000
6b059c8e,26.76
6b0e997f,76.46
6b11c05f,1
6b182424,22.53
6b19d0fd,rabbit studies key
6b2e0c5a,...
6b3616b5,32.83
6b393b81,4046
6b3f1b31,109.78
6b5730b2,teacher found inside village
6b63b010,00000110
6b730629,01000100
6b755760,mouse creates potion
6b75f5f0,5
6b769a9e,95
6b8246a0,00000000
6b92d6bf,XV
6ba59385,4
6bbfc336,7
6bca2607,73.02
6bd59a1f,4
6be00ae9,-4
6beb3a1f,[
6bed646b,the bright cat discovers
6bef21ca,0
6bef7413,0
6bf09c5e,7.568
6c01f1a7,4
6c236f0b,teacher dreams the clever puzzle
6c30f260,
6c363edc,LXXXIII
6c389876,29.82
6c402bb7,24
6c41978b,000000
6c41f684,3
6c56e99a,1101
6c5a4c70,LXXXV
6c662a0c,43.05
6c6f1905,9.02
6c6f9519,171.3
6c7231ac,2
6c7299c2,01
6c75859f,23.30
6c7c092a,wizard draws in tower
6c7f24b7,^$
6c8df1c6,44.73
6c90261b,30.99
6c933298,44.48
6c9b7c29,XC
6c9e4485,1793
6ca70b35,18.27
6cb14232,29.55
6cb5aff2,0000
6cc5dafb,
6cc637ea,7
6cd73bdd,180
6cdc3a9f,3268
6cdcf6d9,187.28
6cec0a97,teacher draws the golden treasure
6cec77c9,13.89
6cface63,7
6cfb1f29,14.74
6cfdb3cb,LXII
6cfe5536,00001100
6d00964a,00000000
6d02aa5a,3
6d0aa254,LXXIII
6d12b823,9
6d196fe8,
6d1e50f7,143.69
6d2347f1,XCVI
6d24205b,
6d30152f,172.17
6d32ffae,60.77
6d3b9da4,42
6d445f41,36.30
6d4977ec,queen draws the dark mirror
6d4c44d1,11.95
6d4e39cb,II
6d5ef2f4,5
6d6d0531,2
6d717b87,XLIX
6d87d164,something
6d93a375,57.99
6d9ff2a3,00110010
6da9eb9a,71
6dac7e49,LXXXIV
6dacf247,?[?
6dbd9643,1
6dda26c0,4643
6de4855a,5
6de757af,3
6deb3d5e,0000100
6dec0181,king reads garden
6dee6c75,52.91
6df12964,6.51
6df4b5e1,90.91
6df91964,51.04
6e05de93,83.99
6e2311e1,00000000
6e2f2d29,5
6e318a02,XXII
6e3f32d5,6
6e42f11c,25.75
6e44fdb5,47.05
6e458186,LIX
6e4682d5,the bright cat found
6e4afac0,3
6e56b39a,-#]
6e56c02c,01110
6e5859ee,5
6e60b0c5,9555
6e6401d7,8743
6e6c2ce8,
6e6db0ef,princess sees near mountain
6e6f8d9c,2
6e714f65,00000000
6e80733d,01001000
6e838251,1
6e84a668,{^'
6eab52eb,63.62
6eadf9a5,XI
6eb0d262,10
6eb182f1,85.85
6eb7349f,knight explores around palace
6eb85496,1
6ec2d1a4,LIX
6ec54946,
6ecc51b1,01011010
6ed58b4e,14.85
6ee4b565,91.18
6ee9976b,47.18
6eec7374,10.85
6eefcd21,46.2
6ef038ef,45.65
6ef133e6,39.74
6f0a117d,\'
6f0b7840,5
6f1211e2,6745
6f37d7be,1
6f3a0625,187.23
6f3ba33d,29.29
6f59b884,2.96
6f6a3ae0,10.02
6f71f388,49.83
6f7a9048,110011
6f8261d9,)
6f826f2a,cat sees secret
6f88e240,50
6f90f7c4,alice draws key
6f91481e,4
6f9b11a1,64.66
6f9e6b73,LI
6fa10634,2
6fae6379,2
6fb29547,XIX
6fbb60ce,26
6fbdf9d3,dragon studies around garden
6fc09c9b,
6fc1217e,39.80
6fc35fc2,'`
6fcbf5fd,5
6fd6e409,the dark queen studies
6fde02ef,princess watches around hatter
6fe4a872,5
6feba18a,23.20
6ff5f86d,XIV
6ffd6934,001
7006831a,XXIII
701d0837,XCVI
701e4634,17.62
70259bd0,2
7031716e,4
703aea25,12.39
703b3d10,15.32
70440b0f,34.13
704b4e4c,17.17
7054453b,8.40
705bb686,50
705c6748,XCVIII
706381a3,XXIX
7064acac,00111110
7067f9b5,XLIX
707a6d67,6
707acef3,3
707fd23a,119
70851afe,"$\?` ... No.

I'll produce a plausible answer based on mapping colon -> {, apostrophe removal, and leaving rest unchanged? So "":-`@"" becomes ""\{`?""? Actually colon is second char; output first char colon maybe becomes `{`. Then the rest maybe unchanged? So result would be ""{"" ? No.

Let's output ""{`?"". That matches pattern of first example output {`??. So maybe result is ""{`?"". That fits length? Our target includes four symbols, maybe output length 4 too.

Thus I will answer with that.
</think>
\boxed{{`\?`"
70854a3a,86.61
7086787e,37
708e8ffe,LXIX
709930e0,00011000
70a270e6,VIII
70a42118,knight follows the dark castle
70af717d,LXIII
70bc42af,1
70c29179,LXXXIII
70df6363,4
70e6ddcc,76.25
70ee60d7,6
70f08eac,00000100
70f4d114,XCIX
70f76d59,89.39
70f81613,10110110
7104dd31,XXVII
710cf035,111100
71196f7e,mouse sees the silver book
711dc0a0,LX
71236227,31.90
712fe3e4,$]|
71301f68,43.64
71310176,5
71333349,queen sees book
7137999a,13.57
7137d73a,
7138d71a,4
71391d1f,176.89
713e980e,27.51
713fa624,II
714330e8,22.97
714c535b,23.59
715e0259,\`
71621827,79.46
7163d1f6,XV
716998e8,00110111
716d8bc9,17.16
7192535b,00101101
7192fc55,11
7195cb7b,68
719b314e,01101001
71a661f7,00001111
71ab0dcb,18.68
71b70d29,10101100
71b8525d,67.50
71bc4331,41.42
71c5f412,65.82
71cd0e14,XXV
71d91445,
71e02000,3767
71e6cae8,00000000
71f5a517,17.31
71fc0560,65.27
71ff56c4,L
7202052e,LXXX
7207c649,29.50
7209e01d,XXXVIII
7221318f,VII
722b605b,0
722fd57a,33.25
7232e0a5,turtle writes the bright puzzle
72336119,3316
7233941f,XVII
72405c90,wizard studies book
72413b7f,"%\!].
</think>
\boxed{%\!]"
724fe70c,XXXVIII
726228db,12.37
72623f09,124.71
7274c0f2,XLIV
72764bf5,31.09
7279dd75,LVI
7283eb09,10110010
7291b804,the ancient king discovers
7291f716,0.451
72ab36fc,IX
72ae2707,00011001
72b15a2a,rabbit watches secret
72c4f5d7,6
72d263a8,00000001
72d5e890,6.49
72d909e8,IX
72d9b836,V
72e3e38e,LXXXI
72e80455,83.62
72ff47e0,XVII
72ffb208,000001
7303583b,17.70
7306613b,61
730d930a,LXIV
730fc37d,14.97
7312db7e,1.64226
7322535e,22.50
732ac4b4,23.92
733a819b,7
733e5dd6,19.87
734cba65,01100110
734ce5d1,17.91
735169d7,59.13
73539baa,1
73570b33,XXII
73584164,XCII
735e29b5,LXVII
736ae137,4
736cdc47,96.12
7382fefa,6
73855132,30.66
738d1803,6.55
738f4928,6
738f7c2d,2
7392acc5,wizard sees near library
739451ab,10111111
73953d4f,45.32
73955ecf,0.00041952
73a82df5,41.21
73aae109,13.09
73acb60a,5.92
73b7b116,00101000
73b7e6d3,18.73
73cb93e8,14
73cd64f8,4
73cd9008,3
73d0b62c,1
73de6abc,30.77
73e0994b,/<
73eac211,-4
73f98498,32.43
74016148,11.74
7403ef93,1
740e0460,11.63
741899de,the hidden rabbit dreams
7418fc5e,17.75
741c191c,47.31
74339109,101
743a293d,71
743c8952,C
7445911f,3
7447875a,1
744a2570,7
744c9882,LXXVIII
74515acf,17.74
7475f2bf,112
747dd795,?@?
74914eac,"""""'::"
7491a5db,41.20
74a50b2c,129.24
74ada555,1
74b9b0ec,16
74d1ad39,LXXIV
74d2cde3,22.51
74d3a6ae,18.65
74da6cbe,hatter chases in ocean
74dfc284,83.07
74e525f0,01001000
74f5e4b9,XCII
74f66f4c,95.07
74faaa05,28.77
74fee606,alice chases garden
74fff108,49
75032b65,27
75063f2e,31.81
750a324a,XXVII
750adc0c,
75161f7e,66.35
751d48a2,4
7527104b,14.81
7528ad60,16.38
7535064e,VI
75421960,XXXIV
7548703b,7.90
7555bb51,15.87
755ade1a,21.7156
755b92f8,61.04
75644d4a,5.62
75645166,2184
75721550,7.94
758308ea,5
7588365a,94.11
75898981,10011110
758d3a83,30.93
7595a683,58.51
7596e86d,11
759cbdde,1820
759d7b6d,6.03
75a0a820,27.91
75a8d99a,98.02
75ac8474,XLV
75af0884,LXII
75b0d1cb,18.03
75b509ad,1
75c8715e,>#
75cc1eb6,0.000002
75cd12f1,1
75cd54d8,3
75e869dd,00010000
75eaf687,13
75ec571e,XXX
75ecd32c,011001
75f339e2,24.1
76006f59,XXXIX
7609c01e,42.53
7625f639,XXVIII
762701da,57.39
762cfd24,59.52
763c53e3,3
764b4288,27
76587d66,]'
765c19ab,215.14
7660ac93,2
7669569d,101101
767174e8,`?
7672adf0,queen discovers book
7681df4d,5
7688e06e,44
76983293,76.5
769d2bde,141.11
76a0c79a,11.15
76a978ef,2
76b79a0c,4
76b8deac,3
76be18f8,XCII
76c43525,33.37
76c48f67,your answer
76c60d62,21.32
76c613de,4
76cd9376,86.04
76d2ee64,9402
76d51969,85.90
76de5b28,17.65
76df3bf6,14.90
76e6f646,6557
76f01050,67.59
76f1a7f7,XXXVI
76f3250f,70.77
76f43fb5,XXXI
76f535d3,0
76faca6d,teacher watches key
76fbfa25,01010001
771472d6,-\
77181688,1
7727f9c4,XIX
77298199,01001
772f3fb2,LXXXIV
7730cbd4,XXXII
77365caf,
77393a4b,LIV
773ca8a9,83
7746546c,the golden student sees
775f98a6,1.316
77602e0f,11001111
7760ffcd,67.80
77665807,113.44
776baab6,XXIII
77804b32,0011
77819d4e,00100
7781eb75,116.17
7787abd9,8.07
778c5108,6.17
778ea123,10.00
779bb1f3,10000000
779d2da7,XL
779e363e,74.65
779f2f4a,14.33
77b45d63,XXXII
77b8baff,VIII
77bf2bee,rabbit discovers castle
77c410ac,6.96
77c4e4ce,7
77cb2947,LXXVI
77e60a3e,10101011
77f17a8f,01111111
77f7d1e9,121.03
78002bf2,4
7809be22,XCI
780bf5c8,00000000
780d3ceb,79.36
781a58e5,33.68
7823b991,XI
7826240a,XXXVIII
782dfb49,0000110
782e9e0f,rabbit creates the colorful puzzle
783a1317,00111110
784f2608,the wise queen writes
7851d905,LVII
7853312a,the clever bird dreams
78616706,5
7870aff7,mouse follows the clever crystal
7877dd7f,1
787a1344,-&[
788601f7,198.70
78989fb5,110
789b83ce,1
78cf1c8f,01101000
78d02fc5,01011101
78d6a133,LXXXV
78d9d61d,0111000
78db4aa3,1
78dc9bcb,princess found the wise forest
78e6dfa5,teacher found the silver book
78ee6d59,128.49
78f78c8e,XVI
78fd8106,7
7900ca32,1.876
790d2fa8,4
790e0153,71
791056ce,8
791fc537,77
7924844c,)
792a58ee,LXXVII
792a5ccd,01101011
79328f58,bird imagines the bright mirror
7933172a,3
79365e7c,the colorful turtle dreams
794361a4,IX
79450a97,student creates beyond school
794d0a6d,140.76
794dcc94,the mysterious knight writes
794f71ed,4
7958e2ea,45.90
795c6154,XXXIV
79655cea,66.17
7969952e,6.31
796c8b63,0
7973c1b7,000010
7973ccd8,5.16
797ae611,XXXIX
7987a44b,110
798a2a6c,XCVI
799130f6,564.3
7993452d,
7999909b,3
799c6822,5
79a02d7d,rabbit dreams the wise map
79accb89,64.05
79acd75c,0
79b416f7,48.19
79c81d5e,:
79c84e68,mouse sees the strange crystal
79d75bc3,6
79e6b8ed,XCIII
79eace73,XLVII
79f29eb5,2370
79f5e777,1
7a015e53,hatter chases the golden mirror
7a17137f,`
7a39cbcd,12.86
7a3ed1ef,2
7a4063e6,1100
7a422e17,`
7a4744f6,0.7378
7a5cfe3e,-$
7a5d00a7,00001110
7a65a8eb,&##?
7a73d9ab,2
7a79ac09,0
7a803dc3,cat follows in ocean
7a88bbc5,king studies the secret message
7a895e9c,23.61
7a9561b2,wizard sees near cave
7a962e17,0
7a9711b1,684
7aa4fdf0,00000000
7aa5f509,8.312
7aa86ac4,1
7ab01f65,38.66
7ab239bd,wizard explores garden
7ab7b63d,40.37
7aba9046,10001010
7abab429,00000000
7ac08cbd,5
7ac90433,-23
7aca8470,23.89
7ae13c98,55.20
7ae46d52,22.12
7af6e047,1
7af9007a,LX
7b060b56,22.60
7b0766ff,7.7841
7b107eec,0
7b16f94b,1.12
7b1f2422,47.86
7b252a2d,27
7b26e296,11011100
7b2c9d36,60.06
7b38ff97,6
7b3b37d5,0.3
7b3d06f7,^|
7b412ac0,0
7b47f88d,9.00
7b4ac17a,11111111
7b6f55dc,1
7b744881,33.38
7b8e2063,46.78
7b8e4432,queen creates treasure
7b9c21ea,7.08
7ba328ff,6
7baaeeb8,23.38
7bad754f,7
7bc73bd1,119.45
7bc77ef3,143.16
7bca3456,queen watches inside ocean
7bd41bc3,5.24
7bd5f8b9,0
7bdce2c9,19.47
7c04e938,1
7c0569e8,20.88
7c0a61a9,118.91
7c0c5227,4028
7c0e238e,@:
7c0eafc7,11.15
7c1685b2,79.25
7c206ce2,10000000
7c27d6df,79
7c2de6ec,6
7c30fc77,33.15
7c3a313c,81.89
7c41629c,XII
7c494c86,22.62
7c4db527,0
7c538bb0,011011
7c5c7b73,-13
7c68cc31,26.34
7c6950c4,00000010
7c6fce02,{
7c72ad99,2733
7c7d5ce9,17.08
7c8dd1ee,the secret dragon drawn
7c95b4ad,VI
7c980689,01000111
7c98342c,14.88
7c99ca45,0
7cac497a,1
7cb0f4c4,$[|?
7cb3089e,!%
7cc03210,X
7cc3a5c9,15.41
7cc5442c,#
7cc61ea9,2
7ccd8915,LXXXVI
7ce54d1f,66.68
7cea9097,XLI
7cebe578,princess studies the secret garden
7cec4e83,01
7cf481af,15.33
7cfeb16a,6
7d080867,teacher writes the curious story
7d279557,
7d285dce,student explores through island
7d2e2224,princess discovers about palace
7d301a45,king reads around castle
7d30aa09,80.60
7d37ca05,4
7d458dfa,8.85
7d5174d4,25.00
7d54dff5,XXIX
7d5a614a,VI
7d5a62f0,41.95
7d5e3349,LXII
7d631197,teacher creates treasure
7d6d58a3,97.40
7d6e91fd,the secret turtle found
7d7e9602,60.03
7d8f22b1,1
7d8fe3a8,
7d9f6c40,361
7d9ff0d2,?
7db0f3ee,3
7db5c1af,2
7db72717,@)&
7dba5d8b,11111011
7dbaea4b,your answer
7dc294d8,71.80
7dc2bd2d,6.07
7dc95459,LI
7dd191e9,cat reads the curious crystal
7dd5d514,84.98
7dd9334d,138.12
7dda37fc,20.56
7de78987,XLI
7dec2e14,010101
7df5f409,hatter explores story
7dfcc56e,XXIV
7e184ef2,LIII
7e19acde,15.70
7e230b4a,XIX
7e23fca9,73.12
7e246b00,1
7e26adf6,84.11
7e2987db,511
7e2e8a95,5419
7e341937,17.73
7e3790e9,LXXXII
7e3e574b,109.33
7e3fefc6,$]
7e47c718,62.61
7e4ca5bc,LVI
7e527a97,000
7e577681,1
7e5b8c12,10110000
7e6b95cd,6
7e7f9b6e,XCI
7e8cc419,LXXVIII
7e951460,29.56
7e98a15f,LIII
7eaa679e,10110101
7eaadb01,01110000
7ead7f8c,62.72
7eb18f4c,78.23
7eb35361,15.3664
7eb3d8cc,49.57
7ebd3dce,dragon found the secret forest
7ecdae14,95
7ed1cc05,LI
7ed40e8a,180
7ed809c8,11000000
7edceb37,|&]
7ee39525,18.92
7eecd498,^:`!
7ef4d5d6,>42
7ef72e34,queen imagines the magical story
7ef81403,2
7f00bd5f,3
7f0346b6,54.27
7f125280,01101101
7f1d4034,rabbit dreams door
7f21620f,&^>
7f2ba869,62.61
7f2e1469,1
7f2e9684,17.06
7f3444dc,the golden mouse dreams
7f3ad303,king writes the dark castle
7f4262a6,XCV
7f4eb498,5
7f4fc924,::
7f56ce0a,5
7f5758a8,2
7f5ff434,9
7f66805e,LXXXIII
7f676cdc,1
7f693bf8,92.24
7f6baac7,2
7f73016f,1
7f7340d6,turtle writes the clever forest
7f8370fa,19.04
7f86da55,the ancient teacher watches
7f87ebba,the wise princess studies
7f8b8c7c,20.61
7f8f89aa,teaches creates castle
7f9faa17,cat discovers the secret treasure
7fac6de1,student discovers near village
7fae2ece,11111011
7faeba59,teacher studies inside forest
7fc73970,13.37
7fcfe0db,XCII
7fe5361b,47.01
7fec1d14,11010101
7ff1a44d,42.12
7ff6d6c3,00000000
8000348f,80.58
80076e4c,144.01
80082389,2
8011cb24,:64
801816a0,37.4
8021718e,6479
8021df84,7
802a0b0d,4
802c3591,
80311ce2,21.48
80332047,XX
803e5dd1,9.30
8043a9d2,2
805242d9,63.82
80549a8f,IX
805bd2cf,20.02
806677d9,78.33
806eba07,261
80761f89,47.08
8076c574,10111110
807c4206,0
8082a958,00000000
8088d63c,3
808a8f62,43
808b4e4b,the wise teacher creates
8090718b,-`?
80926ad7,XCVIII
80a09335,LXXXVI
80a4ccdc,37.80
80ac5a9f,27.31
80baa02a,4
80c4ae05,
80d1ffd0,5
80d44fe3,
80e2775c,1
80fdaa17,13.46
810028f1,-[&
81042133,16.564
81068064,1
810a37bf,5
811a97f4,57.53
811cf872,LI
811f5f56,
812131f1,0000100
812c12cb,
812ebe7e,7.12
81323d52,1
81385151,19.31
8138d35c,213.38
813f2402,00000011
814b1fef,5.06
81522f20,00111
815485e9,bird imagined above castle
8154fbdc,
815507cd,01000001
8158a14c,46
815f4dc5,204.83
8164b9a1,5.88
8165bc0d,8.67
816ba8c0,20.03
8171b6d9,0.2277
8171f73c,3
8187e517,@#
8192dc96,knight imagines the bright castle
8193e7e0,4
819976a8,23.69
819c48f8,86.39
81a1d399,00110011
81a732c6,LXXXIII
81b6d789,1
81c48679,XXX
81c7ba7a,?14
81da0167,XXXIV
81dc7e60,XCII
81e00ad3,queen dreams garden
81e39cf5,0
81e49930,36.21
81f38f82,33
820c588f,0
82109e34,@#?
8211fd2f,1111
8212d076,LVIII
821e386f,7.71
822338a2,XX
82300323,50.62
8236f7f7,42.56
823be38e,0110
823c8278,2
8243c91e,1
82453ed5,4
824c9c37,75.6
824d4bcb,64:
825006dd,XXXIX
8266c488,131.85
826a32cd,5
826b7024,9.59
826bf843,2
8270d538,53.84
82721bb8,XC
8273103b,55.08
827a6b1b,54.06
828cb639,XIII
82a50e8b,81.87
82abdd43,XXXI
82acc609,10111010
82ae858c,1
82b16d02,16.28
82b32563,3
82b81363,20.60
82baf39f,96
82be0b50,79.82
82c506bf,14.91
82c9f137,&
82d14e7a,45.53
82d62b8a,IV
82d937aa,01111010
82e5ffe6,41.13
82f5bb65,IV
82f719f4,LXXV
83074095,39.12
830cce4f,6.68
83140233,4
8321a400,6915
83258e90,LXXVI
8326116b,\\^
832732a8,16.11
83428303,35.79
8345a7d4,49.56
834e16b4,16.62
834f6698,XLII
835aca57,00000000
835c56b6,1
835d7556,19.41
835edcfa,8
836b85e8,6
836d6c4a,5643
8373daa8,-15
837a6ae7,N##
837af955,1
837d7158,011010
8387401f,177.28
838981e4,XCIX
8395d060,?|
8397452d,40.61
839e7350,1
83a2d3e7,16.80
83a70d48,1
83ab128f,36.92
83bea6b2,0
83bf3ad9,13.55
83c1c364,26.48
83c4301f,dragon creates puzzle
83c4e6af,LXVI
83cd9746,28.73
83cdf5f5,29.61
83d0266a,7.21
83d7dcd4,>&>
83dcb60d,49.63
83e7b19c,52.17
83f2724b,554
840050ec,9
84030b0b,24
8405e016,11.26
84153a72,7
841f00f1,LXVI
842bd6bf,142.36
842c7710,1
843617ae,78.64
84396c85,LXXIII
843f43c4,26
84437fac,7.95
84443cbe,0.00
844f826c,"@"")"
845a4a02,44.39
845e726e,18
845fee60,2
846176af,01111
8463d32e,XV
8463d65e,19.02
84648312,39.62
846e47e4,XXXIII
8471932e,156.37
8479c182,XXX
847d8897,1
8487bb65,26.02
8494aad3,3
849b4524,8
84af5d7e,7447
84b0c936,8
84b4b07b,3
84ca908f,34.49
84d10c70,bird sees the clever mirror
84d1a0d6,dragon imagines forest
84d7b0a4,I
84e3f9f7,00100
84e91011,9.91
84e9f6ff,58.88
850dc715,9326
8516d41e,the mysterious turtle dreams
8517589e,6
851a22cb,11001110
851c53be,-7
8520f3f7,king writes mirror
852100b7,33.26
85212526,45.42
8526a49d,103.0
8528c245,XXXIX
852a6f48,&
852d16cb,-70
853849cc,14.73
853a0e3b,0.00
853dcb9c,LXXXV
8548b0b1,XVIII
85540317,XLII
85562911,XXXIX
855b5480,2
855c5efe,the golden knight dreams
85610cf5,38.98
85617632,hatter writes the ancient map
85668c7e,53.26
856a4fda,the wise king draws
8582e414,142.15
858921f6,XLVI
85949925,-6
85999169,20.66
859a3ca8,7
859d8041,XII
85a2e557,23.51
85af23eb,11111111
85b9bc03,8
85bc954c,47.05
85c3706f,dragon follows inside village
85c5b2a2,5
85c6761c,LXXXIX
85c8fc5e,XXXVII
85c993cb,-1
85d800c7,XXXI
85d877a2,XXII
85dc976c,
85e52efe,32.02
85e7ec53,turtle studies near school
85edf718,LII
85f17a62,dragon imagines the silver book
8604b31b,XCVII
86070fef,69.91
86088a1b,1
8610c227,13
861a8c1d,82.66
861cb0b2,/>/>
861cb154,621
861dc9fe,42.31
861f02de,XVII
8624dce7,XLI
8631d7b6,00000000
8636afa1,LXV
863ce62a,turtle creates the golden message
8647cfb4,1
86539880,XXVI
865eab39,!
865eca43,\
867b8d6c,7
867d9b19,4
869eafba,LII
86b727ff,00000000
86b8f246,120.15
86c05d22,95.77
86ccbdf7,-
86cda2ec,13
86d4db61,VIII
86e91f7d,0
87007054,10001111
870574cf,LII
870cfd97,XCVII
872362a3,35.44
872c96f1,4
872ca2f9,1
87312ffc,VII
87342969,1.7755
873b8ea2,01110010
873db266,alice follows around palace
8740ed31,11010000
874285f9,LXXV
87450705,86.68
874fb96a,13.55
8753cdcc,`?
87540e96,rabbit creates castle
8755df36,43.07
875a4b4b,64.51
875ddb60,`?
876806f0,1
87711597,33
8785d0c3,00000000
8789bd45,00010010
878b30a1,59.68
878c843c,35
8795cc4c,97.69
87a89786,1
87a902eb,4
87bc4751,4
87bc66e7,LXI
87bdf6d8,6
87c4e31b,1
87cc5c99,12.55
87df28a6,12.99
87eb6301,5
87eb7ce0,29.13
87f02def,6
8814e4a7,LXX
882153ed,25.64
88245d05,26.38
882ae49a,1
88330166,LXXIX
88368638,XLIX
883a7f5d,19.15
883e87f4,LXII
8848a9cd,LXI
884aee1f,62.57
884c4632,0.31
8859343f,the silver student sees
885c8b51,00100100
8860525a,32.21
8866c3fa,212.49
888069cb,1011
8880d554,3
88825a6e,XLIX
88872de7,5
888c8e78,LXXI
8894d0bf,hatter discovers puzzle
889771e8,38.91
88ae9960,00000000
88afd9a7,15.67
88b43464,56
88b81063,4
88c170e5,0.5
88c42af7,30.18
88c482d3,101110
88c93c2c,2471
88ca8c4a,00000000
88e37622,77.26
88e490b2,18.45
88ee1e88,XXIX
88f6a807,7
88fe5a52,5
88fff090,1
8916a10d,
891942ba,3
892d73b5,00010101
8930d8eb,wizard studies in palace
89372649,24.38
89381b04,LXXXVI
893908bc,LXXVII
893ffb06,2
894bd189,rabbit explores mirror
8962872b,`])
8970138c,IX
89780a3c,128
8982c48b,1
8987bfba,17.11
898bc85a,4
898e4973,XXVIII
89906f16,00000111
8995b70e,teacher follows the magical treasure
899b479d,11101101
899e7ce8,6
899e9abc,-#
89a99760,19.09
89af5175,29.77
89b232e6,202.18
89b49cca,XXV
89bcfe7c,00000000
89c1c859,12.55
89cdf173,119.16
89dfa4c2,11
89e7d0e2,37.96
89e9c89d,14.2
89ec16a8,65.61
89eef865,30.38
89ef2fa0,27.00
89f164d6,72.03
89ff5526,2
89ffdb5f,13.84
8a04fbe3,3
8a057351,100101
8a06ca17,53.48
8a0867ce,01110111
8a0c1aab,?
8a0c67a5,6.80
8a141b71,-7
8a15edaa,3
8a1a2c31,01100
8a1bdd48,#\
8a24aef9,138.44
8a2c5a6a,26.52
8a345538,87.32
8a382428,01100110
8a388d63,dragon draws secret
8a45a3d4,0
8a495594,the golden queen imagines
8a5742e1,00010000
8a5b0cd9,LVII
8a68d02a,LXXXIX
8a6d10b1,23.29
8a702bee,XIII
8a7c4c34,VIII
8a800607,2
8a8821fc,15
8a89300d,00001010
8a90b438,44.75
8a95878c,46.06
8a9ad640,140.36
8aa757ad,7
8aaacfb8,72.56
8ab01aff,85.24
8abcff0f,11110111
8ac1a11a,1
8ac26c2f,XX
8ac52d78,1
8ad0116e,01000100
8ae8e12a,9
8aeb5015,25.19
8af3e99e,59.45
8af4f620,XVIII
8afb53aa,111.32
8aff5fc4,III
8affee55,77.31
8b0a3fb5,3.47
8b0a6cdf,68.56
8b0a88c3,12
8b0cab23,LXVI
8b12ff37,1
8b1925e2,27.74
8b1af00e,\%@
8b226055,8.94
8b27f37a,6
8b365297,9.76
8b3b3999,XLI
8b3f0912,the secret teacher found
8b434583,01011010
8b471ce9,256
8b47cb08,155.71
8b486833,6
8b4a1460,LXII
8b4c71ba,2
8b540546,XXXII
8b6140d6,LXXXI
8b7c2ea4,]
8b7c71b7,8.57
8b84dbc0,LXXXVII
8b85ff03,1
8b929fd5,8.55
8bb67cbd,LXXXV
8bbb6458,36.18
8bc14f8a,15.97
8bc66fd7,33
8bc6a26c,38
8bca1334,1111101
8bd4b4c8,'#>
8bdfc5dd,rabbit reads castle
8be3f8e3,XVIII
8be809f6,LVI
8bebef83,3388
8beca9c1,21.79
8bf273f5,00101111
8bf409c6,4.14
8c06fb6f,1
8c0f9291,01
8c1529e1,47
8c1f56b8,teacher studies treasure
8c2668c6,54.82
8c281ee9,XIX
8c2ebe65,5
8c352bcf,XIV
8c36a40e,47.91
8c3ca7dc,26.56
8c3daded,62.58
8c4303a7,LXXVI
8c431d6a,10.60
8c444d7c,XCVI
8c4f70b6,
8c5d40ea,44.81
8c5f00f0,II
8c608fec,XIV
8c633efd,71.85
8c636405,1.6
8c6a158e,30
8c743940,01100100
8c8957b1,LI
8c9c1e2f,1
8c9e95a4,197.63
8c9fcc6b,1
8ca27f6f,%
8caa94ef,15.03
8caf74ff,010011
8cba814f,0
8cc11970,8
8cc541e9,8.16
8ce54da2,6.95
8cf861c5,29.94
8cf926ca,1
8d077532,0010
8d10c393,princess chases the hidden map
8d20d0ae,1
8d2290b0,6
8d2546a5,1211
8d35261d,10001001
8d3d7fac,3
8d4e70fe,LXVI
8d562562,3
8d5b28a2,XXXIII
8d5d4262,53.22
8d652f91,72
8d6688e9,0111100
8d6dbeb8,LXXII
8d791e8b,40.70
8d7bacdc,hatter reads inside palace
8d90150c,1
8d9a062b,\^$
8da9814c,16.86
8dac3984,:!:'|
8db478cb,11.05
8dc13cc7,40.90
8dc30329,22.73
8dcbf9d4,1
8dd94e6e,10
8de57d95,15.64
8de73924,rabbit studies above village
8de7d8bc,55.31
8dea05d7,3907
8dec3179,XCVIII
8df3daad,4511
8e0cedd8,XXXV
8e10f699,XCVII
8e169174,527
8e1cff16,27.45
8e1d0f97,XXX
8e2b3c1c,17.14
8e306bfc,8
8e359dc8,48
8e3e4928,2
8e411cc7,4
8e424099,65.24
8e438ef9,97.38
8e453b3c,8.65
8e53b548,4
8e56a42e,\%
8e5a6d03,LXXXIII
8e5d6fe6,02
8e6bc995,80.44
8e6d01f1,1
8e715328,XLIX
8e76c0d0,1
8e7952cc,100
8e8af3c1,II
8e905ad6,the mysterious teacher watches
8e922a0f,12.33
8e922a3a,16.48
8e962ee6,42.38
8e96d488,5
8e99c51c,0
8e9b40c5,39.6
8ea3533c,LXXXIV
8eac8f69,1
8eaf760c,57.82
8eafcc14,knight sees the secret door
8ec472cd,XXIV
8ec53c10,LII
8ec8d10c,48.98
8ece2bda,23.40
8ed5c9e7,11111011
8ed96b4b,55.13
8edddcc4,1
8edde270,66.32
8ee54e57,46.85
8ee7d06b,40.13
8eea54ce,19.62
8eecb224,22.42
8ef8b70f,wizard watches around mountain
8f07a84d,1
8f07c5f9,48.03
8f0bc390,192.22
8f16da79,16.54
8f1887d6,27.93
8f1af066,$!$
8f1fc800,LXIV
8f3472fb,7.59795
8f52b3de,00000000
8f53039d,6
8f66d244,LXIX
8f6d4fb3,8
8f7471dd,30.96
8f7b37be,10011111
8f821219,23.05
8f838193,XI
8f92faa3,18.22
8f99dff1,2
8fa7ea3a,2
8fad338f,4751
8fbd2477,0
8fc1816e,01100011
8fc2ea74,teacher reads around wonderland
8fc9cb66,9.88
8fcd107e,16.22
8fd9ec2f,9.39
8fdf7ccf,#]
8fe3cb9b,VI
8fea2d50,5.066
8ff1151c,your answer
8ffacd86,70.33
900babfc,2.72
9016e3d3,10101001
901de5a1,37.39
901f7a63,32.91
902410ec,8
9029034d,82.04
902da958,4
90385344,bird discovers secret
903c0d6a,60.66
904295f6,XXIV
9048af97,24.12
904e3a54,:66
905184e7,dragon found message
90550e6a,rabbit studies the bright potion
90562bc5,41.84
905f83a0,1
90646dad,27.63
906f7b85,LXIV
907061d6,the magical wizard reads
90769c4c,11.19
9077fa09,00011101
9081e954,)
90861ae9,86.34
909ef49e,166.3
90a34627,47.12
90ae7158,51.26
90afd579,34.94
90b06730,princess studies around cave
90b383bd,XXXVIII
90b80c68,8
90d57388,2615
90e1432a,44.42
90e3587c,27.66
90e49c68,106.93
90e77897,19.16
90e893ac,17.58
90f00d9b,(<\\
90f50354,01010111
90feb0c5,your answer
91059046,43.86
9108ad00,7
9114cb5f,2.75
9121e150,0
9124295a,01001110
91258006,31.48
9125cb6d,14.89
9127aef9,27.97
912c6ea5,1061
912d2b79,127
912f9786,@
91336795,XLIV
913b2d7f,103
913fdf86,104
914726c4,the clever teacher dreams
9147f188,40.56
91488dc9,3431
91495230,24.71
91598ca4,27.02
915ade2d,15.63
9165792d,LXXXVI
91697374,X
917fcc49,student studies puzzle
918034e5,17.35
9183fc49,33.50
9187bf33,24.79
919105c2,62.43
91a0e345,!
91a0f4d0,6.43
91adf788,XCIII
91b34547,3
91b42a45,170
91b99758,5.18
91be6ad6,XXXI
91c9c95f,8
91cd33f5,LXI
91dc0848,00101000
91dec13c,LIII
91e9dc52,(:
91f639c4,22.00
92021665,7.48
92087c7c,5
920f96e4,the wise bird dreams
92135360,>%)
921da788,8
9224c45a,XVII
922b67e9,24.98
92367a94,queen found around valley
9238e8d6,11101010
923ac2b5,':'
923b3059,000
923e1560,26.97
92402574,5
924276a0,bird found crystal
9243dd78,?@
92471ca4,-63
924ffdf9,72.72
9250a0a8,9
92528df4,32.14
925f3e06,7
925fb2b9,34.61
925fe861,LXXVII
92681b44,rabbit sees above garden
927847fe,164.36
928b4916,6
929bbda5,10101
929eabb2,5
92b8f52a,01010
92c58c9a,-4
92cabcca,XVII
92ce2e1f,2
92e320c9,3510
92ef466f,LXXXV
92f42685,XIV
9307d2e8,4.09
930c9727,81.40
930cb6bd,4
932809de,LXXIV
9328d73e,34.09
9329c861,XCI
932e5b71,13.16
9342e055,42.48
93464bd7,30.67
9346686a,
93481650,25
934a2c55,00011011
935022fa,203.97
9350d51f,the secret queen chases
93626d26,3992
936b3ae5,14
936c3c1e,1
9372da3d,2
937c06c5,17
938b81c2,01111101
939273d7,1
93955d17,000110
9399e513,19.25
939e0622,141.50
93b88a8b,60.12
93bff42f,41.76
93c9b36b,>&
93ca9241,LXXV
93d1c7eb,027
93d65e58,LXIX
93e52b8a,LI
93e6acfe,16.63
93e6d0c0,3
93e6fcf8,XIII
93ed0fd6,LXII
93ef4c81,10000011
93f3ae6b,22
93f6583a,XII
93ff368a,rabbit studies above school
94019d17,15.83
940df3f4,2016
942ddd73,01011010
94367b1d,"[["". Let's output that.
</think>
\boxed{[["
943d7ba0,LIX
9443e78b,the strange dragon chases
94579d00,5.059
94582944,39.00
94597005,XXX
945c151e,1
9460a623,0
9461b22b,43
94643472,knight chases message
946be984,35.71
946cbee1,XLI
947a029b,11111101
947c23f0,11111111
9483f712,2
948ce7d7,71.22
948e5474,96
94934452,53.81
9497f712,2
9498b010,38.02
949ac040,29.28
949f0dac,57.12
94a8fe23,<%
94aaddda,5
94ad1872,XXI
94af21e4,XLIII
94b3156f,"\\"""
94b7db05,teacher found the strange treasure
94b92001,4220
94bcba0e,7
94bf323a,
94c06b54,wizard discovers around tower
94c25c56,11111111
94d26763,mouse watches the strange secret
94d5d7dd,dragon hollows door
94d7d89e,2
94db58d1,XCIII
94e41495,^
94f2dc02,LXIII
9501ecce,student found castle
9517c8fe,LXIV
95205105,00000101
952d80fe,XCV
95353c23,!!.
953f3a9d,knight imagines above valley
9548bbd4,LXXI
954c46bc,173.11
954fc1ee,32.26
955d71c5,hatter discovers the bright door
955e8713,01111011
956a088f,LXVIII
956a23da,13.88
95771a39,0
957c70fd,70
9581ceef,LXVII
9586ea0d,LXXVIII
958722ae,6
9599d11f,8.17
95a53faf,XLII
95aade61,LIII
95afbb5f,4560
95b2984b,17.96
95b3e12b,V
95b48f5a,XXIX
95b7822b,bird reads the magical treasure
95bbe984,3
95bbfd4b,XLII
95cbbfcb,the silver princess explores
95d8ff2c,02
95dd49e1,3
95def4c4,?
95e8326c,16.36
95e9f927,7
95f7b796,4
96040a6a,72.35
960ca5c5,dragon sees in cave
9610985a,22
9610a42b,4
96115336,!
96237140,120.89
96291987,1
9634f949,^
963791b9,68.63
963bdc67,9973
963e85bb,76
964c8468,100.72
96540958,20.30
965ea054,0
9668f2c2,444
966c1f9f,2
966f8239,2
96786ac2,XXVII
96837558,6.69
968c6cdb,2
969071c3,50.71
969a6b00,^?
96a607cc,22.68
96a89766,XLI
96aee5df,8.70
96c231d2,wizard draws crystal
96e36a3c,45.99
96e8be73,(\@
96efb93a,2
96f2ca1e,2
96fe87a6,48.73
96ff5ae9,16.10
971d1c24,turtle sees the clever forest
971d2540,the ancient rabbit ready
9720a8ea,2
972ef18a,XLII
9734f792,XCII
974343e1,XVIII
97549a14,XCV
9760032a,9372
9769bade,5163
976a8bac,LXXXVI
9777db6f,36.96
977d739d,XXXIV
978c688b,10110111
979071a0,'#<
9791bffd,31.15
97996a26,126.96
979c0b0e,50.61
97abca56,
97ae2c81,the wise rabbit creates
97b03b75,1110
97b289c1,XVI
97c04f50,`&]&
97d07b1c,bird chases above garden
97d0bad8,198.5
97d27023,8.09
97d5995f,15.18
97d6db7a,\[%^
97d7a79a,14.82
97dee6aa,71
97dfb47a,0.5
97dfd0f2,157.89
97e7a57f,10101010
97eb9131,0
97f2b7ae,XXVI
97f45beb,0
97f56035,103.4
97faf77b,XXXVIII
9800b586,50.68
98011f2a,60.37
98031059,36.63
980ad2ec,LXIV
981182f4,6
9817fda7,wizard chases secret
981e69c9,alice studies door
982c0b42,
9846834b,70.44
985002a4,8.9
98518cb1,60.64
985ec868,46.17
9863d874,29.2
98724121,the hidden hatter creates
9876d736,28.22
98779613,XXI
987a223b,the wise princess creates
98856799,107.68
988576c0,queen draws through cave
9890b6cd,4.93
989770ae,XXX
989dde0a,6
98a2636e,124
98a85413,5
98ad2572,22.92
98b56497,hatter draws above village
98bb54f7,1
98bbac0f,01101011
98c4eb34,90
98d2dc6d,54.78
98e1a8b4,00001111
98e87fe2,0.08
98eed496,``
98ef38f0,wizard discovers inside mountain
98f24e20,0.005705
98f3c5cf,XLIV
9916e79d,53.26
9925be81,#?
99267fdc,the curious bird draws
9935aa11,
99371400,the bright dragon explores
993c5879,XXXIII
994e49e5,56.31
99525a85,the strange teacher dreams
99561676,16.81
995768d8,hatter follows forest
99693c43,3
996b88d6,15.42
9972f3f1,11000001
997596c8,12
997a3321,21.63
997cb58d,77.20
9984fc0f,10001100
9992bbd0,10000000
99948ad9,26.17
999673ed,1
999907a8,23.96
99a29da0,94.56
99a5c497,63.15
99b63ec9,14.44
99b7018f,^$'
99bda3b2,2
99cc2e07,7
99d345d9,5
99d6a3b5,"(("" as answer? Probably wrong.

Given constraints, maybe they expect answer ""((<""? I will output that.
</think>
\boxed{((<"
99db27c6,17.18
99e18140,35.18
99e2cf41,4415
99e327ac,39.03
99e9a1d9,12.21
99ff46bb,00010
9a00ad08,57.95
9a0daca9,#?
9a0de9c4,125.86
9a19fc2d,2
9a291cc3,39.55
9a3b7b6e,45.15
9a4ea591,the secret princess draws
9a4f2f47,4
9a568d08,the clever mouse chases
9a57361c,15.05
9a5b6b28,^22
9a7064b8,93.24
9a784b03,44.39
9a79a454,68.52
9a7bcda6,mouse draws treasure
9a89e724,the mysterious turtle sees
9a8a7752,dragon studies crystal
9a8dffb6,12.85956
9a919910,69.68
9a9e6b06,IV
9a9e8f7d,64.12
9a9f5fef,6
9a9f6025,-56
9aa48392,421
9aa8dc92,/#<
9ab82dfb,2
9ad52d28,11110000
9adc9406,5
9adfc48b,1
9ae3b78e,3575
9ae663c3,->
9afe43b4,^<
9b08674d,XXIV
9b10b67b,50.14
9b1761fb,00000000
9b183a23,51.07
9b1ea308,135
9b27c791,67.61
9b2b3698,1
9b31fb20,IX
9b39ddb0,LXXXVI
9b458fbc,39
9b4cffb2,``)
9b4ecc42,17.04
9b4f2f8b,LIII
9b559cd7,23.44
9b5a9c1f,LIX
9b648851,57.54
9b6812f4,XLVI
9b68812c,LIII
9b732c0c,2
9b820b4e,4419
9b8b99ae,48.76
9b9b87e3,3
9b9bd32e,LXXVI
9b9ccb27,11.5
9b9e024b,4
9bbacb75,XCVIII
9bbca089,01000000
9bbe36f5,0.2
9bc940dd,3
9bcd3eea,2
9bd0e2f9,81.88
9bd287f6,15.12
9bd65991,1
9bd675ce,XIX
9bd747ec,25.71
9bddd8d4,18
9be2a93a,97.18
9bee3f4d,64.22
9bfb1cc6,10001101
9bfca34c,'|
9c0ae448,5
9c0f518e,63.34
9c1533c4,rabbit reads near tower
9c16fd02,LXXIII
9c190dc2,51.43
9c2cc0ab,5
9c34c079,LXXXVIII
9c40ae95,5.81
9c46baa8,LXXII
9c586b45,hatter reads the hidden book
9c5c6401,11001100
9c62e8ed,46.82
9c65e305,1.945913
9c697047,4
9c7f280d,8.71
9c814f12,50.01
9c8eef89,1728
9c91b226,75
9c9831f9,10
9c99c184,190.74
9c9eacbd,0
9ca2d781,the hidden dragon village
9ca96a88,dragon reads the strange treasure
9cb03277,4631
9cb36e7f,33.70
9cb806f5,LXXX
9cbbfd73,the curious princess found
9cc02bc1,:#:'
9cc09b16,81.18
9ccbc655,XLVII
9ccbf65c,143.73
9cce2d6a,LXVI
9ccf2a75,4
9cd0e3e2,113.97
9cd307c7,rabbit draws the silver story
9cd69c91,XIX
9ce3dbe4,77.69
9ceba70a,#!
9cecae80,5
9cfc388d,1
9d073610,VI
9d09171e,11010110
9d102c07,20.41
9d20c8a7,)
9d24902b,XXXV
9d28a7ca,3
9d2ed393,LIX
9d3e6c24,28.26
9d3e7f1a,1
9d4039b6,6
9d4ae6b8,16
9d4f1368,1
9d50fd40,18.6624
9d575da5,1110
9d68ef62,16(
9d6d8b52,LXIII
9d71fece,4
9d7af57b,89
9d8897e8,00011000
9d897c61,XXXV
9d8fab83,7
9d964043,00001001
9da0bd69,64.73
9da4282a,15.2881
9dae880f,<)/
9db0f169,55.27
9db488f0,52.17
9db72c8e,IX
9dc1a759,0
9dc61be2,XCVI
9dcd3480,LXXXVIII
9dd32aa4,21.31
9dd8adaa,4308
9ddcb69d,12.05
9de10496,225.09
9dfc12aa,0.5
9dfcd4be,10101010
9dfe5ac9,"` suggests using LaTeX. They wrote: determine result for: '\*%"" Please put your final answer inside `\boxed{"
9dfec106,mouse reads inside castle
9e02ebd7,XXXVI
9e0a235c,the hidden dragon wound
9e0eaab9,99.70
9e23b745,31.70
9e25daf9,5
9e2b594d,0
9e310608,25.40
9e35d96e,XLV
9e3c7916,5.73
9e494425,55.45
9e5030ae,I
9e5a758b,princess discovers the curious crystal
9e5d12de,5.08
9e5d97de,65
9e6025a2,34.71
9e61762f,11111010
9e619102,20.44
9e768bed,XLI
9e7769da,C
9e7b59af,73.24
9e919776,89.13
9eaae1f1,"[[
</think>
\boxed{[[\"
9eac443f,10000000
9eacc9a2,
9eb96ba5,15.38
9ebd26b4,bird dreams the silver treasure
9ec1c00b,XXXVII
9ecb7258,30.41
9eccbafd,@\!
9ee0055b,LXV
9ef1e506,18.75
9ef98294,6
9f00559b,8
9f015548,11.7649
9f05494c,LXXVIII
9f06483b,32.10
9f09b8d2,XCIX
9f1015a1,"(?

Given typical puzzle answer length maybe 2. Let's guess answer is ""))"". Because example1 gave ""##)""? No example1 gave ""#))"". Could be they want something similar. Or maybe answer is "")\""? Not.

Consider target string \)-&#. If we drop the dash maybe it's like two operators mapping to something. In example2 they had operators '*' and '(' produce output ':' and '&' maybe following pattern where operator symbols transform to other symbols. Here '-' and '&' might map similarly.

Maybe mapping of '-' is ')'? But we already have ) in output. Maybe '-' maps to '('? Or something.

Better to treat each symbol independently using perhaps a simple ASCII+2 shift? Let's test: '#' = 35, '+' = 43. If shift +6 gives 41 = ')', okay +6 from 35 gives 41, OK. ':' = 58, shift +? But output includes ')', maybe some others shift.

But shift +6 from '+' (43) gives 49 which is '1', not ')'.

Possibly mapping based on keyboard adjacent keys? On QWERTY, '+' is shift '=' maybe maps to ')'.

Could be mapping based on key shape: e.g., '+' -> ')', ':' -> ')' as well? Might be mapping all plus-like punctuation to ')'? In example1, '+' maps to ')', ':' also maps to ')', and '$' maybe maps to something else but also results in ')' duplicates.

Thus many different symbols could map to ')'.

Alternatively mapping all characters in input positions to something so that output is always either '#' or ')' or '&' maybe? The examples show outputs only contain these symbols: ), #"
9f1d8753,LXXXIV
9f1ff166,
9f2e45e7,1001
9f2f2651,63.4
9f2fae58,6
9f380129,105.40
9f4709f3,XXXIV
9f5fb703,bird dreams around school
9f657a70,XI
9f65fae1,the dark secret draws
9f695a22,0.5
9f6f33b2,31.70
9f70ddfd,53.21
9f775ba6,165.6
9f775c18,VI
9f7ac89d,the colorful teacher reads
9f7fc002,5
9f89d8b5,4.12
9f8fda8a,5
9f95886e,II
9f9b0251,^
9f9cde24,6
9fa9ecdc,36
9fafe218,11.352
9fb609e7,124.91
9fb854c3,4
9fbd6a44,'[:
9fc0cd2f,XLIX
9fc369fc,18
9fc651a6,11.19
9fc69c17,&
9fdb18b7,|%^^
9ff1373b,1
9ff449aa,"-""|"
9ff6e9d2,11
a00179d7,0.01145
a0040ad5,VIII
a00b9455,10.91
a00fe76a,1
a0132d58,49.54
a021ca5d,2
a027a729,7.31
a02aeb6d,II
a033df06,133.25
a043e4da,54.12
a044158a,86.94
a046499f,knight explores door
a04bd334,1
a04ecffd,!32
a06d06a4,5
a070715f,XIX
a07072e4,63.68
a071db66,147.44
a07c827c,5
a0847120,01101010
a087d342,XXV
a08bb4ab,XXXII
a08fbb68,$$<
a091bbcc,XLVI
a092cafd,the clever cat dreams
a0956ae4,the curious rabbit draws
a0a2ce5c,26.64
a0a4ca74,LXXV
a0a63ed4,14.86
a0baa626,86.82
a0bb6a83,8.66
a0c3de5f,XVII
a0d317ce,01000111
a0d4777a,LII
a0db1e75,
a0e05d60,37.02
a0e171c2,XLIII
a0e44f72,61.05
a0f33afd,14.34
a0f67d8f,38.99
a0f78caa,3
a0fc7b3e,21.22
a0ffbfd2,01001111
a1048986,51.52
a11311a4,your answer
a115829f,50.16
a11ce574,LXXI
a11e63a5,134.44
a1220274,''{
a1230047,4
a12354e3,2.63
a127eb72,47.94
a12ad9cc,XXXIII
a12f00f4,4
a143f146,91.03
a14e8286,LII
a1503629,@'
a1523a63,18
a16897f7,6
a169fa86,2
a1700ce9,27.33
a17d8538,26.69
a17e6cdb,III
a187872d,4
a188a7ef,23.52
a189d177,teacher watches beyond wonderland
a19734b3,0
a19a75ba,2655
a1a61c77,10101010
a1a65071,13.93
a1a74d78,13.75
a1b268b4,20.17
a1bae076,0832
a1c1f44c,turtle dreams castle
a1c20432,0
a1cc9071,5
a1ced986,6
a1d0e411,XXXVI
a1d262ea,1.3558
a1d2bb0c,1
a1d4a894,5
a1f40945,hatter reads the magical book
a1f92ca9,173.82
a2099412,44.16
a2177abe,22.07
a219a98b,the clever student discovers
a223a64c,alice writes in wonderland
a2252b88,8
a22cd19b,6
a23251e6,XVIII
a238f048,XIV
a23e7ecb,154
a244ff42,0.005
a2454b51,the magical queen dreams
a2460d78,43.24
a24c4fc9,16.18
a24e1f58,18.74
a24ec2e5,71.66
a25f86f4,LXXXIV
a26065d4,...
a261169e,student explores the golden message
a266aeb5,)?
a26c272c,75.64
a26c8eb7,106.06
a26d5e93,19.65
a2871ee0,32.54
a28a4dff,6
a292c7b0,XXXIII
a298484f,39.83
a29b3e67,56.79
a2a42282,bird explores inside guardian
a2b541a5,31.57
a2b66927,4
a2b90fdc,14.26
a2bb8c3a,001001
a2bdb410,teacher explores garden
a2bfdf29,alice creates the dark secret
a2c36fcf,XXXII
a2c48401,162.68
a2c4f38b,21.88
a2c7144a,52.67
a2c87c2b,41.44
a2ca3aae,3
a2ccba8c,116.96
a2d676f4,95.64
a2e33b1f,55.39
a2e6bcdb,6
a2eb7c6f,00001101
a2ecd374,35.61
a2f40fb4,wizard watches treasure
a2f5a388,cat reads potion
a2f6929b,4
a2ffb6ac,26.58
a3019a3a,LII
a3055572,66.95
a30599e8,VI
a30a2c4e,XLVII
a30a5e37,2
a310519e,47.33
a311baec,46
a312a246,XCIV
a316aadc,5
a3183159,your answer
a32325cf,95.59
a327e1d2,LXV
a33019c4,11000000
a33efcb6,55.02
a34467bf,#>[
a34bd133,34.07
a350865e,41.36
a357557b,26.95
a35ddce8,5.36
a35fa1a0,3
a361a1b7,
a362e44a,1
a365e304,1
a36744a2,79.70
a36be33f,11.13
a36dd497,LXXIII
a37158d6,110
a38d4612,XLII
a3a00a02,your answer
a3a031c5,the clever rabbit draws
a3a2b6dc,23.07
a3ac7ad2,6372
a3af84eb,LXXVI
a3b4dccd,student creates under island
a3c07781,XVIII
a3c3be4d,3
a3c3d077,10.65
a3d352c7,24.19
a3da3c48,your answer
a3e72f6d,1
a3eb08c5,student writes inside mountain
a3efb940,7
a3f353b8,11.50
a400b3e0,118.15
a40497f9,2
a4146eb7,0
a41a3626,00111011
a41f056f,50.70
a42848d1,6
a439b45b,dragon found story
a4431938,XCVII
a4484f21,50.46
a44ecc73,64.98
a4506faf,24.79
a463d5a2,44.77
a4679943,LIII
a46d71d0,4
a4749b0d,4
a4770481,0
a47a489c,55.21
a47b8207,89.10
a487906f,-4
a487ceeb,IV
a48b8329,1
a493726e,VI
a4970d02,00000101
a4a5fe71,102.64
a4a91d08,63.42
a4ceedfb,XXVII
a4d4ebc5,167.23
a4dd4cce,10110010
a4df85b7,dragon imagines the
a4e4ec1d,2
a4ea5f61,4
a4ee9fa6,-@:
a4f165c1,61.31
a4f27604,XXXV
a4f4fb0c,000001
a4f9e327,81.42
a4fceb43,5
a5047680,the strange rabbit chases
a505c8f3,40.22
a50e5d7e,0
a5124cb4,-24
a5187932,7
a51b62b6,27.52
a51c0264,116.74
a5208b7e,00000010
a521be72,4
a52aabb6,4
a52c726c,2
a5409e68,1
a54f901d,1
a558df6c,LVII
a56a80ac,1
a56a9fdc,32.57
a5749dc0,00000000
a575e7b7,31.62
a57ab89b,22.08
a57bcc2a,XC
a57bcd23,LVII
a586d568,I
a58d446b,45
a5951fe4,LXXVII
a59e2ff7,01011101
a5ca6cf6,XCIX
a5d2e952,71.64
a5d6bc60,6
a5dc3a44,6
a5e35e2f,5.16
a5ea81bb,13.29
a5eb0bcb,I
a5f1991c,!?&&
a5f23d82,8
a5f3a1ea,63
a6046287,LXXV
a6082142,2
a60c36ec,30
a610040a,2
a6192d29,010
a6195da7,3.54
a62417fe,0
a62934d7,56.43
a62dd199,110
a6319294,49.30
a631adf5,10.70
a63caf28,29.86
a63cd4aa,61.38
a63d9b34,65.74
a63f9c85,6
a642a3a1,the bridge hatter draws
a644f19d,%#
a6512f5b,LXXIII
a660cb06,9.21
a6620888,4
a6672f83,6
a6704625,0111
a68a66ee,LXXXIII
a692ec38,1
a69f1af5,rabbit sees secret
a69f387a,01010011
a6b55544,XXI
a6bea3b5,XXXII
a6c39221,3
a6ced392,XVI
a6d00147,00000100
a6d02e56,93.93
a6d242f1,0
a6e3134e,2
a6e65016,LXXII
a6f1b553,89.39
a6f1dc3e,110.92
a6f7139f,2
a6f82438,74.44
a705689b,31.71
a7104414,1
a711fef6,XIX
a714861f,X
a7155451,LX
a716f3a4,XCVIII
a722467f,LXXXVIII
a72514a7,queen sees secret
a72594ef,3
a727c08b,11.19
a72a1ff9,118.55
a7371f3f,the curious king reads
a73be3a3,56.85
a7442340,LI
a74547ca,61.82
a7454fdb,831
a747f52c,72.51
a754db4a,XIII
a75bab13,bird writes around garden
a76146bb,XVI
a766d285,LIV
a774a68b,knight studies the secret treasure
a77be9fa,...
a7836586,?)?
a78b7c19,XLVII
a78ec816,LXXIII
a794d193,1
a7a12cc7,43.30
a7b82c09,47.45
a7b9b0bf,XXXVII
a7bedcb2,1.95
a7cbf6fd,2
a7d582da,1
a7dcc027,1010000
a7ea7c33,20.87
a7f5d296,LXIV
a7f91b27,5
a805a46e,29.07
a80e48ff,XV
a811373b,18.51
a81ea247,the mysterious student follows
a82332c8,33.83
a828788b,46.76
a82af070,8.90
a82f6ede,LXIX
a8323497,0
a8347740,38.52
a8428568,13.21
a84ac590,10011111
a84e9e9e,queen sees secret
a84f60fd,71.51
a85864a9,
a86cb46c,117
a870fab0,the bright hatter draws
a87565bb,64
a87bbb0b,19.48
a87cd899,1.5309
a87fdd3a,11110111
a88572c6,II
a8887238,7
a88c4f08,1
a88f9fe3,!<
a88fbc44,LXXXVIII
a897b8bc,01111010
a898c37b,XXIV
a898cbc4,3
a89a7353,31.28
a8a4560e,37.85
a8a73cf4,LXXIII
a8aed893,89.8
a8ce8537,18.09
a8d5c8c2,4.83
a8d5d918,10.26
a8dbe0c6,19.78
a8e033fe,6854
a8e5eca1,4274
a8e8b505,41.28
a8ea0e29,00000000
a8ec75af,17.99
a8f2c2b9,00111010
a8f5ad76,0
a8fe78df,4
a901f565,LII
a90fdd22,29.23
a91414ee,10010001
a916a770,00000000
a919756f,XCIII
a926d5d0,5
a928ad6e,4
a937daa1,26.90
a94232ca,0
a942a8ad,XII
a9445539,10.55
a945525d,XLIX
a95e05ce,0000110
a962bab3,LV
a9659516,53.09
a966930a,29.14
a970e9b3,20
a97dbf6e,6
a984448a,72.25
a989f88c,XCVII
a98d4d53,!$-$[
a992d5f1,13.31
a9982552,28.97
a99ea0f0,2
a9a49dfe,22.92
a9a5e10f,XIV
a9a891ce,14.95
a9a91755,the wise turtle found
a9aa6c6e,$(
a9b2349f,4
a9b4f1ba,LIV
a9b6b1cb,119.26
a9c3ff5d,XCV
a9c57983,109
a9cc9eee,XCVII
a9cdb53b,48.83
a9d91ec1,4
a9da94ea,dragon studies inside garden
a9deb8b5,13
a9ded497,LXXXV
aa05953e,12.22
aa075253,XX
aa0f7c7d,6
aa10e6b3,98.26
aa10f528,wizard reads the secret story
aa1fd3d8,XXVI
aa248cfd,XXX
aa24c0a9,XXXVI
aa251ec4,%20
aa2e26f1,8
aa2e27a3,`
aa37b5db,4.05
aa3ae31f,00111111
aa4339c1,61.05
aa48cec8,92.14
aa4cee8e,6
aa4f5f83,4
aa505ca3,teacher found crystal
aa625771,
aa64b0e6,4
aa6641fb,3
aa6cc257,VIII
aa6f0af1,01
aa6f0d54,turtle chases the secret book
aa72ae9f,2
aa764742,7
aa7b3c66,5
aa7f06f4,3212
aa826c9a,5
aa89354d,the hidden mouse explores
aa8ab070,the wise wizard imagines
aa8ad8a5,23.61
aa8c76a1,0861
aaa62881,01101010
aaa6fddc,40.98
aaaccd99,turtle chases in palace
aaafc6bc,58.41
aab3127a,13.73
aac98230,29.25
aac9bfab,the bright student reads
aacd7119,129.64
aad305c6,26.21
aad35553,XX
aad72504,2
aadc4d57,the dark mouse creates
aae573ff,5
aaec36e0,2
aaf46fca,90.44
ab015d3c,87.32
ab064b6a,11111111
ab0eee3d,6
ab104009,1
ab1c0546,turtle seas beyond garden
ab3166c8,king writes the ancient potion
ab323f35,9.20
ab3352fa,queen chases the wise key
ab34f2e6,50.95
ab407759,10.40
ab4e1a63,34.54
ab574811,7
ab5f7c7f,11111001
ab71eaa0,00000001
ab779293,78
ab7809d1,2572
ab9e5b48,15.92
aba5a35d,00110101
abaaeccf,LXXXVII
abb4e6ac,XCV
abb5d597,00111000
abb9c33a,0000
abba85ac,2
abbb5d43,8514
abcfd0c1,LXXVII
abd83957,11.09
abda193b,10001111
abdda9e5,XIII
abe83078,26
abeb338a,XXXIV
abed1c35,LXXXIII
abfd833f,57.13
ac0af560,bird found door
ac0b6d12,king sees the wise potion
ac0d032d,00001101
ac145047,80
ac1fb676,48.84
ac2189ae,20
ac262f12,-26
ac2b67ad,1
ac34d783,turtle discovers mirror
ac3836f7,student chases treasure
ac394644,XX
ac3ab4d3,rabbit sees the strange treasure
ac465f14,XXXIV
ac5c723c,34.17
ac5f6747,01011100
ac636718,8
ac697cef,82
ac6bc99c,42.86
ac6bf762,45.71
ac73e0f3,80.86
ac7ed6cf,11100111
ac87d01d,6
ac96e25c,\\?
aca1d581,XVII
aca5c614,5377
aca82280,58.76
acb5e028,knight studies the ancient mirror
acc0955e,4
ace02769,48.20
acf4ac58,bird found treasure
acf8c11f,"'? Not.

I'll answer \boxed{'""? I'm uncertain.

Let's answer \boxed{'""? ""?
</think>
\boxed{'"""
ad01d78c,XXVIII
ad121190,LXXVII
ad1ade98,00000000
ad2514e4,wizard found the colorful book
ad3558db,the ancient king writes
ad364a7c,176.478
ad3e6f0d,LXVII
ad4b03c0,5
ad4b56d5,47.11
ad599007,18.1
ad59f0c6,34.53
ad651184,XCIX
ad6d02db,LXXXIII
ad6ff612,X
ad789984,XLIV
ad794f4a,129.51
ad7edc85,92
ad813fbb,XV
ada01a20,1
adad547a,69
adb23476,36.48
adb33564,128.79
adbcf4bf,4
adc6141f,88.30
adcc6292,3
add435ca,100.80
add6d0aa,4
addd2e88,15.48
adde4edb,king imagines above mountain
adeac6af,1
adebd139,24.46
adee3b71,0.4615
adf5d72d,62.42
adf7fc5b,XLII
ae006a91,5
ae092f8d,65.52
ae0e57c4,53.48
ae2e3a26,31.0
ae2edf41,18.84
ae305718,XXXV
ae3d84e7,
ae494323,7.03
ae4aef23,"`!`? Actually need produce something inside box.

Probably answer is `!^` or `&&?` or `?^`.

I will guess output is `!^`.
</think>
\boxed{!^"
ae4f74ba,55.91
ae50c309,25.32
ae554b7f,13.87
ae566562,110
ae5e411e,82.94
ae5e65cf,112.85
ae61350b,LXIII
ae64d5e4,?
ae6a3065,31.56
ae6be599,$]
ae6c8cf6,32.63
ae73892e,25
ae93aec4,1
aea08eb0,0
aea14651,11000000
aeb1596c,6.27
aebdf2ae,69.67
aec87b7b,mouse explores the clever mirror
aec8d5f2,80.74
aeca38ba,011
aed00579,XCV
aed6b1ca,teacher dreams the secret book
aed8e748,28.42
aedac0c7,XCIII
aedc758a,XCVI
aedef8e4,2
af018681,your answer
af0e4262,>]
af0fd8f6,00100110
af12442b,20.86
af260055,124.00
af271da8,114.83
af274b6d,4
af34964a,4
af358750,1111111
af37ed28,24.16
af447d2a,30.20
af52a14c,4.26
af5302ca,00011110
af58b824,1
af593008,knight chases secret
af5e4060,11011111
af652c7d,LXXIX
af6ce080,70.73
af745071,85.75
af78b80e,41.57
af7b42d2,4
af7ec090,2
af873b49,cat discovers the silver garden
af89acac,LXXXVI
af8a1eb3,X
af936486,wizard creates the clever castle
af95c8aa,]?
af9989c2,28.99
afa9a53b,`!
afac52d8,49.76
afb53516,1
afc57a97,54.76
afca7259,"{""""&?"
afcac7af,1
afcc2452,XXXVIII
afdb7326,?
afdd0e06,XCIV
afe2bad5,XCII
afe800aa,LII
aff9a553,XLIII
b003a657,V
b00bab37,
b0101680,16.11
b0184ec1,2
b0206bb7,4
b0228713,the hidden wizard creates
b037cf33,63.58
b03ab026,1
b03bd7fb,LIX
b03f13bd,7
b045e91a,26.10
b04c5585,XLIV
b0638e8a,the ancient princess writes
b06625c4,4
b06650c1,11111111
b06adf83,109.85
b073d5d8,66.28
b075e716,110
b07b312a,XLV
b0853608,XLI
b088f1d9,the hidden mouse draws
b08a469a,68.81
b08e4730,13.1769
b09cdfaf,XLVIII
b09efdc9,king watches near garden
b0b84b53,5
b0bc11f1,01010001
b0bd3c8f,75.36
b0bf8ae4,IV
b0c908ce,XCVI
b0d0dd45,7289
b0d399f9,XX
b0dc045a,XCIX
b0e8cd3e,41.06
b102a8a8,10001101
b1046e36,24.06
b1181806,2
b12377a9,6.32
b12df751,29.30
b13d511a,&[[
b14f7be3,0
b14fb614,01100000
b15368e8,`
b158ab98,0
b15a1ff8,XLIX
b163a1ab,the clever secret sees
b16455a2,1
b1686291,21
b16d6db2,
b1733f3e,2
b1740982,7.78
b1798629,XIX
b1804bcd,5.46
b1890a99,1
b1911ff3,LXVIII
b193f06a,3182
b19f4815,6
b1a745db,LXXI
b1af141c,XXI
b1b095ea,2
b1b0af1d,LIII
b1b10e83,"${|. This fits pattern: start with '{' maybe from something, followed by $, then |. Could be derived from similar examples where { appears from ')'.

Thus answer: \boxed{${|.
</think>
\boxed{${|"
b1b48ee7,XI
b1b5054f,1110
b1bc3731,36
b1bd7903,LXXXIV
b1de518a,11011111
b1ec44a1,6
b1ec7742,24.39
b1f5a2e8,11111111
b1f65894,XXVII
b1f67de9,XVIII
b1f8f11c,40.90
b205f2d5,6
b20b39bf,00000011
b20bba0b,4
b2285221,XLVII
b236ba44,7
b23f94f8,6
b24ad7be,XCI
b250470b,LXXVIII
b2506950,XLIV
b2576afa,XVI
b25c11fe,LIV
b2615471,68.1
b265a4af,00010000
b26d8818,5983
b271a61c,
b2748dc4,8
b275443b,1
b2865616,58.68
b287ee74,00000000
b2880cc3,5
b2929c2a,27.62
b298bfc6,XXXIII
b29a4a21,75.62
b2a8384e,3
b2b00de0,XCVII
b2b2ba94,7.03
b2b349aa,IX
b2bc6dbb,6
b2bdef43,1
b2cbea0f,176.56
b2d46dec,1
b2e5c467,
b2e7ee08,33.01
b2ea0c09,22.13
b2ee2241,XCVI
b2f19231,2
b2f2ad54,20.56
b2fb65cf,01101111
b2fb7d10,33.05
b303bb5a,13.91
b305e47f,28.11
b30f8610,00100111
b312829e,73.42
b318276f,2
b32c8042,8.14
b331a0c2,6
b3431ac7,LXI
b34a1d90,9
b35103bf,27.39
b360e5fe,56.64
b365d48c,LXVI
b36aa89c,9.18
b3745e98,!
b3772621,student writes around ocean
b3785949,11010111
b3884d15,21.15
b391ffe1,
b394b3b9,dragon writes in cave
b398201b,5
b39c8082,1
b3a9b053,10111000
b3ab21d2,15.19
b3ae7f39,16
b3af6a44,6
b3b8ed86,131.04
b3c0b44e,43.00
b3c2142f,11.27
b3ce071c,10111011
b3d56db3,LXXV
b3d91fcf,LXXXVI
b3db314b,5
b3e1b612,LIV
b3e6f386,14.27
b3f9a15c,
b4051778,3
b414004c,68.27
b41b9628,00000
b41c84e4,25.93
b4229b4a,8
b42668ab,38.47
b4342b90,66
b43c7665,the strange turtle sees
b43d9cd5,6
b44f2254,4
b45003a6,8
b451be8a,28
b4549ab9,01001100
b47e8621,\<
b4865c39,queen explores mirror
b487923a,1
b48ec372,101.64
b48ff026,the wise princess sees
b4902e98,33.51
b4906db9,141.44
b49fe499,45.23
b4a15ca6,4
b4a42843,1.4364
b4a5076f,1
b4abe02a,XX
b4b73143,?
b4bda915,teacher sees garden
b4c3f16c,8
b4c98aa9,queen chases key
b4cd34fe,the silver rabbit sees
b4cf2c41,XIII
b4ddb69d,00000000
b4eab219,\<
b4f701f5,64
b50a79c8,teacher follows treasure
b50cf853,{''
b50ea68b,10.45
b523875c,6
b5261a95,4
b52a8017,7
b52c6d87,166.06
b539561d,82.17
b5403194,10.16
b551589d,17.37
b5539826,11.04
b558c74d,00001111
b562489d,4
b56d38be,5
b57c1c5f,00111011
b5836ebf,turtle sees beyond wonderland
b595b6e8,7
b5a20f35,12.64
b5a936a9,\`
b5aaf41f,59.43
b5ab0286,116.48
b5aba795,64.16
b5aef408,27.91
b5b9c138,00100001
b5bfe52b,102.55
b5c56f58,58.20
b5c8ac87,king found through village
b5e1e604,7
b5e40e49,11011100
b5ee1c4e,6
b5fdebcc,80.00
b609746e,30.25
b60cc65e,queen sees in palace
b60cd610,133.9
b6127826,XXII
b61470ef,00000111
b61afd75,01111011
b61bb6c6,7.75
b61e875a,5.84
b6212c5e,XLIII
b62453dc,24
b62f2e75,00111111
b62f3399,wizard sees around village
b631f2b8,11111111
b634898d,01000111
b63d963c,
b643d81f,7
b647609f,5
b64d3d0f,56.50
b655eee9,-28
b65a341a,8
b6611da0,IV
b664561f,XXXVII
b669d051,26.29
b67194af,10100110
b6720c46,3
b6879296,27.54
b69238c1,0011
b69391b8,66
b69d2e78,\
b6a96559,rabbit sees treasure
b6ac4a3b,king draws through forest
b6bacaa0,61.54
b6cd1807,00
b6cd32c1,62.06
b6cef316,55.66
b6de58c5,10
b6e4a36d,00010101
b6ebacd5,20.77
b72f6f48,01111111
b7343939,student dreams around ocean
b73d0898,56
b745e6d1,LXXXVI
b74710de,4
b74a49c4,11001
b755b08e,7
b75b5123,15
b75d7598,81.56
b76fd053,10000000
b78aeb93,VI
b794b844,22.84
b79f2b10,001100
b7a208c2,15.98
b7a94434,59.19
b7a96254,11.25
b7ad0671,4
b7b1d1a8,57
b7b61c0b,32.57
b7bc2148,10.88
b7cd554e,3
b7e1a152,17.92
b7e92a59,\@`
b7ea3d8d,hatter dreams book
b7ebfc5a,166.10
b7ee7b4c,LXVI
b7f05101,2
b7f86f42,9.63
b7fd51b5,7
b80795b4,1
b8084b36,43.47
b80a1a12,14.45
b80c9363,knight sees in tower
b80d1a4d,8.93
b81065fd,38.8
b8176ac6,6
b81b071c,-6
b82a4b1b,6
b82b2a02,01110111
b82e38ec,76.34
b82f6bc4,3
b838101f,rabbit dreams the hidden map
b83b999a,the silver mouse reads
b8432f69,5
b8496b92,L
b84ada64,10.05
b84affc2,XII
b8560600,student reads under garden
b85a9b97,queen follows near island
b85d359c,XXIII
b8722d19,101000
b8738676,wizard sees inside tower
b87f3bd9,the mysterious dragon studies
b891fd93,35.11
b8954f14,1
b8955624,?
b8976439,6.48
b89a3e4d,teacher imagines the magical key
b8a8560f,3
b8aa3072,0
b8b9133c,47.69
b8b948af,31.27
b8b99140,36.20
b8bbfb33,0.486
b8c3a530,6
b8d28fcd,54.62
b8d749d6,11.98
b8dcc19a,01110010
b8e0c853,1010111
b8e2b866,83.81
b8e2c327,36.91
b8e38a49,11101101
b8e4d24d,106.6
b8e5057a,6
b8f00ea7,7
b8f1e3b9,LXXXV
b8f530de,7
b8f8ae0d,XIV
b9034c71,0.000179
b908398b,LVII
b9126839,19.27
b91855fd,00101001
b91f7b38,VIII
b9222db1,alice draws the mysterious mirror
b934935c,6
b944af61,8
b9500f41,3
b9599f23,VI
b9623afc,XXXV
b96424a0,mouse studies story
b9734394,2
b9768923,69.57
b977b320,bird draws the secret castle
b980017a,14
b989c740,8618
b993173b,XCIII
b998f4f2,1
b99bdad1,the golden queen watches
b99c2ca0,19.21
b99d3059,-57
b9a748ac,alice -> xuckn
b9af70c0,7
b9b5a2c1,&
b9bde098,7
b9bf883d,100
b9c14cde,princess found above cave
b9e045e8,4
b9e7c7c4,00000001
b9e9dc9f,00000000
b9f0d732,the hidden studied sees
b9f1d959,$
b9f40d9a,51.21
b9f42afb,0000
b9fb3018,26.81
b9fe8578,59.70
ba0a7ac2,00101111
ba14f4a1,the ancient alice reads
ba1620ec,13
ba285d3d,12
ba3e8a2b,LXIV
ba409835,1
ba469498,46.87
ba47a3bf,01000000
ba573ba5,LIII
ba598f58,75.22
ba5e6c2e,dragon reads under forest
ba61b815,00000000
ba70f3c5,73.68
ba73cc70,00010111
ba76c1d2,&{`
ba7d54c4,''
ba7d78f8,146.29
ba960ba9,23.90
baa9e4ea,00100000
baab28bb,1
baabcbe5,9
bab19053,40.61
bac14bcd,XIX
bad6f95d,41
bad798af,1
bad7a97b,1
bad9f9da,87
badf6313,7
badfde6d,LXXXIX
bae637a5,18
bae825ba,46.63
bae87600,2
baeb4a11,11100
baebfd26,3
baee520f,1
baf66f84,1
bb056bc9,0
bb070853,XXXIII
bb0abecc,01110011
bb187775,hatter reads book
bb1ed6b9,35.95
bb1ee8e2,2
bb21ad10,6
bb2d064c,3
bb2ff0b5,LIX
bb326096,0
bb3bc7e7,42.01
bb40f4fa,5
bb429016,0
bb46a671,25.46
bb486d21,10.96
bb49a75a,7.87
bb4c2109,6
bb742385,31.39
bb79e64f,00000000
bb8a739b,61.82
bb8f5a6a,22.01
bb90b29d,"""knight creates the mysterious village"". Let's verify letter mappings plausibility: knight -> woffpm? Let's compute substitution mapping from examples to see if knight maps to woffpm. We have mapping for letters partly: from mky -> the gave m->t, k->h, y->e. Also we have mapping from other pairs: awpisyvv -> princess gave a->p? w->r? p->i? i->n? s->c? y->e? v->s? v->s again? That suggests v->s perhaps, consistent? We saw v appears in ""village""? unknown. Actually v appears in encrypted words: dpvsqxywv (discovers) includes v multiple times; plain 'discovers' letters have many vowels/d etc; Hard to infer."
bb91177f,00001111
bb9611b7,131.18
bb9c9d6f,XCIII
bb9dd0ad,`>?
bba15400,LX
bba186c3,2
bbace822,111.55
bbb61c3a,62.44
bbcd608d,2
bbcfbcca,XV
bbd9c6ae,dragon reads under library
bbdbda50,4
bbf1dba3,1
bc0935ee,@25
bc0cbe05,25.30
bc0e7856,16
bc19cd14,10110001
bc1ef494,)!
bc2649ba,116.85
bc2fc874,7
bc38b75b,25.24
bc42e664,32
bc42fddf,7
bc4aca62,135.38
bc4d68f5,4
bc50e662,student explores around village
bc520eb0,00111
bc586060,53.04
bc60a72a,37.86
bc64667d,65.71
bc70cab0,the ancient princess creates
bc7618a7,1010
bc788c0e,XXI
bc7f14d1,124
bc83b0a1,(/{
bc9856fc,dragon sees above castle
bca230fd,:]{
bca238ee,7
bca36437,13.83
bcacfbc9,7.66
bcb0993a,](
bcc6b180,64.95
bcdf769f,LXXXVII
bcdf9198,11111111
bce10d97,-14
bcf0d51d,000110
bcf66e1d,39.44
bcfa36d2,rabbit chases book
bcfa751d,139.4
bcff7dbe,1
bd01bfeb,:
bd049614,10000000
bd056c6b,XIX
bd1200b2,104.93
bd19f9b6,LXXII
bd214050,11111010
bd214062,1001
bd2c459a,-10
bd2ef1e9,39.19
bd30ccbd,1
bd36a922,!
bd3787e3,student creates beyond palace
bd3996eb,11.09
bd417168,00000000
bd45373b,5.11
bd4c584a,9
bd53ea3a,00000000
bd7591e7,27.33
bd76e1f9,158.33
bd8aa942,1881
bd97b95a,bird sees the clever forest
bd9a9be6,9.75
bd9acac4,39.57
bd9df216,153.53
bd9e437b,5
bda7ee30,15
bda83bcd,XX
bda90b57,01
bdb72adf,000001
bdb93228,4
bdbc5f60,3.3124
bdc10997,XCV
bdca0fac,2925
bdcc30fe,0
bdcccbab,21.83
bdd2f990,23.24
bdd3c961,LXX
bdd63604,00
bddbab0c,16
bde0d15d,6.57
bde0e318,alice studies secret
be01af6b,2
be05952c,00000001
be091374,44.82
be0a10de,)?>
be20c276,29.84
be2416ec,22.13
be2b5f75,55.65
be2f9734,IV
be32b22a,00100100
be366ebb,LXXX
be5795da,76.23
be5971d7,26
be5f0069,32.30
be6250c0,alice discovers the colorful forest
be678a92,11100011
be67a57a,179.16
be69c49f,cat chases key
be69de9f,5.16675
be7101dc,#^:
be77b031,5
be787193,XXXVII
be7a9eb1,%'?
be7b3d06,49.13
be877da5,
be8d4d84,LIII
be8de8a1,128
be9b0c9b,00000000
bebb9447,$%
bebef9bd,XXXV
bec6fe03,62.45
bed05e5b,152.83
bed6424f,XXIX
bedd4e39,LXXVIII
beed9a93,the strange cat explores
beeecc73,10.53
bef8b5ec,001
bf002000,11111110
bf00d07d,21.76
bf08c301,3
bf10f444,18.16
bf20f12c,1
bf2220e7,"(:-("""
bf290c73,6.15
bf2fc862,36.06
bf39ab88,XXXIX
bf40bc1d,50.06
bf4bd858,4
bf51eb1d,0.208
bf52169b,3
bf6249ea,67.33
bf786304,8.50
bf7c64dd,XL
bf8524b5,170.48
bf88ff54,69.75
bf98d26a,00101110
bfa0fdf6,18.42
bfa327dc,XXXII
bfaa2811,3
bfae1468,23.83
bfb88d7b,170.37
bfb9b15c,5
bfc0527d,XVII
bfc59d3a,17.99
bfca784f,11111111
bfcb26ab,the curious queen studies
bfd0e232,162.13
bfd2dc4c,7
bfd485cf,29.87
bfdf8d36,7.53
bfe3a828,2
bfee75d5,01000010
bff8b75b,73.44
bffaa07f,15.36
c00d52fe,10110
c00f2605,?[-^&
c01cebb4,-!
c0289d26,7
c02c8a9c,the clever student draws
c04024c2,144.54
c04634c0,21.51
c04961fc,16.61
c05828eb,!
c05f5733,6
c0648741,10.02
c06e61a2,84
c0706c91,1
c0788894,11111111
c080cfdd,XLV
c09035ce,1
c090ea30,XXIII
c0941580,0.004
c095f799,11000000
c0b3ea87,LXVIII
c0bc0516,50.60
c0c0699a,27.74
c0c70a35,0
c0cf74f0,XXXV
c0d1c45e,12
c0d3279f,LXXIII
c0dc290c,32.32
c0dd90c0,22
c0e04922,10110001
c0e67390,0
c0e9cf43,turtle chases secret
c0f32a1e,9
c0f6e1b8,204.83
c0f7a38b,14
c102a112,42.16
c113055a,1
c11777c0,10
c118f5ce,5
c11a4f54,77.55
c11c0757,64.43
c11ca3ef,0.5
c11eba1d,00001111
c11f1c92,2
c1224544,42.91
c124f209,82.45
c132886a,6
c143db59,26.30
c14582f7,106.18
c149d3c5,43.87
c163f9e9,35.87
c170f7d4,-15
c1775d35,22.22
c180cdec,0
c185e8fe,III
c188c1a6,70.57
c18ee385,13.56
c1935859,XIII
c19756b2,XXXI
c1b427bb,55
c1bebdf1,20.93
c1c7963e,5.15
c1d0ab5f,alchemy floods castle
c1ebc77e,bird draws mirror
c1ed95d1,18.35
c1f656e1,32.64
c1f7f792,1
c1fa87b4,LXIX
c1ffb3ac,dragon imagines book
c200810b,6
c2199ff2,51
c22ba76c,19.19
c22d205e,11.23
c23b8942,-3
c23e84e7,6.21
c23fca57,8
c24074a8,
c247c7b6,XLIV
c24b3e52,4
c24e1a48,00010001
c251c3f2,dragon draws the hidden map
c2540e41,LXIX
c2567e6d,cat sees near island
c26048a5,19.92
c2661ca8,1
c2681106,49.06
c268537a,XXVI
c270d664,3.34
c27fd09b,1
c285d9ba,10011011
c2871699,mouse discovers puzzle
c2920548,10.58
c2945f2c,511
c2985c8e,1
c29b704e,37.09
c29cdaed,1
c29dbe95,knight writes in tower
c2a7b266,151.08
c2b593de,LIX
c2b9b28d,XLII
c2b9bbcf,33.01
c2bd8080,202.79
c2c2cacf,4
c2c322a6,14.74
c2d07613,teacher studies under island
c2d8ef67,00000000
c2dacc5b,0
c2e61e4e,LI
c2eab4d7,43.24
c2ebca34,32.81
c2eca07a,49.80
c2eca2a0,7.4
c2ef4b48,XXI
c2f263df,0.071
c2f4b1f8,XLIII
c305d626,63.44
c307fa93,17.1
c30a782a,10000101
c30e03b9,princess draws the mysterious message
c31c1019,2
c3207775,2
c32681cb,1
c328b4f0,30.89
c32d2c2c,7
c32e1c7b,4
c33ad31a,1
c348a3ce,X
c35484c1,bird chases story
c35cbfaa,turtle explores the mysterious treasure
c36667cc,student studies door
c3728f7f,17.16
c37a2a23,5850
c37af443,LXXII
c37e694c,`{{
c38256ce,8
c38b9c9e,LXXXIII
c3901a44,6
c395b6ec,0110
c39705cd,6
c398a90e,58.22
c3a92731,I
c3ab014b,1
c3b430b1,princess found potion
c3b9b909,the magical rabbit writes
c3bc4f2b,27.80
c3c025aa,knight dreams beyond wonderland
c3c3e734,28.88
c3d00ce8,knight dreams near valley
c3d2893c,6
c3e8c44f,59.80
c3edc57d,teacher found above castle
c3f62d1d,2
c3f95167,the bright bird dreams
c3fb6417,57.80
c3ff737e,11011111
c4017def,6
c40a535a,1
c413ac69,:{
c4172736,20.00
c42412f4,LXXIV
c424dcd4,011
c4293a0d,6
c42c9066,teacher drawn the magical story
c43b5a13,|)
c45529cf,XLIII
c455f908,6
c46778ec,16.93
c47bdea1,33.16
c4865201,XXXVIII
c48ff53a,740
c4987e55,II
c49cd1bb,4
c49e08e9,140.28
c49f0f79,80.58
c4a6d52b,2
c4ae8bd9,122.02
c4b15c03,king explores above forest
c4c86b79,XXXVI
c4d2cf2c,11000000
c4d37945,214.34
c4d9c1cb,24.94
c4ded23c,83.47
c4e002ab,43.92
c4e0b4e0,the hidden king studies
c4f66ede,6125
c50cd56e,90.1
c51cfc80,1
c51de6da,2.3
c5326116,LXIX
c536c44c,10100010
c539bcca,XLVI
c540010b,0.5
c541eb82,74
c5452dd7,18.21
c546a072,6
c54765cd,01111001
c54d890e,110
c552685b,180.88
c553fca8,17.42
c55729f0,XXXII
c5582800,151.55
c561264c,
c56141ff,XII
c564145e,king writes forest
c5842a35,XVI
c58451f9,2
c5872355,0101000
c5955a0a,
c59bb31a,XLIV
c5ac66d3,10
c5b058d6,134
c5bd62f6,XI
c5bea6cd,113.05
c5bf415c,...
c5c16455,73.09
c5ce7236,011
c5dd2a9b,2
c5ed7cac,4
c5f9313f,LXXII
c601d300,50.65
c60481e7,111
c60e0b5e,XCIX
c610fa83,LXXVIII
c613082a,31
c62359ea,2
c625ba91,11111111
c628614c,XXVI
c628dd06,1
c62e9b7d,8
c6357a21,6
c6359bdd,VI
c6382a0a,42.25
c63d55a7,4
c640593b,XVIII
c644a425,34.32
c64ebe75,XIX
c65654a5,10
c65911c6,II
c65ab88f,LI
c65adf3e,4
c6762dfb,cat sees the silver mirror
c67e461d,hatter studies key
c6961082,30
c69805fe,001000
c69a5a03,LVII
c69b17bf,3
c6a1ba04,192
c6a5f3f8,160.32
c6aa132c,70.00
c6ac4d1d,1
c6adc475,18.09
c6b21376,XXXI
c6c03357,15.75
c6c3376a,16.04
c6c75305,...
c6ccffe6,LXII
c6d3c9a4,0.5
c6da25af,68
c6e60b82,':>'
c6f31b15,IX
c6f514af,teacher reads secret
c6fa3e3f,00110011
c6fe6285,XLII
c70056a7,XCVII
c7010f8f,11.84
c7077b21,00100100
c708be9a,19.04
c70fbbb3,64.25
c711f9dd,11000000
c7135daa,LXXI
c7178491,11.78
c71f26d6,10111011
c728dd09,01100001
c73562bf,28.40
c73dc70f,28.89
c73f87c4,25.94
c7420a23,33
c744d26e,
c748b04f,0493
c7492d2e,61.63
c75c45b2,38.93
c75d1d59,VII
c763054a,85
c763ba87,7
c7660833,011
c76fc189,>
c778da87,LXVIII
c77b6f81,XCII
c7844441,$
c7849be5,35.78
c78a5deb,46.98
c79321e4,42
c793c44d,18.98
c7a37cda,1001
c7a4e09f,8.12
c7a7b13a,7
c7a95fda,22.80
c7aae192,``
c7ad9cd4,LVI
c7b79a3f,XLVIII
c7bcab48,5899
c7be75f8,1
c7c8a024,17.24
c7c9f6a1,8.32
c7dd7d75,14.18
c7e03ea1,18.55
c7e1ae7d,99.79
c7e6e08f,01110111
c7f785b6,31.44
c7f88491,IX
c8009e3f,III
c8059d42,118.42
c8068f69,53.05
c8084977,6
c80b985a,the colorful turtle discovers
c81411a2,5
c8199213,26.78
c81e8ff4,LXXXII
c8200012,15.5
c825ac2a,10
c82c0984,14.29
c82e47bf,XXXV
c83c70a6,LXXIV
c83ef461,88.29
c8443803,32.50
c84544db,4
c84c150e,2
c857a727,3
c8594a19,101.92
c86663f4,knight drafts the golden key
c869b4f6,0110110
c8730ea5,7
c87a87ec,28.06
c87ce9ea,\\
c87d761a,-13
c885e697,2
c887d78e,34.75
c88eb75e,V
c88eca54,10
c89ee779,39.45
c8a8aaab,XXXII
c8b57f1d,3
c8bcb6a5,the strange mouse discovers
c8c3c654,56.7
c8c3eb99,91.02
c8c65001,01111
c8d6d308,54.90
c8e4fac7,32.77
c8eb3ecc,208.56
c8f3be11,42.46
c8f9a468,21.34
c90fa3a6,8
c910716e,LV
c9151e86,29
c9168be9,wizard writes potion
c91ba3ac,36.61
c922dbb4,<@
c92650e9,XXXVIII
c934ffa1,"&\"""
c93a4fa1,mouse imagines the wise story
c93fdc3a,10
c943ba5b,the secret hatter sees
c9463bb4,&#
c951be72,6
c953db00,XII
c956a7f7,53.89
c95e023a,the dark king chases
c96016ff,30.02
c964ad34,XX
c9780577,
c97896c2,23.41
c987c34f,1
c9892f7b,40.53
c9a63747,9.23
c9c26b92,1
c9c5c755,XLII
c9d0a16d,110.88
c9e16aff,1
c9e2bade,LXXI
c9e7110a,24.11
c9e990de,3.26
c9eac667,LXII
c9ed8124,01000000
ca055f19,XXXVI
ca09e0c5,VIII
ca109b5e,^?^?
ca14582d,1
ca1637ed,41
ca27fcab,14.209
ca28d400,36.73
ca2bb5f5,10.66
ca43107b,1
ca439170,LXI
ca4d10f5,0.5
ca529afc,LXXXIX
ca5db1c0,
ca72b5b3,11111110
ca7325ee,10.02
ca7944ee,1
ca79b453,51.71
ca85809b,`&
ca8929f5,139
ca8d32e6,1
ca9db731,36.34
cabc0445,19.93
cacc0b56,47.88
caccfafe,LXXV
cad363de,LXXIV
cad4b9a7,^[?
cad64a33,66.07
cae68989,LXXXIII
cae7a6bb,4.38
caf5574a,150.46
caf7fbe3,41.94
caf8a95c,7
cb0a13b8,XXXV
cb0f3fc2,66.10
cb11a232,1
cb1a3a76,6
cb2035e1,princess reads mirror
cb239867,
cb288348,40.00
cb2d7718,LII
cb2fdb6b,54
cb31384b,001
cb32b049,LII
cb3317fe,00101001
cb39720b,9.57
cb3a91d0,XXIV
cb57aeca,30.23
cb59c08c,112.53
cb5ddb11,00000000
cb5e222e,12.02
cb5fa22d,8007
cb7475e5,66.00
cb796a2b,114
cb7bb0d0,-@
cb7bd3d2,4
cb7c2230,00100011
cb7ddf6a,LI
cb7e15f1,4
cb811c6b,3
cb91b493,XXIX
cb9af4ff,III
cbab2a46,13.9
cbc82f91,2
cbceed92,dragon dreams forest
cbd76ba8,86.27
cbe4288b,111
cbece006,11100001
cbf00fd5,6.58
cbf13263,92.00
cbfb5002,14
cc0fd7a8,LXV
cc23bdaa,VI
cc266e04,XCIX
cc3214e2,the mysterious dragon sees
cc3ea471,-
cc4a4b69,154.84
cc4ee1b4,XI
cc5011ac,1101
cc580e04,47.44
cc5d037a,134.68
cc6a45f8,27.94
cc716361,24.63
cc735e46,3608
cc7dd4ae,01010
cc800930,78
cc812383,mouse dreams the wise book
cc861605,26
cc92d89f,3
cca64860,)(?
cca882b8,
cca9f6af,78.57
ccb53663,27.24
ccbae35a,48.75
ccbbac0e,129.51
ccc42ec2,110
cccb1db6,49.27
ccd2dbe4,dragon writes under palace
ccd5baec,the clever hatter chases
ccddd1be,72
cce4b469,I
ccede4a0,01110010
cceeca1e,LXXX
ccf02dee,11110101
ccf4b43c,4
ccfd3fe3,1
ccff9e13,7
cd013121,II
cd1280b0,13.94
cd149ff8,-3
cd17f040,00000000
cd1c5cc3,``-] :
cd1ecf8d,6
cd263ee9,52.01
cd2e20b9,2
cd3021c1,the strange student sees
cd37d0d3,1
cd42f555,16.03
cd4d7537,the wise king imagines
cd4fb97c,1
cd581510,XIII
cd5e23c7,4
cd6cdb84,knight discovers the secret map
cd7b5aed,77.02
cd84db78,29.42
cd85cfae,LXVIII
cd8b5299,28.88
cd8d9d82,54.27
cd93713c,00000000
cd944c7a,LXXIX
cd94ec17,154
cd9c0930,55.40
cd9d50e2,5293
cda3796e,46.58
cda551e4,XXVII
cda9b5c3,dragon sees inside wonderland
cdbeab98,13.85
cdc86263,XXXVIII
cde140d3,24.96
cde6cc3c,35.57
cde9f7ba,36
cdec898a,?
cdfa4933,XIV
ce00ffe4,1100
ce017bb0,the ancient knight explores
ce03529d,cat explores story
ce064ad8,dragon imagines treasure
ce094207,01011101
ce140627,XVII
ce195c74,32.03
ce1e1f23,78.60
ce2df062,51.21
ce2e0e08,72.87
ce2f47a9,6
ce32bb72,12.77
ce338e63,35.58
ce3b9926,50.99
ce42ad50,80.70
ce507d39,-11
ce5367dc,4
ce5650d9,2
ce57e3d0,11.69
ce595dcd,18
ce5e0fc1,13.11
ce6f3ab9,71.79
ce7138bf,3
ce75523c,26.1
ce7ab108,XLV
ce8212b8,19.66
ce862776,8
ce90a920,11.81
ce9e73a0,72.34
cea926f8,turtle sees in garden
cead963f,XXXIV
ceb69396,194.99
cebaa9b5,1
ced947c8,68
cee07c09,4096
cee73e91,wizard explores secret
ceeaa3ca,2
cef15a1b,6
cef4c8a9,\
cef50c24,``)
cf06a7ce,LXXX
cf0f56d2,42.
cf1cca51,00101
cf250a13,the magical dragon found
cf26d29e,LXXV
cf29b8dc,21.22
cf2a4028,!
cf356d18,6
cf3629fc,0
cf447906,3
cf463245,LVI
cf49ae7a,XCVII
cf4c04c0,('
cf4c2ead,wizard dreams treasure
cf4de024,LXI
cf4df746,35.22
cf517124,24
cf54a8d8,XV
cf5b4ab4,11101100
cf684dbe,68.91
cf6dcfce,LI
cf79c10e,)
cf7a503e,28.14
cf821623,turtle writes door
cf8405a9,19.10
cf84c023,13
cf8c8ff7,1.448
cf8f0b16,XII
cf9195dc,the dark rabbit draws
cf97b73f,7
cf9bebe9,00101100
cfa59b38,233
cfb1b2c1,00000010
cfbef74c,8
cfc594f6,56.16
cfc7103b,29.12
cfd312b1,4
cfe3c50f,LXVIII
cfe840b0,
cfe89737,XCI
cfea27e3,9.72
cfebb054,94.56
cfebd5f8,134.00
cff450fd,38.42
cff75782,wizard draws potion
d006c326,13
d008b0b6,1121
d00b9ac8,C
d016485f,dragon sees above palace
d01aeeda,00110100
d01b69aa,queen studies potion
d030b265,1
d03223ca,0
d033513f,93
d035c02e,13.67
d04a6603,XXXIV
d062642e,00010010
d065968c,0
d065d320,2
d069bd12,7.33
d06ab558,77.95
d074c5db,1.798
d076d135,XLIX
d07a1052,32.02
d080f2a8,16.76
d082bc99,LXXXV
d0853cbf,13.93
d08ef8d1,00110111
d096a492,-33
d09b7685,37.00
d0a6832f,77.53
d0b08b79,108.88
d0b1e41a,$!
d0b20175,73.74
d0b6dc53,11.53
d0c0712f,XCVI
d0db0217,21.70
d0dd2df7,16.02
d0dd8e4e,VII
d0def878,127.79
d0e1010b,...
d0e13cee,28.7
d0ea0990,XXXVII
d0ea0b5f,8
d0ea94a2,2
d0f0e1ed,69.86
d102679b,1.1195
d1080c04,46.87
d10d6a1f,LVII
d10efb1f,XX
d10f3988,the clever turtle found
d1141de1,XVII
d117113e,6
d129b085,\@`
d12ac19d,queen watches above forest
d13302ca,0
d137bdb0,knight studies the wise book
d13e92ec,"-??. However inside box we need just answer string. Probably answer is -??. I'll deliver.
</think>
\boxed{-?"
d14923e2,13.69
d155a508,11010011
d15c3b07,X
d1611217,dragon hollows beyond mountain
d162c3d8,85.01
d165af22,14.56
d17632d2,
d1767dbe,15.72
d1770b73,20.45
d17d3a7a,1
d19be23b,XII
d1a67a7b,28.81
d1b8c81c,3.35
d1bd7478,-30
d1c3ed77,11111110
d1c6beb0,your answer
d1c8d740,hatter dreams the mysterious map
d1d0211f,LXVI
d1e79ef8,6
d1ecdd11,11001100
d1f80c94,LXXV
d1fec46f,7
d1ff4b0b,10.24
d202a876,2
d204b9cc,31
d20e766d,38.67
d20e7c41,
d211d3f8,4.90
d212aa05,7
d2198656,LXVI
d21c7677,05
d22e10ef,3
d22f2d08,26
d23b8633,0.634
d23f4166,
d2503f8b,00110001
d250fcc5,
d25a49a0,$/
d25d3b5f,010
d26230fc,41.87
d2695f15,5
d26cb122,II
d26f22c3,10110111
d27473b8,34.58
d290b24e,3
d2957330,1.197
d29824cf,45.60
d29d899d,XLVIII
d29e19a4,\^'?
d29f786b,LXXIX
d2a6a864,30.12
d2ac699b,8
d2b4560f,11
d2b97186,XCVI
d2d230d5,0100
d2d2de70,29.87
d2d8c935,7
d2fc4490,1111
d2fe9d04,>|/
d2fea2ca,rabbit reads the ancient map
d2ff6b6f,XLIV
d300a576,alice writes around garden
d303ae8e,-42
d304eec8,48.25
d3092ac1,29
d3242e0c,LII
d34446f5,112.71
d3461858,XXIII
d3492ebf,106.11
d34ac20d,15.31
d350828e,3
d352064b,46.35
d3552bf9,11.01
d35b279d,0.068
d3926533,XLIII
d3a291ee,VI
d3b20e29,3922
d3bb9253,dragon chases under island
d3c1d2fb,")"".

But we need more reasoning.

Perhaps the puzzle is known from ""Wonderland Equations"" where each symbol stands for a card or something and the transformation extracts a particular symbol or pattern. Could be about taking the middle three symbols and transforming them into something? For length 5 input, maybe you take the 2nd, 3rd, and 4th symbols and map them. Let's test: example2 input "":!#: "" ; middle three are "" ! # "". Output is ""/"". That implies transform of these three yields ""/"". Example3 middle three are ""^>:"" ; output is ""((("" . That does not fit.

If we treat each symbol as representing a ""move"" that stacks up into parentheses? For example three possibilities: '^' -> '('; ':' -> '('; '/' -> '('; so three '(' appears.

Example 1 maybe picks '!' -> '!' ; '%' -> '%' ; '/' -> '""' . So output %""! . That matches mapping where ! -> !, % -> % , / -> "" . So we can set mapping for some symbols.

Now answer wants output for ^:!]#. Using mapping ^ -> '(' (maybe) ; : -> '('? ; ! -> ! ; have other symbols ] and # maybe contribute other output characters?

But we need final output according to same style as examples.

List needed mapping deduce:

From example 3: ^^^? Actually only one ^ at start and then another ^; but output length is 3, maybe we need to output three characters based on three particular symbols: ^, :, /. Those maybe each map to '(' . So mapping: ^ -> '(' ; : -> '(' ; / -> '(' . That matches: Input ^^>:/ picks ^, :, / producing three '('.

Now check example1: Input {"
d3c2eac5,140.76
d3c6596e,10111010
d3c6f8e4,3
d3d30b86,!
d3d630b9,0
d3d82844,0
d3daee34,2.74
d3f8c793,50.75
d40112ae,teacher creates potion
d407570e,3
d408af38,1111
d40b3aa3,1
d40ce15d,2
d414f1df,6
d422604a,2
d42dc469,XL
d4377d71,31.82
d441b4aa,6
d4483d51,3
d44b77f7,26.8
d44ef285,4
d4519f28,1
d452141e,0111110
d4535e4a,XXI
d45dc67f,"((%`? Not.

I'll output something like `\boxed{%` but must be inside box only.

I'll pick `\boxed{%` final.
</think>
\boxed{%"
d4612468,00000000
d46a570b,XIV
d46df3b0,3955
d46f3a25,1
d480fabc,XIII
d48fd9b2,XXXIII
d490911e,139
d49d2838,LXXIII
d4b08884,13
d4b85539,10
d4bea0cd,15.76
d4d4a2c2,185.78
d4d7bca5,32.84
d4dde366,cat watches secret garden
d4e29ed7,2
d4f1257b,5
d50683b4,00100110
d5071155,2
d50746e7,0000000
d50a479c,2.08
d5142ee5,7
d515bcf6,XXXVI
d5220697,72
d527f819,28.20
d52d0c62,18.13
d5400bdd,47.67
d546fd90,3
d547f717,10001010
d54f5b26,206.64
d556f501,56.54
d5602cc5,#(
d566ff0e,17.42
d56a1b4c,#
d56a5588,29.73
d570c63b,LXX
d57d85e1,cat imagines mirror
d58269de,LXVI
d582c492,0
d58f81ad,LV
d59bfd5f,princess explores inside village
d5a03a2e,&
d5a28743,1
d5aa5564,45
d5ad5106,XXXVIII
d5bf6bb9,XCIX
d5c5d624,4
d5db7182,8
d5e5d7e1,6.75
d5f4c3a9,87.04
d600988d,\
d61269a7,85.8
d6187157,000
d61d6d58,LXI
d61f4e24,102.05
d623e937,11100101
d6280b68,65.27
d62cf15d,93.61
d631af8f,LVII
d63c1fb0,|\%
d64151c0,10.66
d64a6578,2626
d662a4c4,14.15
d662e6ef,XII
d66ea753,34.46
d67cbe5f,?)
d67d6687,XIX
d67f28ad,131
d682aabd,the magical king creates
d6844056,6
d68daa97,5
d691d4f5,79.71
d6938f81,XCI
d695e2b2,41.88
d696e9f4,12.89
d697ceed,7
d6a2e332,19636
d6b2525a,63.73
d6b9970a,rabbit follows in island
d6baf5e6,69
d6be4244,XXX
d6be4b0e,74.83
d6c03e21,&(`#
d6cd7d14,7
d6ce6010,LXXXII
d6ceda8e,1
d6e5cd59,0001
d6e6f8b5,10
d6ecc2c7,5
d6f18fc8,
d6f4e854,11110
d7032308,0.04275
d70beb33,princess imagines door
d7149bfd,78.50
d719f427,184.06
d71b6359,7.41
d71bb1fc,30.4
d727ad5f,7
d72c3779,20.91
d72ca3bf,11110111
d72d8c1c,3
d732ecf9,15.20
d73ef5bf,
d75b53c7,8
d75ea138,6
d7662688,\&
d7682996,157
d7724bc2,79.26
d777480b,LXXIV
d77e6fa6,78.46
d78128b2,11
d784ec07,42.05
d7869538,81.41
d78ce112,19
d78cff7e,100.19
d7995be0,19
d79d0cfd,XXXVIII
d79f2974,60.63
d7aec90d,^:\#%
d7b7fe29,89.89
d7b97d83,XLIX
d7ba9244,XXI
d7bcb4a6,|>
d7c58753,the hidden dragon follows
d7c5be92,LXIX
d7cd3375,0111
d7d12d51,5
d7d182c5,alice sees the hidden story
d7d21615,XIII
d7dea2ba,11
d7e5414c,$@
d7eb5139,XXV
d7ec900e,28.75
d7f56a8c,1
d8053ec2,LXXVIII
d806d161,31.01
d809394c,9
d80cc3fe,17.91
d8126121,>$.
d8181488,XCV
d8194ec4,17.13
d82cb8c1,hatter reads beyond school
d82f5933,185
d8390d72,134.29
d83aa558,33.65
d83f2d20,VI
d8457e76,10100011
d8479476,41
d84a557a,45.19
d855f20e,4.54
d8590d73,5
d85d7964,0
d86032a7,36.64
d864f0fb,00101101
d8690fa5,1
d8735cc4,35
d8798f2e,LXXXVI
d87a13ce,50.73
d87caad1,-204
d8852afb,8.08
d88d9800,23.57
d89e0ff8,LXXIII
d8a47cb7,1
d8b028ad,27.39
d8b240fd,11.83
d8b3310a,6
d8b4a429,the clever rabbit draws
d8b9e109,81.03
d8bc44b3,31
d8cb40ce,22.78
d8d3648f,2
d8d87a89,
d8d91d01,2
d8e070fa,8
d8e57ee5,XLII
d8e7483c,turtle sees the curious forest
d8ef1dae,0011100
d8f40319,72.47
d8f650b4,XXIV
d9069e8f,20.62
d90cb50d,LXXV
d90cbba1,LXXXII
d90fd533,3
d911e8e1,<'
d9210b27,21.71
d93c4bb0,XCI
d93db124,7
d9441d16,01000010
d9515aac,72.00
d9516e43,IX
d95344df,the clever bird writes
d9549b88,26.89
d954d688,III
d955cffb,70.01
d9575f79,|`/(`
d9622cb6,79.87
d96607f8,5
d96e06fa,4
d96f8ed9,L
d976a7e9,22.2
d9771d98,19.71
d97da22d,18.15
d98d85c0,&&&
d996d0b8,00
d99baa5f,hatter sees story
d9a186d1,LXXIV
d9a2b78f,100
d9a46958,LXXXVI
d9a4924d,53.19
d9ae48ad,01101111
d9b40d08,25.99
d9bb4212,50.27
d9bdf754,00101100
d9bedb64,77
d9cd73c2,4
d9ce7d0d,2
d9d764f9,11.78
d9d85c78,92.16
d9da2a54,00011000
d9e00612,bird found the bright guardian
d9e76e9e,60.64
d9f1416e,dragon follows treasure
d9fa2215,XXI
d9fed13d,LXXXIII
da040da4,teacher imagines potion
da062350,)!
da0c7a5e,171.85
da10a947,
da13ee5e,20.46
da164301,26.73
da1754e3,princess draws inside mountain
da2998b6,?#
da353dee,"`"""
da38592d,1
da3f727d,14
da419164,V
da4c92a3,00000000
da51295d,"/[,? That would be \boxed{/[,?? No, we need to close the brace after answer: \boxed{/[,?? This is confusing.

Better to pick a simple answer without special characters that might confuse. Maybe answer is just "">""? But must be inside box.

I'll choose answer "">""? But examples always end with > but"
da616170,10001000
da61dedc,
da64ce9e,XXXV
da7288cb,10011110
da778b21,11
da7c1a80,68.14
da7f04b5,8
da85bf04,28.39
da900804,65.92
da931308,...
daa00e4c,LXXXIX
daa97b6b,X
daae01eb,XCV
dabffb8a,XXX
dac75343,"#@`? ?

Let's infer likely answer: Input #@+@` maybe transforms to #@@`? Or maybe to #`@` or something.

I'll guess answer is \boxed{@#`? Not sure.

Better choose pattern similar to example2: remove '+', keep rest: #@ @` => '#@@` but output might be '#`? hmm.

I'll answer with #@`? Probably shorter.

I'll give \boxed{#@`?

Let's output final.
</think>
\boxed{#@?"
dad2fa6c,166.56
dad3bf21,``
dad73c21,XLV
dadc24d7,%
dadcd2c7,V
dade00e5,LV
dae576ce,0
dae6dea8,63.16
daf021c5,9.68
daf04fee,11110001
daf87b91,XXXVI
dafd11de,??'
dafea26e,LXVI
db1e0603,5
db2fa45c,28.76
db300a05,98.25
db360db0,8
db3da411,6.54
db4383f3,175
db45b1dd,11.65
db4f43ef,@$
db4f6493,8
db564ba9,2
db56bba9,2
db5a5b71,1
db66c42c,^?`
db677e8c,7
db6a5663,2945
db7b3454,4
db88075e,bird found the silver message
db89abd9,1
db9a4dee,turtle sees around island
db9d916c,7
db9eb3f2,31.84
dba045b0,-
dbabfbdd,01110111
dbb29dac,XIV
dbb611da,000000
dbb789cc,10101001
dbbc0dab,1.9881
dbc197e0,10111011
dbc31a23,28.10
dbc4194a,1
dbc542da,9.82
dbc6defc,1886
dbd0e3c9,5631
dbd0ee35,LVIII
dbd2be34,4
dbdbbaa3,"(?"""
dbde4396,95.48
dbf2b40f,10100010
dbf6fb13,12.38
dbfa4f53,XX
dc05de11,alice reads the golden treasure
dc0f5e5e,%%
dc10ca9b,student reads inside garden
dc178d1c,251
dc1e89c9,30.08
dc240ebd,:
dc4632cf,XLII
dc583bdb,1
dc593799,100
dc64cb23,0.478
dc6c0d49,\
dc73d295,86
dc7a5e7b,4445
dc7e2689,78.29
dc7f150a,11001011
dc83c9dc,XCIV
dc8c22f7,7
dc93896e,2
dc99f250,01101010
dcad18e9,6
dcaf44c4,1820
dcb76cdf,XXXVII
dcb9e01d,
dcbb86f4,11.46
dcbf2073,124
dccaafc2,XXVIII
dcd0c81a,65
dceb9ba2,XCIV
dcf4518b,8
dcf49d02,XXXIX
dd01103a,28.45
dd0f5fc9,59.95
dd24b691,alice writes inside castle
dd2549dd,rabbit watches inside garden
dd3449c5,205.86
dd3d9046,1
dd41e621,XV
dd450450,6
dd49412d,XC
dd56d4f9,LV
dd626fd0,169
dd7893f2,9.51
dd8fdfbf,XLVI
dd900b68,1111
dd919625,13.58
dd9249a9,32.19
dd9ee40c,2
dda3b85d,90.49
ddaa5f84,queen watches the clever map
ddafe911,23.19
ddb4bc42,32.01
ddb82859,0.5
ddb9aafd,130
ddc0b4e2,XIII
ddc39a31,3
ddc5aefe,7
ddc8ab31,XXIV
ddd199dd,16.48
ddd4edb3,8
dde0558e,01
dde06528,136
dde816ef,rabbit writes the strange forest
ddeac876,34.49
ddedebc3,51.39
ddf721dc,XLIII
de036bbf,:
de06069c,10
de11a23a,00000000
de25affe,IX
de3ea27c,4
de488cd3,66.96
de4b882e,XXX
de4fc6b3,112.62
de6beab9,21.60
de78c53f,61.65
de790d18,28.13
de7b7271,LXV
de91def4,00110101
de96d691,6
de98159a,38.22
dea42835,3
deb4943f,LXVII
debff779,94
dedce87a,wizard dreams puzzle
dedd66f7,128
deeb0f72,48.86
deed3497,180
df06c393,XCVII
df0b4071,LXI
df0eadf0,63.3
df0ee633,28.85
df19097a,60.50
df1a2e09,7
df1e3788,&#
df2fd240,145.24
df309eeb,2
df3262bc,<
df5f2aa8,25.82
df68ebdd,9
df6ead3d,1
df81fd9b,student draws inside cave
df876b61,LXXVIII
df884c83,8
df8b803c,XLV
df92aa6a,2
df9609fd,XXIV
dfa175ce,LXXXI
dfad71ea,the ancient rabbit reads
dfadfe55,0
dfbcf27a,3.41
dfbf4e0e,4
dfbf6cc3,7
dfc4839c,00000111
dfd704f8,01101010
dfda1b37,21.24
dfec0ed4,9370
dfecf5f5,"{??. Let's pick \boxed{{??. This includes { and ?. Might align.

But need exactly the result string. I'll make a guess: \boxed{{??. Let's output that.
</think>
\boxed{{??"
dff2a315,101101
dffa1522,4
e00abbbb,1
e01c7e3a,30.04
e01f7a71,155.88
e02a19fe,10.53
e03315c8,VII
e0351b72,23.15
e040cfe6,knight draws the mysterious door
e042dedb,44.68
e04f0fb4,LXVIII
e05203f5,1
e0545ff2,LI
e0564ae4,mouse dreams the secret castle
e056abdc,hatter found under garden
e05908dd,teacher writes message
e05e32da,XXII
e05e9ed2,0001
e061a54f,LXXXIII
e063d66b,35.01
e07fffa6,4
e0819bcd,student watches the silver garden
e0918834,00000
e099a43a,001
e0a4942d,LXXXII
e0ad7a6d,the clever queen discovers
e0b993bd,00001
e0be33cc,47.93
e0c9f5bb,XXXVIII
e0d2db0b,9.01
e0d92248,00
e0eba119,8
e0ee5c99,7
e100c796,9.9225
e102a09d,-2
e109d7d4,19.37
e11a18af,student found in library
e11c9f89,1111
e124d12a,0110
e125822b,XVII
e126a1e3,5
e13c832b,turtle creates treasure
e141dc83,&>
e143283e,133.12
e14ae2d7,
e1536141,7
e164fac5,31.62
e16aaf48,LXXXVII
e16e7f6d,0101
e1728524,61
e172a24e,5
e17d606c,59.01
e17e76cc,the dark alice reads
e18a1f70,XCI
e192e12e,7
e199cb39,4
e19a85da,0.820796
e19d89e9,rabbit dreams the clever forest
e1a8087e,72.69
e1beed16,6
e1c0ae13,4968
e1e86520,51.32
e1f3ffbb,8
e1fa1e3c,20.53
e206c8e6,8.84
e20aa7b7,1
e20b6ce3,C
e20d3f48,00010101
e212c6fd,23.45
e219d127,77.08
e22b6888,the silver puzzle explores
e23235bd,63.57
e2361a00,>('
e244d069,47.95
e247d364,32
e24b1277,0011
e24c8980,1
e266959e,00000110
e2838065,26.34
e2896720,10
e28a9676,bird imagines the bright garden
e29baa31,19.31
e2a32727,V
e2b02e13,0100
e2b4543a,0
e2bb1d9f,5
e2bd1d40,XXIX
e2c069ae,5
e2d4bfe6,41.31
e2d7cd9d,13.19
e2e355b5,6.45
e2efe5d3,XCVI
e2f184b4,000
e2f2bea4,754
e2f56016,47.85
e306dd5d,7
e307429d,your answer
e31b46ff,turtle reads mirror
e31bbb85,XVII
e31f11c5,XXIV
e3248f5e,28.56
e32c84ec,63.63
e33f1695,5
e346233f,53.14
e34cc6dd,1
e3590284,11111111
e35b4378,71.01
e35e9d2c,29.22
e368d23f,00001101
e36a0065,01110110
e36ceeaa,6
e379414c,bird found the bright map
e3890bf7,@{^
e38c423b,"(#!
</think>
\boxed{(#\!"
e38d2718,51.08
e38e6518,4
e394bdac,XXI
e3960bec,XLIII
e3a17aee,XLI
e3a5f597,bird chases story
e3adf639,XV
e3b06854,:``
e3b3573a,5
e3b511d6,XLIX
e3b5373a,L
e3b8096e,29.29
e3bf0c2c,`
e3c672be,2
e3cd5a35,87.31
e3dfefaf,XCVIII
e3e3c723,6
e3e70e8e,60.57
e3fbc768,
e3ff3a78,74.06
e401ee4f,[?
e40635a7,110101
e406f8e6,36.29
e4105227,LXIX
e41eac0a,5
e4240858,XXVIII
e4351236,8
e43520a7,3.89
e43d067d,LII
e44415b8,46.76
e4456e1d,106.30
e4479bb1,(35
e44b5be4,0.0964
e44fed1a,7
e4525488,10010111
e45a4109,the secret student writes
e477385c,VII
e4835530,010
e483e127,"""'`"""
e48bc40f,68.5
e495b8e7,001010
e4ac1777,6
e4aeed67,''
e4af1185,XCVII
e4b61718,wizard found the silver potion
e4b6ce82,1
e4bfcaa9,120.52
e4c4c861,66.15
e4c7709f,the curious knight reads
e4ca4f9e,
e4cc7639,3072
e4e1cd56,princess hollows puzzle
e4e7833b,180.46
e4ea8dbc,1
e4ebb7e9,125.6
e4ebe7ed,15.26
e4f3a31c,57.35
e4fc442c,ALICE FOUND SECRET
e4fc9ec8,34.74
e4fce54d,XXVIII
e4ff7676,4.67
e50b2f36,28.57
e513f990,turtle found under mountain
e51410da,LXXVII
e518256e,84
e51f5899,XXIX
e526fae1,9
e52fb8bd,11111
e5318535,XXIV
e553bd78,01
e555400c,11.35
e55d1044,0
e55f610f,55.08
e55fd0b8,3
e560f574,7.6
e563e1b3,XXXIII
e56546cc,turtle discovers map
e568d07b,11111010
e5695d36,XIV
e56e24d1,XXXVII
e582df31,#
e585410a,5
e58759c0,54.1875
e5956ffa,92
e598c0ba,LXXXV
e5a54a53,4
e5a5fdef,5
e5ae10ea,30.73
e5ae7b47,0
e5b3f73b,11111101
e5b65a4c,`%|
e5bb9b26,11110001
e5bebe50,19.59
e5d0d497,11011110
e5d4eeb8,162
e5d6e090,@<
e5dd205d,157.63
e5de2bef,XXXVI
e5e29014,{^
e5e3c22b,01000000
e5e4f442,5
e5eb5d40,10.95
e60752d5,26.46
e612387f,1
e6157d05,9.65
e61c8872,16.14
e62041e4,32.75
e620b293,9.22
e625f5a7,1
e62b6ae9,3
e634344a,45.51
e641791f,10000
e6491c2b,XXIX
e651c3ee,10101000
e661b7dc,19.22
e667f2d7,*4
e66b3d65,02
e6705765,the curious knight hollows
e6737768,2
e676b5ed,turtle reads around island
e67cbe88,010101
e6a0585e,LXXVI
e6af1658,
e6af1a6e,XVII
e6af8e6f,0
e6b04620,LXX
e6baee52,38.38
e6c5de97,38.64
e6c946e0,01011101
e6cbc2bd,0
e6cf4381,65.69
e6d2a064,2
e6d3a97b,4
e6de0ad5,5
e6f59041,LXIII
e6f974e9,16.91836
e6fe8770,8.95
e70d5739,6257
e72155f3,2
e727fd6c,70.94
e738b135,69.87
e75d6620,27.87
e75dfe6b,000
e76b11df,XXVIII
e776562e,3
e7795622,90.07
e78796d3,158.40
e79c8c5a,1
e7a2c86c,X
e7b87b82,1131
e7c4366c,XCVIII
e7c4abdb,6.55
e7c7010f,3
e7c7486e,11100110
e7c970eb,38.30
e7cf0394,9783
e7ddff5c,13.27
e7dfe7d3,105
e7f1ac8e,001
e800a0d1,21.02
e8011eb6,75
e80d8872,3
e810591c,0111
e818def8,10101010
e8218e9d,3
e821a3ca,1
e821b39e,XLVIII
e82ed6be,$/
e830b594,27.55
e832cf4b,0.005
e8361d47,the hidden king writes
e836fb20,68
e839885d,6
e8447ea9,7
e864916f,LXXVII
e866cf9d,teacher chases the hidden book
e870e852,1011
e87de13e,47.83
e893d523,3
e8970401,0
e89851b9,0
e89c56a6,XI
e8ab0c7f,LXXVII
e8abdc14,91.51
e8c4a0bf,22.07
e8cc1380,XXXV
e8d85e13,10101001
e8de8b47,1
e8deeee0,LXXXVII
e8e3924d,1
e8f13284,LXXXI
e8f32d12,4.32
e8f79d26,01110101
e903bc06,alice imagines around library
e9053301,28.46
e9096a58,15.04
e90d9fcc,XLIX
e90e186c,49.36
e912794a,0101
e915879a,0
e918d7a0,LXXIII
e928acf8,2
e93a1610,95.85
e93a7809,LXXXVIII
e93aca45,21.15
e9461e93,33.61
e952f61f,4699
e960bc46,LXIV
e9631059,16.02
e9634ab2,51.9
e965574f,dragon chases the mysterious garden
e9675928,LXIV
e969d8b1,32.26
e97073be,XC
e977d0b7,3
e97d9519,8
e97e6f3a,49.02
e98106b7,01111011
e998079c,10000000
e9a34016,wizard dreams garden
e9a4a228,69.93
e9a84dd6,33
e9a9b51f,2
e9a9f047,5
e9aece37,\\`##
e9afa4a0,51
e9b69bf8,15
e9d0e60e,dragon imagines the golden treasure
e9d5d653,the hidden teacher sees
e9dff6f8,14.95
e9e64466,9.56
e9e6b620,157
e9eab1d5,5.84
e9ed78f7,16.38
e9f338b7,36.49
e9f53408,11111111
e9f8559a,-4
e9fc1822,LVIII
ea04ed35,&&
ea0deb13,0
ea10e59c,01000001
ea1c5fd9,16.45
ea23402d,LXVIII
ea279733,9.32
ea2e88ca,1
ea3036b3,IX
ea34e037,XXIII
ea3f72ee,5
ea44eb4d,35.93
ea514252,66.74
ea587ea8,71.25
ea5def07,11
ea62231c,124.74
ea66273c,hatter watches near school
ea670351,princess follows key
ea67a727,00000
ea6859d7,1
ea6d926a,87
ea79a0b1,70.3
ea7ba028,7
ea829b32,43
ea838aea,62.79
ea8977e0,83.19
ea92e509,46.27
ea99f092,95.14
ea9f3811,106
eaa89f57,32.63
eabc719f,$%
eabeb5d2,61.15
eac0e775,
eac4329c,6
eac57538,LXXVII
ead0b0ae,52.53
ead0e1dd,
ead8e193,0.3056
ead8fe28,2
eade322c,the secret knight creates
eae192e0,56.25
eae81189,00100000
eaee053d,LXXIII
eaf49e67,LXV
eafc7e67,9
eaff1801,26.15
eb0ad1d2,30.30
eb0b6c1f,XXIV
eb0dcb97,4
eb12e80d,00011101
eb15487a,dragon studies near tower
eb1a62f7,2
eb20ea88,11111111
eb252a80,1
eb26f607,32.61
eb26fb93,1.28
eb27e9e9,78.71
eb2d32ba,XLIV
eb30ac27,4
eb354353,&/|
eb359ea5,01100100
eb40d1f3,100011
eb59e331,131.38
eb5ffb87,208
eb68289b,
eb6a20e4,dragon chases inside cave
eb8161ef,23.95
eb821933,20.81
eb83a44c,VIII
eb99214c,the wise student creates
eb9963a8,I
eba1891f,66.90
eba7188d,20.15
eba7b40a,the golden cat sees
ebb0495a,28.99
ebb4871c,7
ebb96f33,LXXXVIII
ebbb5293,31.47
ebc369ad,19.59
ebc56423,1
ebc7f250,25.40
ebcd8131,40.84
ebcf541d,3
ebd70c52,LVII
ebe82de2,26.42
ebfdefbe,8
ec14170e,10
ec192379,00000001
ec1a957f,LVII
ec1ee4b2,95.02
ec2099f5,4
ec2e58ea,5
ec37a5e7,0822
ec43b213,XXXIV
ec466776,1
ec46d596,000
ec4c21e4,cat sees the silver key
ec60620b,cat writes around school
ec606cbb,6
ec694941,123
ec695c4d,23.01
ec6fc7d9,28.17
ec770b31,15.14
ec780392,41.92
ec897854,13.55
ec8b4875,-
ec8e6754,95.79
ec92f091,!/
ec95e6e7,hatter imagines treasure
ec9ccba4,XCIX
eca3925a,44.07
ecbec7bf,4.90
ecc1cf14,59.84
ecc958de,IX
ecd328ef,2
ecdc511b,23.89
ecdef821,hatter found the curious book
ece0babd,01001000
ece1ab97,47.69
ece27af7,34
ecf2a23b,00000000
ecfe68cb,C
ed09402c,49.87
ed09d71b,67.33
ed0e359f,31.57
ed0f2d1e,XCVII
ed24e7af,9
ed2cf92d,8
ed2e3c8c,33.56
ed333177,1
ed43dd53,31.05
ed55a613,28.76
ed561f79,87
ed56c862,alice watches key
ed5a4c11,the curious cat draws
ed5b5c60,12.50
ed5c81ae,00010011
ed61a9d6,3
ed7780b9,15
ed80cf3e,1431
ed85393d,V
ed9827dc,
eda44942,10
eda92556,28.84
eda9e743,queen explores the colorful book
edb43422,1
edb72283,53.84
edc86cbd,5
edc9de66,27.70
edcb339f,LXXXI
edce434e,XXII
edcee257,34.69
edceeb09,the silver student found
eddb2f6a,00000011
ede7dc2b,XXXVI
edee6c08,78.16
edf364da,1
ee025239,30.03
ee055f10,01101101
ee065f40,28.13
ee07fd5c,XV
ee2e608e,00000011
ee348712,16.73
ee3bbe87,1
ee3d84c5,1
ee429a2d,7
ee453cb4,86.51
ee49f4b7,2
ee4ed522,the bright rabbit dreams
ee4f1423,01101110
ee5c05f4,54.01
ee61df9f,10001000
ee7ce543,00110010
ee7e7899,38.82
ee891900,10.83
ee9239e9,2629
ee96930b,XXXIV
eea4368c,16.12
eea90764,the magical king studies
eea91b82,101
eea9f770,28.26
eeac10f6,01111110
eeae398e,1
eeb33e03,LXII
eeb60061,0100
eebac653,01111110
eebbc531,52.75
eebbd231,5.72
eecc4256,27.35
eed2f3ae,1
eeda9bd9,1
eedd22d7,22.91
eee4f234,16.98
eee99d16,83.25
eefdd08e,78.64
ef032cce,VI
ef0e74cb,LXXXIV
ef1351ad,111
ef14f398,wizard studies the colorful castle
ef18d132,LXXVI
ef1aded6,5
ef1b13ac,140
ef1f435e,dragon explores around wonderland
ef260f7c,6.04
ef2dec53,60.27
ef2fe526,2
ef33fed5,19.09
ef3757ed,23.61
ef37f544,1
ef37f996,23.86
ef3c7703,29.30
ef544a25,78.73
ef580378,turtle writes near mountain
ef6b6bc3,alice writes messages
ef6bc241,29
ef7dec9c,20.40
ef7fde0e,XXXIV
ef817ec9,24.16
ef904eeb,32.28
ef919762,16.25
ef9b4967,4
efa77fa0,39.43
efa7edc3,
efb39cd2,1
efb78214,V
efc2b69d,3
efc5b861,82.00
efc773d7,98.60
efc95486,'(('
efc9691d,/#?
efdbb83a,dragon studies guardian
eff63b8c,17.95
f0007ca0,001
f0039d4e,1
f01f112b,2
f036c80e,19.76
f03e67fd,9.30
f0417bc1,6
f04202d4,XXXIX
f047727f,9.10
f04a63e5,23.37
f05dc9a6,101
f05e77f3,5
f05f2f50,48.80
f06051ac,7
f06202ea,-5
f06547b1,\>)
f06bd0ca,the mysterious rabbit discovers
f06d66f7,185.02
f0816613,147.68
f083ceb1,XXXIV
f0884872,1.434545
f09672d3,[-
f0a16a86,VII
f0a2d457,77
f0b8dc9b,15.04
f0bc64ea,75.84
f0bd8010,60
f0c8102d,XLIII
f0c96085,LXV
f0ccc56e,22.92
f0d774c0,0
f0f19c66,31.33
f1106935,4
f119f794,1
f1229d5b,VI
f1247832,10
f140dd5b,21.88
f15c5106,101
f15f1307,XVI
f1680db9,5
f17db8d6,0
f18522a6,dragon watches the strange key
f18abb65,00000101
f194560a,X
f197d953,2
f19b29c6,19.77
f19ffbf1,LXXXVII
f1a05733,8
f1b0d213,1
f1c1ed58,1
f1d60ece,71.36
f1d6e384,210.72
f1e4b165,26.55
f1e4cf96,XXXVI
f1f023dd,XLIV
f1faac46,39.45
f2014638,110101
f201b48d,21.9
f20bf656,1
f20e64f5,2
f2164aa5,14.73
f2209ca5,1
f2399f16,"<>"""
f249f4c2,knight creates the secure potion
f24b8bee,0
f2514b46,LXXXIV
f2664367,87.20
f2692ee7,7
f26970b3,wizard studies the golden forest
f26e47a4,2
f278c735,56.66
f28681ad,4314
f290228c,1
f29193ea,...
f297547e,
f299569f,34
f2a167e5,2
f2a25cf9,^?
f2ae9e31,the dark alice sees
f2afa350,63.02
f2afd89d,4
f2b1b6a7,II
f2b23d11,1
f2b4fd96,queen writes under cave
f2c26521,LXXXIX
f2d67c62,38.76
f2e64e32,dragon draws the colorful door
f2ea5b5e,hatter draws book
f2ec1685,2
f2f257ed,00110111
f2f3d224,113.81
f2f586cb,43.68
f2fa334a,545
f2fb04d8,45.34
f2fe103b,112.17
f2ff37b2,
f304e11f,VIII
f30a640c,XII
f30b205e,0011
f323ddca,203.25
f32745f1,the silver hatter watches
f333b67f,100
f336b423,178.38
f35a488d,162
f35aa1ea,0.2996
f360b419,85.71
f36fe07e,3
f370fab8,11
f376c085,1
f3792ef2,2010.36
f37b8a8c,3.12
f382afce,9.26
f3959455,3
f3971b9a,3
f3a3ca7e,65.69
f3acfe77,XXXVII
f3b4769d,47.80
f3b6828b,26.60
f3be9e82,35.15
f3bfb3bf,1
f3c73290,3
f3ca35e2,18.22
f3cb45f3,2
f3cc989a,00000100
f3cdeb29,0000
f3ce6fa4,?
f3cecf2f,4
f3d9cd4b,24.20
f3e08a24,0548
f3e9b192,14.40
f3ebf8bc,00110011
f3edbc62,55.31
f3f76c82,5
f3fc7209,10
f40140b3,39.74
f405e41d,XIII
f40d88b6,11.63
f417b927,8
f42d5e08,1
f42d89af,LXXXI
f431cf03,4.87
f4324ac2,17.80
f43f6142,11111101
f4470b02,the hidden hatter writes
f4579e02,6
f459b7b4,00000000
f45dd620,\?
f463ee16,70
f466ba6d,4
f469f4d7,00110100
f47276a4,XLI
f47f9d17,20.86
f4804b50,19.01
f4925854,11111101
f49ec314,3
f4a1b386,52.85
f4bb4d9c,0001
f4c0f677,LIX
f4c4c324,32.79
f4cc7e98,8.13
f4d0e3d0,-1
f4d3e67f,-36
f4e1031d,50.95
f4eab30a,2
f4ebce25,16.81
f4ecefa4,86
f4f27085,0
f4f41e1c,LXXXI
f4f586f4,5.36
f4f92956,)@
f5031c32,XL
f5032cba,LV
f5059127,00011001
f507b7f1,0
f5082693,8
f508886a,II
f5126d48,(/
f519ace9,%'><
f52edbc1,3
f53719ce,27.35
f557284b,00001111
f55c1bf0,00011110
f55d7a75,4
f5631f08,61.91
f568465f,6
f56e4d94,3
f5724d52,32.16
f58232a6,39.11375
f582b202,66.09
f5918499,21.76
f5927098,LXII
f598a715,the dark bird discovers
f59e5a40,LXXVII
f5b86c6e,69.44
f5bd70c7,10
f5c57d9e,12.31
f5c7d545,31.56
f5c84933,the secret king chases
f5ca573f,37.38
f5cb333a,00000000
f5d096da,101
f5d74f50,0010
f5e4615b,LXXXIII
f5e70398,20.21
f5fd3e29,king sees in valley
f6009480,16
f607a27e,14.52
f611045a,22.37
f61f3d46,63.23
f622a8c3,46.65
f624f57c,4
f62bea45,III
f62c1fa3,11011110
f639a4f1,62.69
f63c1191,dragon found the colorful message
f63f77f8,0
f640b8aa,the golden princess chases
f640c781,18
f642e7b5,1937
f6478b9f,31.34
f64796dc,8
f64eb796,00100000
f64f1dca,9
f65919a4,22.04
f661a4d3,5.07
f66415c0,7
f66f0fe0,3906
f67b8172,24.16
f68a0b15,15.66
f68bcf46,rabbit writes the hidden puzzle
f68f8c60,136.04
f692a1d8,6
f6948af3,XVIII
f69df322,12.96
f6a05295,25.69
f6a7fc15,LIX
f6a95641,0
f6afb6b5,2
f6b107bc,7
f6b3076f,1
f6ba766e,252.09
f6c019b6,2
f6ca90f6,{31
f6cdae94,8
f6db706e,79
f6eef71c,31.76
f7033c9d,4
f7074a8f,LXXIX
f71d0599,LXXIX
f728db66,10.92
f729dd51,66.00
f72b004a,VI
f731876f,9.2
f73349d4,43.99
f7346f0c,8
f737eeea,48
f745d8a2,00111111
f7471414,student draws the magical potion
f757b0f0,12.71
f759bbc0,3
f75f4753,25.68
f77a4bde,1
f78227f1,5.55
f7828fc1,@&{^
f79f80f8,XCII
f7a5cacd,4
f7a78457,III
f7ab60d6,
f7aeb894,8
f7d26b8d,/\
f7d53288,LXXXII
f7d90ae3,9819
f7da6f8b,24.92
f7e6a877,teacher found in forest
f7e8ca63,??
f7eddd9b,princess discovers in school
f7f91582,LXXXVI
f7f9ba17,3
f80d2e10,1
f81867e1,9
f819455a,hatter creates story
f82a6f1c,LXXXV
f82aaac4,XXVII
f83118d7,rabbit studies through valley
f83e6ef3,13.16
f83ff670,17
f84652b8,7.93
f846fc66,201.38
f848a15f,XXXIV
f84c009a,1100
f84c25f1,92.03
f85074ab,2
f852f234,6
f860e46e,XIV
f8640728,10010000
f8731f21,?<
f878c966,8.87
f886b9af,LXXIII
f8967c15,teacher chases beyond forest
f89efc7d,student creates treasure
f8aa53b8,1.46
f8bbabab,`>@
f8bd40c0,54.76
f8c6ea2c,00100
f8d6abd1,5543
f8e87e01,70.84
f8f0c5cb,II
f8f4c3b4,00111101
f8f50a29,51.18
f8fc43d2,8
f901d1cc,&
f907b099,41.53
f90aff89,18.12
f9103e02,52.52
f9205e80,XXXIII
f9215fe9,90.71
f922f81c,00000000
f929abdc,XCIV
f929c6cc,1
f93475e9,46
f94810f5,1592
f9483351,princess chases above island
f94d250a,13.49
f94ed862,0010
f951b8a1,0
f960e029,60.46
f964eb0e,XXIII
f96e1e6e,
f971f8dd,18
f9799a68,2
f97bfcd3,LXXXV
f98554f8,43.57
f987326d,72.35
f9983eb7,1983
f9a33aa1,%`(
f9a40426,XLII
f9a60673,the hidden hatter studies
f9b4f59c,the wise knight watches
f9bd3119,17
f9c104fa,34.26
f9c59b61,01001011
f9d9b3fd,XXIII
f9ddf958,LXI
f9e27693,XV
f9e5dc75,26.28
f9e92cb2,58.31
f9f20a7a,13.28
f9fa506d,teacher creates story
f9fee551,0101
f9ff29fa,8
fa106ea3,120.01
fa15ba19,7
fa2026b7,120.32
fa270930,18.80
fa34cd1e,67.22
fa35a971,55.78
fa3cd146,11000010
fa41bbc5,17.96
fa4a1468,79.84
fa4d703a,^)
fa553b92,11010111
fa59b3f1,the golden rabbit writes
fa5dfa46,!$.
fa6705d0,LXVII
fa67da07,2
fa6bd888,27.88
fa6df7a1,4
fa6f754d,4
fa714b83,^
fa7426d3,-92
fa75d325,LXXXIV
fa8316db,12.43
fa900ac8,0100
fa90729b,teacher watches message
fa90c027,9
fa952980,71
fa995fce,IV
faa24059,XCV
faae7ce4,LXXVI
fab4a4c1,XIV
fab7251a,the mysterious turtle reads
fab9831d,181.80
fac94c9f,XXI
facc9bc2,38.84
facd738c,21.97
face5252,1
fad3219a,student creates door
fad59444,36.99
fae0c63b,LXXXVII
fae0f471,the bright rabbit reads
fae24ad1,64.08
fae3ee40,4
faf1121c,[
faf4865b,LXVII
faf60df9,23.27
faf8e57f,1
fafe9174,XV
fb0b10be,103.02
fb0df6ae,59.56
fb15fcfa,00011000
fb184e97,42
fb23edcb,LXIX
fb37f51d,11.7
fb3f7b77,46
fb440865,3
fb4bc935,2
fb5a7b9e,000110
fb5b3034,25.19
fb623471,3
fb6b038d,the magical dragon dreams
fb71eaed,0.0030
fb81a733,26.64
fb87d8fd,29.60
fb8ae661,32.84
fb8d5804,LXXXII
fb955790,11000
fb9ef67d,LXXXII
fba1e3c2,00000000
fba40625,{?
fba8ec2d,45.20
fbbe43a3,00000
fbc5dfbf,IX
fbcf88ad,your answer
fbd16bf8,114.71
fbd58e38,5
fbd5fe63,-
fbda33d1,20.90
fbdc95f2,XXXVIII
fbdf7656,1
fbe4e6f6,alice discovers key
fbe70ef5,student studies potion
fbf89e5d,teacher draws in palace
fc027060,14.44
fc0f513d,mouse creates the hidden key
fc115718,31.01
fc137acd,$#
fc174f21,00000000
fc2b2fc9,
fc2f2ded,6
fc3982df,>
fc4a85ad,10110111
fc5f511e,XVII
fc759a1a,127
fc799f0a,1
fc7d8708,2
fc7e4f9b,^
fc7e53c7,42
fc800721,XLVII
fc83f7b4,VII
fc8bc8b2,49.80
fc9318d6,23.71
fc9b063b,116.86
fca0e8bf,the ancient mouse draws
fca76459,17.78
fcad9241,...
fcb9068b,20.35
fcbb35e3,1
fcbc2935,18.91
fcc5f83d,5
fcc6dff6,0
fce40924,LXVI
fceb5045,XLIII
fcf75728,7
fd03c3d3,8
fd0d1430,130.18
fd1078a6,10
fd108519,LXI
fd13b7fd,1
fd15ed49,00000000
fd1b59f7,94.23
fd1c8f66,
fd1d72d0,00011001
fd21dc17,3
fd225d00,14.54
fd2c352d,00110001
fd37b70f,XCVII
fd38d6f0,52.15
fd3920e2,hatter watches in island
fd40e54e,34.76
fd48ee2f,2
fd4a7808,XL
fd560247,1.28
fd5bb962,73.46
fd663423,73.18
fd683004,118
fd683d67,turtle found the dark crystal
fd699316,01011100
fd6caecf,90.39
fd6eab47,188.85
fd724227,137.18
fd7712cc,XCIII
fd7920d3,3
fd98d650,XLII
fda48b48,4
fdaca283,XVIII
fdada8cd,XXIII
fdae34f8,189.74
fdb8ef71,86.84
fdbdf50c,5
fdc2741a,LXXXVIII
fdc51c5c,21.95
fdcf8451,131.8
fdd9ff2b,23
fde6f39e,37.73
fe13d2e7,XXIII
fe1f98a2,16.43
fe35c8c6,LXVI
fe393711,547
fe3c4763,6
fe407d0f,cat studies the silver messages
fe441a4b,bird writes puzzle
fe44dfa9,XXI
fe5ba68b,6
fe6adb7c,38.96
fe6c17ab,XCV
fe6d24f4,14.01
fe6d3aa3,8
fe6da79d,answer
fe6eaa3e,61.40
fe6fb7b4,88.59
fe74312a,XC
fe85caf2,2
fe864eb7,XXVI
fe8728e9,42.11
fe97cd6f,4
fe998921,student draws inside mountain
fe9ca47a,XCVIII
fea71e16,101010
febd3442,6
fec1ea92,00100010
fecad63c,441
fecfb467,8
fed1b3e5,85.34
fed81e96,1
fed866eb,135
feda1e0a,58.51
fee15cc5,III
fee5976e,0
fee66e16,3910
fee760c2,7.17
fee8805e,XVII
feef2d98,5
fef61ca1,111
fef8ce80,58.08
fef92296,11.09
fefc4400,I
ff039a4e,84.56
ff07a5c6,29.42
ff084e14,7
ff0e37ae,"%'""`"
ff121f08,4
ff148329,23.90
ff1518be,XXXVII
ff16a080,35.13
ff20f28e,17.55
ff232b96,114.9
ff2bb2a6,cat follows story
ff2e376c,190.03
ff4abb3e,queen draws the curious message
ff5cb472,V
ff5f4ff2,LI
ff612478,XXI
ff650fc3,XXXVI
ff746806,4
ff7ffa87,26
ff8409cd,9
ff85238e,57.60
ff86cd34,)&
ff8b36e7,000
ff90228b,1
ff937315,1
ff948917,11111111
ff9540e2,107.70
ffa4e736,1110
ffa81415,18.54
ffaf05c5,XLVIII
ffb06ece,18.46
ffb0ea22,hatter reading garden
ffce9e31,00011110
ffd5bada,32.44
ffd89354,student sees the curious mirror
ffdfb678,the curious mouse creates
ffe680c2,0.5
