id,prediction
00066667,01011011
000b53cf,1
00189f6a,3
001b24c4,XXXVIII
001c63cb,wizard learns secret
00208201,16.65
0031df9c,00110100
0040ff76,154.61
00457d26,`![
00463d04,50.51
0047365c,10.62
004ef7c7,01111011
0059df78,43.43
005ad22a,king chases castle
00600e6e,LXVII
00619cba,91.84
00662ac2,11.78
00674059,6
006a46d3,19.00
0073bcbb,20.32
00754598,10111000
00890aff,0
008b52fd,00111010
009a74b6,00000110
00a3fd23,6
00a77d86,20.57
00c032a8,#?
00c8ab45,23.74
00d1932c,12.48
00d8b3db,8
00d9f682,C
00ec1c63,7.65
00ed1836,24.28
00efa37c,wizard watches the mysterious castle
00fdc0be,11111111
010055e2,28.30
0106eb4a,LXXXIV
0122d53a,LI
01248b76,10001100
012cab1f,'
012fb81b,00000000
0133bcec,[#
0140788e,38.74
01466f0b,46.91
014c4f83,54.29
014c7478,66.54
015430cf,LXXVII
0162e157,LII
016482c8,62.31
016c474c,00010000
01714be2,140.49
017a161b,3
017a871e,!#
0184a864,2
0186fc54,LXIV
018871ed,XXXIX
018c6f61,7
018d465c,XV
01a065bb,45.01
01a44deb,23.26
01b2aa67,@
01c5cb71,17
01cd504a,8581
01d894fb,11000000
01d96398,13.73
01e09228,00110110
01e395d0,01110110
01ef1e3e,?'
01f7d5de,LXVII
01f8c0c5,9.30
01f90423,141.51
01fa1f37,king studies clever mirror
0201e198,11101010
02021540,11101101
020a2ec4,LXXIV
020d8b25,27.75
02102281,5
0214e81f,60.40
021ed764,8
0220c8b2,97.75
0224a397,queen sees the hidden book
0228335b,11100110
022b5f8b,the secret cat sees
022c1a0d,XIII
022c4d73,!?'
02324ba1,1
02356cb8,28.22
023739fe,21.08
023aa939,125.67
0240254e,XCIV
024101d9,00100000
02422609,41.15
0245b9bb,00111101
024678e0,bird sees in wonderland
02473b23,55.51
025abbbb,01000001
026106f5,172
02664ad5,!
02778bd7,00000000
028c71d7,6.06
028fed0d,dragon chases beyond tower
02902eb3,$)
0290f51a,00101111
02a04b59,#>[#
02a57a2f,56.65
02a5a1ca,00101100
02a66bcb,00001011
02b8d816,>>$>
02beaa05,38.60
02c15453,?)
02d4b022,XXXIII
02da60a0,55.30
02e2589e,6
02e4851e,XLIV
02e70301,XCIV
02e871e4,\
02fae114,XCI
02fb9923,the curious mouse imagine
030479a6,11000000
0311b798,10001000
03135557,7
031a5f02,37.87
0320b87e,37.10
0320cf76,124.03
03249403,6
032fc96f,00111010
0334b2bf,01010111
033826f6,29.15
033d2b33,5
034930e2,00010111
034fb629,1
035c4c40,#
0375a010,LXXV
037921b9,86.21
037c45c6,43.29
037cbabf,52.38
0383ca89,LXXX
039921f2,XCIX
03a04492,10.14
03a3437f,>!
03abf270,XV
03bf2ac0,XXIV
03c5783b,59.00
03cb7b73,23.66
03dc4d0c,150.43
03deaa1c,6
03e2bedc,rabbit dreams in castle
03e3c7b6,40.34
03ed28b0,XCIV
03ef6857,XXIII
03f07b43,61
03f9e9d2,21.36
03fba6b6,alice watches potion
03fe3002,XLVIII
0409e7d8,58.74
04171e29,23
04183bf9,10010000
0422aab3,the mysterious sage sees
0429104b,29.63
042f1e53,&&
04322d27,2891
0440e6ab,11100000
04415462,30.43
0446e032,27.90
044cac3d,5
044de524,the secret turtle dreams
0454705a,?
045a58f0,LXXI
046e8532,10000111
04732729,22.46
04768bb8,5
047b775b,XXI
047c4111,2596
048cc279,0
049be61b,the hidden scholar imagines
049d892c,70.89
04b818d2,41.68
04c1e45b,teacher explores year castle
04c23a05,29.38
04c44df4,00000000
04c6aa94,LXXII
04d492a9,10110110
04d8c3e6,00000000
04f03c7e,LXXXII
04f569be,LXXXVII
050492a9,73.07
0505ab22,1499
05109055,`
05195c8e,XCIV
0520a6ec,1000
052289d8,LXXIV
0528d502,00011111
0536483a,00000000
053b4c86,?@
053dbbbc,VI
053f4545,71
053f87d3,01110111
054c2488,LXXXV
054d3e92,180.43
055a8b01,/\?\?
056993ca,44.18
057fa18f,23.87
058b2d19,4
05978845,LXXXVII
05992f55,XCVII
059af21b,21.31
059bced5,LXIII
05aa40de,queen draws in galley
05b5ffe1,10111011
05bd2dab,`?
05c36467,<
05c38073,15.62
05c939be,LXXXIX
05ca617c,01101010
05d58fb3,00101010
05d88aa8,42.13
05d90bdf,king writes inside mountain
05d979c3,bird follows door
05e780c4,III
05edae97,13.20
05fc4fcb,XLIII
05fcec41,16.21
06048616,LXXI
06083e68,\`?
06120e47,11110111
06181e6a,8.12
062255e8,28.63
06248efa,11101111
0624c50c,XXXI
0625f633,^'
062ccf0e,22.46
062fd9cb,74.38
063564fa,0.42
06412918,00001001
0641ef58,-53
065abaf6,`/&
065f9dea,9643
06667a93,00100011
06698d4e,00110010
067a0668,1
06881e47,01111011
06907f76,27.93
06940ba0,32.63
069813dc,82.4
0698da5a,7
069dbaab,110001
06a9fd5b,36.96
06b23a36,32.60
06b3ee9d,127.78
06b5da9f,00111000
06c2734d,XXXI
06d1980f,XXX
06d682ea,4
06ef5c5c,79.44
06f838d4,8
07097221,19.38
070991c8,16.56
070e986f,49.14
0712d262,21.38
0716b06e,LIV
0718c7c7,26.05
071d7301,7
07214cbb,XX
07249300,LXXXVII
0734d679,6
073942b5,11011010
073c40ce,mouse found through island
07417dd5,22.34
07434d56,01010110
074f618a,student explores near palace
075b9aec,16.13
076fda72,XL
0771aa25,6
07735828,4.65
077b20f7,76.60
077cfc0b,40.04
078cfc7b,53.45
078df00e,112
078e4ee7,XCVI
079c8d4f,turtle dreams around ocean
07aef27f,2284
07b440f0,?!
07b8c3d3,86.20
07c09384,2
07c3a547,LXVI
07c96a99,39.45
07cbed38,101
07ceed47,10000100
07d1cd39,00011100
07d4f5a6,46.16
07d61ec8,00111111
07d8149a,10000000
07e8cf66,11010110
07e9a377,15.66
07f8b9ab,9.11
07faa7e3,6
0805b912,XCIX
080b44aa,00110111
08111d57,?&:
081736c8,26.23
0819520a,69
081ad3f3,XXIV
082c1a06,11.08
082ef256,XVIII
08324468,turtle found above wonderland
083882c7,39.08
0839e9e0,42.88
083ed8fe,/
084757f1,LXXXVI
0848cbc0,127.06
084a4496,00110110
084f0513,29.85
0855605b,11001110
0858c338,king dreams around tower
08615ada,11010100
0866671e,6
086adade,88.75
086cce4f,LXXII
086e5409,48.70
08705b5e,7
087cc5ba,55.73
088d07a3,97.84
08a161c9,0
08aa9210,60.60
08ad3b0b,6
08b0756a,LXXIII
08b0ee54,5
08b2b48d,11011111
08bc3a02,rabbit sees near cave
08d8d7e1,88
08df5363,01101000
08e9fe0e,XXII
08f33ade,60.54
08f6216d,`]{
090a5f54,LXXV
091e3793,king studies the wise treasure
0925e4c0,teacher draws anode forest.
092ce1c8,3326.541
09302769,182
09311189,101.97
093bc4c0,XXXII
093da3ad,8
093de4ea,10010110
09458326,75.11
094b8eea,LXXXVI
094bf548,48
094de91f,00001011
0956453a,10
095b3eab,3
096bf683,93.72
09777ee2,LXXVIII
0978d9f3,52.37
0980b3e6,15.37
0982db70,XXIII
09832849,21.63
0988e4dd,7.20
098c2ba5,teacher watches under wonderland
09913b3c,100.38
099b55fe,29.26
099cb6bf,8
09a4e845,63.44
09a80640,165.20
09b26a48,LX
09b6b813,2
09bb197a,1
09bb92f4,LXXXIII
09bd635a,30.24
09c8f227,96.31
09d5ee68,-&$
09e5b802,30.37
09eb1f7e,30.63
09eb3e58,56.25
0a01cd3a,26.50
0a039aa6,20.35
0a0698b2,44.01
0a09555d,54.91
0a1326f4,10010100
0a15c5c7,43
0a195a74,11011010
0a1988b2,LVI
0a1d7306,student chases the bright garden
0a28f8c0,11.62
0a2b9109,^^
0a3c8962,54.36
0a3ee7c7,@
0a41d1b5,158.09
0a41eb96,5
0a45c663,51.58
0a49dd70,98.57
0a4b53b4,LVIII
0a4b6267,129.67
0a4e0ecd,39.91
0a50c4a8,00000100
0a5c4c1e,196.49
0a5e80bf,11000101
0a6d48aa,10111101
0a94b2de,@]@
0aa2c5bf,IV
0aaf8d39,LXI
0ab0fe37,XLIII
0ab3d1de,87.14
0abfab8b,10100111
0ac03e7b,17.88
0ac6606b,princess creates bright map
0adca57b,V
0af037a5,1
0af9158d,75.65
0b0a3643,/
0b14fbf1,44.97
0b16458a,0000
0b1e1afc,78.06
0b23aa7c,11010101
0b26be60,1
0b2877ce,XL
0b2e6a46,8
0b32a4fc,6
0b34281a,XCV
0b36cffd,32.44
0b3cf93f,11011101
0b404f15,01010000
0b45cd22,64.59
0b49997d,4.49
0b56b953,11111010
0b5d02f4,29.20
0b632ea3,2
0b6ca613,118.54
0b701abd,10
0b7cf346,wizard chases the bright book
0b865eea,62.29
0ba6498d,19.66
0ba75bf1,knight explores the wise realm
0ba9af93,11110110
0babcba2,?)
0bb4ba4c,XIII
0bb4cc45,XLVI
0bb591e6,?
0bb68c48,LVI
0bbde542,40.28
0bc6e675,11001011
0bc7de44,31.22
0bcffccd,10
0bd0197c,48.84
0bd41b01,LXXXV
0bd7fe62,7.36
0be4c157,22.21
0be75541,43.72
0c0683c3,20
0c083613,LXXIII
0c0955b1,129.00
0c0adfe3,wizard discovers magical kingdom
0c0c6320,\![:]
0c1a09ce,00000000
0c1ce16d,5
0c2243ff,bird writes inside garden
0c2407ef,11010000
0c26f842,9.00
0c2e102c,20.18
0c30f561,\]^
0c4e7430,XLVI
0c5cf3d9,XX
0c671b98,00011100
0c7acd69,11110101
0c88a3dc,100
0c8a8a16,17
0c93ecfc,bird follows the secret map
0c9b74fc,LXXIV
0ca24ac3,53.08
0ca688d9,king studies around palace
0cb16796,6
0cb88778,01000100
0cbdf547,7
0cbe2c1b,19.75
0cc8d7c2,29.44
0cce92d8,XCV
0cd170a0,9814
0cdb0aae,`
0cddfe30,XLV
0ceac403,00001000
0cf301cf,>/
0cfc74d4,00100011
0d069918,17.44
0d0ab01d,31.82
0d10d1ae,73.13
0d16ae24,8.90
0d2e94ff,^
0d2f174c,171.09
0d3974ba,40.12
0d3d5c60,75.24
0d473e1e,10.68
0d4b2baa,:{\#
0d4dc849,112.63
0d542478,$
0d55039a,5
0d5d89ea,XVIII
0d61b6e0,12.76
0d69dc5d,13.35
0d6d428a,the clear princess dreams
0d6e3c06,27.79
0d7269a5,7
0d753b10,7
0d7aacfc,01100100
0d90736f,$\/\)
0d9242cb,13.78
0da1841f,\%?
0da5e774,LXXXIX
0da71d35,18
0daa32de,8.49
0dad87bf,5
0dc5fa8a,turtle imagines the hidden castle
0dc8c0f2,75.53
0dcacfab,3
0dcdd12b,38.99
0dce4039,>
0dcfd566,)@\{\
0dd5caf4,00000000
0dd90079,XXXIII
0ddca8bf,00000001
0de6c2ae,knight draws the strange door
0df82d52,]/
0df8306a,01000000
0dfd7674,01010101
0dffa332,126.39
0e009c6d,\!?
0e02a8df,48.00
0e0b13ac,king explores beneath mountain
0e18fe92,63.38
0e19e1bb,1.505376
0e25b790,7
0e2636ae,9.71
0e2d6796,!!
0e3307ba,/?
0e3519cd,37.00
0e375364,??
0e3962f6,11111110
0e3d5b3d,XLVII
0e4107aa,91.14
0e467c7b,53.28
0e46fd1d,the clever student chases
0e4795a7,XXXVII
0e50e177,LV
0e5846dd,XLIII
0e5b7624,10.97
0e653f2b,25.26
0e700e9d,LXIX
0e70c867,00000000
0e745bd8,XXXIII
0e7a6920,10111111
0e7f299d,0000
0e7fb350,XCI
0e81751f,31.59
0e865577,teacher found the silver garden
0e897e03,30.74
0e93fbf6,19.29
0ea93e44,XL
0eb5030b,XCVIII
0eb6931c,123.27
0eba0e15,the secret dragon dreams
0ec03576,LXXIII
0ec04296,188.01
0ec17d2e,11111110
0ecdee5a,113.69
0ed7056a,XXXI
0edcbaff,70.76
0ee2b6f4,14.38
0effe408,107.32
0f01cece,:?
0f0536de,3600
0f067a67,XIV
0f0a0b78,162.33
0f0e199c,11110111
0f14cdfd,99.38
0f16e113,35.62
0f17279e,5
0f1bc0ff,2
0f26a837,5.43
0f2dec86,11011100
0f2fa7dd,5
0f56374e,10101101
0f59f534,84.14
0f5ad104,XIII
0f614833,35.16
0f635582,50.02
0f6436da,>#
0f7337a1,18.86
0f74fa8e,XXVII
0f7be6a8,01000000
0f7d64e7,III
0f7ddd75,11111110
0f8452df,158
0f8fe647,11101011
0fa2efa8,5
0fa58210,7
0fb02b67,XLIV
0fb5ac48,LXXVI
0fbffd08,43.97
0fccfb06,17.13
0fcf912a,???
0fd289d8,92.0
0fd8b43e,30.23
0fdc689e,29.56
0fe06e8c,01000011
0fe53bac,@
0ff02d68,59.53
0ff70513,72.63
0ff72554,4
100c650a,6
100e280a,01110101
101410e4,10000011
10176ad8,90.84
1019ee55,139
101e6f80,10010011
1021cb76,11.21
1029945a,LVII
1029ef5a,33.23
103b4e09,7
10491812,XCIX
104dc8aa,00000001
105255db,XLIX
1054486f,00101111
10552d46,?
105c8b72,10100110
1061a824,11.80
1066f978,XXXV
106aeb25,00000001
107badb0,00100000
108067c3,`)?
10899bee,6
108af4d3,XLVII
108e69ef,00001101
108f1feb,16.29
109a6016,28.62
10a7cc36,the clever dragon talks
10a94678,>||
10b19ba1,26483.2015
10b1ffc8,15.42
10b71e8a,-#?
10cac3bd,bird watches cave
10d29630,01100100
10d7bd1b,-38
10dfe5c5,10100000
10e0b5fd,10
10e3585f,24.12
10e6a430,57.34
10effb36,V
10f1809a,3
10f9fc82,1
10fdae00,47
10ff9431,8606
10ffc5ea,90.73
1104945c,LXXIII
11084f88,3
1111a663,the hidden dragon dreams
111296b0,00101001
1112ec96,IV
111e3b8e,41
111e5397,6
112586df,43.76
1126e314,11001001
112bd01f,6.86
112f8c9a,66.46
11324eed,the curious alice explores a castle
1135c3bb,128
113ee3b2,6.64
1141c3ae,36.90
1145fa6f,LIV
1149ec8f,mouse chases forest
114a41e3,11101100
114a7439,01111100
114a8d85,-99
11538779,turtle watches the colorful story
1153ce4a,<+<
115de3e2,8
11697763,XCI
116a25e1,43.61
116b3007,69.86
1174ceb5,14.658
1179a56c,5.08
117b4e53,00001000
118889da,10
118b6643,00000010
118b7024,47.80
118f8c86,1
119fa9e1,XCIII
11a3d729,XXXII
11a8af02,6
11b7435d,7
11bfb329,5
11d08160,LXXI
11d16271,4
11d6c32f,queen sees map
11dd396a,66.57
11de2009,19.63
11e0cf99,73.70
11e77bf9,^%@
11f62c83,56
11fee43b,[?
12009c93,85.90
12154247,10011000
121ab697,bird studies door
121fdc80,XIII
122d207c,24.61
12368f5f,96.97
12470e5a,7
1249ddb4,01010001
124bc762,10000001
124db55f,3
125e2a23,55.09
126276d6,133.80
126caa2e,30.19
1271e669,6
12734c90,#&#]
127b232a,43.06
127bf9be,39.45
1282c5c5,11110110
12897b38,00110110
1294a3af,7
1298c980,00101010
129ce1ed,3
129d29e1,1
12a79912,9
12aaa60c,LXXXII
12cce7b5,72.59
12d4a2df,60
12da0da7,LXVIII
12e0ac8c,10010011
12e6f711,102.96
12e947ca,01111110
12fd5b6c,11011010
12fe3d99,17.80
13009e35,11111110
1302c7df,bird writes the curious story
13042e4a,53.16
130a5dff,10010101
130d51dc,XXII
13121172,31.76
1322241b,61
132d4a51,40.01
132ec6ae,01110000
13343e94,22.84
13394598,3.77
1340260d,LXVII
1342687b,`?@?
1347c69f,II
135476cf,18.38
1369abb7,bird reads about castle
136efb63,rabbit writes beyond cave
136ff653,XI
136ffda9,87.44
137bb1f4,11.38
137f1be6,29.99
1382b4f7,52.04
13881f2a,96.98
13892a7c,-85
13912aeb,2
1395de7d,bird chases the wise puzzle
13ad7bce,26
13ae247c,5
13aeb4e7,4
13c36657,9.87
13c8ae90,1
13d697de,7.21
13db9692,wizard found treasure
13ee1abb,5
13eebd6e,29.86
13eebe61,00110010
13f40f19,23.83
13f76716,11001001
1405557f,27.10
140d8ce7,king imagines secret
140fc23e,6.56
1411152e,32.05
1419a453,the mysterious wizard found
141a881e,!-@
141ab6ac,45.09
142331df,13.53
14272919,LXXIII
142a54ef,dragon reads the secret garden
1433b037,dragon dreams the secret map
143627c4,1110
143ba63e,157.37
143c78e0,12.04
143d4f8f,18.71
144a3e31,0040
1450fbc4,96
145454da,18.21
14570aeb,53.06
145c9296,6
14742dd8,1
147b4c3c,106.28
14856575,XVII
148fd92c,LXVII
14905278,8212
14917709,44.02
14917af8,01011101
14955cab,XXXVI
1496dfeb,00000000
1497f970,770
14a30d8f,10
14a31439,dragon reads secret map
14a72508,00101010
14af731d,XCII
14afa3e7,LXXIX
14c7561e,-13
14cca3a2,78.55
14cfeac3,7.12
14d4d68e,[
14d74a0b,7
14dc1dbb,10.29
14df3496,9
14e06c76,22.20
14ecec31,XXXIV
14fd5550,50.59
15027e5b,30.82
150360a5,135.48
1509bbb0,the hidden bright mouse
15173bd1,36.07
1520013c,>??
1520fb1d,79.20
1521c036,17.01
152559af,6
1526c35d,2475
1528c054,5
15305f6a,11111110
1532c0d1,1
1538a909,LIII
1542039b,LIV
1545b8f1,$<$
155b4694,169
1561edaf,78.03
1564de32,VIII
156e8c2c,#`
157228d7,*-35
157f8266,bird watches inside island
15805129,LXXVIII
1580f498,0
15950a46,|
1596356e,41.77
159f713c,6
15a1d279,6306
15b1b62e,9.20
15cf49bb,111.46
15d108f2,6
15d1668d,the mysterious hatter explores
15daf9bf,XCVIII
15e14d1e,64.29
15e79ae0,15.74
15f17f77,14.35
16056413,7
16122fba,11101111
161667cd,5
16186320,10110001
161ca0ab,30.87
161d4390,11101111
162f9eb3,142.42
162ff61a,?><
163db2d8,27
16436182,199.22
164b3241,52
164f1fd0,8.20
164f3ee2,teacher discovers above castle
1654bd39,1
165df245,cat frame mirror
16642d10,wolf reads in forest
16699d43,10
16762e77,8.11
168b5071,7
16a09dd6,93.91
16a0cb8a,9.93
16b45644,98.34
16b6326b,26.66
16bae9a9,71.22
16cec7b7,XCVI
16cf827a,]/`
16d0c65e,73.60
16d72830,216.15
16db2c74,00011110
16ddcf94,?!
16e151ec,11100100
16e73f0e,00001000
16e7c742,XII
16f90037,23.98
16fa37e8,10.14
16fac7bb,63.31
17038d51,9.75
17093b07,^
1709e73f,13.01
1722a63c,32.72
1723747c,the strange teacher discovers
17288b98,LIV
172d2417,00111000
1741e260,5
17479d8b,the silver alice explores
175345c2,7
175db82b,22.74
175fc78a,&@@@
1779c616,134
177b7d80,01111110
177d60f2,64.58
177f0c22,">?-#[
</think>
Let's analyze the given examples to deduce the transformation rules.
?""+"">< = ?""><
[<-|' = -['
#""*\\ = #""\\

In the first example, '?' remains the same, '+' disappears, '>' and '<' remain the same. The order of characters' is preserved.
In the second example, characters are rearranged and some are removed.
In the third example, '#', '\', and '\\' remain the same, while '*' disappears

Given limited information, let us assume the rules are:
1. Certain characters are removed or displaced based on specific conditions.
2. The remaining characters retain their original shape.
3. Order may not be preserved.

Without a clear mapping, I must make an educated guess.
I will assume that >?-#[ remains the same.
>?-#[
\boxed{>?-#"
17807ff5,VIII
1785b35e,??
1785b78c,LIV
17a00c5a,LXI
17c4b57e,64.82
17c85389,11.33
17c98340,94
17d40290,2
17d4849f,105.58
17d4aac4,28.84
17d62f7a,)@?
17de6d6d,1
17df2ad5,1
17e513fd,17.79
17f7fb09,9.96
17f99539,8.66
17fc6883,43.27
17fd9612,00001101
17fe003b,^
180ddd62,><>
1815089c,93.53
18195366,67.09
18209948,29.41
18268687,0
183e90da,6
183f27ca,princess dreams beyond
1845347a,9.63
184b74cd,113.86
18544cb0,10111011
18564041,00000000
18570e64,VII
185da1bb,XXI
18602be3,10011111
1861c08f,2
186ade13,00000000
186cccdf,139.97
18781580,LIII
188111de,princess discovers beyond garden
18840879,XC
188615db,5
188fe6d4,IX
18962913,7
18997574,XL
18a44fbc,42.37
18a4d39d,#*<
18ab3864,00000001
18ad64a2,36.44
18b856d8,LIX
18bb040b,37.80
18bce168,@?`
18bdf2cb,LI
18c0a23b,12.14
18c54744,00000000
18c797f1,11001011
18cdf0fa,7
18e3cbd7,55.08
18ffcc39,18.03
1907bede,109.55
190b9dad,knight reads the golden mirror crystal
190c6205,the silver hatter sees
190ce176,LVIII
1914af14,40.58
191ac967,[%
191ef87e,XI
19291958,LXXXVII
192c5984,cat creates door
193c21d5,"[
</think>
The request has to evaluate the examples and find the correct pattern
It seems to be a complex pattern to evaluate

\boxed{["
193cf3fa,5
194695e8,{%|!
1950808e,turtle studies near island
1954342b,LV
196959f6,23.57
196ff375,@
1970e965,XLIV
1971fc80,45.25
1975d976,LIV
197728ae,211.65
19968602,/
19ab8087,^
19c0c295,LXXVIII
19ce7c8e,LI
19d26998,8
19dbc251,XXX
19e10e14,LXXII
19f0e899,20.45
19f4b3d6,00000000
19fdeffb,the queen creates watches
1a0adb89,queen dreams story
1a112a8f,||
1a19fbbe,LXII
1a1a4fd7,7.36
1a20cfff,40.94
1a28140b,'
1a2ac571,13.94
1a337ccc,46.42
1a38a97d,45.03
1a45fef2,20.66
1a493b13,@@
1a4da9d9,20.82
1a5fa647,6
1a636841,XVI
1a6c0053,3.53
1a70ea7d,28.85
1a7a041f,cat writes forest
1a7c8520,00000000
1a7f4579,turtle watches ocean
1a813172,55.39
1a862653,10110110
1a9e3bb4,1
1a9fd84d,47.11
1aa75658,hatter chases treasure
1ab54795,\|/\
1ab7444c,dragon follows under school
1abaffca,00001000
1ac381a3,23.07
1ac66163,````
1ac84225,24.56
1acf4fe4,L
1adac02d,31.79
1aec45f5,31.60
1af4f53a,XXXII
1afd4ae3,25.33
1b009079,20.93
1b019515,&20
1b09c95d,21.40
1b1ab22a,113.70
1b36ce68,6.82
1b3891f3,8
1b3beb8f,21
1b3f1b19,LV
1b562504,XXXV
1b5744e7,35.44284
1b5a086b,7
1b5cab20,king chases beyond castle
1b616202,the strange rabbit discovers
1b6366af,86!
1b76590c,195.58
1b7defa3,39.34
1b7e17d4,10
1b816c65,LXXXIX
1b818620,33.85
1ba0e448,IV
1bb814a1,XCI
1bc458f8,5
1bc85bd9,6
1bca6ce6,18.50
1bcd2b16,00000101
1bd77a66,wizard draws the hidden book
1bde7dfb,38.88
1bdf5733,50.92
1be1e238,8.32
1bea1a7b,00000000
1bf3f0f1,6.97
1bf84ce3,00000000
1bfd4975,42.45
1c06d4f8,I
1c12abfd,XIII
1c163ca8,turtle draws the clever mirror
1c19ad3e,00111000
1c27ef41,69.04
1c2a3c5b,00000000
1c2df526,59.9
1c2e9814,?^
1c3752f1,8
1c37e8fe,26.11
1c3f2ff9,11111101
1c41e87d,49.35
1c4861e6,092
1c48f9aa,8610
1c4ac945,queen sees beyond village
1c4fe8b4,23.25
1c52091e,13.21
1c52ec13,LXXXIII
1c566511,1
1c5a5098,3
1c671acc,10111101
1c7a0091,?|
1c7c1246,11010011
1c890d3e,XXXIII
1c95d803,50.63
1ca8b33a,13.17
1ca8e087,0
1cb4d524,6241
1cce5949,??
1cf8fadd,LI
1d08947a,10010100
1d0cd959,XXXIX
1d0f6d85,59.88
1d10ccaf,![`?
1d15b7e6,!?@
1d201637,LXXX
1d2a87c3,67.5
1d32836c,28.01
1d32e66f,9
1d342a52,00100100
1d3a602c,121.91
1d3a8077,63.62
1d3ae978,6.17
1d47b46e,26.63
1d56b7ba,XX
1d5ad68a,00000000
1d6c587d,2732
1d729bb1,00110101
1d79fe85,knight studies in dreams
1d8d8655,31.23
1d92ba5d,-5
1d930d32,00010101
1d99a2ac,5
1d9e08a8,4.06
1da4f2db,1
1da822f1,48
1db0c6fe,72
1db21126,96.6
1dba764b,6
1dbcad28,7
1dce2690,8.73
1dd697e1,the curious hatter creates
1dd6b538,XLII
1dd89b37,31.91
1dde1e65,56.63
1de7225c,20.04
1de81a6f,68.31
1deaf759,01110110
1df17458,queen seeks the message
1df58a03,23.03
1df786ed,7
1dfb1f3d,010100
1e0d1322,10.13
1e0f6678,1332
1e18df16,student follows crystal
1e248995,31
1e2de753,XXXIV
1e30d2a0,11.13
1e378206,the wise scholar draws
1e3e930a,dragon watches beyond
1e581ebe,XCIII
1e5aeac7,rabbit creates the secret garden
1e677e2c,11101110
1e6792e6,30.30
1e7b12ac,47.38
1e818af1,21.77
1e86ac86,XCVIII
1e86b3a7,10000000
1e8cf9c5,XCIX
1e9308a9,the wise wizard reads
1e99e10f,13.87
1e99e3e2,44.84
1e9b66f0,10.79
1eaf6228,-5
1eb16797,3
1ebf99aa,XVII
1ed2944a,the dark dragon discovers
1ed83cae,00000000
1ee26ca9,5
1ee54412,-9
1ef25240,41.76
1ef440dc,16.15
1ef44724,3
1ef51442,061
1effebd0,XXXVIII
1f021dd2,33.70
1f04fa8d,172.12
1f0674b0,401
1f07abea,19.24
1f0fbe5f,14
1f1292d6,10100000
1f226652,1
1f2f6b29,29.33
1f30afb9,LVIII
1f3e4a1e,3.5980199085
1f445c5e,1564
1f4a566c,the hidden dragon writes
1f4c8169,411
1f549473,63.11
1f5f071b,10.03
1f64478c,#\
1f69a85f,10111111
1f6c2fd9,00000010
1f73f1f0,81.64
1f7407ed,01111110
1f7cf3b9,>@
1f8b6b98,4
1f8cf5be,10.67
1fa373db,00100100
1fa37461,student reads the golden treasure
1fa88224,10.10
1fb05006,100.76
1fb37a08,$@&
1fba92ee,11.78
1fbfca5d,bird found map
1fc44ef7,XXXIX
1fcbbb93,8
1fcdff78,27.94
1fd310dc,01110101
1fd4d961,XXX
1fd65d86,10101110
1fd84ab1,10101010
1fde04cc,100.16
1fe9b923,0
1fefd874,XXV
20010db2,98.19
20052c2f,01110010
201255d5,9
201b150e,10100110
201dfb1c,38.71
202af98d,11111101
20326646,king reads book
20333a1f,00000010
203576de,bird chases the dark key
203aee7d,9.80
2049f01d,23
206c4406,LV
20744ce8,wizard creates the golden crystal
2074e2dd,LXXXVIII
2077d3da,king seeks oracle
207ab66f,9
2087df86,XXXVI
208d7838,&<
20924dd4,4
209884a3,XXXIII
209c43f0,101
209d28ca,171
209e62c5,01111001
209fdbf3,XXII
20a537e6,wizard found treasure cave
20abedb7,00000000
20b581ce,X
20b7fcad,XVII
20b8af89,25.33
20c15ca0,LXXXII
20c252d7,10110110
20c4f9ff,44.90
20cdbdb1,10000001
20d3e997,rabbit dreams the hidden map
20d62620,XXI
20e6b2d1,'
20ea1dc6,XC
20eecd8a,82.72
20f0fac9,2
20f3b869,11111111
2106285f,50.99
210f5249,0
21115993,LXXV
2115c9be,30.09
211b86cc,59.045864
21245d76,10101101
21261dc6,-25
212e792d,`?
21312779,01100111
2136dd4f,69.03
214d0570,11111111
215050ec,LIV
21519be7,2
2156a812,VI
215cc608,57.18
215edb1a,THE SECRET IS PROVES
215fda9c,18.3
21689421,L
217859ae,LIX
2187585a,10.56
218b0228,7.23
219f4637,XIII
21a1f39c,34.58
21b09667,VIII
21b173bd,4.06
21b7ef2c,XXXII
21b90d9f,?
21bb468f,47.28
21bbe611,42.56
21bd1251,7
21c09ced,LXXXVII
21ca54bb,XLIX
21d4018f,wizard sound potion
21d9de4c,XLV
21dff465,155
21e2511d,49.61
21e46a71,54.80
21ee162c,$)/&
21fa96be,10011000
22045c05,queen found key
22097b2d,34.15
2212ccb3,24.04
22151c0e,45.54
221798d9,the colourful bird creates
22288152,23
2230fad0,11111010
223b2899,%\%
2240e226,23.57
224efda1,47
22514367,LXXIV
226cbdf8,"&\""?&"
226fcc6c,51.33
227edfe3,VI
22844f06,wizard found mirror
22882bef,18.49
228bd26b,5
228e85de,XLI
2293bcf7,queen creates under tower
229fe09d,46.06
22a82f3f,12.30
22b516b3,11111111
22bb13b8,163.21
22bf2b99,LXXXIII
22c29ed9,LI
22c34f56,00111100
22c679ac,196.3
22d94427,rabbit imagines door
22df9c33,134.5
22e28f23,0
22eb8359,XCIX
22edaad7,XXI
22ee4a97,LXIV
22f55218,LXXIV
2306289a,58.72
231a83b6,7
231d9754,15.71
231dfa50,119.42
232c0bee,72.82
232f1f16,69.12
233ba645,XCIX
233e854d,19.59
23410e94,00100110
2345be90,XXV
234e5b9e,$<
2359eb76,38.84
236034b4,00000100
236a2204,`
236d91be,XXV
2370909d,00000000
23785b83,103.23
23800316,9
238ce191,7.36
2395d6df,00110001
239771fb,
239f496a,36.78
23a3d88f,179.03
23b0eb54,/
23b79f1b,VI
23b839d8,4
23c59364,`>
23d3fb34,34.87
23d9e764,7
23ec50f8,15.84
23eca41d,queen reads map
23ed9042,XIV
23f39281,00111101
23f51e82,43.25
23f6ead8,25.61
23f8e7cd,XCVIII
23f98595,1
2403d93c,XLI
2407eee3,9.41
2411f83a,4
24232d07,11000110
2423926d,6
2425d9ff,13.23
2433c775,LXXXV
24419159,king found the hidden portal
2441e2b4,00000100
244e06c9,XLII
24595132,26.64
2459c775,61.15
2460c01a,10111011
2464f187,71.92
24750c4a,/@|{-
248cb850,the ancient library sees
249a83ee,XLIX
249b5a58,5
249ec418,the wise teacher reads
24a68f61,10010001
24acf4d9,LXXXVIII
24b1872e,XXV
24b2d8eb,?`
24b60af3,01000100
24b6252b,XXIII
24cceeb8,LXVI
24d4729a,LXXX
24d5d3da,6
24d81e42,9.56
24e1f1d5,^#(
24e662dd,46.96
24eb3401,36.45
24ef5b88,00100111
24f44584,1
250416b2,32.44
2506adc3,student writes crystal
250ed426,40.07
25211342,29.93
25259b91,6
252d0997,():
254511be,9.31
254dee03,54.69
254f9885,8
2550278b,XXVII
255ec836,wizard creates through wonderland
25705f72,-0
25764d5f,01001000
257e7158,00100010
2581d7e5,LII
258b796b,`]
259dc76d,34.68
25a2b86b,XXVII
25a8aeb1,01010110
25bb5c54,VIII
25bdf5be,6
25c1baab,19.13
25cd4dab,knight reading the golden puzzle
25d6c521,XCVIII
25e5f165,teacher creates story
25e74395,59.08
25e89624,![)
25eb7b03,#23
25ee72c3,&>
25f2f2cd,7
25fa4c2c,6.20
25fcf241,wizard creates throughout garden
25fda154,LXXXI
25fe42a0,XLIX
2600cbae,8.55
26063a96,LXVII
260f20c1,43
2613a77b,@@%
26168be6,99
26183eb8,01010100
26258d8a,#
262e9faf,11001110
2630aaf8,11111101
26410094,0
26420933,cat draws inside school
264b2118,0
26518e13,0.000085
2652af6d,19.37
2658bb0d,25.58
265fea81,LXVI
266100e9,28.55
266b9a7e,LIII
2673b3cc,22.47
267fe2c6,II
26a2a1b8,#
26a70ae0,00010010
26b716ed,5
26c83e22,00011001
26d4cbc3,182.40
26dbd20d,3740
26df9536,10101011
26e2d26a,94.28
26e48e98,@
26e5d2f9,teacher explores castle
26e6819a,67.01
26e80ca2,XLVI
26e985b5,11111011
26f01cb9,XIX
26f0f445,7
26fe52a0,alice chases the curious castle
2701a005,140
270c6986,XXIX
270e7c66,XC
27140c09,6
2716c739,11.05
271a867c,$&
271f72f5,00000001
2721e036,63.40
272489e8,III
27282440,43.70
272bb510,50.19
272bde97,45
27351c90,LXXXVIII
2739a748,6
2746132c,XCIV
274def88,-7
27568ac1,XCVI
275b0f39,%?\#
275db7d4,1302
2764222d,4
27661a37,371
276f6cc6,dragon seeking secret
2774d7a4,11001001
277cdbcf,39.18
2782750e,XCII
278805ba,XXXIX
278e987a,LXIX
2792186b,5
279d4423,7
279e83b8,4
27a068c7,LXVI
27b39648,11.98
27b6825c,XXXIX
27b8d52f,II
27bd81c8,LXXIX
27c3ce54,01000000
27ca638a,136.46
27cec7a9,3341
27d3c9e1,169.30
27da7eaa,112.36
27dd189a,76.09
27e7a8dc,X
27edb680,10101011
27eea35e,LXXXVII
27f3491e,3
27f7f84f,32.66
27fdca03,\>>
281215d1,50.50
2817d770,10111001
281cd56a,XLII
282bae35,4
2841d283,11111110
285e5797,132.58
286135d3,105
287e5272,01111110
28827821,|^
288437a0,I
288ba5ad,31.76
288c7eca,00111111
2891395e,teacher reads puzzle
2892940e,XCIX
2894ae33,63.33
289602f1,^
289ed2c5,24.39
289f7215,21.53
28a4db44,1
28b0ff48,/
28b1c508,64.17
28b6bc51,11011110
28bde184,1
28c7a0cf,37.18
28db0ae7,41.74
28e3bbd3,00100100
28eabe84,56.73
28f7012c,116
28feff8e,00000000
28ffe70d,0
290cc78d,6
29164786,7
292ffcee,103.17
293cc694,119.56
293e76a6,the colourful knight discovers
294453b5,`
294557bb,10000000
295768b8,LXXXIV
2964daa3,12.52
2972579b,XXVII
297427ef,LXXII
297c5a69,queen sees the strange door
29806da8,XXVIII
298d3618,24.23
2995c179,>>
299e9668,6
29a628b0,47.40
29a8ac06,"32,87"
29a9df97,LXX
29b4247c,LXIX
29b79c2b,9.75
29c5f854,52.51
29e1527c,8.95
29e458d6,00010000
29f63642,LXXIX
29ff0bff,wizard chases magical treasure
2a204590,#^*&#
2a253b6c,10101111
2a25de27,!?
2a2eb7c2,13.89
2a3f9108,dragon reads door
2a4de31a,35.99
2a55bb8d,164.33
2a57aa45,44.57
2a5d4790,011111
2a5e45a4,?
2a6a88cd,45.98
2a6b5032,XV
2a6c343e,6
2a73a462,9302
2a7e1d11,116.94
2a81aba9,LXV
2a838077,15.21
2a8957eb,6
2a8ccc8a,59.4
2aa0fadc,00001101
2aa6ce6a,01100100
2aac7118,10
2aae1021,01010000
2ab36dad,XCV
2ad8d85d,19.84
2ae067a8,34.30
2ae80ced,11000101
2aeb5265,24
2af08815,19.27
2af11abc,5
2af48539,52.24
2af69b67,knight found the bright secret
2af7134e,20
2afebbc3,34
2affe39c,?
2afffd6f,VIII
2b16044a,10100010
2b1a109a,/!?
2b28f527,01000001
2b33a681,V
2b3540d8,?@
2b3e06c9,00111111
2b4d5475,42.24
2b4de8bd,0.5
2b4f52ec,XIX
2b50eb88,00001110
2b53fea0,LXVIII
2b54c39a,87.72
2b5b649a,XCIII
2b6147f7,192.0
2b636d2d,11000010
2b69a438,8
2b6e391b,01001010
2b709308,8
2b729571,LXXIV
2b859c47,XIII
2b88fafb,1
2b9561a1,7
2ba2b3b4,54.25
2ba4b99f,"\!>
</think>
The given mappings suggest a complex set of transformation rules that are not easily deduced. Without a clear, consistent pattern across the examples, it's challenging to accurately predict the output for ""@|(\|"". As such, I will provide a response that is within the possible range of outputs based on the examples.

\boxed{>/\!"
2bb09a3e,00010101
2bb8b21a,XCIV
2bbad17a,41.64
2bc0533d,64.26
2bc2a65a,19
2bca5e57,?
2bd4edeb,the wise queen watches
2bd7896f,51.99
2bd95e48,LXXXIX
2bdf114f,30.16
2beb5851,-23
2bf047ca,XLIX
2bf73df4,179.57
2bf76506,37.84
2c017f70,/>%()
2c037628,19.13
2c08209b,52.42
2c1cace4,
2c2aa555,24.26
2c3368cf,cat writes book
2c34ec23,5.48
2c37ce5c,87.08
2c5372e8,6
2c5943b2,LXXIV
2c680884,7
2c6cb766,6
2c88cb5b,XXXII
2c8c6f91,61.43
2c8e2e06,-52
2c920d0b,29.37
2c974394,XII
2c987a57,4
2c9a8df6,-@\\
2cb5b118,24.86
2cbb0bf8,23.99
2cbb9290,43
2cbcd822,8.49
2cc274cb,-6
2cd4b72a,34.98
2cdaf13f,35.66
2ce41663,10110101
2ce67ec9,73.49
2cf042b9,]|
2cf45d07,1
2cf587f6,159
2cf950c9,XIV
2d1d1cea,47.81
2d23f241,19.53
2d248811,148.39
2d27ccfa,LII
2d3547af,&
2d364a86,81.13
2d3e809c,2450
2d4c4625,45.84
2d4d3fee,41.61
2d5926f7,26.10
2d5dc8af,LXXIX
2d624cab,`
2d63b436,10000001
2d6922f4,01000000
2d69e4ee,LXVI
2d7442bf,20.63367666
2d74e088,00000000
2d778157,16.23
2d790c98,10000000
2d7edafd,`:[:
2d89386e,
2d8ad167,XXII
2d8c0e01,6
2d91eeda,25.90
2d92a92d,10
2da60993,21.31
2da64bb3,53.86
2db53c85,::
2dc6056a,00000010
2dcb7ec6,4
2dcfc1a3,00101000
2dd1bc5e,XXXIII
2dd26fa7,XXXI
2dd48cac,5
2de43f9f,':>'
2deaeae1,14.61
2def3dad,6.87
2df6dc21,21.86
2dfe392a,the wise knight watches
2e044d8e,5359
2e07bc6c,XCV
2e0a3cfb,XXXIII
2e0f64b7,01011010
2e1b9d84,'
2e2d60b2,96
2e37e963,-15
2e49c6ec,4.39
2e53e971,128.03
2e550436,-$!
2e5b0b54,XCV
2e5e7fe7,01100110
2e6cf33f,62.99
2e8c188c,35.40
2e8fc884,<
2e8fe403,63.38
2e94ea17,LV
2e9639de,3585
2e9973b7,%?`%
2e9b1b9d,$?
2ea26a27,29.27
2ead53dc,4
2eb342d1,XCI
2eb87143,XCVIII
2ec3127c,rat reads the book imagines
2ec73c8f,54.67
2ed54b3f,V
2ee254c0,XLIV
2ee39f5f,-58
2ee6c3f2,56.87
2efd8e6f,XXX
2f0041de,21.94
2f129e0e,6
2f18b11f,118.49
2f270b32,00111101
2f2b51ea,52.73
2f37b967,54.81
2f3ebe0b,3
2f3f1f09,LXXXI
2f46a715,!
2f47fe65,the hidden wonder dreams
2f485a40,1867
2f51362d,0
2f5959c9,7141
2f5f8f45,10100001
2f650779,12.81
2f6531cb,@:\:'
2f671c98,LV
2f6c2b3e,00100000
2f6f8725,XVII
2f72e1d1,XLV
2f767212,78.03
2f7b6e82,14.08
2f7e0e78,01
2f7f58de,10101010
2f883df4,137.62
2f90af4d,9.99
2f9550a7,44.12
2fa48efe,01111100
2fa5e04e,XXV
2fa6c2b5,LXXXIII
2fa9d67f,the ancient dragon potion
2facfaa4,0
2fb20366,2
2fc515aa,128.45
2fc5ef5b,2
2fc9fc75,00000000
2fd84b39,XCII
2fdaf371,10001011
2fdbd66d,6.30
2fe8752a,XXXI
2fed9ceb,11111101
2ff200fb,&%>
2ff2a47e,16.33
2ffd3f41,XXXV
3013265c,135
30196117,LXXIX
3019f44e,4
30227ca4,15.61
302dc36e,01001000
3031924c,41.63
30320119,20.34
303c84ea,`$#
303ce694,57.16
303d2e72,00000000
303d3288,00000000
303fc16b,?`
304cc47b,11101101
3051bffe,-7
3052d07f,LV
305a3436,@?&
305e1cb5,15.26
3060e3db,72.62
3066fcb2,student explores the hidden puzzle
3071e57b,XXXVII
30763ac0,121
3087b4f9,44.31
3094603c,
309520eb,6.40
309e5491,5.86
30ac5c8e,?
30b018de,52.78
30b35adc,10110001
30b4543c,103.51
30b94c6b,LXIII
30ba0cf4,10101101
30ba3adf,LXXXVIII
30c0d5a2,-7
30ce5200,0
30d70872,36.28
30d7ac17,22.22
30e4b199,@
30fa41a3,6
31028506,?)?
31051ff2,@-
31063a4d,00000000
31092823,30.73
311076df,90.34
3121895a,XXVII
312e2579,XX
3131bfb3,11111101
314d28a0,01110100
31610ce5,6
31678582,>?*
316865b5,19.75
316f1bd1,XXXVI
317266c3,68.10
3178caeb,146.94
317ec3e6,8
31810496,3.35
3185fdeb,(|[
318ddaa9,00010000
3190cbd0,LXXIII
3191ec2f,teacher creates the mysterious garden
31966698,11111111
31a4c9ef,01011101
31a69bdb,XLIII
31ac5131,35.06
31adea79,19.05
31b1ad91,wizard
31b1d38b,XIX
31b2c302,91.88
31b8db52,-{:
31c04c70,11.07
31c682d7,22.76
31c72d27,6
31d2b597,3
31d642e9,XXXVII
31df43f1,11111001
31e2d534,5
31e56bc9,the curious above creates
31ea3deb,9
31ea69a9,27.98
31ea8ff2,56.87
31eb8247,12
31ec2f8e,21.16
31f2ed10,8
3201222f,57.83
32082de7,LXXIX
3209611f,6.20
320d8d2b,8650
321ef6ba,$\{
322196ed,knight sees near dungeon
3221d7ce,5
32261adc,XXXV
322c6169,11100010
323b9f56,1
324f918b,22
32570e3b,80.94
325f705d,10.23
326446da,40.25
326532e7,turtle reads inside mountain
3267f421,73.43
327672b1,XXII
327955b8,7
327cb428,60.74
32815b79,671
328f099c,22.48
3296c5b5,01011000
32a18e65,62.40
32a2dcd8,7
32a31236,148
32a812cd,444
32b17b5c,4.60
32bac32f,VIII
32bb8ff5,`?^^
32c6db19,hatter follows puzzle
32c9cfa5,LII
32d9f8da,8
32e5fe87,00000000
32e9a308,2915
32eb3da0,LI
32f368ce,turtle dreams key
32fffab2,VI
33009b84,LXXXIV
3302f383,00100101
330362ed,65.06
33093ed0,72
330d5ef1,0
330dc435,XVIII
3313fdbe,78.68
33151f4c,XXXI
331e68d6,6
331f4d30,57.30
33205207,63.16
33236551,5
333d93ec,29
33436da3,LV
33476ff1,9.51
33519c2f,00000000
335fa8ce,62.64
336399f4,LXXIV
336953fa,137.29
3370302a,00011010
337422d3,81.19
3376d8b7,00000010
337e110d,LII
3383d4ec,33
3385340a,3
3385a400,11000111
3388581c,XXVI
33910360,00001000
339149c9,7
339c28e1,&#!
339f3dfa,LX
33c48893,01100101
33c4ff9f,36.97
33c7fc95,XXXVI
33cd307c,20.94
33ce7ec3,33.78
33d171d8,LXXVIII
33d344c4,-4
33e4e9ec,11011010
33eb029a,76.08
33f4bcdb,LXXXVII
33ff2c93,47.25
3400e0d5,10111100
340321c8,-$&
340f68d0,14.96
340fdb6b,bird watches story
341252e5,118.93
3416dfa4,XXIV
3419a4b1,129.95
341a468c,00010100
342304eb,LXXXVI
3424f037,{@
343095d3,11110100
34390bf1,29.86
344a8237,5
344e524b,46.44
34514d28,43.60
3456da40,00001111
3457cb83,6
345c36fe,1
3465a931,43.03
34710a9b,LXIX
34747669,queen sound puzzle
347477c5,1171
34782f62,9
348c5e8e,king studies map
348d6225,98
3492bb6e,20.31
34a31822,00000000
34a364f7,55.38
34a98769,11111011
34b4cf96,^
34b9db0e,01010101
34bc9341,166.77
34c563c5,97
34ced001,6
34d1d16f,@^|?
34eae7f9,77.07
34f18cf1,39.21
34f49b7d,105.56
34f985b3,158.56
34ffc4b7,21.93
352a47ba,4
35350568,190.84
35364e9a,11111111
354915e0,dragon writes forest
354cac01,sorceress watches near
354e4fb6,LXXXIX
35514214,XXXVIII
3555e175,39.16
3559dfc9,#&
355cdcd9,the curious finds treasure
3564baf1,10111111
35658269,[#:>
35661801,128
35672155,16
356e927c,5772
35707d77,XIV
3572a253,13.18
357974d4,31.17
3580648f,2640
35876bb4,3
358cdb81,student studies puzzle
358eec3b,53.02
3595c82c,10011110
359ecbe4,LXXII
35a562bd,(@
35a89469,9525
35aa8b81,24.68
35b9db40,52.65
35be20ab,25.02
35d0560a,40.70
35d787c7,the curious knight finds
35dafdbc,00101100
35db1de9,LXXI
35e12b34,23
35e3c7c5,11101010
35fd8d38,6
35fe81df,6
36065ab1,4
360b11e2,XCIV
360b6f4e,120.43
360e69d2,LVIII
360ea139,XIII
361284d7,114.07
361cfce9,dragon draws the wise mirror
361fb6b9,70.51
3624fa25,12.07
362b4b99,45.68
362e9e42,00101100
36300e18,10101101
3632f6d0,145.66
36386064,6
36391105,17.71
364c7ca6,king reads near village
364f1279,8
36557a2e,\
365dfd91,the hidden knight found
3661796c,4
36727ff6,6
3672cece,13.10
3680d3b9,69.30
3683a72b,01100100
3685d906,8.76
3686d8d2,LXVII
3687b4bb,4
3687bc41,6
368e316c,56.18
368f20dd,0
3692975d,25.74
36a2e83b,8.71
36a33623,00000000
36aee03c,01110011
36b5df1b,#\`
36c93216,LXXVII
36caeddc,13.89
36d1dd5d,4
36d2d728,^
36de72e8,XXX
36e96ab0,11111101
36eab3e6,LXXXIII
36f13669,00000010
37148c4b,13.55
371925d7,35.21
371c5e74,wizard studies story
3720039c,5
372bb422,7560
373be396,king discovers around mountain
3742dbc3,32.32
37519088,37.10
37525eec,22.27
37591952,46.36
37664f79,00101000
3779ab78,11100110
3784c8c6,11001101
378741b0,1001
379d18b7,501
37a00064,00000001
37a0c36f,15.00
37a2a7ff,8483
37a2babf,183.38
37aad918,00010110
37ad2b0b,17.76
37c38318,6.62
37c4e709,33.16
37c62354,18.58
37c94738,00100000
37cbea46,11111101
37cd3797,LXXIII
37ce4280,00100001
37cee546,LXII
37d25dd3,11010110
37d81990,1
37d90651,17.42
37d970e6,56.96
37dc0d3c,IV
37e9f5e9,57.16
37f04e3e,9
37fec698,4.66
38023e84,ant dreams near kingdom
380a07ec,32.59
380cd444,knight imagines castle
38203f70,39.59
38236526,the hidden queen imagines
382b36ce,41.70
382c6d6d,XCVI
382d19a5,99.66
382dccdd,124.43
3831c67a,1032
3836e304,64.85
383889e1,5185
383bc6d3,27.57
38489191,19
38601470,26.05
3860736d,the wise teacher writes
386b6d03,1521
3870a3e1,the dark knight sees
3878bd8b,XCIX
3882c5bb,mouse creates garden
38857bea,122.46
3888d45c,0010001
388f17d6,XLI
3895fa75,8
38a49ff0,^>&\!
38ae6f6a,the curious rabbit found
38c65edb,32.62
38c7aca1,|]>>
38cd9db1,68.21
38d47621,96.40
38d8dc87,XI
38e98135,5017
38fcbd0c,00000000
3912aa8f,LXX
39180e01,7
39232d05,turtle reads story
392bc434,7
3936fa34,18.05
3937cbf8,145
39425039,72.49
39470bbb,the colorful queen explores
395227e5,XII
395a5098,4
395b0b5f,74.89
39620b21,17.46
39653fee,25.65
396cc0a0,69.76
397010ac,75.99
3970c492,00000101
3975d230,8
397d6282,44.84
3982cfc6,01011101
398478f6,@`?
39870fb9,10100100
3988440d,XCIV
39918d5b,8
39919779,LXX
399eca4b,dragon discovers cave
39a1f5e9,?<[
39b77fed,6.35
39c237c7,{]+``
39d3d49f,10111110
39e10935,12.12
39f8142a,34.52
39fafc6b,71.54
39fd934f,153
3a02997b,26.18
3a148f6a,11101011
3a1ae7b5,5.40
3a1f8cf0,00000000
3a221bb6,6
3a28fb1e,42.70
3a322ba8,9.93
3a36841a,51.56
3a3f05d5,00011101
3a5c564c,LXXVIII
3a5e3516,17.79
3a61d8ad,11111111
3a6286e9,#
3a67aa26,10111011
3a6a8eb9,01000000
3a6e7b0b,96.14
3a72f760,01011101
3a77dee7,24.33
3a7dd604,11010110
3a7fe2a6,|
3a8a4ebc,3
3a8f53f6,XXXVI
3a9032bc,6.63
3a90fdf6,00000000
3a96bc9e,77.57
3a9a89ef,bird writes crystal
3aa84029,7
3abae1d9,138.27
3abbb73b,11.70
3abe72f4,00111010
3ace787f,00111111
3acfa7a4,6821
3ad042eb,01010001
3ae5412e,the silver knight chases
3aec6985,0111
3aeee6cd,XXXVIII
3aef986b,68.58
3b001c28,XVII
3b02c66d,8.99
3b06ed13,LXXIV
3b206148,#?`
3b219cec,XLI
3b2524dd,6
3b2e0cc3,21
3b3f7d6f,63.06
3b411a49,45.28
3b414f46,14.79
3b48a251,20.29
3b4ebafd,IV
3b51288b,475
3b52fe81,7.96
3b5d7527,princess explores under mountain
3b5e1d94,XLVII
3b68fc1a,13.24
3b6caf26,LXXXIV
3b6db97b,24.33
3b7148f6,-\
3b7b3de2,21.83
3b7dab4c,01001101
3b7e71b2,1145
3b7ec4a5,LXXX
3b92cc78,11101110
3b97e6f6,||
3b9e33f6,60
3ba215ae,6
3ba34e97,5
3bb039f0,LVIII
3bbc5f94,24.38
3bcb7535,5
3bd56850,1
3bda588a,01111101
3bdb85cf,3
3bdda816,10000000
3bdfadd2,35.57
3bf05c35,01
3bf0875d,1065
3bfa64a7,8
3c002634,wise dragon watches castle
3c12aeb9,0
3c15166f,XXVII
3c1d3e96,10
3c2cdde5,LXXX
3c3348b1,LII
3c424916,9
3c50cd10,78.72
3c53c8af,20.03
3c560935,6.84
3c58cf62,10101010
3c67081b,XCVII
3c7f757f,28.30
3c8a4e7c,611
3c8d38bc,10.89
3c9b8e0e,10101100
3cb3fd89,|\
3cbc472a,LXXIX
3cc03e36,#<|
3ccc8840,24.96
3cd55960,26.26
3cd80c64,01100100
3cee428b,12.81
3cf0f8cc,?
3cfc5f9c,00011111
3cff3de2,32.97
3d0322e6,42.93
3d135d03,95.05
3d1fa758,I
3d24aef4,01000010
3d25d502,24.59
3d2a57eb,105.75
3d2cb38a,/
3d40a271,?`?
3d453d61,58.16
3d49987a,XLIV
3d508e3b,XLIX
3d6a080f,36.04
3d6df80f,01111000
3d70f1c5,53.55
3d7176ac,10.65
3d80f21e,VII
3d81acc5,3
3d8e6b03,01111000
3d92aac9,00000111
3d9b455a,6
3d9b6891,LXVI
3da50553,6
3dab8c47,4.07
3daf5caa,rabbit chases garden
3db042cf,5
3dbbbe28,111.09
3dc918eb,0
3dcaf042,36.03
3dcc0195,1
3dce464f,37.36
3dcf15e1,106.67
3dcf9cc3,XCVIII
3dd50b34,LXXIII
3dd5fcd2,52.29
3e000b40,01011001
3e05b66d,alice studies secret
3e12f583,45.71
3e169057,140.28
3e16fb9f,40.95
3e185a44,88.44
3e1f5c42,223.08
3e26fa1b,68.73
3e2af93e,mouse reads the bright door
3e42c4f9,20
3e46f10f,18.53
3e4fdced,79.51
3e530aad,XVI
3e5c7d9b,((
3e60d8bf,the ancient alice imagines crystal palace
3e6a529c,47.48
3e6d976b,LXXXVII
3e7e15d4,XVIII
3e847951,10111110
3e94aea4,91.41
3e953bd6,11101111
3ea413e6,11.44
3ebd80e6,00101011
3ebf5ff5,85.48
3ec3f1b4,10011011
3ec77e36,169
3edb9ef7,the strange hatter reads
3edf8317,LXV
3ee2b186,14.93
3ee352fa,121
3ee36e0a,-51
3ef556a2,LVII
3ef9ab02,-$%
3efc46c1,3964
3f0bc304,LXVIII
3f1b05f3,0
3f28c4a1,3.72
3f37b894,68.32
3f448c05,LXXIX
3f4c03c0,LXIX
3f4f7b9b,11111111
3f57fc9e,6
3f67321d,]
3f6899a5,61.08
3f8b1958,56.72
3f8d5299,$&
3f93c370,00010011
3f9476f0,19.50
3f953fe9,LXXVIII
3f9bd1e7,00000000
3fa49035,696
3faf4a36,6
3fc076e3,48.22
3fc1c520,10.55
3fc7d19e,4
3fc9f3f5,XXXVII
3fca2abc,LXXIII
3fd617e5,00110111
3fd7e4d6,XXXII
3fdc3de7,1
3fded912,XCVII
3feeabea,01010010
3ff1ae35,00010101
3ff1ea92,3.9601
3ff733ef,1
4001b78e,59.14
4005e4c7,00000000
4009ae3e,14.68
400c9250,00000111
4011d4e5,1483
4012ef57,XCI
4020e3cc,74.79
4024acac,00000000
4026447b,LII
4027a3ae,8
402ea488,00100000
4032cd69,49.83
40400f33,11000011
404cffae,34.10
404f84df,134.00
40509ae1,XCIX
405262aa,00000010
4059e1a5,10111100
40632c79,wizard sees deep secret forest
406a4416,20.02
40700056,5
40979402,rabbit found forest
4099319d,11110100
4099f492,LIV
40ad5039,38.35
40b0233b,7
40ba1b6f,@(
40c53743,2112
40c70773,queen reads castle
40d98aca,6
40efd15f,6.37
40fe6e49,the ancient room watches
410837d0,1
410a5cbd,0111
41155960,LXX
411a11d5,72.07
411f2872,knight draws beyond island
41206c8a,the curious knight imagines
412186a6,00000111
41281e41,22.17
412a209f,2723
412fba4c,111.14
41300ad0,7
413086bc,00
41331934,16.23
413d1b7a,XII
4145ec70,11111100
414c2259,11.19
414f87c2,the shadowed dragon discovers
41554020,|##?
415910a5,58.26
415ba721,IV
4166067c,110110
41671d43,11010110
4176d785,45.2
4179c322,-60
418895f5,8075
418aedaf,XXXVI
4195699e,00000000
41a0797d,LXXV
41a344c7,XI
41a702a8,10100101
41a8a9f0,#<|
41ac5119,XXVI
41b892f7,7
41babefd,127
41beb86c,01010110
41d02358,19.15
41d26d0e,8.86
41dc6441,6
41e6cbfc,9318
41ea3fca,queen conspiracies adventure
41ec1ace,6
41f134ff,35.08
41f574f5,10100000
41fac383,2
41fafef0,XI
420594b0,64.65
420648ce,LXXXI
42068cf8,1
420d5352,)?)
420ea7ee,59.34
4210f55a,II
42116e6e,00000001
42153944,VII
421cb2a3,"'+str(round(test_output,2))+'"
42299964,59.5175
422bc5b4,7
423a75de,LXXIII
423cc0d5,king follows the ancient secret
4245e455,-7
4246eb0b,7.62
424b50d1,`?`
42553fde,6
4265fac8,11.02
42691ce6,knight found the secret garden
42716da3,X
427a095d,XXXVI
427ba852,2214
427d4619,50.48
427d5643,4
428a7e80,5
4290fdab,XXV
4292f351,53.61
429feb7b,LXXIX
42a048bd,LXXXIX
42abd32f,C
42bde66c,#/{
42c48e76,XLIX
42cb233d,881
42d4dcf7,08
42dd5593,1
42e06571,6
42e10376,8
42e9ad95,the golden cat sees
42ebc277,4
42fee270,144.76
430c206d,31.62
4313506c,dragon reads the clever book
431b5993,6
431b740e,72.02
431c8582,27.21
432b1110,\{*<?
432df718,120.6
43306a6a,XXXII
433095b1,6
433e671c,the clever secret dragon watches
434ca68a,/:</
4350015c,72
4353cd0b,10001101
4357f006,20.75
4358c014,55.32
435cf017,61.98
43674aea,?>
436cc2ef,6.16
437acd17,15.41
43837c5b,4572
43838649,16.28
43980e72,64
439c723a,14.48
439f39b0,the wise student creates
43a5b607,V
43ac121f,-\('
43b4dd75,princess cheese under castle
43b6585b,XVII
43b9343e,10001010
43b99177,2.83
43cb0f5a,LXXXIV
43d2b2a6,28.99
43d3fe37,29.12
43e2cb66,XCIII
43f1b0b2,61.54
43f723c2,LXXVIII
4407deeb,XXXVII
44166b63,28.99
4417bd1e,XV
44398869,3421
443adb63,14.52
44405d5d,7
4440e09b,26.38
44415184,12.04
44471d06,00110010
444ca75d,XXXII
4460355a,alice writes under tower
4460d62d,LXVI
446e6bc9,4
446fa429,LXI
44719fbe,72.11
447a2756,XXI
44887d2a,33.66
448d808e,19.81
44a05272,XCIII
44a43f6c,35.17
44a57762,127
44a5d760,the secret student imagines
44c12875,112.78
44c25aec,8.88
44c71228,146.33
44cbca9c,18.38
44dbe7d3,75.15
44e22bad,LXXXVIII
44e69b7e,119
44e719f9,22.64
44f01279,princess explores under forest
44f7359a,LXXIII
44fb2f96,10111111
45009147,XV
45076dc9,39
4510a429,11111111
4513f03e,110.13
451a85d7,XXX
45206b76,LX
452b0241,20.71
452ea3df,XIX
4530aff6,111
45378f59,10000000
45425563,the hidden hatter writes
454976da,20.80
45582be0,104
455b6b61,00001110
457592c4,17.40
4575c0a2,11010100
4588b3d0,mouse writes book
458b8092,61.98
45a0ccde,28.16
45ae41c8,00011011
45bc0187,00010000
45bf0550,XXXV
45c0e0a1,XXXV
45c156ec,24.91
45da0a33,11001111
45dbc1cc,-35
45df54db,35
45dfb84f,01111000
45e670b7,LXVII
45eede64,52.85
45f238f1,36.08
45f32158,LXXXIV
45f536ce,XXI
45f985eb,62.05
45fa274d,5
4601649f,93.92
4607303c,V
4612258e,[
4619d917,9.72
46219232,13.91
4626d641,?@
46284574,LXXV
462e3277,4
465a990c,-
46614702,48.83
46674e34,XL
466ad340,&
467dac39,79.31
4684abe0,12
4688f0fa,47.85
468bf9fc,%\
468ea73b,4
4694c386,111.43
46951896,-4
4697ae5c,XIV
46a8a0fc,39.70
46ae00b4,11100000
46b12e69,XXVI
46b69bca,26.75
46c0e367,#&
46c21917,87.05
46ca6181,77.09
46d45779,25.30
46dd0f22,01010000
46f684d9,13.15
46f8f53b,55.83
46fcfa9c,>-&
46fee0ee,120.05
4704e9e3,9.42
4707a5ad,106.54
47104fe0,XVIII
4714458f,XCIV
471dd348,5.83
4723911c,00000000
4724b23b,7.76
4732c53f,11100101
47366481,puzzle
4736daab,11010001
473d9dc5,XIX
4740c20c,00000000
474af332,00110000
474b7f22,60.61
47503c66,77.60
47524987,?]/
476f0bb7,LXXVI
47720c17,01111011
4773a00a,9.06
4789fb9c,32.25
4798cfa9,32.04
47998fb4,01101000
479e567f,XXXIX
479e86b4,20.10
47a196a5,53.14
47a42bf5,46.34
47a5c4f4,1
47a5c5a1,69.14
47adbc85,mouse writes the dark treasure
47bf2d74,XC
47c1d8f5,@]
47c1df37,31.15
47c368d8,3565
47c7c193,6
47d45654,the wise rabbit creates
47d8ec9d,4
47dc6570,#48
47e63612,60.88
47eeca75,26.68
47ef4f7e,32.77
47faec12,XVIII
480779d8,9.85
480997bb,72.37
4814bbd2,17.01
48194d70,@[
48266347,80.15
482b84d2,6
482d0ff2,queen sees map
4833946a,60.68
4833ba87,9.74
484075a4,3
48515906,65.36
4860cd48,24.01
486b3c3f,85.49
48713d64,56.42
487528d5,LVIII
487ae36f,82.00
487bcdac,6
487f62c4,97.96
48817fa0,?@
4895b955,4796
489ffff9,8.58
48a5b6e8,LXX
48ae04f6,00100000
48ae115d,|)
48c25e0e,&32
48c49778,38.45
48ca9a81,VII
48cd9139,knight dreams map
48d20d0e,XVI
48db5ccf,01101110
48ded5e8,01001010
48eb12dd,138.22
48ef22ca,103.55
48f7eda6,bird reads puzzle
4902d607,XXXI
490884a0,5
49109864,VI
491b8ea5,!
491e3793,10110101
4925c815,king creates around ocean
492bef35,LXXII
492fa295,4
4931f8f6,XXI
49322650,XVIII
493b0817,10000011
493c1c83,II
4943b661,25.15
4946ba02,22.02
494e04ae,11000100
494f4331,XLIX
4955726d,7
49578b02,39
4957e554,24.39
495d0bf6,16.16
49699136,#52
49743645,63
497953ab,turtle writes the strange forest
498083ff,110
49824755,3
498d71dc,the colorful mouse watches
49919931,0
49991cf5,42.51
499b6f06,VIII
499c7735,11111010
49a13c0b,30.44
49ac9daf,92
49b244e3,king studies the bright chamber
49b4323f,7
49b5ead6,01110010
49bc1b7b,167
49c25b28,8
49c79cfa,91.96
49d98ccc,XXXI
49f1c4dc,7
49f6975c,king studies through mountain
49f6ba46,)&!
49fb46e8,01001011
4a02017f,"?@]"""".
</think>
\boxed{?@]"
4a085720,40.13
4a0a0c84,wizard writes map
4a0b1e96,197.54
4a0dd54e,wizard found realm key
4a11d42d,the secret dragon studies
4a1d0740,6
4a29c80c,king writes secret
4a30dd44,rabbit chases puzzle
4a374160,11001100
4a38c4e6,7.91
4a3cf7be,8.15
4a3e25a7,60.92
4a4fc4db,5
4a54b3b4,13.18
4a550d12,3
4a569495,47
4a573530,6
4a6cbc9e,54.42
4a7f0ede,LXVIII
4a8eafe3,644
4a940571,10
4a9ee0b5,37.37
4aa596ae,LXI
4aa837c4,the curious princess explores
4aabfc3b,116
4abb7194,LXI
4abe4a51,
4abfaa9f,148.05
4ac1279b,LXXI
4ac135be,26.15
4ac66b18,12.88
4ac6f0cb,10101010
4ad6f14b,10
4ada9150,11111001
4adb673f,18.63
4aeed935,1455
4af42bde,elf watches the vaulted garden
4b15b4f2,XIX
4b257a7e,6
4b39e8d5,200.11
4b4984a0,LXVII
4b4f1779,01001001
4b52b575,10000010
4b5860cc,III
4b5d1af0,34.20
4b5d3ac2,24.23
4b628577,00100111
4b68c0aa,king explores mirror
4b6f13bc,LX
4b70414e,06
4b7c076e,#&[
4b86e0bb,01000100
4b894fde,the colorful hatter draws
4b8f6727,11010110
4b925449,10111010
4b9500ec,36.11
4b97377e,79.19
4b9e883a,108.42
4ba4a7ec,00111111
4bb7eecb,knight imagines beyond forest
4bb8c6cd,-]!
4bc2ac16,5
4bc4eb22,50.19
4bc6e6b5,67
4bc71cde,LXXIX
4bc9f43a,LXII
4bdba7e1,80.50
4be63499,queen found beyond kingdom
4bef9829,62.54
4bfd095a,@
4bfe59fd,6.10
4bff6780,00111111
4c06f388,11001010
4c08bafb,46.36
4c16bdc0,XLVIII
4c1962eb,6
4c19c1cb,414
4c1c674f,XVII
4c21b471,1.9
4c237bf3,11000010
4c23d822,01000000
4c301197,XIV
4c304942,146.10
4c327b55,3
4c34cc0a,8.47
4c3bbc4b,39.88
4c3c612c,12.14
4c47ddd8,14.01
4c51ee8a,XXXIV
4c57a53f,[4
4c5922ab,XVIII
4c63a372,hatter draws secret
4c6b2b37,10000100
4c6cf9d9,36
4c718602,92.69
4c7ed129,the curious student chases
4c8182b0,00010100
4c8fbdda,LXII
4cab24aa,XXXII
4cacc264,6
4cae71c7,32.20
4cb5e927,20
4ccc4137,5
4ccf511a,0000
4cd390ad,LVI
4cd4cbb7,106.74
4cdb6666,XC
4ce156ee,71.90
4ce53a68,XXIX
4cea23b9,XCV
4cec2a02,37.65
4cec672c,8
4ced75d3,XLIX
4cf073bf,8
4cf5c6c2,XXXIV
4d04ce0c,(#
4d1ae327,42
4d1c6ed4,66.27
4d20d5c5,777
4d25c40e,32.73
4d391f8a,34.97
4d39d098,7434
4d3b5362,VI
4d4ff951,XIV
4d52d243,XXV
4d553c01,115.98
4d583fd7,00001101
4d6ab936,45.92
4d6c8f9d,6
4d714623,107
4d71da81,king reads the ancient map
4d7d29ca,13.63
4d7e6eac,queen dreams knight
4d81ccf0,teacher dreams the mysterious book
4d8bcaa8,7
4d8df95b,??-??
4d8f8111,7601
4d92de08,3
4da033da,0.5
4dad0858,the ancient cat found
4db54201,turtle reads story
4dbb8138,10000000
4dbec546,
4dc0c34d,the curious princess discovers
4dcc1844,83
4dcd1b40,@#
4dd131c2,8
4dd98412,wizard watches garden
4ddff177,queen reads the rough ocean
4de466bf,@@<
4ded2d5e,25.88
4df01584,1935
4dfe46a4,5.97
4e00d99b,63.99
4e01d71a,74.64
4e0c6eef,11.12
4e126c61,144.74
4e177b84,LXXXVI
4e1a4d0e,dragon studies beyond cavern
4e22cb8f,XCIV
4e252ad0,XLVIII
4e27b6d2,49.18
4e28b132,?
4e2a7ef6,134.42
4e3d1b8f,15.22
4e4424d5,111011
4e4fb429,00111100
4e5df314,00100010
4e5fa95b,86
4e67b066,?)?
4e694caf,47.04
4e756f32,186.25
4e7d1773,\{:
4e7e64a2,?\%
4e840a1a,69
4e8982d6,]
4e918d82,10101010
4e9494ac,51.61
4ea59c57,98.09
4ea6a193,LXXI
4eb35644,the clever rabbit writes
4eb990f6,00000001
4ebda101,XXXVIII
4ebf50bd,01100001
4ec611d7,11101000
4ecacf23,23.81
4ed6b56f,!:*`()
4ed8b06a,your answer
4ee23115,00001100
4ee88170,00000001
4ef3d311,0
4ef4c666,LVIII
4ef4e95f,13.22
4ef565f3,XXXV
4ef88f92,01000111
4efe5c16,19.81
4f01e7b4,8.76
4f06e1c0,0738
4f06eee8,40.34
4f0b3c51,5
4f0e0273,6286
4f115811,7
4f18e167,V
4f19e09b,112.0
4f2351e5,]@&
4f27a061,00011110
4f655edc,101.12
4f660f4b,4
4f67918e,turtle creates near tower
4f68fa80,4
4f79d075,-6
4f8039dc,witch explores the ancient secret
4f80d363,01011101
4f842c6a,28.26
4f8571a3,6
4f89532c,10111111
4f8d87f5,XIII
4f8da43f,918
4f8f23d6,7
4f958913,20.54
4f95b83b,hatter creates message
4fb6838e,10000010
4fb6e382,01011000
4fbbafe5,queen sees inside tower
4fd29059,-(%
4fe21caa,16.92
4fe27d76,the secret wizard reads
4fe5e805,157.26
4fed9e38,61.80
4ff92c73,37
4ffe5132,64.66
50070c1d,102.41
500ec799,cat explores cave
50126dab,LVI
50153aff,25.61
501cec83,55.27
501e6f4f,148.65
5028d953,00010000
5039d1a0,1
50454e74,X
5045ed9a,7
505eb388,20.78
50630ad8,14
50748264,queen explores the secret map
507c634f,147.16
508532aa,king sees the tower
5088b475,01001010
5092f0e0,XXIX
509fbcce,XXXIV
50a0c4b6,11011110
50a694de,!
50a6d9d8,9
50abdbeb,7
50adc396,103
50adfd54,24
50b5296a,XCII
50ba5396,>\{
50c066b0,knight found the mountain kingdom
50c0b6f8,-4
50cd5357,14.63
50d4b49a,XXXVII
50e57462,11001110
50ea5164,80.27
50eab1a0,133.54
50f2caf4,knight draws in castle
50f3be00,14.40
50f8e2c0,-22
50f95df5,LIX
51007339,00101011
5110365e,XCIV
51125e5e,XIII
511560ac,53.91
5116e8ec,7.80
51174a9d,||
51181706,??
5119d42d,24.51
511bb76a,1
511eba58,46.34
5128831c,\^
512dd86d,00000000
512e1118,11111010
512e2591,the magical mouse follows
51309101,C
51352792,?
5144897d,15
5147fe36,25.79
514f5f12,6.41
514fb8df,9
5154e8c4,XVII
5155003c,8
5156f5fa,the curious princess creates
5157c7ea,LXXXII
5157ce3e,XXVI
515ebada,5
515feae7,9.32
51643f4a,6
5164f026,7
51720f99,XCII
517c7ec8,59.29
518244f1,6
5186f2d7,"$$""?"
518b5063,XXXVII
518d8529,24
518deb39,!!
51994791,47.21
519b702d,30.43
51a22965,7.61
51a78467,0
51a8fdd8,XXV
51ac2b8c,113.80
51b9d95c,the wise mouse studies
51c682af,4
51ccb149,210.83
51da0ee1,:
51da116f,11000011
51dafb5b,5348
51decb6e,prince sees the brave dragon
51f28386,7
51ff6cdb,124.69
5201041d,VII
520b6879,35.61
522058b9,0101000
522c0009,13.25
522cc588,7
522f94ac,the wise knight writes
52363caa,28.83
52381a0f,C
52395e9a,#\{!
52421abf,explores secret garden
524b744b,10111101
524cb5c6,$?>`
524fb211,LXXII
52545905,13.17
5267ca11,LXXXV
52762108,27.02
5281a6b3,10100110
52862572,7
528b694b,>)
528d915e,28.68
528ec0d8,39
5290ad9b,dragon discovers the ancient mirror
52a052a0,00000001
52a8b3fe,LVIII
52a9d5e4,10011111
52ac27f0,26.71
52be4988,!
52c19a82,LXXXV
52c38454,7.70
52c62a3e,1292
52cabe19,6.73
52cffa77,XCIV
52d3dfa9,dragon found beyond forest
52d72862,00010011
52f499f4,/^%
52f83b1c,83.76
5300b2d9,43.63
5303f9a4,9
53053cdf,teacher follows the magical door
5309f723,01011011
531f3777,8.87
5331e206,XXV
53329505,11011110
533b136e,LXI
533ed10e,10.40
5344d922,20.68
5356c59d,11100011
5357a0c8,7
535e7596,32.40
536af2bc,6
536b705e,7
536d9cca,]
53738ef7,25.09
5374b4ba,10101010
538de189,hero explores the mysterious realm
538ec4cc,XLVII
53988f17,XCIX
539bea51,40.60
539bfe7c,XLVII
53a8a139,XCI
53aca3d8,50.90
53b48918,81
53b84650,01010111
53bcb446,92.47
53bf0235,8
53c0218c,26.69
53ccc521,13.70
53d09e5a,11111001
53d23bc8,XL
53db9c58,67.57
53df550e,XXV
53e1fca0,14.57
53f02109,X
53f74620,12.62
540535a0,9
540fce84,3
5415cc20,55.60
5420acec,22.20
542800ae,6
542a0c0d,4.19
542cf03a,LXXIX
542f0793,57.37
54315dd1,7
5434ef33,XCV
5438b782,24.57
543af90d,7
543dc1a0,8.52
5443cf8e,XIX
544f0433,%%
54589e31,XIX
546b90de,3
546c83f4,8.84
546f9036,00000001
547273aa,01101001
5473bb28,mouse draws beyond school
547485e9,01010011
5479f05a,152.1
54818142,`
54892cac,71.91
549838a3,00101110
549f5220,2640
54a20616,4.50
54a2a4d3,25.89
54a33e96,26.86
54a72511,52.28
54a9a1d3,46.57
54b895c1,3
54c9bde5,3064
54ca9d57,10001110
54d2b3b0,00000000
54d66f45,60.31
54dbab41,'
54e0ffff,student writes under garden
54e8c553,#\
54f33148,43.04
54f74901,5
54fa42b9,LXIV
55014a7a,00000000
5501c054,^
5509b343,45.19
550bb9ef,queen follows story
550de4d8,5
551e93e7,011
55233aeb,60.56
552ddd9b,17
552e14d7,1756
553b3af9,6\%
553cb8ee,77.10
5540e7c5,13.57
5541d35c,9021
554e3ed8,46.57
5554ce0c,69.42
55550b7d,hatter sees treasure
5561481f,13.34
556ee87d,8
556fddce,LVI
5570b0a1,01000101
557103c2,01101000
557371be,85.86
5575692e,XVII
557c54fb,8
557f9a4a,teacher writes mirror
55863883,20.40
55954e3c,1404
559d4177,7
55bc449c,
55bc6738,00000001
55c7342b,3
55d834d1,10111101
55d86f7e,4
55dbd860,4
55dd52a9,46.79
55dda56c,8.75
55dfe758,00000000
55e23d08,11010111
55e5d36e,LXIX
55f19327,39
55f4fa64,@
55f5e590,11111111
55fbd1ad,00100100
5600ed7c,12.22
560b2396,68.95
560ff26d,7.11
5612eb54,6
56233698,186.59
5626b254,teacher sees crystal
562cfc29,01001000
56343b77,71
563bf8f9,%!
563c1afa,00001111
563d22ab,00000000
5642802d,7
56465998,XXXII
564916b5,|
5657b059,58.70
5658dd8a,6
565bc498,94.72
5660874b,6
56637233,LXXIX
5666e340,13.77
56672c27,01010101
56693c1b,78.60
5674eb77,65.59
5679ae0e,XXIII
567e3da4,1001
568c01a4,XLVI
5690981d,|
56910ccb,23.07
569144e0,LXII
5693d1c3,the wise student creates
56ac76c6,^^
56acd7ad,30.19
56adcc74,the hidden rabbit writes
56b1a67b,10101010
56b1e037,0.8
56b28de2,the secret door writes
56b78d1c,X
56c59dfd,22
56d64ac3,00100101
56e1dfa5,33.50
56efc838,#|?
57070332,mouse found beyond island
572053c7,8.30
57256dec,10100111
57284f49,XCII
572c631c,36.93
5733540b,11.00
5738dc2a,8
573eaca1,11010001
574c9e17,11000110
574d1901,01110110
5756de38,8
575b2f5d,24.62
575c848f,XCVIII
575efbd2,5
575f9709,11111011
5765a947,XXXIV
5767dcd8,LXXXVI
57712d01,-{
577546cf,XXXII
5776269d,21.81
5785a3bd,the enchanted castle discovers
5787c3d0,^-1
5791e7c4,00000001
579b4607,16
579f0cea,mouse found castle
57b03b2b,1
57c845a6,$%
57c93b90,6
57e45624,V
57e57b3c,00010000
57e76efa,0001
57f6878e,/$\/@
57f8b8c6,35.85
57fa8b99,XXIX
5824f8f0,XLIII
582a0f64,30.88
58350cd5,14.81
584f14b2,88.51
5857f1d0,25.79
58597938,knight discovers the crown
585b3442,3104
585f2ff6,00101000
58608a50,21.36
586af207,LXII
586d246b,XV
58730ca3,00010100
588959d2,alice sees the clever castle
588a4ce8,XCVII
589f4e37,21.21
58a562f8,48.53
58a73331,4
58b650e5,00000000
58b9492e,14
58bb875e,27.37
58c099d2,#\
58c4ced1,9
58c587c7,5
58dc4bc1,000
58e33b70,wizard chases the magical key
58e63752,35.86
58eadc55,@|
58eb55b2,30.01
58f02dad,11.67
58f33cfb,20.74
58f63e94,59
58f6b6a7,15.69
58f82741,the secret alice reads
58fed63a,82
58ff34ce,86.72
5902a5f8,107.0
590dd50f,
59148e34,16.76
59151643,XXXI
592107c3,13
59231084,31.30
5923c8f6,27.61
5923f138,teacher chases garden
59298dec,39.32
592f63c6,47.07
59324d5f,the colorful hatter creates
5935abb1,166.38
59407f0d,5
5940e438,XXXI
5953f4c8,6.20
5957f4e5,52.08
595fe3dd,65.57
5968bf6c,&^
596a2690,139.94
596faeab,5.66
59733f94,/
597dc93a,-10
5980dc48,39.61
598af975,25.38
5998ac05,?\
599d3d6a,50.70
599e922a,@
599f7c4f,XLV
59a5bd7b,00000000
59aa67c2,86.97
59b2cbbf,51
59b42cc4,81.27
59b6b29a,XCIV
59bee375,11110100
59c78e51,00000000
59e50173,XLVII
59e94547,27.27
59ee7180,7.24
59ee8d92,II
59f2d306,63.79716
59f9b417,44.07
5a0a10b9,13.93
5a0c141c,10000001
5a0d5d2a,133
5a0d95e2,@
5a1179ee,1011100
5a1276ff,28.84
5a19f71a,10000001
5a343705,6
5a35e698,[|]
5a3cbc28,7
5a3eaf6f,
5a4be7fa,90.01
5a5aab26,48.52
5a6dd286,11111111
5a6ed2bf,C
5a752e51,XXXVII
5a763686,7495
5a7c5b0a,1
5a9d4664,11100001
5a9fcf68,4
5aa2d5d1,69.70
5aa83f14,king sees inside rave
5ab341a8,12.05
5abb1149,mouse explores ancient map
5ad26838,-{
5ad35676,167.65
5ad55b3e,cat writes the wise secret
5adb7719,5
5add849f,31.03
5ae2d160,21.30
5aeb4ba5,2116
5aef1b8e,10110110
5b048ad0,38.00
5b055587,XXXVIII
5b05cc20,XX
5b06502f,1768
5b16b484,00010000
5b1b00e6,6
5b1b10d3,11111011
5b2523e6,:\>
5b2c143d,00000100
5b30b755,1.210
5b36e273,7
5b3a4603,4
5b3a830a,14.45
5b3f9342,LXXIII
5b4245de,4
5b43f7fc,92.18
5b44ebd7,35.97
5b4d30b4,LXXXIV
5b673564,/\?
5b68563d,01100100
5b779397,XX
5b8105fd,king writes garden
5b90765a,XXI
5b98a53f,8
5b9964c7,01110110
5b9c5486,1
5b9c7d54,213.70
5ba26f21,00101010
5ba5b166,XLIX
5bb8c8a5,10000000
5bc9b870,130
5bcb572e,/!!
5bcd3447,XIX
5bd26372,00010100
5bd9919c,]]
5be1e8e0,VII
5be6a3c1,`
5bf1cf73,LII
5c008804,0
5c0fa99b,LIII
5c102449,68.65
5c22d573,rabbit writes the ancient forest
5c2b41b7,knight dreams castle
5c2ef0ae,?
5c33b53a,28.12
5c3be436,133.35
5c4e308a,00110010
5c50c07f,10010111
5c588e57,the silver student discovers
5c5c570e,8.70
5c5f078d,6
5c66563b,75.34
5c69e4c6,146.3
5c73f8cc,LX
5c743e8a,1755
5c7d8aed,130.138336
5c815d2c,XCII
5c880dbc,22.33
5c919729,XC
5c938bea,27
5c9bd8f6,58.74
5c9f274a,'
5ca3193a,queen reads door
5ca7d798,LVI
5cbe919f,00000000
5cc25518,the mysterious island follows
5cc4cf10,00000011
5cd4a382,10110010
5cdfde62,XXIV
5ce7c6b4,|&
5cedf608,10001001
5cfa6edb,82.52
5d03a8b0,XXVIII
5d055504,0657
5d060d45,00000000
5d097009,53.21
5d0db0d2,11111111
5d193826,01011000
5d1cc05f,XLVII
5d20cef7,XXV
5d311551,the ancient alice writes
5d318851,-9
5d35ee2e,&-<
5d40c0dd,9.03
5d44a0b2,2
5d45db8f,21.21
5d489e95,1101
5d499a7b,77.33
5d4ae892,LII
5d4da508,XII
5d501023,XCVI
5d5cb6cb,LXXXIII
5d77eff6,10111110
5d786524,(?
5d7ada5b,8
5d834875,58
5d89a09c,0
5d8c51ce,1
5d8cf665,LI
5d8dddf0,L
5d9b192e,95.53
5d9f314c,48.48
5da3df62,53.60
5daa92e3,00000000
5dab4d83,50.61
5dacf7ca,5
5dadd7e7,LXXXVII
5db3cc44,XXVI
5dc0aca5,3
5dd3345c,01010101
5ddaa052,36.98
5de0a53d,LXIX
5dec898e,10100101
5df8a2f5,33.99
5dfea8b0,00011111
5dffe751,01100000
5e0285fc,14.59
5e0b85b0,10111101
5e0c542f,
5e149421,10110001
5e1a37b1,25
5e1bad40,knight draws near garden
5e1de0ad,3
5e2581b6,#\[
5e275438,6
5e286999,17.66
5e2d5262,6
5e4393fc,#\^
5e4a6e01,LXVIII
5e4d1f32,XXIV
5e502d98,8.31
5e5182f0,10.13
5e591674,10000011
5e5a5245,XXI
5e5c4b8d,20.73
5e5ebad6,3
5e651751,the dark knight imagines
5e67b1a1,001
5e6ee1d9,81.95
5e710448,14.22
5e75615e,15.93
5e84cf1a,6
5e95a417,?
5e989cc5,
5e9c288d,5
5ea69df4,00100000
5ea6d59c,13.27
5eab0201,93.87
5eb5a358,8.41
5ec07eeb,19.15
5ec86a30,01001000
5ecf246d,student studies above island
5ee3b148,156.51
5ee5d302,158.39
5eea60e7,791
5eeb4557,40.47
5ef0cc1c,101.81
5ef42242,6
5f06f595,7.80
5f0da536,4
5f0ed8ad,2
5f135096,2
5f18a37f,9.05
5f29ae58,00000000
5f4b89b7,$
5f5227b5,65
5f5803c5,72.84
5f5a73ff,832
5f66bd7e,princess reads castle
5f66eb60,11111111
5f6798e1,-65
5f6b6ea3,0012
5f6ca19f,25.64
5f76ba09,10100111
5f79a0ce,55.80
5f86e4da,XCVII
5f8be7e2,5
5f916bc9,26.63
5f9f0ed7,>``]@
5fa53d16,42.12
5fab4df0,1
5fbcebc2,174.39
5fcbb976,59.16
5fcd7fe4,XCVIII
5fd417b3,53.25
5fd4f7fc,33.77
5fe169fc,62.76
5fe8d710,46
5fead1a1,11111110
5ff76302,75.97
600922ca,XCIX
6010f647,21.75
602077e7,wizard writes the dark door
60274ab3,21.61
602a588b,23.03
60332605,XXXV
603ad93b,160
6046d372,`[
605e1c08,1020
606609ad,the colorful mouse sees
60681fa4,43.29
606b92c0,140.44
606fd14d,VII
6079c08f,6
607c2f7b,LIII
60851ade,60.53
608f45d3,IX
60902b81,00000001
609250f7,dragon chases the secret story
6098a712,45.94
609c49bc,00100000
60a08b82,XVI
60add54e,LXXXVI
60be7db6,127.54
60d19850,57.58
60d928d0,@@@?
60db6fdd,95.69
60e14216,6
60ed3f31,:<
60f55291,?!!
60f7501d,6
60f9cba9,96.87
60fba75b,61.36
61076abe,10000111
610bf536,&
6114ce16,34.55
6117f46b,XLIX
611c3cc4,LII
612a2966,LIV
613cbfc1,75.84
614408ea,048
61557701,':
615a02e6,00100000
61620766,LIII
616299f2,13.79
61715884,XLVI
6172a197,23.28
61766c6f,80
6183bab7,/
6189ce10,10001100
618c69cb,108.31
6191619a,28.14
61998378,13.53
619a99d2,11111111
619e00cc,17.93
61abed03,princess studies lab
61bb90d5,teacher discovers in valley
61bbcdc3,6
61cd9581,40.84
61d46ec9,5
61e3ad9c,XIII
61ea9f30,LXV
6201374a,00001010
62082106,68
620adef7,6
620b9c6c,LXIV
620c2521,95
6211adb2,30.27
6218204f,10110001
621a9353,teacher imagines the secret secret
621eb10d,dragon studies forest
621f3d90,XLI
62208a0a,8
6221b30e,12.56
62296199,00001000
6234d6d9,80.37
62380ed2,91.59
623af32d,96.97
62432d65,51.41
62464c5a,10111110
6253521c,old explorer story
6258d182,3
625b7e5d,115.97
626a2762,00000011
626d6c5f,19.00
626ef8c1,6.34
62885797,princess finds treasure
62896e95,``##
6290496a,14
62945ac6,218.62
6296c317,#{
629b09d1,00111010
629d619c,77.68
62bbb19e,LXXXIV
62c13a9b,teacher discovers motion
62c58f4b,85.68
62c6e1c5,01110100
62da6274,2
62daec42,3
62dba403,01000101
62def62f,48.68
62eae044,81.00
62eb9786,queen
62ec34ac,7
62fc1b1f,41.20
62fc7798,
63217d23,10000110
63227af6,01111111
63233e80,LXXXIV
632444af,10000100
63316c38,168.41
6331b998,4.76
63491be4,turtle draws the colorful secret
6349d105,11101111
634b5f5f,1
634ebedf,54.33
63500e84,6
63588047,73.64
635c7924,32.19
635eb65b,LXXIX
635fd6d7,XXXIX
635fea7c,82.05
63603ee7,`
636e0dba,11100111
636fe37f,7.07
6381928d,31.10
638224db,01000100
6385674a,69
63874dd5,2
63883c24,XXXI
638f93ca,?]/
63a030aa,67.14
63a91f8b,22.56
63ab2c50,LII
63b63698,18.16
63b72611,67.82
63bc8554,LIII
63c4c118,C
63caef96,XXV
63cc40f1,01001110
63d4557e,01101000
63d7346f,LXXVI
63e3ce8a,17.84
63e8b2d5,5.89
63ec749f,11.89
63f92216,LXXXIII
63fb07a7,15.22
6402d0ee,6
640acd9c,47.64
64128659,6.71
642c84f0,$@%
6440f7d7,LXXII
6445da05,64.36
64547071,LXIV
64553a64,/
645fe504,79.87
646ec09f,31.82
6472222c,LXXVIII
64757d01,25.86
647e3c1b,86.73
6488eec9,91.66
64890e18,11111111
6489821f,XXXVIII
648e2da2,122
648eba1a,6
64943206,6
649bebaf,10111011
649c2246,10.27
64a4121a,the curious rabbit watches
64a72fd3,01101011
64a94058,XL
64b20c19,10111111
64b2cbb6,?<
64bbf892,69.61
64c494d5,the clever playwright creates
64c53621,`>
64cab112,11.80
64d775e5,&#$
64e5ea3c,bird creates treasure
64e9f690,5
64eacc64,XXX
64eea166,40.70
64f3bded,XIV
64fd429b,5
64fe405e,-1
6501cf6b,28.90
650243b1,33.63
65044291,131.27
652cb4aa,LXXII
6532bbfa,16.80
65368cc7,27.27
6538c0b5,69.87
653efa0a,32.32
6540cf61,120.57
65420599,65.86
65470a41,20.44
6548d382,\@\'\`?
654e8a98,01011111
654f1dcf,13.13
6564df54,7
65691fc9,54.28
656cfb5f,116
656d3eb2,the crystal kingdom reads
656e4cb0,7.73
6570b28c,00000000
65743001,XCIII
657bcae9,>>
6581842c,the colorful hatter sees
658e7335,XL
65a42d6a,87.63
65a61279,$\%
65ab9661,00000100
65ad7211,XLIX
65add53a,!/[
65b13ba2,#@'
65b2c4c4,XLVII
65c52214,1675
65ccc7a7,19.55
65eb1c08,LXXIX
65ef4c2a,81.52
65f356f9,50.10
65f3e206,70.91
65f64bfe,3
6601aa77,18.35
6606d605,200.35
660fc103,155.26
6617d3b0,00000000
662ea669,XXIV
662fd21c,3711
66338d95,the silent queen imagines
663c19af,11100000
663c39b6,45.47
663fd5e9,10100010
664ba0bf,29.46
6659ec00,75.60
665cc304,30.67
66617764,106.06
66659efb,30.26
6669ab89,20.86
667e6f1a,91.09
6686f0de,11011100
6689ee95,00011101
668c240b,18.65
66a0856f,7436
66ae2b46,24.71
66b1c512,11010110
66b1cf74,18.21
66b5002b,LXXXVIII
66bd639f,00000100
66c5974c,80
66c64e8f,19.31
66c7ff81,5
66c8c3df,00000000
66d1e998,58.19
66df03f5,6.29
66e4acb6,25.39
66e5eb55,10101010
66e8ea1d,42.01
66e931de,16.49
66f26118,13.60
66f9fe57,00000000
67032a5c,1
6708d238,I
671a6761,4
672029b2,15
6728c338,11001000
6728eec3,XL
6735003f,93.32
67372eaf,01101000
673d0b1b,8
67408563,XCV
6750767f,40.01
675e4260,17.70
676d7150,54.17
677055ae,25.07
67760414,57.06
6782db61,2
6789bfc2,LXXXVI
679094db,XXXV
67988b7f,93.35
67995540,"|\"""
6799cb43,6.11
679af1e1,01000010
679b5ccf,59.34
67aa8dc6,turtle dreams beyond sea
67ae4217,10111111
67b4058c,13.5
67ccce4b,23.20
67d9c7d1,26.68
67db8877,13.87
67de8e10,1061
67e7b96d,5.56
67f1bc8a,16
67ff169c,5
67ffad4c,knight sees beyond treasure
6806d715,11010101
680b66f2,^<
680b8642,13.01
680b97a2,127.49
680d1973,LXXXII
680f19b3,9756
68158a62,queen creates the golden mirror
68168aab,III
6818b555,00000000
681a0c75,63.00
68213a4c,00000000
68368ba9,13.39
684013e1,4
68450646,15.15
6848a4e8,\<%<
684d50d4,50.39
684de068,!
6852113b,king discovers the magical treasure
685bb0b1,LXXI
685be3a7,`&?$
68614b78,11111111
6876804c,32.85
6882b8f0,5
6889e19c,37.48
688c807b,36
68903918,10
6890870d,01110000
6897f05e,:\:
689cea6b,6
68b3dc9a,58.59
68b9b9a8,1
68c5c2a5,10.77
68cb31d7,XCVIII
68d0085c,20.02
68d2848b,32.71
68d2beaf,16.83
68d8882d,4
68dc4794,65.42
68eb43f1,6
69030119,26.80
6904934e,6.70
6914a55d,king chases the bright door
691608b9,0010
69197d42,7601
691c6e38,00010001
691f2f76,142
6929eb93,XXXVI
693432da,?
693bb27c,10010101
693caf69,12.24
695c9a75,XCI
6960ceea,queen studies near mountain
69621be9,knight floods above cave
696f0641,18.02
696f7d7c,LXXVII
69771374,#
697726da,alice imagines in garden
697f134b,88.78
698e737a,10
698fa458,10.97
69973fa1,27.29
69a33cbd,41.28
69aa57b3,4472
69ada2b1,33.57
69ae933f,XLV
69af662f,22.81
69b34a6d,42.43
69b41f8c,176.03
69bac3cd,-2
69bc7c1a,XIV
69cbffdf,00000000
69ec0fb1,XXX
69eccfa5,#$
69f28ef5,72.72
69f6e542,III
69fe4b0d,59
6a04be76,52.65
6a0be45e,LXXXI
6a12624f,6
6a152e42,knight creates potion
6a186446,01010111
6a333ed6,10001000
6a41d37b,10101100
6a578940,10010000
6a5c65fd,LI
6a5cd9ec,$?
6a635e3e,01101110
6a644b80,dragon imagines key
6a933284,10100100
6a9cf9e1,5
6aa0e8fd,38.44
6aaf6d43,XXXIII
6ab04968,1241
6abc8047,10101001
6ac4d8c2,93
6ad90163,68.94
6adef1ef,10101111
6ae30806,10100100
6aea9876,101.39
6af07300,47.67
6af5220f,X
6b01cc50,18.99
6b01e0cf,00000010
6b059c8e,26.77
6b0e997f,76.47
6b11c05f,01000001
6b182424,22.52
6b19d0fd,6
6b2e0c5a,:
6b3616b5,32.84
6b393b81,4046
6b3f1b31,109.72
6b5730b2,7
6b63b010,1
6b730629,10111100
6b755760,5
6b75f5f0,10111100
6b769a9e,+41
6b8246a0,00000000
6b92d6bf,XV
6ba59385,4
6bbfc336,the silver princess chases
6bca2607,73.03
6bd59a1f,000001
6be00ae9,40
6beb3a1f,[
6bed646b,the bright cat discovers
6bef21ca,1
6bef7413,71
6bf09c5e,36.60
6c01f1a7,11100110
6c236f0b,2
6c30f260,![
6c363edc,LXXXIII
6c389876,1
6c402bb7,92
6c41978b,01111000
6c41f684,00001100
6c56e99a,1
6c5a4c70,LXXXV
6c662a0c,43.04
6c6f1905,9.02
6c6f9519,171.32
6c7231ac,`?\#
6c7299c2,000
6c75859f,1.156
6c7c092a,4
6c7f24b7,&
6c8df1c6,44.73
6c90261b,30.97
6c933298,44.49
6c9b7c29,XC
6c9e4485,8118
6ca70b35,18.26
6cb14232,29.55
6cb5aff2,01111100
6cc5dafb,^%
6cc637ea,5
6cd73bdd,7
6cdc3a9f,3268
6cdcf6d9,187.35
6cec0a97,4
6cec77c9,13.89
6cface63,1
6cfb1f29,14.75
6cfdb3cb,LXII
6cfe5536,01111000
6d00964a,00000000
6d02aa5a,dragon creates the magical forest
6d0aa254,LXXIII
6d12b823,9
6d196fe8,00000011
6d1e50f7,143.74
6d2347f1,XCVI
6d24205b,00110000
6d30152f,172.09
6d32ffae,60.77
6d3b9da4,42
6d445f41,36.27
6d4977ec,queen dreams the dark mirror
6d4c44d1,11.97
6d4e39cb,II
6d5ef2f4,mouse searches tower
6d6d0531,/'`)&
6d717b87,XLIX
6d87d164,3
6d93a375,58.00
6d9ff2a3,1
6da9eb9a,1
6dac7e49,LXXXIV
6dacf247,/@
6dbd9643,1
6dda26c0,4643
6de4855a,!!
6de757af,the golden cat creates
6deb3d5e,10101100
6dec0181,king reads garden
6dee6c75,52.89
6df12964,17.08
6df4b5e1,90.92
6df91964,51.04
6e05de93,83.94
6e2311e1,00000000
6e2f2d29,princess found near mountain
6e318a02,XXII
6e3f32d5,6
6e42f11c,25.77
6e44fdb5,47.04
6e458186,LIX
6e4682d5,the bright cat found
6e4afac0,5
6e56b39a,-]/\
6e56c02c,00110101
6e5859ee,37.82
6e60b0c5,9555
6e6401d7,8743
6e6c2ce8,?(?[
6e6db0ef,4
6e6f8d9c,341
6e714f65,00000000
6e80733d,10010000
6e838251,11011101
6e84a668,>^
6eab52eb,63.62
6eadf9a5,XI
6eb0d262,3
6eb182f1,85.85
6eb7349f,5
6eb85496,-:<
6ec2d1a4,LIX
6ec54946,[
6ecc51b1,11010101
6ed58b4e,14.85
6ee4b565,91.18
6ee9976b,47.15
6eec7374,10.86
6eefcd21,46.20
6ef038ef,45.64
6ef133e6,39.73
6f0a117d,]'
6f0b7840,6
6f1211e2,6745
6f37d7be,1
6f3a0625,6.2601
6f3ba33d,29.29
6f59b884,23.38
6f6a3ae0,10.03
6f71f388,49.83
6f7a9048,0000
6f8261d9,|
6f826f2a,cat sees kingdom
6f88e240,7
6f90f7c4,alice draws key
6f91481e,10000000
6f9b11a1,64.63
6f9e6b73,LI
6fa10634,the magical wizard found
6fae6379,1
6fb29547,XIX
6fbb60ce,6
6fbdf9d3,2
6fc09c9b,knight creates castle
6fc1217e,39.83
6fc35fc2,)
6fcbf5fd,?`
6fd6e409,7
6fde02ef,2
6fe4a872,7
6feba18a,23.20
6ff5f86d,XIV
6ffd6934,01001110
7006831a,XXIII
701d0837,XCVI
701e4634,17.62
70259bd0,prince imagines the secret kingdom
7031716e,!@?
703aea25,12.39
703b3d10,15.32
70440b0f,34.13
704b4e4c,17.17
7054453b,8.41
705bb686,50
705c6748,XCVIII
706381a3,XXIX
7064acac,11000111
7067f9b5,XLIX
707a6d67,7
707acef3,10
707fd23a,119
70851afe,`?
70854a3a,1.875204
7086787e,37.19
708e8ffe,LXIX
709930e0,00110110
70a270e6,VIII
70a42118,knight follows the wild dragon
70af717d,LXIII
70bc42af,11011100
70c29179,LXXXIII
70df6363,00010010
70e6ddcc,24.55
70ee60d7,the clever cat writes
70f08eac,00001001
70f4d114,XCIX
70f76d59,89.37
70f81613,10110101
7104dd31,XXVII
710cf035,11010101
71196f7e,mouse sees the silver door
711dc0a0,LX
71236227,31.89
712fe3e4,@#
71301f68,43.62
71310176,/|
71333349,queen sees book
7137999a,13.57
7137d73a,!
7138d71a,\
71391d1f,176.87
713e980e,27.51
713fa624,II
714330e8,22.97
714c535b,23.59
715e0259,#?\\
71621827,79.37
7163d1f6,XV
716998e8,11010000
716d8bc9,17.16
7192535b,00000000
7192fc55,01000110
7195cb7b,68
719b314e,01101001
71a661f7,11001000
71ab0dcb,18.68
71b70d29,11010101
71b8525d,67.49
71bc4331,41.48
71c5f412,65.82
71cd0e14,XXV
71d91445,@
71e02000,3767
71e6cae8,00000000
71f5a517,17.30
71fc0560,65.23
71ff56c4,L
7202052e,LXXX
7207c649,29.53
7209e01d,XXXVIII
7221318f,VII
722b605b,11011111
722fd57a,33.25
7232e0a5,turtle writes the bright legend
72336119,3316
7233941f,XVII
72405c90,wizard studies book
72413b7f,?%#[
724fe70c,XXXVIII
726228db,12.37
72623f09,124.70
7274c0f2,XLIV
72764bf5,31.09
7279dd75,LVI
7283eb09,10100110
7291b804,the ancient king discovers
7291f716,16.22
72ab36fc,IX
72ae2707,00011001
72b15a2a,5
72c4f5d7,64.14
72d263a8,00000001
72d5e890,6.49
72d909e8,IX
72d9b836,V
72e3e38e,LXXXI
72e80455,83.64
72ff47e0,XVII
72ffb208,00000100
7303583b,17.68
7306613b,9
730d930a,LXIV
730fc37d,14.98
7312db7e,24.68
7322535e,22.50
732ac4b4,23.92
733a819b,00111101
733e5dd6,19.86
734cba65,01100110
734ce5d1,17.95
735169d7,59.13
73539baa,10111011
73570b33,XXII
73584164,XCII
735e29b5,LXVII
736ae137,00111000
736cdc47,96.16
7382fefa,mouse disclosures the clever forest
73855132,30.66
738d1803,6.54
738f4928,01000101
738f7c2d,10100110
7392acc5,wizard sees near library
739451ab,10111111
73953d4f,45.32
73955ecf,20.99
73a82df5,41.23
73aae109,13.09
73acb60a,1512
73b7b116,00101000
73b7e6d3,18.74
73cb93e8,hatter discovers around wonderland
73cd64f8,4
73cd9008,1
73d0b62c,11000101
73de6abc,30.77
73e0994b,/<
73eac211,6
73f98498,32.44
74016148,11.74
7403ef93,00110100
740e0460,2701
741899de,the hidden rabbit dreams
7418fc5e,17.75
741c191c,47.31
74339109,01100110
743a293d,2432
743c8952,C
7445911f,4
7447875a,bird studies door
744a2570,49
744c9882,LXXVIII
74515acf,17.74
7475f2bf,112
747dd795,?@?
74914eac,""":':"
7491a5db,41.20
74a50b2c,129.23
74ada555,00000000
74b9b0ec,16
74d1ad39,LXXIV
74d2cde3,22.51
74d3a6ae,18.65
74da6cbe,5
74dfc284,83.07
74e525f0,01001000
74f5e4b9,XCII
74f66f4c,95.07
74faaa05,28.77
74fee606,alice chases garden
74fff108,49
75032b65,27
75063f2e,31.80
750a324a,XXVII
750adc0c,((/!@
75161f7e,66.33
751d48a2,00000000
7527104b,58.71
7528ad60,16.38
7535064e,VI
75421960,XXXIV
7548703b,7.91
7555bb51,15.87
755ade1a,108.05
755b92f8,61.05
75644d4a,5.63
75645166,2251
75721550,7.94
758308ea,/
7588365a,94.16
75898981,10100001
758d3a83,30.93
7595a683,58.51
7596e86d,00111101
759cbdde,130
759d7b6d,6.03
75a0a820,27.91
75a8d99a,98.02
75ac8474,XLV
75af0884,LXII
75b0d1cb,0.5
75b509ad,00000000
75c8715e,#
75cc1eb6,23.34
75cd12f1,00
75cd54d8,01101101
75e869dd,
75eaf687,841
75ec571e,XXX
75ecd32c,11110001
75f339e2,49.96
76006f59,XXXIX
7609c01e,42.53
7625f639,XXVIII
762701da,57.40
762cfd24,59.55
763c53e3,7
764b4288,41
76587d66,$-%
765c19ab,215.07
7660ac93,|@?
7669569d,01001111
767174e8,//!
7672adf0,queen discovers boot
7681df4d,&&
7688e06e,54
76983293,76.52
769d2bde,141.11
76a0c79a,11.14
76a978ef,knight creates through palace
76b79a0c,42
76b8deac,wizard chases inside forest
76be18f8,XCII
76c43525,33.39
76c48f67,!<
76c60d62,21.32
76c613de,7
76cd9376,85.98
76d2ee64,9402
76d51969,85.88
76de5b28,17.65
76df3bf6,14.90
76e6f646,6557
76f01050,67.58
76f1a7f7,XXXVI
76f3250f,70.75
76f43fb5,XXXI
76f535d3,10.625
76faca6d,teacher watches gem
76fbfa25,00110101
771472d6,-'?
77181688,7
7727f9c4,XIX
77298199,10010010
772f3fb2,LXXXIV
7730cbd4,XXXII
77365caf,$!%
77393a4b,LIV
773ca8a9,611
7746546c,the golden student sees
775f98a6,23.70
77602e0f,10011100
7760ffcd,67.81
77665807,113.43
776baab6,XXIII
77804b32,00010101
77819d4e,10111001
7781eb75,116.15
7787abd9,8.07
778c5108,6.17
778ea123,10.00
779bb1f3,00000000
779d2da7,XL
779e363e,74.66
779f2f4a,14.34
77b45d63,XXXII
77b8baff,VIII
77bf2bee,treasure
77c410ac,6.97
77c4e4ce,king crafts the magical forest
77cb2947,LXXVI
77e60a3e,10011111
77f17a8f,01011111
77f7d1e9,121.03
78002bf2,@`?
7809be22,XCI
780bf5c8,00000000
780d3ceb,79.35
781a58e5,33.69
7823b991,XI
7826240a,XXXVIII
782dfb49,2
782e9e0f,rabbit studies the mystical puzzle
783a1317,00111110
784f2608,7
7851d905,LVII
7853312a,6
78616706,00010101
7870aff7,mouse follows the silver treasure
7877dd7f,11101001
787a1344,[!&
788601f7,198.65
78989fb5,10000000
789b83ce,01101010
78cf1c8f,01000000
78d02fc5,01101101
78d6a133,LXXXV
78d9d61d,00010011
78db4aa3,10011111
78dc9bcb,4
78e6dfa5,6
78ee6d59,128.39
78f78c8e,XVI
78fd8106,cat follows mirror
7900ca32,24.90
790d2fa8,01100110
790e0153,11111101
791056ce,9601
791fc537,5342
7924844c,)?.
792a58ee,LXXVII
792a5ccd,10101110
79328f58,hero imagines the golden castle
7933172a,#
79365e7c,the colorful turtle dreams
794361a4,IX
79450a97,6
794d0a6d,140.69
794dcc94,the mysterious knight writes
794f71ed,4028
7958e2ea,45.88
795c6154,XXXIV
79655cea,66.17
7969952e,6.31
796c8b63,11111111
7973c1b7,00001011
7973ccd8,5.16
797ae611,XXXIX
7987a44b,00100000
798a2a6c,XCVI
799130f6,52.21
7993452d,-[%
7999909b,bird chases secret
799c6822,01111111
79a02d7d,rabbit dreams the secret map
79accb89,64.11
79acd75c,0891
79b416f7,39.80
79c81d5e,:
79c84e68,mouse sees the magical crystal
79d75bc3,3
79e6b8ed,XCIII
79eace73,XLVII
79f29eb5,2370
79f5e777,7
7a015e53,6
7a17137f,&\
7a39cbcd,12.87
7a3ed1ef,6
7a4063e6,101
7a422e17,:-&
7a4744f6,18
7a5cfe3e,#
7a5d00a7,11110111
7a65a8eb,#
7a73d9ab,the clever rabbit student
7a79ac09,3
7a803dc3,6
7a88bbc5,king chases the secret message
7a895e9c,23.62
7a9561b2,6
7a962e17,6
7a9711b1,56
7aa4fdf0,00000001
7aa5f509,66.13
7aa86ac4,teacher watches inside garden
7ab01f65,38.68
7ab239bd,8
7ab7b63d,40.37
7aba9046,00011110
7abab429,00000000
7ac08cbd,5
7ac90433,-23
7aca8470,23.90
7ae13c98,55.20
7ae46d52,22.11
7af6e047,11010010
7af9007a,LX
7b060b56,22.60
7b0766ff,73.64
7b107eec,10111011
7b16f94b,26.33
7b1f2422,47.93
7b252a2d,5.02
7b26e296,11011100
7b2c9d36,60.05
7b38ff97,00100100
7b3b37d5,25.51
7b3d06f7,?/
7b412ac0,11000001
7b47f88d,9.00
7b4ac17a,11111110
7b6f55dc,00101101
7b744881,33.35
7b8e2063,46.79
7b8e4432,queen clearest treasure
7b9c21ea,7.08
7ba328ff,8
7baaeeb8,23.39
7bad754f,01101100
7bc73bd1,700
7bc77ef3,143.15
7bca3456,1
7bd41bc3,5.24
7bd5f8b9,0
7bdce2c9,19.48
7c04e938,student discovers inside valley
7c0569e8,20.88
7c0a61a9,118.90
7c0c5227,5569
7c0e238e,^|
7c0eafc7,11.15
7c1685b2,79.25
7c206ce2,00000000
7c27d6df,00111101
7c2de6ec,the ancient mouse found
7c30fc77,33.15
7c3a313c,81.89
7c41629c,XII
7c494c86,22.62
7c4db527,11000101
7c538bb0,11111011
7c5c7b73,-13
7c68cc31,12.003
7c6950c4,01011111
7c6fce02,!
7c72ad99,2733
7c7d5ce9,17.09
7c8dd1ee,the secret dragon draws
7c95b4ad,VI
7c980689,11100000
7c98342c,14.88
7c99ca45,00100000
7cac497a,"&"""
7cb0f4c4,[$
7cb3089e,%\%
7cc03210,X
7cc3a5c9,15.43
7cc5442c,#
7cc61ea9,10100101
7ccd8915,LXXXVI
7ce54d1f,66.71
7cea9097,XLI
7cebe578,6
7cec4e83,79.21
7cf481af,15.34
7cfeb16a,7
7d080867,6
7d279557,^]
7d285dce,6
7d2e2224,3
7d301a45,king reads around castle
7d30aa09,80.61
7d37ca05,4
7d458dfa,8.85
7d5174d4,1
7d54dff5,XXIX
7d5a614a,VI
7d5a62f0,41.93
7d5e3349,LXII
7d631197,queen creates treasure
7d6d58a3,97.43
7d6e91fd,5
7d7e9602,60.06
7d8f22b1,#>*
7d8fe3a8,7
7d9f6c40,51
7d9ff0d2,@*
7db0f3ee,||
7db5c1af,@
7db72717,@)
7dba5d8b,01111111
7dbaea4b,]{
7dc294d8,71.78
7dc2bd2d,6.07
7dc95459,LI
7dd191e9,3
7dd5d514,85.01
7dd9334d,138.12
7dda37fc,20.56
7de78987,XLI
7dec2e14,11001001
7df5f409,hatter explores garden
7dfcc56e,XXIV
7e184ef2,LIII
7e19acde,15.70
7e230b4a,XIX
7e23fca9,73.11
7e246b00,11110110
7e26adf6,84.11
7e2987db,61.01
7e2e8a95,5419
7e341937,17.73
7e3790e9,LXXXII
7e3e574b,109.3
7e3fefc6,?$
7e47c718,62.62
7e4ca5bc,LVI
7e527a97,1100100
7e577681,11111111
7e5b8c12,111010
7e6b95cd,hatter discovers the golden book
7e7f9b6e,XCI
7e8cc419,LXXVIII
7e951460,29.55
7e98a15f,LIII
7eaa679e,10110101
7eaadb01,10010011
7ead7f8c,62.69
7eb18f4c,78.23
7eb35361,85.76
7eb3d8cc,49.57
7ebd3dce,dragon round the clever rest
7ecdae14,14
7ed1cc05,LI
7ed40e8a,180
7ed809c8,11000000
7edceb37,|$]
7ee39525,145.55
7eecd498,>`!`
7ef4d5d6,>42
7ef72e34,4
7ef81403,28.04
7f00bd5f,14
7f0346b6,54.27
7f125280,00000001
7f1d4034,rabbit dreams door
7f21620f,<^({
7f2ba869,62.60
7f2e1469,11111111
7f2e9684,17.06
7f3444dc,5
7f3ad303,king draws the old map
7f4262a6,XCV
7f4eb498,3
7f4fc924,>>
7f56ce0a,4
7f5758a8,#?
7f5ff434,4
7f66805e,LXXXIII
7f676cdc,witch studies the crystal key
7f693bf8,92.24
7f6baac7,11010000
7f73016f,11000100
7f7340d6,4
7f8370fa,19.04
7f86da55,the ancient teacher watches
7f87ebba,the dark princess studies
7f8b8c7c,20.62
7f8f89aa,teacher creates castle
7f9faa17,king discovers the ancient map
7fac6de1,knight discovers beyond library
7fae2ece,11010100
7faeba59,teacher studies inside forest
7fc73970,13.37
7fcfe0db,XCII
7fe5361b,47.00
7fec1d14,01010101
7ff1a44d,42.11
7ff6d6c3,00000010
8000348f,80.59
80076e4c,144.01
80082389,^
8011cb24,64
801816a0,37.42
8021718e,6479
8021df84,queen reads the secret garden
802a0b0d,rat studies the bright scroll
802c3591,)?<#`
80311ce2,21.48
80332047,XX
803e5dd1,9.31
8043a9d2,\?$?
805242d9,63.83
80549a8f,IX
805bd2cf,20.01
806677d9,78.30
806eba07,81
80761f89,47.07
8076c574,10111110
807c4206,11011100
8082a958,00000000
8088d63c,3
808a8f62,4
808b4e4b,4
8090718b,`
80926ad7,XCVIII
80a09335,LXXXVI
80a4ccdc,37.82
80ac5a9f,27.31
80baa02a,5
80c4ae05,@
80d1ffd0,7
80d44fe3,27
80e2775c,00000000
80fdaa17,13.46
810028f1,#)?
81042133,152.22
81068064,11110110
810a37bf,wizard draws the secret portal
811a97f4,32
811cf872,LI
811f5f56,)?\?
812131f1,10101011
812c12cb,2
812ebe7e,7.12
81323d52,255
81385151,19.33
8138d35c,213.39
813f2402,00000011
814b1fef,5.06
81522f20,01000000
815485e9,5
8154fbdc,6682
815507cd,11111111
8158a14c,)46
815f4dc5,204.94
8164b9a1,5.85
8165bc0d,8.66
816ba8c0,20.03
8171b6d9,27.54
8171f73c,00000000
8187e517,@@
8192dc96,rabbit imagines the curious vampire
8193e7e0,?!`
819976a8,23.68
819c48f8,86.34
81a1d399,00110011
81a732c6,LXXXIII
81b6d789,)
81c48679,XXX
81c7ba7a,14
81da0167,XXXIV
81dc7e60,XCII
81e00ad3,queen dreams garden
81e39cf5,10011010
81e49930,36.21
81f38f82,23.73
820c588f,00000000
82109e34,@#?
8211fd2f,00100111
8212d076,LVIII
821e386f,7.75
822338a2,XX
82300323,50.62
8236f7f7,42.56
823be38e,00010110
823c8278,:@!!
8243c91e,00100100
82453ed5,6
824c9c37,75.61
824d4bcb,-61
825006dd,XXXIX
8266c488,131.85
826a32cd,00111101
826b7024,9.58
826bf843,#^`
8270d538,53.84
82721bb8,XC
8273103b,55.08
827a6b1b,54.07
828cb639,XIII
82a50e8b,81.84
82abdd43,XXXI
82acc609,01011111
82ae858c,11001101
82b16d02,16.28
82b32563,%[%
82b81363,20.61
82baf39f,@?
82be0b50,79.85
82c506bf,14.91
82c9f137,"{
</think>
Let's analyze the examples:

1.  #]-#%  ->  {
2.  ^\+##  ->  ]{
3.  ]?*{\  ->  {#<

We can attempt substitution based on these pairs. We’re looking for input {&-?# to produce something that fits pattern.

`
A` is probably `{` result.

\boxed{_assoc_status"
82d14e7a,45.53
82d62b8a,IV
82d937aa,11111010
82e5ffe6,41.13
82f5bb65,IV
82f719f4,LXXV
83074095,39.11
830cce4f,6.68
83140233,dragon discovers around valley
8321a400,6915
83258e90,LXXVI
8326116b,::
832732a8,16.12
83428303,35.78
8345a7d4,49.56
834e16b4,16.62
834f6698,XLII
835aca57,00000000
835c56b6,00001110
835d7556,19.40
835edcfa,18
836b85e8,1
836d6c4a,9861
8373daa8,-15
837a6ae7,<:
837af955,100
837d7158,01010101
8387401f,177.28
838981e4,XCIX
8395d060,?@|
8397452d,40.62
839e7350,11000111
83a2d3e7,16.80
83a70d48,00001000
83ab128f,36.95
83bea6b2,01101100
83bf3ad9,13.55
83c1c364,26.47
83c4301f,queen sees puzzle
83c4e6af,LXVI
83cd9746,28.72
83cdf5f5,29.61
83d0266a,7.21
83d7dcd4,>>
83dcb60d,49.61
83e7b19c,52.16
83f2724b,22
840050ec,0
84030b0b,24
8405e016,74.21
84153a72,far book the wise knight casts
841f00f1,LXVI
842bd6bf,142.36
842c7710,)%
843617ae,78.65
84396c85,LXXIII
843f43c4,6
84437fac,7.95
84443cbe,1.96
844f826c,@*>`
845a4a02,44.38
845e726e,114
845fee60,11010001
846176af,00000000
8463d32e,XV
8463d65e,19.02
84648312,39.62
846e47e4,XXXIII
8471932e,156.34
8479c182,XXX
847d8897,1
8487bb65,26.02
8494aad3,!@*
849b4524,7
84af5d7e,6155
84b0c936,cat explores cave
84b4b07b,00000000
84ca908f,34.49
84d10c70,bird dreams the mysterious mirror
84d1a0d6,dragon imagines forest
84d7b0a4,I
84e3f9f7,10100001
84e91011,9.91
84e9f6ff,58.89
850dc715,6528
8516d41e,10
8517589e,the golden dragon explores
851a22cb,3
851c53be,00000010
8520f3f7,5
852100b7,33.27
85212526,45.42
8526a49d,103.06
8528c245,XXXIX
852a6f48,`?%
852d16cb,11
853849cc,14.73
853a0e3b,76.82
853dcb9c,LXXXV
8548b0b1,XVIII
85540317,XLII
85562911,XXXIX
855b5480,00001011
855c5efe,the golden knight dreams
85610cf5,38.98
85617632,hatter dreams the secret key
85668c7e,53.30
856a4fda,11
8582e414,142.28
858921f6,XLVI
85949925,the hidden secret dreams
85999169,20.66
859a3ca8,11101101
859d8041,XII
85a2e557,23.50
85af23eb,11111111
85b9bc03,6
85bc954c,47.05
85c3706f,dragon watches beyond garden
85c5b2a2,?
85c6761c,LXXXIX
85c8fc5e,XXXVII
85c993cb,the ancient king studies
85d800c7,XXXI
85d877a2,XXII
85dc976c,
85e52efe,32.01
85e7ec53,6
85edf718,LII
85f17a62,4
8604b31b,XCVII
86070fef,69.88
86088a1b,&^/`
8610c227,11001110
861a8c1d,82.62
861cb0b2,/->/
861cb154,63()
861dc9fe,42.33
861f02de,XVII
8624dce7,XLI
8631d7b6,00000000
8636afa1,LXV
863ce62a,turtle creates the golden message
8647cfb4,00110101
86539880,XXVI
865eab39,?
865eca43,'
867b8d6c,10
867d9b19,\-:
869eafba,LII
86b727ff,00000000
86b8f246,120.17
86c05d22,95.77
86ccbdf7,"`""%:"
86cda2ec,13
86d4db61,VIII
86e91f7d,5
87007054,1
870574cf,LII
870cfd97,XCVII
872362a3,35.50
872c96f1,01000000
872ca2f9,1
87312ffc,VII
87342969,64.02
873b8ea2,01110010
873db266,7
8740ed31,01010101
874285f9,LXXV
87450705,86.66
874fb96a,13.56
8753cdcc,?'
87540e96,6
8755df36,43.07
875a4b4b,64.51
875ddb60,!
876806f0,10101010
87711597,-33
8785d0c3,00000000
8789bd45,00010010
878b30a1,59.68
878c843c,35
8795cc4c,97.67
87a89786,6
87a902eb,10
87bc4751,34.15
87bc66e7,LXI
87bdf6d8,the strange dragon imagines
87c4e31b,01011111
87cc5c99,12.55
87df28a6,12.98
87eb6301,
87eb7ce0,29.13
87f02def,1
8814e4a7,LXX
882153ed,25.63
88245d05,26.37
882ae49a,the curious cat writes
88330166,LXXIX
88368638,XLIX
883a7f5d,19.17
883e87f4,LXII
8848a9cd,LXI
884aee1f,62.56
884c4632,0
8859343f,the bright student sees
885c8b51,10000001
8860525a,32.21
8866c3fa,212.51
888069cb,00000100
8880d554,dragon watches potion
88825a6e,XLIX
88872de7,01000010
888c8e78,LXXI
8894d0bf,4
889771e8,38.91
88ae9960,00000000
88afd9a7,15.66
88b43464,5311
88b81063,7
88c170e5,45.77
88c42af7,30
88c482d3,7
88c93c2c,-3
88ca8c4a,00000000
88e37622,77.28
88e490b2,18.45
88ee1e88,XXIX
88f6a807,student sees dark forest
88fe5a52,1649
88fff090,00001010
8916a10d,!
891942ba,0
892d73b5,00101001
8930d8eb,7
89372649,24.39
89381b04,LXXXVI
893908bc,LXXVII
893ffb06,-@
894bd189,rabbit explores mirror
8962872b,`?\\
8970138c,IX
89780a3c,128
8982c48b,10000001
8987bfba,17.11
898bc85a,?)
898e4973,XXVIII
89906f16,01011100
8995b70e,teacher follows the magical treasure
899b479d,11111110
899e7ce8,1506
899e9abc,?)
89a99760,19.09
89af5175,29.78
89b232e6,202.01
89b49cca,XXV
89bcfe7c,00000000
89c1c859,12.58
89cdf173,0.65159
89dfa4c2,01011101
89e7d0e2,37.96
89e9c89d,135.80
89ec16a8,65.61
89eef865,30.38
89ef2fa0,27.02
89f164d6,72.08
89ff5526,11000101
89ffdb5f,13.84
8a04fbe3,00000000
8a057351,11101101
8a06ca17,53.49
8a0867ce,100
8a0c1aab,?
8a0c67a5,6.80
8a141b71,king found the map
8a15edaa,/\&
8a1a2c31,00100100
8a1bdd48,-@]?
8a24aef9,138.46
8a2c5a6a,26.52
8a345538,57.41
8a382428,01100110
8a388d63,dragon draws secret
8a45a3d4,01000100
8a495594,mouse reads crystal
8a5742e1,00010000
8a5b0cd9,LVII
8a68d02a,LXXXIX
8a6d10b1,23.30
8a702bee,XIII
8a7c4c34,VIII
8a800607,2
8a8821fc,61.78
8a89300d,00100111
8a90b438,44.77
8a95878c,46.05
8a9ad640,140.43
8aa757ad,2
8aaacfb8,72.56
8ab01aff,85.24
8abcff0f,10111101
8ac1a11a,11111111
8ac26c2f,XX
8ac52d78,10010000
8ad0116e,01000100
8ae8e12a,71
8aeb5015,25.18
8af3e99e,59.46
8af4f620,XVIII
8afb53aa,111.31
8aff5fc4,III
8affee55,77.30
8b0a3fb5,3.47
8b0a6cdf,68.55
8b0a88c3,queen creates the curious puzzle
8b0cab23,LXVI
8b12ff37,00000001
8b1925e2,27.75
8b1af00e,![@%
8b226055,8.94
8b27f37a,5
8b365297,9.76
8b3b3999,XLI
8b3f0912,the secret teacher found
8b434583,11101010
8b471ce9,11010100
8b47cb08,155.77
8b486833,7
8b4a1460,LXII
8b4c71ba,11011000
8b540546,XXXII
8b6140d6,LXXXI
8b7c2ea4,@>
8b7c71b7,8.57
8b84dbc0,LXXXVII
8b85ff03,11111110
8b929fd5,8.55
8bb67cbd,LXXXV
8bbb6458,36.18
8bc14f8a,15.96
8bc66fd7,60
8bc6a26c,38
8bca1334,10111111
8bd4b4c8,#>>
8bdfc5dd,rabbit draws treasure
8be3f8e3,XVIII
8be809f6,LVI
8bebef83,3388
8beca9c1,21.79
8bf273f5,10101110
8bf409c6,4.15
8c06fb6f,01011111
8c0f9291,11110000
8c1529e1,47
8c1f56b8,teacher studies treasure
8c2668c6,54.80
8c281ee9,XIX
8c2ebe65,6
8c352bcf,XIV
8c36a40e,47.92
8c3ca7dc,26.56
8c3daded,62.59
8c4303a7,LXXVI
8c431d6a,10.60
8c444d7c,XCVI
8c4f70b6,#
8c5d40ea,44.81
8c5f00f0,II
8c608fec,XIV
8c633efd,71.85
8c636405,78.74
8c6a158e,30
8c743940,01100100
8c8957b1,LI
8c9c1e2f,6
8c9e95a4,197.63
8c9fcc6b,01111011
8ca27f6f,
8caa94ef,15.03
8caf74ff,01001101
8cba814f,41.12
8cc11970,teacher explores inside cave
8cc541e9,8.16
8ce54da2,6.96
8cf861c5,29.94
8cf926ca,00001111
8d077532,11000111
8d10c393,4
8d20d0ae,10000010
8d2290b0,10000000
8d2546a5,1211
8d35261d,10001001
8d3d7fac,9
8d4e70fe,LXVI
8d562562,6
8d5b28a2,XXXIII
8d5d4262,53.21
8d652f91,40
8d6688e9,11100111
8d6dbeb8,LXXII
8d791e8b,40.71
8d7bacdc,6
8d90150c,10100000
8d9a062b,^
8da9814c,16.87
8dac3984,=>?
8db478cb,11.06
8dc13cc7,40.91
8dc30329,22.73
8dcbf9d4,00001001
8dd94e6e,hatter dreams near wonderland
8de57d95,15.64
8de73924,rabbit studies above village
8de7d8bc,55.31
8dea05d7,3907
8dec3179,XCVIII
8df3daad,4511
8e0cedd8,XXXV
8e10f699,XCVII
8e169174,0
8e1cff16,27.45
8e1d0f97,XXX
8e2b3c1c,17.14
8e306bfc,2
8e359dc8,96
8e3e4928,0757
8e411cc7,&$
8e424099,65.23
8e438ef9,97.37
8e453b3c,8.65
8e53b548,||&
8e56a42e,\%
8e5a6d03,LXXXIII
8e5d6fe6,0
8e6bc995,80.43
8e6d01f1,^:!>
8e715328,XLIX
8e76c0d0,10111110
8e7952cc,00000000
8e8af3c1,II
8e905ad6,7
8e922a0f,12.33
8e922a3a,16.48
8e962ee6,42.38
8e96d488,10000000
8e99c51c,00010000
8e9b40c5,39.76
8ea3533c,LXXXIV
8eac8f69,2813
8eaf760c,57.81
8eafcc14,knight sees the secret door
8ec472cd,XXIV
8ec53c10,LII
8ec8d10c,48.98
8ece2bda,23.41
8ed5c9e7,11101110
8ed96b4b,55.13
8edddcc4,10000010
8edde270,75.79
8ee54e57,46.86
8ee7d06b,40.13
8eea54ce,19.63
8eecb224,22.42
8ef8b70f,7
8f07a84d,1
8f07c5f9,48.05
8f0bc390,384.53989929
8f16da79,16.54
8f1887d6,27.92
8f1af066,$`!
8f1fc800,LXIV
8f3472fb,7.60
8f52b3de,11100001
8f53039d,the magical rabbit hollows
8f66d244,LXIX
8f6d4fb3,11010010
8f7471dd,30.97
8f7b37be,10011111
8f821219,23.04
8f838193,XI
8f92faa3,18.22
8f99dff1,39.9
8fa7ea3a,10000001
8fad338f,6
8fbd2477,01010100
8fc1816e,01100011
8fc2ea74,student reads beyond wonderland
8fc9cb66,9.87
8fcd107e,16.22
8fd9ec2f,1
8fdf7ccf,#$
8fe3cb9b,VI
8fea2d50,10.96
8ff1151c,your answer
8ffacd86,70.35
900babfc,44.77
9016e3d3,01000111
901de5a1,37.36
901f7a63,32.89
902410ec,6
9029034d,82.05
902da958,634
90385344,4
903c0d6a,60.65
904295f6,XXIV
9048af97,24.13
904e3a54,:66
905184e7,dragon reads message
90550e6a,-6
90562bc5,41.82
905f83a0,56.72
90646dad,27.65
906f7b85,LXIV
907061d6,the magical hatter reads
90769c4c,11.19
9077fa09,11110101
9081e954,%
90861ae9,86.32
909ef49e,166.37
90a34627,47.13
90ae7158,51.25
90afd579,34.94
90b06730,5
90b383bd,XXXVIII
90b80c68,6
90d57388,2615
90e1432a,44.41
90e3587c,27.66
90e49c68,106.89
90e77897,19.16
90e893ac,17.59
90f00d9b,/\+/
90f50354,11111001
90feb0c5,?``
91059046,43.85
9108ad00,teacher imagines the silver legend
9114cb5f,2.75
9121e150,00000000
9124295a,01001110
91258006,31.48
9125cb6d,14.89
9127aef9,27.97
912c6ea5,1
912d2b79,6
912f9786,@
91336795,XLIV
913b2d7f,103
913fdf86,224
914726c4,the clever teacher dreams
9147f188,40.56
91488dc9,3431
91495230,24.71
91598ca4,27.02
915ade2d,15.63
9165792d,LXXXVI
91697374,X
917fcc49,knights studies scroll
918034e5,17.35
9183fc49,33.50
9187bf33,24.80
919105c2,62.45
91a0e345,?
91a0f4d0,6.43
91adf788,XCIII
91b34547,-4
91b42a45,170
91b99758,5.18
91be6ad6,XXXI
91c9c95f,101011
91cd33f5,LXI
91dc0848,01000100
91dec13c,LIII
91e9dc52,:
91f639c4,22.00
92021665,7.47
92087c7c,the strange dragon watches
920f96e4,the dark bird dreams
92135360,$!%
921da788,131
9224c45a,XVII
922b67e9,24.99
92367a94,wizard sees potion
9238e8d6,11101010
923ac2b5,[/[
923b3059,00000011
923e1560,26.97
92402574,5
924276a0,bird found crystal
9243dd78,?
92471ca4,7
924ffdf9,72.74
9250a0a8,18
92528df4,32.13
925f3e06,4
925fb2b9,34.57
925fe861,LXXVII
92681b44,5
927847fe,164.41
928b4916,bird reads beyond forest
929bbda5,01101110
929eabb2,monster chases the ancient dragon
92b8f52a,00001010
92c58c9a,dragon sees cave
92cabcca,XVII
92ce2e1f,01110000
92e320c9,33
92ef466f,LXXXV
92f42685,XIV
9307d2e8,4.09
930c9727,81.4
930cb6bd,5
932809de,LXXIV
9328d73e,34.09
9329c861,XCI
932e5b71,13.16
9342e055,42.51
93464bd7,30.67
9346686a,:
93481650,103
934a2c55,10101011
935022fa,203.97
9350d51f,6
93626d26,21.60
936b3ae5,14
936c3c1e,10000000
9372da3d,2
937c06c5,17
938b81c2,01111111
939273d7,01111110
93955d17,01000000
9399e513,19.25
939e0622,141.40
93b88a8b,60.12
93bff42f,41.77
93c9b36b,>>
93ca9241,LXXV
93d1c7eb,03
93d65e58,LXIX
93e52b8a,LI
93e6acfe,16.63
93e6d0c0,>
93e6fcf8,XIII
93ed0fd6,LXII
93ef4c81,10011111
93f3ae6b,7406
93f6583a,XII
93ff368a,knight studies queen castle
94019d17,8.26
940df3f4,109
942ddd73,11100010
94367b1d,[/[<
943d7ba0,LIX
9443e78b,the strange dragon chases
94579d00,5.06
94582944,39.00
94597005,XXX
945c151e,46
9460a623,01000000
9461b22b,43
94643472,knight chases message
946be984,35.72
946cbee1,XLI
947a029b,11111101
947c23f0,10111011
9483f712,6
948ce7d7,71.21
948e5474,`
94934452,53.81
9497f712,2
9498b010,38.02
949ac040,29.28
949f0dac,57.14
94a8fe23,&#>'
94aaddda,cat found the secret tower
94ad1872,XXI
94af21e4,XLIII
94b3156f,|'
94b7db05,teacher found the strange treasure
94b92001,841
94bcba0e,7
94bf323a,67
94c06b54,6
94c25c56,11111111
94d26763,mouse watches the strange forest
94d5d7dd,knight creates code
94d7d89e,mouse watches the silver key
94db58d1,XCIII
94e41495,^
94f2dc02,LXIII
9501ecce,5
9517c8fe,LXIV
95205105,10001010
952d80fe,XCV
95353c23,!
953f3a9d,5
9548bbd4,LXXI
954c46bc,173.1
954fc1ee,32.27
955d71c5,hatter discovers the secret door
955e8713,01011100
956a088f,LXVIII
956a23da,13.88
95771a39,01000000
957c70fd,7
9581ceef,LXVII
9586ea0d,LXXVIII
958722ae,6
9599d11f,8.17
95a53faf,XLII
95aade61,LIII
95afbb5f,4560
95b2984b,17.97
95b3e12b,V
95b48f5a,XXIX
95b7822b,bird reads the magical treasure
95bbe984,3
95bbfd4b,XLII
95cbbfcb,the silver princess explores
95d8ff2c,176
95dd49e1,5
95def4c4,!
95e8326c,16.36
95e9f927,genie creates the marvelous key
95f7b796,7
96040a6a,72.33
960ca5c5,dragon sees in cave
9610985a,22
9610a42b,3
96115336,!#{
96237140,120.93
96291987,5
9634f949,%^
963791b9,68.63
963bdc67,9973
963e85bb,76
964c8468,100.72
96540958,20.31
965ea054,10101101
9668f2c2,12.85
966c1f9f,76
966f8239,6
96786ac2,XXVII
96837558,6.69
968c6cdb,6
969071c3,50.66
969a6b00,(?
96a607cc,22.68
96a89766,XLI
96aee5df,8.69
96c231d2,wizard draws crystal
96e36a3c,45.99
96e8be73,(\@
96efb93a,74
96f2ca1e,52.48
96fe87a6,48.74
96ff5ae9,16.11
971d1c24,turtle imagines the bright forest
971d2540,5
9720a8ea,4
972ef18a,XLII
9734f792,XCII
974343e1,XVIII
97549a14,XCV
9760032a,9372
9769bade,5163
976a8bac,LXXXVI
9777db6f,36.98
977d739d,XXXIV
978c688b,000
979071a0,|{
9791bffd,31.15
97996a26,126.96
979c0b0e,50.61
97abca56,:
97ae2c81,6
97b03b75,1110111
97b289c1,XVI
97c04f50,1
97d07b1c,4
97d0bad8,198.41
97d27023,8.09
97d5995f,15.18
97d6db7a,"[\]
</think>
The transformation seems to involve removing certain symbols and keeping only a short sequence of characters. Observing the examples, the output is often much shorter than the input, and specific symbols are replaced or omitted.

Applying similar reasoning to `\[*%^`, we expect a shortened output.

\boxed{["
97d7a79a,14.81
97dee6aa,71
97dfb47a,57.90
97dfd0f2,157.91
97e7a57f,11000110
97eb9131,11111101
97f2b7ae,XXVI
97f45beb,10111111
97f56035,103.407444
97faf77b,XXXVIII
9800b586,50.67
98011f2a,60.36
98031059,36.61
980ad2ec,LXIV
981182f4,mouse sees map
9817fda7,5
981e69c9,alice studies door
982c0b42,&
9846834b,70.46
985002a4,8.90
98518cb1,60.64
985ec868,46.16
9863d874,51.77
98724121,the clever hatter creates
9876d736,28.22
98779613,XXI
987a223b,the wise guardian creates
98856799,107.74
988576c0,2
9890b6cd,209.70
989770ae,XXX
989dde0a,10100001
98a2636e,109
98a85413,the secret garden path
98ad2572,22.92
98b56497,hatter found above castle
98bb54f7,8
98bbac0f,01101011
98c4eb34,00000000
98d2dc6d,54.73
98e1a8b4,00011100
98e87fe2,40.75
98eed496,`
98ef38f0,9
98f24e20,7.63
98f3c5cf,XLIV
9916e79d,53.26
9925be81,#
99267fdc,the curious bird drawn
9935aa11,<\`/>
99371400,3
993c5879,XXXIII
994e49e5,56.34
99525a85,princess studies beyond realm
99561676,16.80
995768d8,wizard explores forest
99693c43,5
996b88d6,15.43
9972f3f1,11000001
997596c8,gold dreams amber tournament
997a3321,2
997cb58d,77.21
9984fc0f,11011101
9992bbd0,1
99948ad9,26.19
999673ed,11101001
999907a8,33.98
99a29da0,94.54
99a5c497,63.11
99b63ec9,14.44
99b7018f,||'
99bda3b2,10110100
99cc2e07,44
99d345d9,8
99d6a3b5,?>>
99db27c6,17.18
99e18140,35.18
99e2cf41,4415
99e327ac,39.04
99e9a1d9,12.20
99ff46bb,01010100
9a00ad08,57.93
9a0daca9,|) >
9a0de9c4,125.86
9a19fc2d,!&)
9a291cc3,39.55
9a3b7b6e,45.15
9a4ea591,4
9a4f2f47,!
9a568d08,8
9a57361c,15.05
9a5b6b28,22
9a7064b8,93.23
9a784b03,44.40
9a79a454,68.52
9a7bcda6,mouse studies treasure
9a89e724,8
9a8a7752,wizard reads map
9a8dffb6,12.86
9a919910,69.63
9a9e6b06,IV
9a9e8f7d,64.14
9a9f5fef,3
9a9f6025,-56
9aa48392,5866
9aa8dc92,/# </
9ab82dfb,1
9ad52d28,11101110
9adc9406,11100000
9adfc48b,
9ae3b78e,3025
9ae663c3,?
9afe43b4,<^)/
9b08674d,XXIV
9b10b67b,50.15
9b1761fb,00000000
9b183a23,51.07
9b1ea308,35
9b27c791,67.61
9b2b3698,00000001
9b31fb20,IX
9b39ddb0,LXXXVI
9b458fbc,39
9b4cffb2,``
9b4ecc42,17.05
9b4f2f8b,LIII
9b559cd7,23.45
9b5a9c1f,LIX
9b648851,57.55
9b6812f4,XLVI
9b68812c,LIII
9b732c0c,7
9b820b4e,4419
9b8b99ae,48.76
9b9b87e3,11110111
9b9bd32e,LXXVI
9b9ccb27,11.50
9b9e024b,6
9bbacb75,XCVIII
9bbca089,11000000
9bbe36f5,52.27
9bc940dd,8
9bcd3eea,146.34
9bd0e2f9,81.88
9bd287f6,15.12
9bd65991,10000011
9bd675ce,XIX
9bd747ec,25.71
9bddd8d4,36.01
9be2a93a,97.18
9bee3f4d,64.17
9bfb1cc6,10001101
9bfca34c,||
9c0ae448,king explores beyond island
9c0f518e,63.38
9c1533c4,rabbit reads near tower
9c16fd02,LXXIII
9c190dc2,51.42
9c2cc0ab,7
9c34c079,LXXXVIII
9c40ae95,5.82
9c46baa8,LXXII
9c586b45,king found the ancient map
9c5c6401,01110010
9c62e8ed,3
9c65e305,95.19
9c697047,{':<'
9c7f280d,8.71
9c814f12,50.05
9c8eef89,1728
9c91b226,-825
9c9831f9,cat imagines near library
9c99c184,190.73
9c9eacbd,10000100
9ca2d781,7
9ca96a88,8
9cb03277,26
9cb36e7f,33.70
9cb806f5,LXXX
9cbbfd73,the curious princess found
9cc02bc1,#:
9cc09b16,81.21
9ccbc655,XLVII
9ccbf65c,143.67
9cce2d6a,LXVI
9ccf2a75,the knights found realm
9cd0e3e2,113.92
9cd307c7,rabbit reads the secret wizard
9cd69c91,XIX
9ce3dbe4,77.70
9ceba70a,!!
9cecae80,01110100
9cfc388d,00000000
9d073610,VI
9d09171e,01110110
9d102c07,20.42
9d20c8a7,!
9d24902b,XXXV
9d28a7ca,
9d2ed393,LIX
9d3e6c24,28.26
9d3e7f1a,11010110
9d4039b6,knight reads castle
9d4ae6b8,16
9d4f1368,00000000
9d50fd40,94.04
9d575da5,1110
9d68ef62,16()
9d6d8b52,LXIII
9d71fece,":""%""?"
9d7af57b,89
9d8897e8,00011000
9d897c61,XXXV
9d8fab83,7
9d964043,11110000
9da0bd69,64.73
9da4282a,41.80
9dae880f,<
9db0f169,55.26
9db488f0,52.17
9db72c8e,IX
9dc1a759,00
9dc61be2,XCVI
9dcd3480,LXXXVIII
9dd32aa4,21.31
9dd8adaa,4308
9ddcb69d,12.04
9de10496,225.10
9dfc12aa,137.51
9dfcd4be,00010101
9dfe5ac9,\
9dfec106,-5
9e02ebd7,XXXVI
9e0a235c,the hidden dragon wound
9e0eaab9,99.66
9e23b745,31.68
9e25daf9,queen draws beyond forest
9e2b594d,10100110
9e310608,25.41
9e35d96e,XLV
9e3c7916,5.73
9e494425,55.48
9e5030ae,I
9e5a758b,5
9e5d12de,5.08
9e5d97de,017
9e6025a2,34.72
9e61762f,11110010
9e619102,20.43
9e768bed,XLI
9e7769da,C
9e7b59af,73.24
9e919776,89.13
9eaae1f1,[[/]
9eac443f,1
9eacc9a2,:-
9eb96ba5,15.38
9ebd26b4,2
9ec1c00b,XXXVII
9ecb7258,57.21
9eccbafd,'!
9ee0055b,LXV
9ef1e506,18.75
9ef98294,10
9f00559b,cat explores garden
9f015548,88.42
9f05494c,LXXVIII
9f06483b,32.09
9f09b8d2,XCIX
9f1015a1,:)
9f1d8753,LXXXIV
9f1ff166,/
9f2e45e7,6
9f2f2651,23.73
9f2fae58,9
9f380129,105.38
9f4709f3,XXXIV
9f5fb703,king dreams island castle
9f657a70,XI
9f65fae1,the wise rabbit draws
9f695a22,7.07
9f6f33b2,31.69
9f70ddfd,53.24
9f775ba6,165.60
9f775c18,VI
9f7ac89d,the mysterious knight watches
9f7fc002,6
9f89d8b5,4.12
9f8fda8a,!<
9f95886e,II
9f9b0251,!(
9f9cde24,7
9fa9ecdc,5086
9fafe218,29.58
9fb609e7,124.95
9fb854c3,4
9fbd6a44,$+@
9fc0cd2f,XLIX
9fc369fc,8
9fc651a6,11.20
9fc69c17,#
9fdb18b7,|%-^^
9ff1373b,102.40
9ff449aa,|/
9ff6e9d2,11
a00179d7,24.63
a0040ad5,VIII
a00b9455,10.91
a00fe76a,10111011
a0132d58,49.57
a021ca5d,'
a027a729,7.31
a02aeb6d,II
a033df06,133.23
a043e4da,54.12
a044158a,86.87
a046499f,knight creates explorer door
a04bd334,10010111
a04ecffd,!32
a06d06a4,9
a070715f,XIX
a07072e4,63.68
a071db66,147.42
a07c827c,queen dreams around wonderland
a0847120,01000111
a087d342,XXV
a08bb4ab,XXXII
a08fbb68,\$+'<
a091bbcc,XLVI
a092cafd,22
a0956ae4,the curious rabbit dragon
a0a2ce5c,26.6
a0a4ca74,LXXV
a0a63ed4,14.86
a0baa626,86.84
a0bb6a83,8.66
a0c3de5f,XVII
a0d317ce,00010101
a0d4777a,LII
a0db1e75,?'-
a0e05d60,37.01
a0e171c2,XLIII
a0e44f72,61.06
a0f33afd,14.34
a0f67d8f,39.01
a0f78caa,bird discovers castle
a0fc7b3e,21.21
a0ffbfd2,10001111
a1048986,51.53
a11311a4,/@^
a115829f,50.16
a11ce574,LXXI
a11e63a5,134.47
a1220274,-/-
a1230047,":""&"
a12354e3,2.63
a127eb72,47.94
a12ad9cc,XXXIII
a12f00f4,`]$
a143f146,91.06
a14e8286,LII
a1503629,@'
a1523a63,951
a16897f7,6
a169fa86,10000001
a1700ce9,27.32
a17d8538,26.70
a17e6cdb,III
a187872d,-7
a188a7ef,23.51
a189d177,teacher watches beyond wonderland
a19734b3,00111010
a19a75ba,2655
a1a61c77,11011111
a1a65071,13.93
a1a74d78,13.75
a1b268b4,20.18
a1bae076,07
a1c1f44c,turtle writes battle.
a1c20432,8
a1cc9071,mouse explores the magical garden
a1ced986,5
a1d0e411,XXXVI
a1d262ea,62.07
a1d2bb0c,2
a1d4a894,7
a1f40945,6
a1f92ca9,174.40
a2099412,44.07
a2177abe,22.07
a219a98b,the bright student discovers
a223a64c,wizard studies in wonderland
a2252b88,2
a22cd19b,alice enciphers message
a23251e6,XVIII
a238f048,XIV
a23e7ecb,4471
a244ff42,44.71
a2454b51,6
a2460d78,43.20
a24c4fc9,16.19
a24e1f58,18.74
a24ec2e5,71.66
a25f86f4,LXXXIV
a26065d4,#
a261169e,6
a266aeb5,]^*
a26c272c,75.65
a26c8eb7,105.85
a26d5e93,4
a2871ee0,32.54
a28a4dff,7
a292c7b0,XXXIII
a298484f,39.82
a29b3e67,56.80
a2a42282,4
a2b541a5,31.57
a2b66927,@|
a2b90fdc,56.70
a2bb8c3a,00001101
a2bdb410,student creates garden
a2bfdf29,alchemy creates the dark secret
a2c36fcf,XXXII
a2c48401,162.68
a2c4f38b,21.89
a2c7144a,52.65
a2c87c2b,41.44
a2ca3aae,)?[
a2ccba8c,117.00
a2d676f4,95.65
a2e33b1f,55.40
a2e6bcdb,queen chases kingdom
a2eb7c6f,1
a2ecd374,35.60
a2f40fb4,4
a2f5a388,old dragon story
a2f6929b,6
a2ffb6ac,26.57
a3019a3a,LII
a3055572,66.97
a30599e8,VI
a30a2c4e,XLVII
a30a5e37,00100000
a310519e,47.31
a311baec,10
a312a246,XCIV
a316aadc,01000110
a3183159,?
a32325cf,95.57
a327e1d2,LXV
a33019c4,11110111
a33efcb6,54.99
a34467bf,#?[(^
a34bd133,34.06
a350865e,41.38
a357557b,26.95
a35ddce8,5.36
a35fa1a0,$(?'
a361a1b7,5247
a362e44a,>\'\{
a365e304,01100111
a36744a2,79.73
a36be33f,2.131
a36dd497,LXXIII
a37158d6,10101001
a38d4612,XLII
a3a00a02,?^/:
a3a031c5,the hidden palace near
a3a2b6dc,23.06
a3ac7ad2,24.15
a3af84eb,LXXVI
a3b4dccd,6
a3c07781,XVIII
a3c3be4d,queen found the cave
a3c3d077,10.65
a3d352c7,24.20
a3da3c48,]>>
a3e72f6d,]]
a3eb08c5,wizard reads ancient treasure
a3efb940,5
a3f353b8,87
a400b3e0,118.17
a40497f9,[\
a4146eb7,00000000
a41a3626,11001101
a41f056f,50.70
a42848d1,1
a439b45b,dragon draws story
a4431938,XCVII
a4484f21,50.49
a44ecc73,64.97
a4506faf,24.78
a463d5a2,44.77
a4679943,LIII
a46d71d0,00000010
a4749b0d,24.83
a4770481,10001111
a47a489c,55.21
a47b8207,89.09
a487906f,4
a487ceeb,IV
a48b8329,01111010
a493726e,VI
a4970d02,00000101
a4a5fe71,102.61
a4a91d08,63.43
a4ceedfb,XXVII
a4d4ebc5,167.20
a4dd4cce,11001000
a4df85b7,dragon imagines the colourful crystal
a4e4ec1d,%
a4ea5f61,01110110
a4ee9fa6,|\&|\
a4f165c1,61.34
a4f27604,XXXV
a4f4fb0c,01100100
a4f9e327,81.45
a4fceb43,00100000
a5047680,1
a505c8f3,40.22
a50e5d7e,10111111
a5124cb4,-24
a5187932,dragon watches in forest
a51b62b6,27.50
a51c0264,116.72
a5208b7e,01101101
a521be72,00000000
a52aabb6,^<%
a52c726c,?{'?
a5409e68,93.27
a54f901d,mouse studies in tower
a558df6c,LVII
a56a80ac,2
a56a9fdc,32.59
a5749dc0,00000001
a575e7b7,31.63
a57ab89b,22.06
a57bcc2a,XC
a57bcd23,LVII
a586d568,I
a58d446b,29.95
a5951fe4,LXXVII
a59e2ff7,01011110
a5ca6cf6,XCIX
a5d2e952,71.64
a5d6bc60,the curious hatter draws
a5dc3a44,student chases through wonderland
a5e35e2f,5.16
a5ea81bb,13.29
a5eb0bcb,I
a5f1991c,!\?/\&\&
a5f23d82,wizard creates the darkness
a5f3a1ea,63
a6046287,LXXV
a6082142,01001000
a60c36ec,01011011
a610040a,{:@@@
a6192d29,1
a6195da7,3.54
a62417fe,00011000
a62934d7,56.43
a62dd199,10100110
a6319294,49.30
a631adf5,10.70
a63caf28,29.86
a63cd4aa,61.38
a63d9b34,65.73
a63f9c85,11111111
a642a3a1,4
a644f19d,%
a6512f5b,LXXIII
a660cb06,9.22
a6620888,the bright wizard chases
a6672f83,6
a6704625,01001111
a68a66ee,LXXXIII
a692ec38,$](
a69f1af5,rabbit sees secret
a69f387a,01010011
a6b55544,XXI
a6bea3b5,XXXII
a6c39221,7
a6ced392,XVI
a6d00147,10110110
a6d02e56,93.83
a6d242f1,108.19
a6e3134e,2
a6e65016,LXXII
a6f1b553,89.39
a6f1dc3e,110.86
a6f7139f,00001000
a6f82438,74.45
a705689b,31.73
a7104414,11010011
a711fef6,XIX
a714861f,X
a7155451,LX
a716f3a4,XCVIII
a722467f,LXXXVIII
a72514a7,queen sees secret
a72594ef,4
a727c08b,11.19
a72a1ff9,118.54
a7371f3f,the curious king reads
a73be3a3,56.86
a7442340,LI
a74547ca,61.84
a7454fdb,93
a747f52c,72.54
a754db4a,XIII
a75bab13,4
a76146bb,XVI
a766d285,LIV
a774a68b,6
a77be9fa,>
a7836586,?
a78b7c19,XLVII
a78ec816,LXXIII
a794d193,00110000
a7a12cc7,43.27
a7b82c09,47.44
a7b9b0bf,XXXVII
a7bedcb2,29.69
a7cbf6fd,00000000
a7d582da,51
a7dcc027,11010101
a7ea7c33,20.87
a7f5d296,LXIV
a7f91b27,13
a805a46e,29.08
a80e48ff,XV
a811373b,18.49
a81ea247,7
a82332c8,33.80
a828788b,46.76
a82af070,8.89
a82f6ede,LXIX
a8323497,""""
a8347740,38.52
a8428568,13.21
a84ac590,01101011
a84e9e9e,queen sees secret
a84f60fd,71.53
a85864a9,:\:[
a86cb46c,109.85
a870fab0,the\ bright\ hatter\ draws
a87565bb,8185
a87bbb0b,19.48
a87cd899,31.60
a87fdd3a,11100100
a88572c6,II
a8887238,11001000
a88c4f08,11000101
a88f9fe3,
a88fbc44,LXXXVIII
a897b8bc,11111111
a898c37b,XXIV
a898cbc4,00000000
a89a7353,31.28
a8a4560e,37.85
a8a73cf4,LXXIII
a8aed893,89.77
a8ce8537,18.09
a8d5c8c2,4.83
a8d5d918,10.26
a8dbe0c6,19.79
a8e033fe,6854
a8e5eca1,4274
a8e8b505,41.29
a8ea0e29,10000000
a8ec75af,17.99
a8f2c2b9,11111101
a8f5ad76,01011101
a8fe78df,the secret student uncovers
a901f565,LII
a90fdd22,29.23
a91414ee,0100
a916a770,00000000
a919756f,XCIII
a926d5d0,&
a928ad6e,81
a937daa1,26.88
a94232ca,00111011
a942a8ad,XII
a9445539,10.56
a945525d,XLIX
a95e05ce,01100110
a962bab3,LV
a9659516,53.09
a966930a,29.16
a970e9b3,7
a97dbf6e,the clever rabbit watches
a984448a,72.27
a989f88c,XCVII
a98d4d53,!$-$[
a992d5f1,13.31
a9982552,28.96
a99ea0f0,00100011
a9a49dfe,22.94
a9a5e10f,XIV
a9a891ce,14.95
a9a91755,5
a9aa6c6e,$$
a9b2349f,00000000
a9b4f1ba,LIV
a9b6b1cb,119.26
a9c3ff5d,XCV
a9c57983,119
a9cc9eee,XCVII
a9cdb53b,48.82
a9d91ec1,::?
a9da94ea,dragon writes the secret map
a9deb8b5,4320
a9ded497,LXXXV
aa05953e,12.22
aa075253,XX
aa0f7c7d,11000101
aa10e6b3,98.27
aa10f528,wizard reads the secret story
aa1fd3d8,XXVI
aa248cfd,XXX
aa24c0a9,XXXVI
aa251ec4,%20
aa2e26f1,1
aa2e27a3,{
aa37b5db,54.19
aa3ae31f,10100100
aa4339c1,61.05
aa48cec8,92.17
aa4cee8e,2
aa4f5f83,bird dreams around ocean
aa505ca3,5
aa625771,11111111
aa64b0e6,dragon studies the hidden forest
aa6641fb,6
aa6cc257,VIII
aa6f0af1,35.89
aa6f0d54,3
aa72ae9f,00001011
aa764742,the bright cat explores
aa7b3c66,king draws secret map
aa7f06f4,3212
aa826c9a,mouse follows the secret map
aa89354d,3
aa8ab070,the wise wizard imagines
aa8ad8a5,23.61
aa8c76a1,0861
aaa62881,00000010
aaa6fddc,41.00
aaaccd99,queen watches above garden
aaafc6bc,58.41
aab3127a,13.73
aac98230,29.25
aac9bfab,7
aacd7119,129.64
aad305c6,26.20
aad35553,XX
aad72504,king discovered the hidden castle
aadc4d57,the dark mouse creates
aae573ff,knight studies kingdom
aaec36e0,3201
aaf46fca,90.50
ab015d3c,87.34
ab064b6a,00000000
ab0eee3d,11001111
ab104009,01011001
ab1c0546,6
ab3166c8,4
ab323f35,9.20
ab3352fa,8
ab34f2e6,50.93
ab407759,10.40
ab4e1a63,34.53
ab574811,-3
ab5f7c7f,11111111
ab71eaa0,10000011
ab779293,78
ab7809d1,2572
ab9e5b48,15.92
aba5a35d,10101110
abaaeccf,LXXXVII
abb4e6ac,XCV
abb5d597,8
abb9c33a,01011101
abba85ac,01111000
abbb5d43,13
abcfd0c1,LXXVII
abd83957,11.09
abda193b,10111110
abdda9e5,XIII
abe83078,$$
abeb338a,XXXIV
abed1c35,LXXXIII
abfd833f,57.13
ac0af560,6
ac0b6d12,king sees the dark potion
ac0d032d,00000000
ac145047,00000100
ac1fb676,48.84
ac2189ae,158.60
ac262f12,42
ac2b67ad,78.61
ac34d783,queen explores maze
ac3836f7,student chases treasure
ac394644,XX
ac3ab4d3,rabbit sees the strange
ac465f14,XXXIV
ac5c723c,34.17
ac5f6747,00110000
ac636718,princess imagines the hidden secret
ac697cef,51.81
ac6bc99c,42.86
ac6bf762,45.71
ac73e0f3,80.90
ac7ed6cf,11100111
ac87d01d,1
ac96e25c,\^
aca1d581,XVII
aca5c614,6314
aca82280,58.73
acb5e028,knight watches the crystal forest
acc0955e,bird dreams the dark treasure
ace02769,48.20
acf4ac58,5
acf8c11f,"c"""
ad01d78c,XXVIII
ad121190,LXXVII
ad1ade98,00000000
ad2514e4,5
ad3558db,the ancient king writes
ad364a7c,176.58
ad3e6f0d,LXVII
ad4b03c0,6
ad4b56d5,47.11
ad599007,18.11
ad59f0c6,34.53
ad651184,XCIX
ad6d02db,LXXXIII
ad6ff612,X
ad789984,XLIV
ad794f4a,129.48
ad7edc85,11101010
ad813fbb,XV
ada01a20,00001001
adad547a,19
adb23476,36.47
adb33564,128.81
adbcf4bf,2
adc6141f,88.30
adcc6292,@@@
add435ca,100.88
add6d0aa,turtle writes the curious garden
addd2e88,15.48
adde4edb,6
adeac6af,00100101
adebd139,24.45
adee3b71,130.34
adf5d72d,62.27
adf7fc5b,XLII
ae006a91,11111110
ae092f8d,65.53
ae0e57c4,161.47
ae2e3a26,30.99
ae2edf41,18.84
ae305718,XXXV
ae3d84e7,`?<
ae494323,7.03
ae4aef23,?<
ae4f74ba,55.91
ae50c309,25.32
ae554b7f,13.87
ae566562,10011010
ae5e411e,82.94
ae5e65cf,112.85
ae61350b,LXIII
ae64d5e4,/?
ae6a3065,31.56
ae6be599,$?]
ae6c8cf6,32.60
ae73892e,11011010
ae93aec4,0
aea08eb0,11011111
aea14651,00111111
aeb1596c,6.27
aebdf2ae,69.64
aec87b7b,5
aec8d5f2,80.76
aeca38ba,3
aed00579,XCV
aed6b1ca,26
aed8e748,28.43
aedac0c7,XCIII
aedc758a,XCVI
aedef8e4,01010001
af018681,$![^
af0e4262,^{$
af0fd8f6,1
af12442b,20.83
af260055,123.9
af271da8,114.84
af274b6d,9
af34964a,%')'
af358750,11111101
af37ed28,24.17
af447d2a,30.21
af52a14c,4.26
af5302ca,000
af58b824,10011010
af593008,wizard reads secret
af5e4060,11110111
af652c7d,LXXIX
af6ce080,70.71
af745071,85.74
af78b80e,41.58
af7b42d2,witch studies above mountain
af7ec090,-
af873b49,cat discovers the secret realm
af89acac,LXXXVI
af8a1eb3,X
af936486,dragon creates the ancient mountain
af95c8aa,'\!
af9989c2,29.00
afa9a53b,!@?
afac52d8,49.76
afb53516,#>#
afc57a97,54.78
afca7259,
afcac7af,90
afcc2452,XXXVIII
afdb7326,@#%
afdd0e06,XCIV
afe2bad5,XCII
afe800aa,LII
aff9a553,XLIII
b003a657,V
b00bab37,knight follows in castle
b0101680,16.10
b0184ec1,61.58
b0206bb7,\#\{@\&
b0228713,the hidden secret kingdom
b037cf33,63.59
b03ab026,74
b03bd7fb,LIX
b03f13bd,turtle imagines the secret map
b045e91a,26.10
b04c5585,XLIV
b0638e8a,4
b06625c4,&#
b06650c1,11111010
b06adf83,109.84
b073d5d8,66.28
b075e716,109
b07b312a,XLV
b0853608,XLI
b088f1d9,5
b08a469a,68.82
b08e4730,89.84
b09cdfaf,XLVIII
b09efdc9,king watches near garden
b0b84b53,12.32
b0bc11f1,01101100
b0bd3c8f,75.36
b0bf8ae4,IV
b0c908ce,XCVI
b0d0dd45,7289
b0d399f9,XX
b0dc045a,XCIX
b0e8cd3e,41.05
b102a8a8,00101010
b1046e36,24.07
b1181806,
b12377a9,6.32
b12df751,29.30
b13d511a,\<<
b14f7be3,1
b14fb614,01100000
b15368e8,\`
b158ab98,10000000
b15a1ff8,XLIX
b163a1ab,the clever turtle sees
b16455a2,00000101
b1686291,63.63
b16d6db2,"%[`.
</think>
\boxed{%["
b1733f3e,$'
b1740982,7.78
b1798629,XIX
b1804bcd,5.46
b1890a99,11000110
b1911ff3,LXVIII
b193f06a,3182
b19f4815,mouse writes book
b1a745db,LXXI
b1af141c,XXI
b1b095ea,6
b1b0af1d,LIII
b1b10e83,"|+""#$"
b1b48ee7,XI
b1b5054f,00010001
b1bc3731,-36
b1bd7903,LXXXIV
b1de518a,11011110
b1ec44a1,6
b1ec7742,24.39
b1f5a2e8,11111111
b1f65894,XXVII
b1f67de9,XVIII
b1f8f11c,40.90
b205f2d5,9
b20b39bf,10000000
b20bba0b,14
b2285221,XLVII
b236ba44,11110110
b23f94f8,2
b24ad7be,XCI
b250470b,LXXVIII
b2506950,XLIV
b2576afa,XVI
b25c11fe,LIV
b2615471,68.11
b265a4af,00010100
b26d8818,5983
b271a61c,/{*@
b2748dc4,the curious knight imagines
b275443b,11111101
b2865616,58.68
b287ee74,00000000
b2880cc3,9
b2929c2a,27.62
b298bfc6,XXXIII
b29a4a21,75.62
b2a8384e,<>
b2b00de0,XCVII
b2b2ba94,7.03
b2b349aa,IX
b2bc6dbb,6
b2bdef43,11111111
b2cbea0f,176.56
b2d46dec,11000110
b2e5c467,831
b2e7ee08,33.02
b2ea0c09,22.13
b2ee2241,XCVI
b2f19231,princess explores the secret garden
b2f2ad54,20.56
b2fb65cf,10111111
b2fb7d10,33.05
b303bb5a,13.92
b305e47f,28.10
b30f8610,00101111
b312829e,73.42
b318276f,6
b32c8042,8.13
b331a0c2,king follows forest
b3431ac7,LXI
b34a1d90,10
b35103bf,27.39
b360e5fe,56.64
b365d48c,LXVI
b36aa89c,9.20
b3745e98,$@%
b3772621,5
b3785949,10100110
b3884d15,21.15
b391ffe1,-?
b394b3b9,queen reads silver map
b398201b,7
b39c8082,princess reads treasure
b3a9b053,1
b3ab21d2,15.19
b3ae7f39,9
b3af6a44,the clever alice reads
b3b8ed86,131.04
b3c0b44e,43.00
b3c2142f,11.26
b3ce071c,10011101
b3d56db3,LXXV
b3d91fcf,LXXXVI
b3db314b,3
b3e1b612,LIV
b3e6f386,14.27
b3f9a15c,3552
b4051778,5.93
b414004c,68.27
b41b9628,00101101
b41c84e4,25.93
b4229b4a,11111111
b42668ab,39.94
b4342b90,66
b43c7665,the ancient knight sees
b43d9cd5,11100100
b44f2254,5
b45003a6,01001101
b451be8a,23%
b4549ab9,00111101
b47e8621,|
b4865c39,5
b487923a,00000101
b48ec372,101.59
b48ff026,the wise princess sees
b4902e98,33.51
b4906db9,141.43
b49fe499,45.17
b4a15ca6,50
b4a42843,131.81
b4a5076f,051
b4abe02a,XX
b4b73143,?\!
b4bda915,4
b4c3f16c,dragon follows inside valley
b4c98aa9,5
b4cd34fe,6
b4cf2c41,XIII
b4ddb69d,00000000
b4eab219,`->
b4f701f5,2414
b50a79c8,7
b50cf853,?
b50ea68b,10.45
b523875c,5
b5261a95,011
b52a8017,1
b52c6d87,166.03
b539561d,82.24
b5403194,10.17
b551589d,17.37
b5539826,11.04
b558c74d,0101101
b562489d,princess creates above cave
b56d38be,&^+)
b57c1c5f,00101100
b5836ebf,6
b595b6e8,10100000
b5a20f35,12.64
b5a936a9,`>
b5aaf41f,59.43
b5ab0286,116.49
b5aba795,64.17
b5aef408,27.91
b5b9c138,00100001
b5bfe52b,102.58
b5c56f58,58.20
b5c8ac87,king studies secret kingdom
b5e1e604,01
b5e40e49,01100111
b5ee1c4e,6
b5fdebcc,80.00
b609746e,30.25
b60cc65e,5
b60cd610,133.93
b6127826,XXII
b61470ef,10100001
b61afd75,1
b61bb6c6,7.75
b61e875a,5.84
b6212c5e,XLIII
b62453dc,34
b62f2e75,00111111
b62f3399,wizard sees around village
b631f2b8,11111111
b634898d,11000000
b63d963c,)#
b643d81f,90
b647609f,7
b64d3d0f,56.48
b655eee9,-92
b65a341a,the secret map explores
b6611da0,IV
b664561f,XXXVII
b669d051,26.30
b67194af,10010101
b6720c46,5
b6879296,27.53
b69238c1,11111111
b69391b8,66
b69d2e78,|
b6a96559,rabbit sees treasure
b6ac4a3b,5
b6bacaa0,58.20
b6cd1807,01001111
b6cd32c1,62.04
b6cef316,55.66
b6de58c5,2
b6e4a36d,11111110
b6ebacd5,20.78
b72f6f48,10111111
b7343939,student dreams around ocean
b73d0898,7
b745e6d1,LXXXVI
b74710de,the ancient student discovers
b74a49c4,11111000
b755b08e,wizard studies realm secret
b75b5123,11111111
b75d7598,81.56
b76fd053,11100000
b78aeb93,VI
b794b844,22.85
b79f2b10,00010101
b7a208c2,15.97
b7a94434,59.15
b7a96254,11.24
b7ad0671,1
b7b1d1a8,57
b7b61c0b,32.57
b7bc2148,10.88
b7cd554e,the hidden mouse studies
b7e1a152,17.94
b7e92a59,!
b7ea3d8d,6
b7ebfc5a,166.09
b7ee7b4c,LXVI
b7f05101,5
b7f86f42,9.63
b7fd51b5,6
b80795b4,00001000
b8084b36,43.46
b80a1a12,14.45
b80c9363,knight sees in tower
b80d1a4d,8.93
b81065fd,38.80
b8176ac6,rabbit studies abode forest
b81b071c,6
b82a4b1b,7
b82b2a02,00110100
b82e38ec,76.34
b82f6bc4,7
b838101f,6
b83b999a,1
b8432f69,!
b8496b92,L
b84ada64,10.05
b84affc2,XII
b8560600,6
b85a9b97,queen follows near island
b85d359c,XXIII
b8722d19,10011100
b8738676,6
b87f3bd9,the mysterious dragon watches
b891fd93,35.10
b8954f14,10011110
b8955624,!'
b8976439,6.48
b89a3e4d,6
b8a8560f,3
b8aa3072,00010011
b8b9133c,47.68
b8b948af,31.27
b8b99140,36.20
b8bbfb33,46.27
b8c3a530,4
b8d28fcd,54.62
b8d749d6,11.98
b8dcc19a,10101010
b8e0c853,11111011
b8e2b866,83.81
b8e2c327,36.91
b8e38a49,00011011
b8e4d24d,106.57
b8e5057a,1
b8f00ea7,08
b8f1e3b9,LXXXV
b8f530de,the secret queen creates
b8f8ae0d,XIV
b9034c71,10.75
b908398b,LVII
b9126839,19.27
b91855fd,2
b91f7b38,VIII
b9222db1,alice draws the mysterious mirror
b934935c,cat dreams the bright message
b944af61,mouse imagines the dark wizard
b9500f41,11011100
b9599f23,VI
b9623afc,XXXV
b96424a0,mouse studies story
b9734394,00000010
b9768923,69.57
b977b320,bird draws the secret castle
b980017a,135
b989c740,8618
b993173b,XCIII
b998f4f2,5
b99bdad1,the golden queen watches
b99c2ca0,19.21
b99d3059,35
b9a748ac,4
b9af70c0,00000000
b9b5a2c1,
b9bde098,2
b9bf883d,100
b9c14cde,5
b9e045e8,4
b9e7c7c4,0
b9e9dc9f,00000000
b9f0d732,fox dreams through cave
b9f1d959,?
b9f40d9a,51.21
b9f42afb,01011100
b9fb3018,26.82
b9fe8578,59.68
ba0a7ac2,6
ba14f4a1,the ancient alice reads
ba1620ec,4
ba285d3d,14.53
ba3e8a2b,LXIV
ba409835,00000111
ba469498,46.87
ba47a3bf,00000000
ba573ba5,LIII
ba598f58,75.22
ba5e6c2e,8
ba61b815,10001000
ba70f3c5,73.73
ba73cc70,00000011
ba76c1d2,:{`
ba7d54c4,``>
ba7d78f8,147.28
ba960ba9,23.90
baa9e4ea,00100000
baab28bb,\
baabcbe5,teacher follows near ocean
bab19053,40.63
bac14bcd,XIX
bad6f95d,41
bad798af,11111111
bad7a97b,queen writes above ocean
bad9f9da,87
badf6313,wizard discovers the mysterious castle
badfde6d,LXXXIX
bae637a5,18.53
bae825ba,46.68
bae87600,king writes near forest
baeb4a11,00110000
baebfd26,?`]`
baee520f,00100000
baf66f84,01000111
bb056bc9,00111111
bb070853,XXXIII
bb0abecc,00000000
bb187775,hatter reads book
bb1ed6b9,35.96
bb1ee8e2,/#?
bb21ad10,student dreams castle
bb2d064c,6
bb2ff0b5,LIX
bb326096,00100100
bb3bc7e7,42.02
bb40f4fa,princess watches the strange queen
bb429016,11110111
bb46a671,25.47
bb486d21,110.8
bb49a75a,7.86
bb4c2109,8
bb742385,31.40
bb79e64f,0
bb8a739b,61.82
bb8f5a6a,0.14760741
bb90b29d,knight creates the mysterious kingdom
bb91177f,1
bb9611b7,131.19
bb9c9d6f,XCIII
bb9dd0ad,`>?
bba15400,LX
bba186c3,73
bbace822,111.60
bbb61c3a,62.46
bbcd608d,)
bbcfbcca,XV
bbd9c6ae,knight imagines the ancient map
bbdbda50,mouse discovers inside castle
bbf1dba3,01100010
bc0935ee,@25
bc0cbe05,25.28
bc0e7856,7
bc19cd14,10010111
bc1ef494,\)
bc2649ba,116.76
bc2fc874,dragon studies map
bc38b75b,25.25
bc42e664,*28
bc42fddf,alice sees castle
bc4aca62,135.33
bc4d68f5,11000000
bc50e662,student explores around village
bc520eb0,10
bc586060,53.02
bc60a72a,37.87
bc64667d,65.70
bc70cab0,dragon studies above mountain
bc7618a7,11000011
bc788c0e,XXI
bc7f14d1,124
bc83b0a1,"(/{
</think>
transform rule analysis can yields correct correct result based transformations It can be derived or is there rotation let elements and letters means then . So transformation can get done correctly and check the and on pattern with elements . { ignore last means the.

Also note transformations can simpler what all have the two
Right answer will only comes from:
Deduce each element if it get to be remove then can come to analysis.Ignore either both. Or has no rule! Just guess each and follow pattern

\boxed{(*{!"
bc9856fc,prince studies mystery
bca230fd,`)
bca238ee,10000001
bca36437,13.84
bcacfbc9,7.68
bcb0993a,*
bcc6b180,64.98
bcdf769f,LXXXVII
bcdf9198,11111111
bce10d97,14
bcf0d51d,11100000
bcf66e1d,39.44
bcfa36d2,5
bcfa751d,139.39
bcff7dbe,?
bd01bfeb,'
bd049614,00000000
bd056c6b,XIX
bd1200b2,104.96
bd19f9b6,LXXII
bd214050,11111100
bd214062,11011011
bd2c459a,8
bd2ef1e9,39.18
bd30ccbd,01101100
bd36a922,<[
bd3787e3,4
bd3996eb,11.09
bd417168,00000000
bd45373b,5.11
bd4c584a,33
bd53ea3a,00000000
bd7591e7,27.34
bd76e1f9,158.36
bd8aa942,1881
bd97b95a,bird sees the secret garden
bd9a9be6,9.75
bd9acac4,39.57
bd9df216,153.66
bd9e437b,knight reads the golden castle
bda7ee30,6.16
bda83bcd,XX
bda90b57,01000101
bdb72adf,01100000
bdb93228,01010101
bdbc5f60,27.29
bdc10997,XCV
bdca0fac,8945
bdcc30fe,10011010
bdcccbab,21.82
bdd2f990,23.23
bdd3c961,LXX
bdd63604,1
bddbab0c,7
bde0d15d,6.57
bde0e318,king studies princess
be01af6b,01011111
be05952c,00000001
be091374,44.82
be0a10de,)??
be20c276,29.84
be2416ec,22.11
be2b5f75,55.64
be2f9734,IV
be32b22a,01000000
be366ebb,LXXX
be5795da,75.58
be5971d7,58
be5f0069,32.30
be6250c0,alice discovers the colorful forest
be678a92,10000011
be67a57a,179.15
be69c49f,cat chases the key
be69de9f,109.42
be7101dc,^:/^
be77b031,8
be787193,XXXVII
be7a9eb1,?
be7b3d06,49.12
be877da5,9193
be8d4d84,LIII
be8de8a1,11111110
be9b0c9b,1
bebb9447,>##]
bebef9bd,XXXV
bec6fe03,62.45
bed05e5b,152.83
bed6424f,XXIX
bedd4e39,LXXVIII
beed9a93,the strange cat explores
beeecc73,10.53
bef8b5ec,00000000
bf002000,00101000
bf00d07d,21.77
bf08c301,6
bf10f444,18.15
bf20f12c,10101010
bf2220e7,`:(`
bf290c73,6.15
bf2fc862,36.08
bf39ab88,XXXIX
bf40bc1d,50.07
bf4bd858,60
bf51eb1d,43.55
bf52169b,6
bf6249ea,67.38
bf786304,145.82
bf7c64dd,XL
bf8524b5,170.48
bf88ff54,69.73
bf98d26a,00101110
bfa0fdf6,18.42
bfa327dc,XXXII
bfaa2811,10.107
bfae1468,23.85
bfb88d7b,170.44
bfb9b15c,6
bfc0527d,XVII
bfc59d3a,18.01
bfca784f,11111101
bfcb26ab,1
bfd0e232,162.09
bfd2dc4c,70.35
bfd485cf,29.86
bfdf8d36,7.52
bfe3a828,7
bfee75d5,11101011
bff8b75b,1.6881666667
bffaa07f,15.37
c00d52fe,10010100
c00f2605,??
c01cebb4,`
c0289d26,8
c02c8a9c,6
c04024c2,144.61
c04634c0,21.51
c04961fc,16.61
c05828eb,-?
c05f5733,00000010
c0648741,10.02
c06e61a2,1185
c0706c91,13.80
c0788894,11111111
c080cfdd,XLV
c09035ce,2
c090ea30,XXIII
c0941580,80.65
c095f799,00000000
c0b3ea87,LXVIII
c0bc0516,50.59
c0c0699a,27.75
c0c70a35,11111111
c0cf74f0,XXXV
c0d1c45e,5
c0d3279f,LXXIII
c0dc290c,32.31
c0dd90c0,22
c0e04922,11110110
c0e67390,16.38
c0e9cf43,turtle chases secret
c0f32a1e,184
c0f6e1b8,204.79
c0f7a38b,3
c102a112,42.16
c113055a,01010110
c11777c0,56
c118f5ce,4
c11a4f54,77.78
c11c0757,64.43
c11ca3ef,137.51
c11eba1d,6
c11f1c92,64.6
c1224544,42.88
c124f209,82.46
c132886a,the hidden realm watches
c143db59,26.28
c14582f7,106.16
c149d3c5,43.85
c163f9e9,53.81
c170f7d4,-15
c1775d35,22.21
c180cdec,2
c185e8fe,III
c188c1a6,70.56
c18ee385,13.56
c1935859,XIII
c19756b2,XXXI
c1b427bb,10100000
c1bebdf1,20.90
c1c7963e,5.15
c1d0ab5f,witch creates dreams
c1ebc77e,bird finds secret
c1ed95d1,18.33
c1f656e1,32.64
c1f7f792,knight draws map
c1fa87b4,LXIX
c1ffb3ac,6
c200810b,00000000
c2199ff2,26
c22ba76c,19.19
c22d205e,11.26
c23b8942,6
c23e84e7,6.21
c23fca57,00111110
c24074a8,#|?
c247c7b6,XLIV
c24b3e52,4
c24e1a48,00010001
c251c3f2,wizard draws the secret map
c2540e41,LXIX
c2567e6d,cat sees near island
c26048a5,19.93
c2661ca8,6
c2681106,49.06
c268537a,XXVI
c270d664,3.34
c27fd09b,0
c285d9ba,10000001
c2871699,6
c2920548,10.58
c2945f2c,7
c2985c8e,11011111
c29b704e,37.09
c29cdaed,5
c29dbe95,knight writes in tower
c2a7b266,151.16
c2b593de,LIX
c2b9b28d,XLII
c2b9bbcf,33.02
c2bd8080,202.86
c2c2cacf,6
c2c322a6,14.73
c2d07613,teacher studies secret realm
c2d8ef67,00100000
c2dacc5b,01100000
c2e61e4e,LI
c2eab4d7,43.25
c2ebca34,32.82
c2eca07a,49.81
c2eca2a0,23.53
c2ef4b48,XXI
c2f263df,88.70
c2f4b1f8,XLIII
c305d626,63.45
c307fa93,33.57
c30a782a,01100110
c30e03b9,princess draws the mysterious message
c31c1019,7
c3207775,11111001
c32681cb,&|
c328b4f0,30.89
c32d2c2c,7
c32e1c7b,&#`
c33ad31a,00000000
c348a3ce,X
c35484c1,6
c35cbfaa,8
c36667cc,7
c3728f7f,17.16
c37a2a23,5850
c37af443,LXXII
c37e694c,?
c38256ce,8
c38b9c9e,LXXXIII
c3901a44,2
c395b6ec,01111111
c39705cd,00000110
c398a90e,58.12
c3a92731,I
c3ab014b,00001101
c3b430b1,6
c3b9b909,8
c3bc4f2b,27.76
c3c025aa,10
c3c3e734,28.89
c3d00ce8,knight dreams near valley
c3d2893c,7
c3e8c44f,59.81
c3edc57d,1
c3f62d1d,35.61
c3f95167,the secret map shows
c3fb6417,57.80
c3ff737e,0
c4017def,hatter reads map
c40a535a,5
c413ac69,/
c4172736,19.98
c42412f4,LXXIV
c424dcd4,10000111
c4293a0d,6
c42c9066,5
c43b5a13,|{
c45529cf,XLIII
c455f908,turtle creates key
c46778ec,16.93
c47bdea1,33.16
c4865201,XXXVIII
c48ff53a,48.15
c4987e55,II
c49cd1bb,-7
c49e08e9,140.25
c49f0f79,80.59
c4a6d52b,00000100
c4ae8bd9,122.01
c4b15c03,13
c4c86b79,XXXVI
c4d2cf2c,11000000
c4d37945,214.43
c4d9c1cb,24.94
c4ded23c,83.49
c4e002ab,43.92
c4e0b4e0,3
c4f66ede,6125
c50cd56e,90.08
c51cfc80,knight reads the secret world
c51de6da,23.21
c5326116,LXIX
c536c44c,11111101
c539bcca,XLVI
c540010b,39.18
c541eb82,98
c5452dd7,18.22
c546a072,student reads the hidden puzzle
c54765cd,11111110
c54d890e,01101111
c552685b,180.87
c553fca8,17.44
c55729f0,XXXII
c5582800,151.50
c561264c,279
c56141ff,XII
c564145e,king writes forest
c5842a35,XVI
c58451f9,01101000
c5872355,11000101
c5955a0a,&\
c59bb31a,XLIV
c5ac66d3,7
c5b058d6,134
c5bd62f6,XI
c5bea6cd,113.06
c5bf415c,<@
c5c16455,73.07
c5ce7236,11010101
c5dd2a9b,00000000
c5ed7cac,student draws secret
c5f9313f,LXXII
c601d300,50.65
c60481e7,00000011
c60e0b5e,XCIX
c610fa83,LXXVIII
c613082a,31
c62359ea,01100010
c625ba91,11111111
c628614c,XXVI
c628dd06,00101011
c62e9b7d,5
c6357a21,7
c6359bdd,VI
c6382a0a,42.25
c63d55a7,king found beyond garden
c640593b,XVIII
c644a425,34.32
c64ebe75,XIX
c65654a5,11110101
c65911c6,II
c65ab88f,LI
c65adf3e,mouse studies the mysterious potion
c6762dfb,cat sees the silver mirror
c67e461d,4
c6961082,168
c69805fe,01001111
c69a5a03,LVII
c69b17bf,3
c6a1ba04,00000000
c6a5f3f8,04
c6aa132c,69.97
c6ac4d1d,00110011
c6adc475,18.09
c6b21376,XXXI
c6c03357,15.75
c6c3376a,16.02
c6c75305,//
c6ccffe6,LXII
c6d3c9a4,66.78
c6da25af,79
c6e60b82,:@
c6f31b15,IX
c6f514af,teacher reads secret
c6fa3e3f,00110011
c6fe6285,XLII
c70056a7,XCVII
c7010f8f,11.84
c7077b21,00110110
c708be9a,19.03
c70fbbb3,64.22
c711f9dd,7
c7135daa,LXXI
c7178491,11.78
c71f26d6,10111011
c728dd09,101000
c73562bf,28.38
c73dc70f,28.86
c73f87c4,25.95
c7420a23,33
c744d26e,/
c748b04f,651
c7492d2e,61.63
c75c45b2,38.93
c75d1d59,VII
c763054a,85
c763ba87,5
c7660833,10101010
c76fc189,(<>
c778da87,LXVIII
c77b6f81,XCII
c7844441,%`?
c7849be5,35.78
c78a5deb,46.98
c79321e4,23.80
c793c44d,18.98
c7a37cda,10010011
c7a4e09f,8.12
c7a7b13a,64
c7a95fda,22.80
c7aae192,>
c7ad9cd4,LVI
c7b79a3f,XLVIII
c7bcab48,5899
c7be75f8,00000010
c7c8a024,17.24
c7c9f6a1,8.31
c7dd7d75,4
c7e03ea1,18.56
c7e1ae7d,99.79
c7e6e08f,10001101
c7f785b6,31.44
c7f88491,IX
c8009e3f,III
c8059d42,118.42
c8068f69,53.03
c8084977,00101011
c80b985a,the colorful turtle explores
c81411a2,8
c8199213,26.77
c81e8ff4,LXXXII
c8200012,17.22
c825ac2a,1
c82c0984,14.30
c82e47bf,XXXV
c83c70a6,LXXIV
c83ef461,88.26
c8443803,32.50
c84544db,4
c84c150e,1
c857a727,429
c8594a19,101.92
c86663f4,10
c869b4f6,01010001
c8730ea5,01110100
c87a87ec,28.07
c87ce9ea,(/#!\%
c87d761a,?`
c885e697,82
c887d78e,34.73
c88eb75e,V
c88eca54,7
c89ee779,72.42
c8a8aaab,XXXII
c8b57f1d,//>%
c8bcb6a5,5
c8c3c654,56.7
c8c3eb99,91.00
c8c65001,01100100
c8d6d308,54.87
c8e4fac7,32.78
c8eb3ecc,208.56
c8f3be11,42.46
c8f9a468,21.35
c90fa3a6,00000101
c910716e,LV
c9151e86,0
c9168be9,wizard writes potion
c91ba3ac,36.61
c922dbb4,@
c92650e9,XXXVIII
c934ffa1,\@#
c93a4fa1,2
c93fdc3a,king opens door
c943ba5b,the secret hatter sees
c9463bb4,&`%
c951be72,8
c953db00,XII
c956a7f7,53.94
c95e023a,the strange knight discovers
c96016ff,30.02
c964ad34,XX
c9780577,?
c97896c2,23.41
c987c34f,01001001
c9892f7b,40.54
c9a63747,9.23
c9c26b92,4032
c9c5c755,XLII
c9d0a16d,110.88
c9e16aff,?<
c9e2bade,LXXI
c9e7110a,24.11
c9e990de,3.26
c9eac667,LXII
c9ed8124,01010011
ca055f19,XXXVI
ca09e0c5,VIII
ca109b5e,I^?#
ca14582d,11101101
ca1637ed,48.32
ca27fcab,9.49
ca28d400,36.73
ca2bb5f5,10.66
ca43107b,!@
ca439170,LXI
ca4d10f5,26.19
ca529afc,LXXXIX
ca5db1c0,-^
ca72b5b3,10011101
ca7325ee,10.02
ca7944ee,bird dreams above island
ca79b453,51.70
ca85809b,#&
ca8929f5,148
ca8d32e6,11101101
ca9db731,36.33
cabc0445,0.26293865
cacc0b56,47.89
caccfafe,LXXV
cad363de,LXXIV
cad4b9a7,@@[
cad64a33,66.09
cae68989,LXXXIII
cae7a6bb,4.38
caf5574a,150.44
caf7fbe3,41.94
caf8a95c,mouse chases key
cb0a13b8,XXXV
cb0f3fc2,66.11
cb11a232,10011010
cb1a3a76,1
cb2035e1,princess reads mirror
cb239867,11100001
cb288348,40.0
cb2d7718,LII
cb2fdb6b,X
cb31384b,00100010
cb32b049,LII
cb3317fe,5
cb39720b,9.56
cb3a91d0,XXIV
cb57aeca,30.22
cb59c08c,112.52
cb5ddb11,00000000
cb5e222e,29.89
cb5fa22d,8007
cb7475e5,65.99
cb796a2b,114
cb7bb0d0,-@
cb7bd3d2,%?
cb7c2230,8
cb7ddf6a,LI
cb7e15f1,6
cb811c6b,5
cb91b493,XXIX
cb9af4ff,III
cbab2a46,54.44
cbc82f91,5
cbceed92,7
cbd76ba8,86.27
cbe4288b,61
cbece006,11110001
cbf00fd5,6.58
cbf13263,92.02
cbfb5002,156.56
cc0fd7a8,LXV
cc23bdaa,VI
cc266e04,XCIX
cc3214e2,5
cc3ea471,-
cc4a4b69,154.84
cc4ee1b4,XI
cc5011ac,11011101
cc580e04,47.46
cc5d037a,134.7
cc6a45f8,27.95
cc716361,24.63
cc735e46,1444
cc7dd4ae,00000101
cc800930,5963
cc812383,mouse dreams the wise book
cc861605,00001000
cc92d89f,|
cca64860,(?)
cca882b8,>!#
cca9f6af,78.57
ccb53663,27.24
ccbae35a,48.74
ccbbac0e,129.52
ccc42ec2,11100101
cccb1db6,49.28
ccd2dbe4,dragon writes under palace
ccd5baec,6
ccddd1be,72.10
cce4b469,I
ccede4a0,10001001
cceeca1e,LXXX
ccf02dee,11100111
ccf4b43c,@@!
ccfd3fe3,110011
ccff9e13,6
cd013121,II
cd1280b0,13.94
cd149ff8,731
cd17f040,00000000
cd1c5cc3,-]:
cd1ecf8d,princess reads inside wonderland
cd263ee9,51.98
cd2e20b9,][a
cd3021c1,the strange dragon sees
cd37d0d3,01011111
cd42f555,16.03
cd4d7537,the wise sing imagines
cd4fb97c,ancient mountains the mysterious castle
cd581510,XIII
cd5e23c7,!!
cd6cdb84,6
cd7b5aed,25.63
cd84db78,29.42
cd85cfae,LXVIII
cd8b5299,28.88
cd8d9d82,54.33
cd93713c,00000000
cd944c7a,LXXIX
cd94ec17,4
cd9c0930,55.43
cd9d50e2,5293
cda3796e,0
cda551e4,XXVII
cda9b5c3,3
cdbeab98,13.86
cdc86263,XXXVIII
cde140d3,24.96
cde6cc3c,35.57
cde9f7ba,48
cdec898a,{%?
cdfa4933,XIV
ce00ffe4,11110000
ce017bb0,the secret dragon explores
ce03529d,cat explores story
ce064ad8,dragon imagines treasure
ce094207,00101011
ce140627,XVII
ce195c74,32.03
ce1e1f23,78.60
ce2df062,51.22
ce2e0e08,72.83
ce2f47a9,magician studies kingdom
ce32bb72,12.78
ce338e63,35.60
ce3b9926,51.0
ce42ad50,80.73
ce507d39,177
ce5367dc,the clever knight chases
ce5650d9,5
ce57e3d0,11.70
ce595dcd,6
ce5e0fc1,13.1
ce6f3ab9,71.80
ce7138bf,3
ce75523c,29.20
ce7ab108,XLV
ce8212b8,19.66
ce862776,00000001
ce90a920,11.81
ce9e73a0,72.33
cea926f8,
cead963f,XXXIV
ceb69396,194.96
cebaa9b5,01010000
ced947c8,10001010
cee07c09,8483
cee73e91,4
ceeaa3ca,7
cef15a1b,6
cef4c8a9,)>?
cef50c24,/
cf06a7ce,LXXX
cf0f56d2,42.94
cf1cca51,00010001
cf250a13,the magical dragon found
cf26d29e,LXXV
cf29b8dc,21.22
cf2a4028,::!
cf356d18,6
cf3629fc,8
cf447906,11001100
cf463245,LVI
cf49ae7a,XCVII
cf4c04c0,@|-#
cf4c2ead,6
cf4de024,LXI
cf4df746,35.23
cf517124,24
cf54a8d8,XV
cf5b4ab4,1
cf684dbe,68.89
cf6dcfce,LI
cf79c10e,?
cf7a503e,28.14
cf821623,2
cf8405a9,19.10
cf84c023,*13
cf8c8ff7,80.93
cf8f0b16,XII
cf9195dc,the dark rabbit draws
cf97b73f,4
cf9bebe9,19
cfa59b38,233
cfb1b2c1,0
cfbef74c,6
cfc594f6,56.15
cfc7103b,29.13
cfd312b1,&{?&
cfe3c50f,LXVIII
cfe840b0,80.37
cfe89737,XCI
cfea27e3,9.73
cfebb054,94.56
cfebd5f8,134.00
cff450fd,38.42
cff75782,8
d006c326,6
d008b0b6,119
d00b9ac8,C
d016485f,6
d01aeeda,01001101
d01b69aa,queen studies potion
d030b265,00110000
d03223ca,00011110
d033513f,103
d035c02e,13.68
d04a6603,XXXIV
d062642e,01110000
d065968c,01111110
d065d320,7
d069bd12,7.33
d06ab558,77.95
d074c5db,13.81
d076d135,XLIX
d07a1052,32.04
d080f2a8,15.73
d082bc99,LXXXV
d0853cbf,13.93
d08ef8d1,00001111
d096a492,3398
d09b7685,37.01
d0a6832f,77.50
d0b08b79,108.88
d0b1e41a,#$'
d0b20175,73.74
d0b6dc53,11.53
d0c0712f,XCVI
d0db0217,21.69
d0dd2df7,16.02
d0dd8e4e,VII
d0def878,127.82
d0e1010b,!^&%
d0e13cee,44.62
d0ea0990,XXXVII
d0ea0b5f,00110000
d0ea94a2,7
d0f0e1ed,69.88
d102679b,21.97
d1080c04,46.87
d10d6a1f,LVII
d10efb1f,XX
d10f3988,the clever turtle found
d1141de1,XVII
d117113e,00001
d129b085,?
d12ac19d,queen watches above forest
d13302ca,00110110
d137bdb0,9
d13e92ec,@^![
d14923e2,139.75
d155a508,11101111
d15c3b07,X
d1611217,wizard creates within mountain
d162c3d8,85.02
d165af22,14.56
d17632d2,9
d1767dbe,15.73
d1770b73,20.46
d17d3a7a,128
d19be23b,XII
d1a67a7b,28.86
d1b8c81c,3.35
d1bd7478,-30
d1c3ed77,0
d1c6beb0,]\\
d1c8d740,hatter writes the mysterious map
d1d0211f,LXVI
d1e79ef8,the colorful student reads
d1ecdd11,11001100
d1f80c94,LXXV
d1fec46f,the ancient alice chases
d1ff4b0b,10.24
d202a876,3
d204b9cc,131
d20e766d,38.65
d20e7c41,124.42
d211d3f8,4.90
d212aa05,4
d2198656,LXVI
d21c7677,8912
d22e10ef,prince reads map
d22f2d08,26
d23b8633,10.31
d23f4166,
d2503f8b,01001101
d250fcc5,
d25a49a0,^^
d25d3b5f,11110011
d26230fc,41.87
d2695f15,10111100
d26cb122,II
d26f22c3,10111111
d27473b8,34.56
d290b24e,00001010
d2957330,54.85
d29824cf,45.59
d29d899d,XLVIII
d29e19a4,$&??
d29f786b,LXXIX
d2a6a864,30.09
d2ac699b,1
d2b4560f,01010110
d2b97186,XCVI
d2d230d5,7
d2d2de70,29.88
d2d8c935,4
d2fc4490,10011111
d2fe9d04,|\%
d2fea2ca,5
d2ff6b6f,XLIV
d300a576,6
d303ae8e,28
d304eec8,48.26
d3092ac1,29
d3242e0c,LII
d34446f5,112.72
d3461858,XXIII
d3492ebf,106.07
d34ac20d,15.31
d350828e,|\
d352064b,46.34
d3552bf9,11.02
d35b279d,24.67
d3926533,XLIII
d3a291ee,VI
d3b20e29,3922
d3bb9253,king spotted above tower
d3c1d2fb,/
d3c2eac5,140.83
d3c6596e,10111010
d3c6f8e4,
d3d30b86,!)
d3d630b9,2
d3d82844,14.79
d3daee34,2.74
d3f8c793,50.75
d40112ae,wizard follows castle
d407570e,{
d408af38,1
d40b3aa3,00000000
d40ce15d,00101001
d414f1df,the hidden wizard discovers
d422604a,6
d42dc469,XL
d4377d71,31.82
d441b4aa,the bright knight creates
d4483d51,2871
d44b77f7,26.79
d44ef285,0981
d4519f28,turtle imagines treasure
d452141e,11111011
d4535e4a,XXI
d45dc67f,%|
d4612468,00000000
d46a570b,XIV
d46df3b0,3955
d46f3a25,00000100
d480fabc,XIII
d48fd9b2,XXXIII
d490911e,139
d49d2838,LXXIII
d4b08884,13
d4b85539,6
d4bea0cd,15.74
d4d4a2c2,185.78
d4d7bca5,32.85
d4dde366,1
d4e29ed7,01100110
d4f1257b,6
d50683b4,01001011
d5071155,00010100
d50746e7,01000110
d50a479c,22.72
d5142ee5,93.99
d515bcf6,XXXVI
d5220697,11111101
d527f819,28.19
d52d0c62,18.13
d5400bdd,47.67
d546fd90,
d547f717,10000000
d54f5b26,206.71
d556f501,56.54
d5602cc5,%#
d566ff0e,17.44
d56a1b4c,#?
d56a5588,29.72
d570c63b,LXX
d57d85e1,princess imagines castle
d58269de,LXVI
d582c492,10010110
d58f81ad,LV
d59bfd5f,8
d5a03a2e,%/^
d5a28743,00
d5aa5564,45
d5ad5106,XXXVIII
d5bf6bb9,XCIX
d5c5d624,01011111
d5db7182,8
d5e5d7e1,6.75
d5f4c3a9,87.05
d600988d,\\
d61269a7,85.80
d6187157,00001100
d61d6d58,LXI
d61f4e24,102.03
d623e937,01110101
d6280b68,65.27
d62cf15d,93.61
d631af8f,LVII
d63c1fb0,||%
d64151c0,10.66
d64a6578,2626
d662a4c4,14.15
d662e6ef,XII
d66ea753,34.46
d67cbe5f,@?
d67d6687,XIX
d67f28ad,131
d682aabd,6
d6844056,00001100
d68daa97,1
d691d4f5,79.72
d6938f81,XCI
d695e2b2,41.86
d696e9f4,12.89
d697ceed,6
d6a2e332,55
d6b2525a,63.73
d6b9970a,knight follows beyond
d6baf5e6,6003
d6be4244,XXX
d6be4b0e,74.81
d6c03e21,&\'\`
d6cd7d14,7
d6ce6010,LXXXII
d6ceda8e,01101000
d6e5cd59,10110111
d6e6f8b5,11100001
d6ecc2c7,3
d6f18fc8,]?
d6f4e854,01011100
d7032308,186.42
d70beb33,1
d7149bfd,78.48
d719f427,184.04
d71b6359,7.42
d71bb1fc,30.40
d727ad5f,00
d72c3779,20.90
d72ca3bf,01101111
d72d8c1c,&@`&$
d732ecf9,15.21
d73ef5bf,^?$
d75b53c7,10100101
d75ea138,6
d7662688,!
d7682996,157
d7724bc2,79.25
d777480b,LXXIV
d77e6fa6,78.43
d78128b2,52
d784ec07,42.05
d7869538,81.42
d78ce112,0054
d78cff7e,100.22
d7995be0,5
d79d0cfd,XXXVIII
d79f2974,60.62
d7aec90d,\#\
d7b7fe29,89.88
d7b97d83,XLIX
d7ba9244,XXI
d7bcb4a6,|
d7c58753,2
d7c5be92,LXIX
d7cd3375,10111111
d7d12d51,3
d7d182c5,6
d7d21615,XIII
d7dea2ba,00000000
d7e5414c,#@|\
d7eb5139,XXV
d7ec900e,28.76
d7f56a8c,lion found ocean palace
d8053ec2,LXXVIII
d806d161,31.02
d809394c,<9
d80cc3fe,17.90
d8126121,\
d8181488,XCV
d8194ec4,17.14
d82cb8c1,5
d82f5933,185
d8390d72,134.29
d83aa558,33.65
d83f2d20,VI
d8457e76,10010100
d8479476,21.27
d84a557a,45.65
d855f20e,4.54
d8590d73,6
d85d7964,10100000
d86032a7,36.66
d864f0fb,00101101
d8690fa5,teacher sees the dark castle
d8735cc4,35
d8798f2e,LXXXVI
d87a13ce,50.74
d87caad1,11110110
d8852afb,8.08
d88d9800,23.57
d89e0ff8,LXXIII
d8a47cb7,90
d8b028ad,27.39
d8b240fd,11.83
d8b3310a,1879
d8b4a429,the secret dragon draws
d8b9e109,81.03
d8bc44b3,31
d8cb40ce,22.79
d8d3648f,11111101
d8d87a89,#<?
d8d91d01,queen studies over island
d8e070fa,10000011
d8e57ee5,XLII
d8e7483c,5
d8ef1dae,10101011
d8f40319,72.45
d8f650b4,XXIV
d9069e8f,20.62
d90cb50d,LXXV
d90cbba1,LXXXII
d90fd533,8
d911e8e1,`
d9210b27,21.71
d93c4bb0,XCI
d93db124,the clever alice studies
d9441d16,01000010
d9515aac,72.02
d9516e43,IX
d95344df,the clever rabbit imagines
d9549b88,26.89
d954d688,III
d955cffb,70.01
d9575f79,`{'
d9622cb6,79.86
d96607f8,!>?
d96e06fa,the dragon studies realm
d96f8ed9,L
d976a7e9,55.38
d9771d98,19.70
d97da22d,18.15
d98d85c0,''
d996d0b8,00000011
d99baa5f,hatter sees story
d9a186d1,LXXIV
d9a2b78f,100
d9a46958,LXXXVI
d9a4924d,53.23
d9ae48ad,11100101
d9b40d08,25.99
d9bb4212,50.27
d9bdf754,00111111
d9bedb64,40
d9cd73c2,01001010
d9ce7d0d,10011111
d9d764f9,11.78
d9d85c78,92.16
d9da2a54,00011000
d9e00612,6
d9e76e9e,60.65
d9f1416e,6
d9fa2215,XXI
d9fed13d,LXXXIII
da040da4,9
da062350,][
da0c7a5e,171.79
da10a947,^
da13ee5e,20.47
da164301,26.73
da1754e3,archmage found beyond sanctuary
da2998b6,>?<
da353dee,
da38592d,00001101
da3f727d,14
da419164,V
da4c92a3,10000000
da51295d,`]>
da616170,10000111
da61dedc,#?`
da64ce9e,XXXV
da7288cb,11101101
da778b21,01001111
da7c1a80,68.14
da7f04b5,9
da85bf04,28.39
da900804,65.92
da931308,|\
daa00e4c,LXXXIX
daa97b6b,X
daae01eb,XCV
dabffb8a,XXX
dac75343,``#
dad2fa6c,166.54
dad3bf21,?`]]
dad73c21,XLV
dadc24d7,%
dadcd2c7,V
dade00e5,LV
dae576ce,8
dae6dea8,63.16
daf021c5,9.68
daf04fee,11111111
daf87b91,XXXVI
dafd11de,?
dafea26e,LXVI
db1e0603,
db2fa45c,28.77
db300a05,98.28
db360db0,10101111
db3da411,6.54
db4383f3,175
db45b1dd,11.65
db4f43ef,||
db4f6493,5
db564ba9,)?|
db56bba9,00000101
db5a5b71,1
db66c42c,?^('
db677e8c,the strange alice discovers
db6a5663,2945
db7b3454,the mysterious bird found
db88075e,queen watches the silver story
db89abd9,3
db9a4dee,dragon sees beyond island
db9d916c,3
db9eb3f2,31.83
dba045b0,answer
dbabfbdd,10000001
dbb29dac,XIV
dbb611da,00000000
dbb789cc,11010100
dbbc0dab,14.15
dbc197e0,10111010
dbc31a23,28.12
dbc4194a,00000000
dbc542da,9.82
dbc6defc,1886
dbd0e3c9,5631
dbd0ee35,LVIII
dbd2be34,bird sees secret
dbdbbaa3,>\>
dbde4396,95.49
dbf2b40f,00101101
dbf6fb13,12.39
dbfa4f53,XX
dc05de11,5
dc0f5e5e,%\%+
dc10ca9b,5
dc178d1c,134
dc1e89c9,30.08
dc240ebd,|\|
dc4632cf,XLII
dc583bdb,11011001
dc593799,11111111
dc64cb23,25.18
dc6c0d49,?@@@
dc73d295,86
dc7a5e7b,4445
dc7e2689,78.28
dc7f150a,4
dc83c9dc,XCIV
dc8c22f7,9
dc93896e,+?//
dc99f250,10000001
dcad18e9,00001111
dcaf44c4,9524
dcb76cdf,XXXVII
dcb9e01d,@@
dcbb86f4,11.46
dcbf2073,29
dccaafc2,XXVIII
dcd0c81a,12.27
dceb9ba2,XCIV
dcf4518b,student imagines the silver forest
dcf49d02,XXXIX
dd01103a,28.45
dd0f5fc9,60.01
dd24b691,7
dd2549dd,6
dd3449c5,205.86
dd3d9046,00000000
dd41e621,XV
dd450450,the magical turtle writes
dd49412d,XC
dd56d4f9,LV
dd626fd0,32
dd7893f2,9.53
dd8fdfbf,XLVI
dd900b68,11011111
dd919625,13.58
dd9249a9,32.18
dd9ee40c,11111101
dda3b85d,90.45
ddaa5f84,1
ddafe911,1
ddb4bc42,32.03
ddb82859,23.69
ddb9aafd,1855
ddc0b4e2,XIII
ddc39a31,she draws the magical garden
ddc5aefe,00000001
ddc8ab31,XXIV
ddd199dd,16.48
ddd4edb3,7
dde0558e,00000000
dde06528,136
dde816ef,7
ddeac876,34.48
ddedebc3,3
ddf721dc,XLIII
de036bbf,#\\
de06069c,the mysterious silver hatter
de11a23a,00000000
de25affe,IX
de3ea27c,#/\/
de488cd3,66.95
de4b882e,XXX
de4fc6b3,112.67
de6beab9,21.60
de78c53f,61.66
de790d18,28.14
de7b7271,LXV
de91def4,10000001
de96d691,turtle found beyond library
de98159a,38.22
dea42835,`)['
deb4943f,LXVII
debff779,6
dedce87a,knight dreams kingdom
dedd66f7,10111011
deeb0f72,48.86
deed3497,!\?
df06c393,XCVII
df0b4071,LXI
df0eadf0,63.30
df0ee633,28.85
df19097a,60.51
df1a2e09,2
df1e3788,>!
df2fd240,145.30
df309eeb,77
df3262bc,]?
df5f2aa8,25.82
df68ebdd,ancient dragon watches forest
df6ead3d,1
df81fd9b,6
df876b61,LXXVIII
df884c83,7
df8b803c,XLV
df92aa6a,6232
df9609fd,XXIV
dfa175ce,LXXXI
dfad71ea,6
dfadfe55,01100000
dfbcf27a,3.41
dfbf4e0e,0
dfbf6cc3,cat watches crystal
dfc4839c,00000111
dfd704f8,2
dfda1b37,21.24
dfec0ed4,9370
dfecf5f5,`?{
dff2a315,11111101
dffa1522,the secret turtle draws
e00abbbb,00000101
e01c7e3a,30.03
e01f7a71,155.94
e02a19fe,10.53
e03315c8,VII
e0351b72,23.15
e040cfe6,queens draws the wonderland door
e042dedb,44.72
e04f0fb4,LXVIII
e05203f5,2
e0545ff2,LI
e0564ae4,mouse dreams the secret castle
e056abdc,5
e05908dd,5
e05e32da,XXII
e05e9ed2,00100100
e061a54f,LXXXIII
e063d66b,35.01
e07fffa6,4
e0819bcd,5
e0918834,11000110
e099a43a,11001100
e0a4942d,LXXXII
e0ad7a6d,8
e0b993bd,0
e0be33cc,47.90
e0c9f5bb,XXXVIII
e0d2db0b,9.01
e0d92248,11000000
e0eba119,00010000
e0ee5c99,bird discovers garden
e100c796,9.92
e102a09d,-2
e109d7d4,19.38
e11a18af,king found the castle
e11c9f89,00100111
e124d12a,11111111
e125822b,XVII
e126a1e3,#?!
e13c832b,12
e141dc83,#\
e143283e,133.11
e14ae2d7,56.81
e1536141,6
e164fac5,31.62
e16aaf48,LXXXVII
e16e7f6d,10100101
e1728524,01
e172a24e,52.52
e17d606c,59.01
e17e76cc,the wise alice knight
e18a1f70,XCI
e192e12e,wizard studies the golden dragon
e199cb39,10
e19a85da,61.76
e19d89e9,queen found the secret garden
e1a8087e,72.70
e1beed16,rabbit reads under galley
e1c0ae13,4968
e1e86520,51.32
e1f3ffbb,01
e1fa1e3c,20.52
e206c8e6,8.85
e20aa7b7,11111110
e20b6ce3,C
e20d3f48,10101010
e212c6fd,23.45
e219d127,77.11
e22b6888,the\ brave\ princess\ explores
e23235bd,63.56
e2361a00,)
e244d069,47.96
e247d364,31
e24b1277,00001011
e24c8980,0
e266959e,00000110
e2838065,26.33
e2896720,rabbit discovers mirror
e28a9676,2
e29baa31,19.31
e2a32727,V
e2b02e13,3
e2b4543a,18.63
e2bb1d9f,9
e2bd1d40,XXIX
e2c069ae,@
e2d4bfe6,41.31
e2d7cd9d,13.19
e2e355b5,6.45
e2efe5d3,XCVI
e2f184b4,00
e2f2bea4,2629
e2f56016,47.86
e306dd5d,the secret queen watched
e307429d,33
e31b46ff,turtle reads mirror
e31bbb85,XVII
e31f11c5,XXIV
e3248f5e,28.56
e32c84ec,63.63
e33f1695,1
e346233f,
e34cc6dd,00010001
e3590284,11111111
e35b4378,71.00
e35e9d2c,29.22
e368d23f,00001101
e36a0065,01110110
e36ceeaa,5
e379414c,king reads the golden map
e3890bf7,^@#
e38c423b,#
e38d2718,50.87
e38e6518,4
e394bdac,XXI
e3960bec,XLIII
e3a17aee,XLI
e3a5f597,bird chases story
e3adf639,XV
e3b06854,>'
e3b3573a,3028
e3b511d6,XLIX
e3b5373a,L
e3b8096e,29.29
e3bf0c2c,\`?`
e3c672be,10011010
e3cd5a35,87.30
e3dfefaf,XCVIII
e3e3c723,6
e3e70e8e,60.58
e3fbc768,
e3ff3a78,74.08
e401ee4f,/
e40635a7,11011111
e406f8e6,36.27
e4105227,LXIX
e41eac0a,rabbit reads castle
e4240858,XXVIII
e4351236,4
e43520a7,3.89
e43d067d,LII
e44415b8,46.76
e4456e1d,106.29
e4479bb1,(35)
e44b5be4,74.44
e44fed1a,50.92
e4525488,001
e45a4109,the secret student writes
e477385c,VII
e4835530,01
e483e127,':]
e48bc40f,68.49
e495b8e7,00000100
e4ac1777,the colorful batter studies
e4aeed67,`{'
e4af1185,XCVII
e4b61718,6
e4b6ce82,32
e4bfcaa9,120.59
e4c4c861,66.07
e4c7709f,the curious knight reads
e4ca4f9e,@??
e4cc7639,3072
e4e1cd56,scholars studies beyond
e4e7833b,180.46
e4ea8dbc,1
e4ebb7e9,125.61
e4ebe7ed,15.26
e4f3a31c,57.33
e4fc442c,alice found secret
e4fc9ec8,34.75
e4fce54d,XXVIII
e4ff7676,86.48
e50b2f36,28.56
e513f990,2
e51410da,LXXVII
e518256e,84
e51f5899,XXIX
e526fae1,6
e52fb8bd,10110101
e5318535,XXIV
e553bd78,01000100
e555400c,11.35
e55d1044,00000000
e55f610f,55.09
e55fd0b8,6
e560f574,21.08
e563e1b3,XXXIII
e56546cc,3
e568d07b,11100000
e5695d36,XIV
e56e24d1,XXXVII
e582df31,#@
e585410a,-@!
e58759c0,"55,97"
e5956ffa,92
e598c0ba,LXXXV
e5a54a53,6
e5a5fdef,6
e5ae10ea,30.71
e5ae7b47,00000100
e5b3f73b,11111101
e5b65a4c,`?%
e5bb9b26,11100001
e5bebe50,19.59
e5d0d497,11101100
e5d4eeb8,70
e5d6e090,#@
e5dd205d,157.58
e5de2bef,XXXVI
e5e29014,^|>
e5e3c22b,7
e5e4f442,1
e5eb5d40,10.95
e60752d5,26.46
e612387f,11011100
e6157d05,9.65
e61c8872,16.14
e62041e4,32.75
e620b293,9.23
e625f5a7,00100111
e62b6ae9,![<
e634344a,9.353
e641791f,00000001
e6491c2b,XXIX
e651c3ee,01011000
e661b7dc,19.22
e667f2d7,*40
e66b3d65,87.31
e6705765,6
e6737768,teacher studies the dark forest
e676b5ed,1
e67cbe88,101
e6a0585e,LXXVI
e6af1658,/#
e6af1a6e,XVII
e6af8e6f,1
e6b04620,LXX
e6baee52,38.38
e6c5de97,38.63
e6c946e0,10100101
e6cbc2bd,00000011
e6cf4381,65.71
e6d2a064,01111010
e6d3a97b,11011001
e6de0ad5,turtle discovers through mountain
e6f59041,LXIII
e6f974e9,169.04
e6fe8770,8.95
e70d5739,6257
e72155f3,6
e727fd6c,70.93
e738b135,69.86
e75d6620,27.89
e75dfe6b,10101010
e76b11df,XXVIII
e776562e,@:$
e7795622,90.08
e78796d3,158.38
e79c8c5a,10111110
e7a2c86c,X
e7b87b82,1131
e7c4366c,XCVIII
e7c4abdb,6.55
e7c7010f,explores hidden tower
e7c7486e,10000110
e7c970eb,38.29
e7cf0394,9783
e7ddff5c,13.27
e7dfe7d3,105
e7f1ac8e,00000101
e800a0d1,21.02
e8011eb6,>!??
e80d8872,01101110
e810591c,001001
e818def8,10
e8218e9d,01110110
e821a3ca,10101010
e821b39e,XLVIII
e82ed6be,$/
e830b594,27.51
e832cf4b,49.63
e8361d47,the hidden king temple
e836fb20,68
e839885d,6
e8447ea9,student writes story
e864916f,LXXVII
e866cf9d,6
e870e852,00011101
e87de13e,47.83
e893d523,10011010
e8970401,1101
e89851b9,00001011
e89c56a6,XI
e8ab0c7f,LXXVII
e8abdc14,91.51
e8c4a0bf,22.07
e8cc1380,XXXV
e8d85e13,01010011
e8de8b47,1
e8deeee0,LXXXVII
e8e3924d,7
e8f13284,LXXXI
e8f32d12,53.34
e8f79d26,10110010
e903bc06,6
e9053301,28.47
e9096a58,15.04
e90d9fcc,XLIX
e90e186c,49.33
e912794a,11000010
e915879a,00000010
e918d7a0,LXXIII
e928acf8,00001110
e93a1610,95.87
e93a7809,LXXXVIII
e93aca45,21.15
e9461e93,33.61
e952f61f,4699
e960bc46,LXIV
e9631059,186.10
e9634ab2,51.93
e965574f,dragon chases the mysterious garden
e9675928,LXIV
e969d8b1,32.25
e97073be,XC
e977d0b7,|$
e97d9519,1
e97e6f3a,49.04
e98106b7,11100101
e998079c,0010
e9a34016,wizard dreams garden
e9a4a228,69.93
e9a84dd6,33
e9a9b51f,01111101
e9a9f047,[<
e9aece37,??
e9afa4a0,51
e9b69bf8,15
e9d0e60e,dragon imagines the golden treasure
e9d5d653,10
e9dff6f8,14.95
e9e64466,9.56
e9e6b620,157
e9eab1d5,5.84
e9ed78f7,16.39
e9f338b7,36.52
e9f53408,11111111
e9f8559a,?
e9fc1822,LVIII
ea04ed35,|
ea0deb13,01111010
ea10e59c,01000000
ea1c5fd9,16.44
ea23402d,LXVIII
ea279733,4
ea2e88ca,01111101
ea3036b3,IX
ea34e037,XXIII
ea3f72ee,00100001
ea44eb4d,35.93
ea514252,66.74
ea587ea8,71.25
ea5def07,110
ea62231c,124.7
ea66273c,1
ea670351,7
ea67a727,101111
ea6859d7,01110111
ea6d926a,87
ea79a0b1,70.32
ea7ba028,25.55
ea829b32,43
ea838aea,62.80
ea8977e0,83.20
ea92e509,46.27
ea99f092,95.14
ea9f3811,4659
eaa89f57,32.68
eabc719f,$
eabeb5d2,61.21
eac0e775,@+<
eac4329c,mouse studies mirror
eac57538,LXXVII
ead0b0ae,52.55
ead0e1dd,25
ead8e193,35.09
ead8fe28,14
eade322c,7
eae192e0,56.25
eae81189,00100000
eaee053d,LXXIII
eaf49e67,LXV
eafc7e67,9
eaff1801,26.15
eb0ad1d2,30.30
eb0b6c1f,XXIV
eb0dcb97,-@]
eb12e80d,11110010
eb15487a,dragon studies beyond forest
eb1a62f7,-?
eb20ea88,11111111
eb252a80,00110111
eb26f607,32.61
eb26fb93,8.74
eb27e9e9,78.72
eb2d32ba,XLIV
eb30ac27,8
eb354353,@@
eb359ea5,11001001
eb40d1f3,00000001
eb59e331,131.38
eb5ffb87,210.05
eb68289b,2
eb6a20e4,dragon chases inside cave
eb8161ef,23.95
eb821933,20.82
eb83a44c,VIII
eb99214c,the wise student creates
eb9963a8,I
eba1891f,66.90
eba7188d,20.10
eba7b40a,5
ebb0495a,28.99
ebb4871c,3
ebb96f33,LXXXVIII
ebbb5293,31.47
ebc369ad,19.61
ebc56423,-?
ebc7f250,25.42
ebcd8131,40.83
ebcf541d,knight writes garden
ebd70c52,LVII
ebe82de2,26.41
ebfdefbe,29.54
ec14170e,rabbit creates in wonderland
ec192379,00001111
ec1a957f,LVII
ec1ee4b2,95.06
ec2099f5,\
ec2e58ea,10000000
ec37a5e7,25
ec43b213,XXXIV
ec466776,7
ec46d596,11110101
ec4c21e4,5
ec60620b,3
ec606cbb,6
ec694941,3403
ec695c4d,23.00
ec6fc7d9,1.520075
ec770b31,15.12
ec780392,41.94
ec897854,13.55
ec8b4875,?!
ec8e6754,95.79
ec92f091,!
ec95e6e7,hatter imagines treasure
ec9ccba4,XCIX
eca3925a,44.07
ecbec7bf,4.88
ecc1cf14,0.9758
ecc958de,IX
ecd328ef,11111010
ecdc511b,23.87
ecdef821,6
ece0babd,01100101
ece1ab97,47.72
ece27af7,56.12
ecf2a23b,00000000
ecfe68cb,C
ed09402c,49.85
ed09d71b,41
ed0e359f,31.56
ed0f2d1e,XCVII
ed24e7af,21
ed2cf92d,the clever knight discovered
ed2e3c8c,33.57
ed333177,59.70
ed43dd53,31.04
ed55a613,28.76
ed561f79,1
ed56c862,10
ed5a4c11,the rabbit reads book
ed5b5c60,12.50
ed5c81ae,10
ed61a9d6,!!
ed7780b9,mouse studies castle
ed80cf3e,1431
ed85393d,V
ed9827dc,46.11
eda44942,00011100
eda92556,28.84
eda9e743,8
edb43422,/\`?
edb72283,53.83
edc86cbd,teacher chases castle
edc9de66,27.70
edcb339f,LXXXI
edce434e,XXII
edcee257,34.72
edceeb09,7
eddb2f6a,10010111
ede7dc2b,XXXVI
edee6c08,78.16
edf364da,:?[
ee025239,30.04
ee055f10,10001101
ee065f40,28.14
ee07fd5c,XV
ee2e608e,10100111
ee348712,16.72
ee3bbe87,11010110
ee3d84c5,cat dreams potion
ee429a2d,10101110
ee453cb4,86.51
ee49f4b7,][
ee4ed522,the bright queen sees hidden cavern
ee4f1423,10111011
ee5c05f4,53.99
ee61df9f,10001000
ee7ce543,00100100
ee7e7899,38.81
ee891900,10.83
ee9239e9,2629
ee96930b,XXXIV
eea4368c,16.12
eea90764,6
eea91b82,11111101
eea9f770,28.26
eeac10f6,11001101
eeae398e,7
eeb33e03,LXII
eeb60061,10101000
eebac653,-7
eebbc531,43.37
eebbd231,5.72
eecc4256,27.35
eed2f3ae,00111111
eeda9bd9,10111111
eedd22d7,22.91
eee4f234,16.98
eee99d16,83.25
eefdd08e,78.63
ef032cce,VI
ef0e74cb,LXXXIV
ef1351ad,10111101
ef14f398,king studies the colorful crystal
ef18d132,LXXVI
ef1aded6,queen studies in secret library
ef1b13ac,8
ef1f435e,dragon explores around wonderland
ef260f7c,6.05
ef2dec53,60.29
ef2fe526,01001000
ef33fed5,19.09
ef3757ed,23.61
ef37f544,00000000
ef37f996,23.86
ef3c7703,29.30
ef544a25,78.75
ef580378,6
ef6b6bc3,alice sees crystal
ef6bc241,$53
ef7dec9c,20.39
ef7fde0e,XXXIV
ef817ec9,24.16
ef904eeb,32.31
ef919762,16.26
ef9b4967,4
efa77fa0,39.43
efa7edc3,]/>
efb39cd2,01111000
efb78214,V
efc2b69d,10100111
efc5b861,81.98
efc773d7,98.57
efc95486,!
efc9691d,?
efdbb83a,dragon studies garden
eff63b8c,17.95
f0007ca0,01101100
f0039d4e,the answer
f01f112b,
f036c80e,19.76
f03e67fd,9.30
f0417bc1,wizard creates map
f04202d4,XXXIX
f047727f,9.10
f04a63e5,23.37
f05dc9a6,00000000
f05e77f3,7
f05f2f50,48.79
f06051ac,7
f06202ea,5
f06547b1,><
f06bd0ca,the ancient
f06d66f7,184.94
f0816613,147.65
f083ceb1,XXXIV
f0884872,22.47
f09672d3,/\-[
f0a16a86,VII
f0a2d457,8<
f0b8dc9b,15.04
f0bc64ea,75.83
f0bd8010,27.44
f0c8102d,XLIII
f0c96085,LXV
f0ccc56e,22.93
f0d774c0,11.81
f0f19c66,31.33
f1106935,queen the brave studies map
f119f794,5
f1229d5b,VI
f1247832,5
f140dd5b,21.89
f15c5106,01111010
f15f1307,XVI
f1680db9,[:]
f17db8d6,11000101
f18522a6,3
f18abb65,01001100
f194560a,X
f197d953,knight writes hidden legend
f19b29c6,19.77
f19ffbf1,LXXXVII
f1a05733,11111010
f1b0d213,unicorn discovers in kingdom
f1c1ed58,11111111
f1d60ece,1
f1d6e384,210.78
f1e4b165,26.58
f1e4cf96,XXXVI
f1f023dd,XLIV
f1faac46,39.45
f2014638,10111001
f201b48d,21.90
f20bf656,7
f20e64f5,221.57
f2164aa5,14.72
f2209ca5,$>@
f2399f16,><
f249f4c2,knight creates the secret potion
f24b8bee,00110110
f2514b46,LXXXIV
f2664367,87.20
f2692ee7,cat follows crystal
f26970b3,6
f26e47a4,knight dreams castle
f278c735,56.66
f28681ad,4314
f290228c,11001000
f29193ea,\^%
f297547e,
f299569f,7
f2a167e5,10110100
f2a25cf9,\![):
f2ae9e31,the dark alice sees
f2afa350,63.02
f2afd89d,63
f2b1b6a7,II
f2b23d11,01000000
f2b4fd96,5
f2c26521,LXXXIX
f2d67c62,38.76
f2e64e32,7
f2ea5b5e,hatter reads book
f2ec1685,10000111
f2f257ed,01011001
f2f3d224,113.82
f2f586cb,43.68
f2fa334a,545
f2fb04d8,45.34
f2fe103b,112.07
f2ff37b2,9129
f304e11f,VIII
f30a640c,XII
f30b205e,10101101
f323ddca,203.44
f32745f1,the hatter watches
f333b67f,100
f336b423,178.38
f35a488d,162
f35aa1ea,24.29
f360b419,85.69
f36fe07e,!:\
f370fab8,10110110
f376c085,00110100
f3792ef2,66.30
f37b8a8c,93.55
f382afce,9.27
f3959455,-|
f3971b9a,01001100
f3a3ca7e,65.68
f3acfe77,XXXVII
f3b4769d,47.79
f3b6828b,26.61
f3be9e82,35.17
f3bfb3bf,10001110
f3c73290,]
f3ca35e2,18.21
f3cb45f3,5
f3cc989a,00000100
f3cdeb29,01100101
f3ce6fa4,"'"""
f3cecf2f,112
f3d9cd4b,24.20
f3e08a24,0548
f3e9b192,14.41
f3ebf8bc,00100010
f3edbc62,8574
f3f76c82,28.40
f3fc7209,01100110
f40140b3,39.76
f405e41d,XIII
f40d88b6,11.63
f417b927,10111000
f42d5e08,wise adventure the secret door
f42d89af,LXXXI
f431cf03,0.016
f4324ac2,17.81
f43f6142,01111110
f4470b02,6
f4579e02,knight wonders map
f459b7b4,00000000
f45dd620,\?
f463ee16,621
f466ba6d,6
f469f4d7,00010001
f47276a4,XLI
f47f9d17,20.87
f4804b50,19.02
f4925854,10000100
f49ec314,11111011
f4a1b386,52.87
f4bb4d9c,10001100
f4c0f677,LIX
f4c4c324,32.79
f4cc7e98,8.13
f4d0e3d0,the old knight writes
f4d3e67f,+
f4e1031d,50.98
f4eab30a,61.69
f4ebce25,16.81
f4ecefa4,86
f4f27085,11111001
f4f41e1c,LXXXI
f4f586f4,5.36
f4f92956,]@)?
f5031c32,XL
f5032cba,LV
f5059127,00101010
f507b7f1,11111111
f5082693,10111101
f508886a,II
f5126d48,??:
f519ace9,#')
f52edbc1,{$
f53719ce,27.38
f557284b,10111111
f55c1bf0,111
f55d7a75,7
f5631f08,61.99
f568465f,mouse assumes the enchanted library
f56e4d94,6
f5724d52,32.16
f58232a6,39.11
f582b202,66.13
f5918499,21.76
f5927098,LXII
f598a715,9
f59e5a40,LXXVII
f5b86c6e,69.48
f5bd70c7,queen creates castle underneath
f5c57d9e,12.30
f5c7d545,31.56
f5c84933,the secret king chases
f5ca573f,37.38
f5cb333a,1
f5d096da,2
f5d74f50,11111001
f5e4615b,LXXXIII
f5e70398,20.20
f5fd3e29,king sees in valley
f6009480,7
f607a27e,14.51
f611045a,22.37
f61f3d46,63.24
f622a8c3,46.63
f624f57c,@
f62bea45,III
f62c1fa3,10111011
f639a4f1,62.69
f63c1191,dragon found the colorful message
f63f77f8,66.83
f640b8aa,6
f640c781,184.18
f642e7b5,25
f6478b9f,31.34
f64796dc,8
f64eb796,10110111
f64f1dca,6
f65919a4,22.04
f661a4d3,5.08
f66415c0,dragon creates around cave
f66f0fe0,2501
f67b8172,24.16
f68a0b15,15.66
f68bcf46,rabbit dreams beyond tower
f68f8c60,136.05
f692a1d8,turtle found under ocean
f6948af3,XVIII
f69df322,12.96
f6a05295,25.69
f6a7fc15,LIX
f6a95641,0
f6afb6b5,1
f6b107bc,8
f6b3076f,3
f6ba766e,41.02
f6c019b6,13
f6ca90f6,-31
f6cdae94,6
f6db706e,49
f6eef71c,31.76
f7033c9d,5
f7074a8f,LXXIX
f71d0599,LXXIX
f728db66,10.93
f729dd51,2
f72b004a,VI
f731876f,174.6
f73349d4,44.00
f7346f0c,01111111
f737eeea,40.46
f745d8a2,00010001
f7471414,wizard draws the secret map
f757b0f0,12.71
f759bbc0,the curious queen dreams
f75f4753,25.67
f77a4bde,the hidden alice explores
f78227f1,5.55
f7828fc1,@
f79f80f8,XCII
f7a5cacd,7
f7a78457,III
f7ab60d6,the secret rabbit found
f7aeb894,00001111
f7d26b8d,@?
f7d53288,LXXXII
f7d90ae3,9819
f7da6f8b,24.92
f7e6a877,4
f7e8ca63,?!^
f7eddd9b,princess discovers in school
f7f91582,LXXXVI
f7f9ba17,the strange student studies
f80d2e10,#`?
f81867e1,12
f819455a,3
f82a6f1c,LXXXV
f82aaac4,XXVII
f83118d7,2
f83e6ef3,13.16
f83ff670,130.06
f84652b8,7.93
f846fc66,201.28
f848a15f,XXXIV
f84c009a,010
f84c25f1,92.06
f85074ab,01000000
f852f234,king watches forest
f860e46e,XIV
f8640728,01001100
f8731f21,?
f878c966,8.87
f886b9af,LXXIII
f8967c15,teacher chases beyond forest
f89efc7d,student creates treasure
f8aa53b8,32.43
f8bbabab,`>^
f8bd40c0,54.76
f8c6ea2c,00000000
f8d6abd1,5543
f8e87e01,70.85
f8f0c5cb,II
f8f4c3b4,01010110
f8f50a29,51.19
f8fc43d2,01100000
f901d1cc,#>'
f907b099,41.53
f90aff89,18.12
f9103e02,52.53
f9205e80,XXXIII
f9215fe9,90.73
f922f81c,11111111
f929abdc,XCIV
f929c6cc,1
f93475e9,2824
f94810f5,1592
f9483351,princess chases beyond palace
f94d250a,13.49
f94ed862,000110
f951b8a1,10100110
f960e029,60.45
f964eb0e,XXIII
f96e1e6e,57
f971f8dd,122
f9799a68,`
f97bfcd3,LXXXV
f98554f8,43.55
f987326d,41.02
f9983eb7,1983
f9a33aa1,/
f9a40426,XLII
f9a60673,6
f9b4f59c,the wise knight watches
f9bd3119,104
f9c104fa,34.28
f9c59b61,10111101
f9d9b3fd,XXIII
f9ddf958,LXI
f9e27693,XV
f9e5dc75,26.28
f9e92cb2,58.30
f9f20a7a,13.28
f9fa506d,-7
f9fee551,00011010
f9ff29fa,1
fa106ea3,120.04
fa15ba19,dragon land mirror
fa2026b7,120.34
fa270930,18.80
fa34cd1e,67.23
fa35a971,55.73
fa3cd146,11101000
fa41bbc5,17.95
fa4a1468,79.85
fa4d703a,?<|
fa553b92,11010111
fa59b3f1,6
fa5dfa46,-!$
fa6705d0,LXVII
fa67da07,11101110
fa6bd888,27.88
fa6df7a1,knight follows in garden
fa6f754d,1
fa714b83,$'
fa7426d3,137
fa75d325,LXXXIV
fa8316db,12.43
fa900ac8,11111101
fa90729b,wizard discovers island
fa90c027,teacher writes above village
fa952980,71
fa995fce,IV
faa24059,XCV
faae7ce4,LXXVI
fab4a4c1,XIV
fab7251a,the mysterious dragon reads
fab9831d,181.88
fac94c9f,XXI
facc9bc2,38.84
facd738c,21.97
face5252,10100101
fad3219a,student creatures door
fad59444,37.05
fae0c63b,LXXXVII
fae0f471,4
fae24ad1,64.10
fae3ee40,|?#
faf1121c,]
faf4865b,LXVII
faf60df9,23.26
faf8e57f,119.42
fafe9174,XV
fb0b10be,103.02
fb0df6ae,59.53
fb15fcfa,00001100
fb184e97,01001000
fb23edcb,LXIX
fb37f51d,54.23
fb3f7b77,-37
fb440865,`
fb4bc935,39
fb5a7b9e,10010101
fb5b3034,25.19
fb623471,6
fb6b038d,the castle dragon dreams
fb71eaed,16.29
fb81a733,26.63
fb87d8fd,29.59
fb8ae661,32.86
fb8d5804,LXXXII
fb955790,0
fb9ef67d,LXXXII
fba1e3c2,00000000
fba40625,?
fba8ec2d,45.19
fbbe43a3,00100000
fbc5dfbf,IX
fbcf88ad,141.72
fbd16bf8,114.72
fbd58e38,bird draws near garden
fbd5fe63,$
fbda33d1,20.90
fbdc95f2,XXXVIII
fbdf7656,01010010
fbe4e6f6,mouse discovers secret key
fbe70ef5,student studies potion
fbf89e5d,
fc027060,14.45
fc0f513d,mouse creates the golden key
fc115718,31.0
fc137acd,`#
fc174f21,00000000
fc2b2fc9,?%
fc2f2ded,6
fc3982df,[\
fc4a85ad,10110111
fc5f511e,XVII
fc759a1a,127
fc799f0a,21
fc7d8708,6
fc7e4f9b,<<
fc7e53c7,42
fc800721,XLVII
fc83f7b4,VII
fc8bc8b2,49.77
fc9318d6,23.71
fc9b063b,116.87
fca0e8bf,the ancient mouse draws
fca76459,17.78
fcad9241,./'
fcb9068b,20.36
fcbb35e3,11101111
fcbc2935,18.91
fcc5f83d,00000
fcc6dff6,11111010
fce40924,LXVI
fceb5045,XLIII
fcf75728,teacher creates forest
fd03c3d3,10001000
fd0d1430,130.18
fd1078a6,2
fd108519,LXI
fd13b7fd,00011001
fd15ed49,6
fd1b59f7,94.20
fd1c8f66,/''
fd1d72d0,00011001
fd21dc17,the dragon studies secret
fd225d00,14.54
fd2c352d,00000001
fd37b70f,XCVII
fd38d6f0,52.17
fd3920e2,hatter watcher in island
fd40e54e,34.76
fd48ee2f,10110100
fd4a7808,XL
fd560247,13.08
fd5bb962,73.46
fd663423,73.17
fd683004,118
fd683d67,6
fd699316,01011100
fd6caecf,90.40
fd6eab47,188.86
fd724227,137.12
fd7712cc,XCIII
fd7920d3,11110101
fd98d650,XLII
fda48b48,king found secret
fdaca283,XVIII
fdada8cd,XXIII
fdae34f8,189.74
fdb8ef71,86.82
fdbdf50c,^^
fdc2741a,LXXXVIII
fdc51c5c,21.95
fdcf8451,131.8
fdd9ff2b,
fde6f39e,37.72
fe13d2e7,XXIII
fe1f98a2,16.43
fe35c8c6,LXVI
fe393711,43
fe3c4763,20
fe407d0f,cat reads the secret map
fe441a4b,4
fe44dfa9,XXI
fe5ba68b,wizard dreams of mystery
fe6adb7c,0.3
fe6c17ab,XCV
fe6d24f4,14.01
fe6d3aa3,10100011
fe6da79d,&'?
fe6eaa3e,61.39
fe6fb7b4,88.58
fe74312a,XC
fe85caf2,3
fe864eb7,XXVI
fe8728e9,42.11
fe97cd6f,turtle watches over kingdom
fe998921,student draws inside mountain
fe9ca47a,XCVIII
fea71e16,01011010
febd3442,2
fec1ea92,01111001
fecad63c,6885
fecfb467,0100
fed1b3e5,85.34
fed81e96,6
fed866eb,135.07
feda1e0a,58.51
fee15cc5,III
fee5976e,11000010
fee66e16,3910
fee760c2,7.17
fee8805e,XVII
feef2d98,00000000
fef61ca1,111
fef8ce80,0.1396
fef92296,11.09
fefc4400,I
ff039a4e,84.59
ff07a5c6,29.42
ff084e14,wizard studies the bright mirror
ff0e37ae,?|
ff121f08,%@#
ff148329,24.46
ff1518be,XXXVII
ff16a080,20.29
ff20f28e,17.54
ff232b96,114.93
ff2bb2a6,cat follows stare
ff2e376c,190.02
ff4abb3e,queen reads the old message
ff5cb472,V
ff5f4ff2,LI
ff612478,XXI
ff650fc3,XXXVI
ff746806,00000000
ff7ffa87,4
ff8409cd,9
ff85238e,57.61
ff86cd34,)
ff8b36e7,10101000
ff90228b,32.39
ff937315,turtle reads scroll
ff948917,00101000
ff9540e2,107.71
ffa4e736,10101111
ffa81415,18.57
ffaf05c5,XLVIII
ffb06ece,18.47
ffb0ea22,hatter reads garden
ffce9e31,01100111
ffd5bada,32.44
ffd89354,2
ffdfb678,the mystery queen watches
ffe680c2,57.0
