id,prompt,answer,type,generated_cot
00189f6a,"In Alice's Wonderland, secret encryption rules are used on text. Here are some examples:
ucoov pwgtfyoqg vorq yrjjoe -> queen discovers near valley
pqrsfv pqorzg wvgwpo trgbjo -> dragon dreams inside castle
gbcpovb tqorbog bxo zrswtrj pffq -> student creates the magical door
bxo sfjpov pqrsfv dfjjfig -> the golden dragon follows
nqwvtogg qorpg bxo zegboqwfcg gotqob -> princess reads the mysterious secret
Now, decrypt the following text: trb wzrswvog hffk",cat imagines book,Text Encryption,"I identify this as a letter substitution cipher. I build a mapping from the examples, verify it, then decrypt the target word by word. I use the fixed answer vocabulary when the examples do not cover every letter. I ignore the flavor-text wrapper.

LEN
TGT:""trb wzrswvog hffk""
W1:3 W2:8 W3:4

TABLE
EX1:""ucoov pwgtfyoqg vorq yrjjoe""->""queen discovers near valley"" [14] u=q,c=u,o=e,v=n,p=d,w=i,g=s,t=c,f=o,y=v,q=r,r=a,j=l,e=y
EX2:""pqrsfv pqorzg wvgwpo trgbjo""->""dragon dreams inside castle"" [3] s=g,z=m,b=t
EX3:""gbcpovb tqorbog bxo zrswtrj pffq""->""student creates the magical door"" [1] x=h
EX4:""bxo sfjpov pqrsfv dfjjfig""->""the golden dragon follows"" [2] d=f,i=w
EX5:""nqwvtogg qorpg bxo zegboqwfcg gotqob""->""princess reads the mysterious secret"" [1] n=p
TOTAL:21/26

VOCAB_FILL
W3:hffk pattern ?oo? -> LOCK ""book"" (candidates: book,door)

VER
CROSS:5/5 examples decrypt with final table

DECRYPT
W1: trb
 t->c
 r->a
 b->t
 = cat
W2: wzrswvog
 w->i
 z->m
 r->a (W1)
 s->g
 w->i
 v->n
 o->e
 g->s
 = imagines
W3: hffk
 h->b
 f->o
 f->o
 k->k
 = book

CHECK
W1:""cat"" len=3Y alpha=Y vocab=Y gaps=N PASS
W2:""imagines"" len=8Y alpha=Y vocab=Y gaps=N PASS
W3:""book"" len=4Y alpha=Y vocab=Y gaps=N PASS
ALL:PASS 3/3 words

ANS=cat imagines book

\boxed{cat imagines book}"
001c63cb,"In Alice's Wonderland, secret encryption rules are used on text. Here are some examples:
wkgqa lsrqaq wneeke -> mouse chases mirror
wkgqa nwrjnvaq nv brmrla -> mouse imagines in palace
srppae oerhq gvoae wkgvprnv -> hatter draws under mountain
psa qaleap hncreo onqlkzaeq -> the secret wizard discovers
psa hnqa xneo earoq -> the wise bird reads
Now, decrypt the following text: hncreo learpaq qaleap",wizard creates secret,Text Encryption,"I identify this as a letter substitution cipher. I build a mapping from the examples, verify it, then decrypt the target word by word. I use the fixed answer vocabulary when the examples do not cover every letter. I ignore the flavor-text wrapper.

LEN
TGT:""hncreo learpaq qaleap""
W1:6 W2:7 W3:6

TABLE
EX1:""wkgqa lsrqaq wneeke""->""mouse chases mirror"" [10] w=m,k=o,g=u,q=s,a=e,l=c,s=h,r=a,n=i,e=r
EX2:""wkgqa nwrjnvaq nv brmrla""->""mouse imagines in palace"" [4] j=g,v=n,b=p,m=l
EX3:""srppae oerhq gvoae wkgvprnv""->""hatter draws under mountain"" [3] p=t,o=d,h=w
EX4:""psa qaleap hncreo onqlkzaeq""->""the secret wizard discovers"" [2] c=z,z=v
EX5:""psa hnqa xneo earoq""->""the wise bird reads"" [1] x=b
TOTAL:20/26

VOCAB_FILL
(no gaps; examples covered all target letters)

VER
CROSS:5/5 examples decrypt with final table

DECRYPT
W1: hncreo
 h->w
 n->i
 c->z
 r->a
 e->r
 o->d
 = wizard
W2: learpaq
 l->c
 e->r (W1)
 a->e
 r->a (W1)
 p->t
 a->e
 q->s
 = creates
W3: qaleap
 q->s (W2)
 a->e (W2)
 l->c (W2)
 e->r (W1)
 a->e (W2)
 p->t (W2)
 = secret

CHECK
W1:""wizard"" len=6Y alpha=Y vocab=Y gaps=N PASS
W2:""creates"" len=7Y alpha=Y vocab=Y gaps=N PASS
W3:""secret"" len=6Y alpha=Y vocab=Y gaps=N PASS
ALL:PASS 3/3 words

ANS=wizard creates secret

\boxed{wizard creates secret}"
005ad22a,"In Alice's Wonderland, secret encryption rules are used on text. Here are some examples:
hmxad apdhvdq vid ohexahm apwqvhm -> alice creates the magical crystal
zxuhpl zhvaidq xyqxld txmmhed -> wizard watches inside village
nfddy xohexydq xy ehpldy -> queen imagines in garden
osfqd qddq lssp -> mouse sees door
vid amdtdp zxuhpl dgjmspdq -> the clever wizard explores
Now, decrypt the following text: bxye aihqdq ahqvmd",king chases castle,Text Encryption,"I identify this as a letter substitution cipher. I build a mapping from the examples, verify it, then decrypt the target word by word. I use the fixed answer vocabulary when the examples do not cover every letter. I ignore the flavor-text wrapper.

LEN
TGT:""bxye aihqdq ahqvmd""
W1:4 W2:6 W3:6

TABLE
EX1:""hmxad apdhvdq vid ohexahm apwqvhm""->""alice creates the magical crystal"" [12] h=a,m=l,x=i,a=c,d=e,p=r,v=t,q=s,i=h,o=m,e=g,w=y
EX2:""zxuhpl zhvaidq xyqxld txmmhed""->""wizard watches inside village"" [5] z=w,u=z,l=d,y=n,t=v
EX3:""nfddy xohexydq xy ehpldy""->""queen imagines in garden"" [2] n=q,f=u
EX4:""osfqd qddq lssp""->""mouse sees door"" [1] s=o
EX5:""vid amdtdp zxuhpl dgjmspdq""->""the clever wizard explores"" [2] g=x,j=p
TOTAL:22/26

VOCAB_FILL
W1:bxye pattern ?ing -> LOCK ""king"" (candidates: king)

VER
CROSS:5/5 examples decrypt with final table

DECRYPT
W1: bxye
 b->k
 x->i
 y->n
 e->g
 = king
W2: aihqdq
 a->c
 i->h
 h->a
 q->s
 d->e
 q->s
 = chases
W3: ahqvmd
 a->c (W2)
 h->a (W2)
 q->s (W2)
 v->t
 m->l
 d->e (W2)
 = castle

CHECK
W1:""king"" len=4Y alpha=Y vocab=Y gaps=N PASS
W2:""chases"" len=6Y alpha=Y vocab=Y gaps=N PASS
W3:""castle"" len=6Y alpha=Y vocab=Y gaps=N PASS
ALL:PASS 3/3 words

ANS=king chases castle

\boxed{king chases castle}"
00674059,"In Alice's Wonderland, secret encryption rules are used on text. Here are some examples:
xkffmh chmkfmn ewhmnf -> hatter creates forest
hkyydf cxknmn chbnfkj -> rabbit chases crystal
shkawg cxknmn dg owugfkdg -> dragon chases in mountain
Now, decrypt the following text: kjdcm pkfcxmn ugsmh pwgsmhjkgs",alice watches under wonderland,Text Encryption,"I identify this as a letter substitution cipher. I build a mapping from the examples, verify it, then decrypt the target word by word. I use the fixed answer vocabulary when the examples do not cover every letter. I ignore the flavor-text wrapper.

LEN
TGT:""kjdcm pkfcxmn ugsmh pwgsmhjkgs""
W1:5 W2:7 W3:5 W4:10

TABLE
EX1:""xkffmh chmkfmn ewhmnf""->""hatter creates forest"" [9] x=h,k=a,f=t,m=e,h=r,c=c,n=s,e=f,w=o
EX2:""hkyydf cxknmn chbnfkj""->""rabbit chases crystal"" [4] y=b,d=i,b=y,j=l
EX3:""shkawg cxknmn dg owugfkdg""->""dragon chases in mountain"" [5] s=d,a=g,g=n,o=m,u=u
TOTAL:18/26

VOCAB_FILL
W2:pkfcxmn pattern ?atches -> LOCK ""watches"" (candidates: watches)
W4:pwgsmhjkgs pattern ?onderland -> LOCK ""wonderland"" (candidates: wonderland)

VER
CROSS:3/3 examples decrypt with final table

DECRYPT
W1: kjdcm
 k->a
 j->l
 d->i
 c->c
 m->e
 = alice
W2: pkfcxmn
 p->w
 k->a (W1)
 f->t
 c->c (W1)
 x->h
 m->e (W1)
 n->s
 = watches
W3: ugsmh
 u->u
 g->n
 s->d
 m->e (W1)
 h->r
 = under
W4: pwgsmhjkgs
 p->w (W2)
 w->o
 g->n (W3)
 s->d (W3)
 m->e (W1)
 h->r (W3)
 j->l (W1)
 k->a (W1)
 g->n (W3)
 s->d (W3)
 = wonderland

CHECK
W1:""alice"" len=5Y alpha=Y vocab=Y gaps=N PASS
W2:""watches"" len=7Y alpha=Y vocab=Y gaps=N PASS
W3:""under"" len=5Y alpha=Y vocab=Y gaps=N PASS
W4:""wonderland"" len=10Y alpha=Y vocab=Y gaps=N PASS
ALL:PASS 4/4 words

ANS=alice watches under wonderland

\boxed{alice watches under wonderland}"
00a3fd23,"In Alice's Wonderland, secret encryption rules are used on text. Here are some examples:
wfmkg gajifbgk vdkqig -> mouse explores castle
yuelxq rbgdwk eu zdiigh -> knight dreams in valley
jbeuvgkk pdqvxgk qxg vmbefmk sffy -> princess watches the curious book
qxg duveguq dievg bgdrk -> the ancient alice reads
Now, decrypt the following text: petdbr pdqvxgk qxbfmlx iesbdbh",wizard watches through library,Text Encryption,"I identify this as a letter substitution cipher. I build a mapping from the examples, verify it, then decrypt the target word by word. I use the fixed answer vocabulary when the examples do not cover every letter. I ignore the flavor-text wrapper.

LEN
TGT:""petdbr pdqvxgk qxbfmlx iesbdbh""
W1:6 W2:7 W3:7 W4:7

TABLE
EX1:""wfmkg gajifbgk vdkqig""->""mouse explores castle"" [12] w=m,f=o,m=u,k=s,g=e,a=x,j=p,i=l,b=r,v=c,d=a,q=t
EX2:""yuelxq rbgdwk eu zdiigh""->""knight dreams in valley"" [8] y=k,u=n,e=i,l=g,x=h,r=d,z=v,h=y
EX3:""jbeuvgkk pdqvxgk qxg vmbefmk sffy""->""princess watches the curious book"" [2] p=w,s=b
EX4:""qxg duveguq dievg bgdrk""->""the ancient alice reads"" [0] none
TOTAL:22/26

VOCAB_FILL
W1:petdbr pattern wi?ard -> LOCK ""wizard"" (candidates: wizard)

VER
CROSS:4/4 examples decrypt with final table

DECRYPT
W1: petdbr
 p->w
 e->i
 t->z
 d->a
 b->r
 r->d
 = wizard
W2: pdqvxgk
 p->w (W1)
 d->a (W1)
 q->t
 v->c
 x->h
 g->e
 k->s
 = watches
W3: qxbfmlx
 q->t (W2)
 x->h (W2)
 b->r (W1)
 f->o
 m->u
 l->g
 x->h (W2)
 = through
W4: iesbdbh
 i->l
 e->i (W1)
 s->b
 b->r (W1)
 d->a (W1)
 b->r (W1)
 h->y
 = library

CHECK
W1:""wizard"" len=6Y alpha=Y vocab=Y gaps=N PASS
W2:""watches"" len=7Y alpha=Y vocab=Y gaps=N PASS
W3:""through"" len=7Y alpha=Y vocab=Y gaps=N PASS
W4:""library"" len=7Y alpha=Y vocab=Y gaps=N PASS
ALL:PASS 4/4 words

ANS=wizard watches through library

\boxed{wizard watches through library}"
00efa37c,"In Alice's Wonderland, secret encryption rules are used on text. Here are some examples:
vmelt lyvutu wyt lfmfcaom keccfc -> alice chases the colorful mirror
lvw afobd wyt xfmdtb dffc -> cat found the golden door
wyt uemitc wtvlytc tnjmfctu -> the silver teacher explores
jcebltuu lctvwtu wyt locefou sffp -> princess creates the curious book
pbexyw hvwlytu wyt xfmdtb joggmt -> knight watches the golden puzzle
Now, decrypt the following text: wocwmt hvwlytu wyt kzuwtcefou xvcdtb",turtle watches the mysterious garden,Text Encryption,"I identify this as a letter substitution cipher. I build a mapping from the examples, verify it, then decrypt the target word by word. I use the fixed answer vocabulary when the examples do not cover every letter. I ignore the flavor-text wrapper.

LEN
TGT:""wocwmt hvwlytu wyt kzuwtcefou xvcdtb""
W1:6 W2:7 W3:3 W4:10 W5:6

TABLE
EX1:""vmelt lyvutu wyt lfmfcaom keccfc""->""alice chases the colorful mirror"" [13] v=a,m=l,e=i,l=c,t=e,y=h,u=s,w=t,f=o,c=r,a=f,o=u,k=m
EX2:""lvw afobd wyt xfmdtb dffc""->""cat found the golden door"" [3] b=n,d=d,x=g
EX3:""wyt uemitc wtvlytc tnjmfctu""->""the silver teacher explores"" [3] i=v,n=x,j=p
EX4:""jcebltuu lctvwtu wyt locefou sffp""->""princess creates the curious book"" [2] s=b,p=k
EX5:""pbexyw hvwlytu wyt xfmdtb joggmt""->""knight watches the golden puzzle"" [2] h=w,g=z
TOTAL:23/26

VOCAB_FILL
W4:kzuwtcefou pattern m?sterious -> LOCK ""mysterious"" (candidates: mysterious)

VER
CROSS:5/5 examples decrypt with final table

DECRYPT
W1: wocwmt
 w->t
 o->u
 c->r
 w->t
 m->l
 t->e
 = turtle
W2: hvwlytu
 h->w
 v->a
 w->t (W1)
 l->c
 y->h
 t->e (W1)
 u->s
 = watches
W3: wyt
 w->t (W1)
 y->h (W2)
 t->e (W1)
 = the
W4: kzuwtcefou
 k->m
 z->y
 u->s (W2)
 w->t (W1)
 t->e (W1)
 c->r (W1)
 e->i
 f->o
 o->u (W1)
 u->s (W2)
 = mysterious
W5: xvcdtb
 x->g
 v->a (W2)
 c->r (W1)
 d->d
 t->e (W1)
 b->n
 = garden

CHECK
W1:""turtle"" len=6Y alpha=Y vocab=Y gaps=N PASS
W2:""watches"" len=7Y alpha=Y vocab=Y gaps=N PASS
W3:""the"" len=3Y alpha=Y vocab=Y gaps=N PASS
W4:""mysterious"" len=10Y alpha=Y vocab=Y gaps=N PASS
W5:""garden"" len=6Y alpha=Y vocab=Y gaps=N PASS
ALL:PASS 5/5 words

ANS=turtle watches the mysterious garden

\boxed{turtle watches the mysterious garden}"
017a161b,"In Alice's Wonderland, secret encryption rules are used on text. Here are some examples:
tfsu lsjimjx xjlsjm -> bird creates secret
sittfm pnvvngx mqj ihlfjhm unns -> rabbit follows the ancient door
zndxj jabvnsjx wisujh -> mouse explores garden
Now, decrypt the following text: sittfm lsjimjx fh nljih",rabbit creates in ocean,Text Encryption,"I identify this as a letter substitution cipher. I build a mapping from the examples, verify it, then decrypt the target word by word. I use the fixed answer vocabulary when the examples do not cover every letter. I ignore the flavor-text wrapper.

LEN
TGT:""sittfm lsjimjx fh nljih""
W1:6 W2:7 W3:2 W4:5

TABLE
EX1:""tfsu lsjimjx xjlsjm""->""bird creates secret"" [9] t=b,f=i,s=r,u=d,l=c,j=e,i=a,m=t,x=s
EX2:""sittfm pnvvngx mqj ihlfjhm unns""->""rabbit follows the ancient door"" [6] p=f,n=o,v=l,g=w,q=h,h=n
EX3:""zndxj jabvnsjx wisujh""->""mouse explores garden"" [5] z=m,d=u,a=x,b=p,w=g
TOTAL:20/26

VOCAB_FILL
(no gaps; examples covered all target letters)

VER
CROSS:3/3 examples decrypt with final table

DECRYPT
W1: sittfm
 s->r
 i->a
 t->b
 t->b
 f->i
 m->t
 = rabbit
W2: lsjimjx
 l->c
 s->r (W1)
 j->e
 i->a (W1)
 m->t (W1)
 j->e
 x->s
 = creates
W3: fh
 f->i (W1)
 h->n
 = in
W4: nljih
 n->o
 l->c (W2)
 j->e (W2)
 i->a (W1)
 h->n (W3)
 = ocean

CHECK
W1:""rabbit"" len=6Y alpha=Y vocab=Y gaps=N PASS
W2:""creates"" len=7Y alpha=Y vocab=Y gaps=N PASS
W3:""in"" len=2Y alpha=Y vocab=Y gaps=N PASS
W4:""ocean"" len=5Y alpha=Y vocab=Y gaps=N PASS
ALL:PASS 4/4 words

ANS=rabbit creates in ocean

\boxed{rabbit creates in ocean}"
0184a864,"In Alice's Wonderland, secret encryption rules are used on text. Here are some examples:
mof mzodvd dfrqy -> cat chases story
lrsdv dfsaevd fzv iedv mqydfoc -> mouse studies the wise crystal
fzv aoqx aqourn aqoid -> the dark dragon draws
Now, decrypt the following text: iehoqa qvoad en beccouv",wizard reads in village,Text Encryption,"I identify this as a letter substitution cipher. I build a mapping from the examples, verify it, then decrypt the target word by word. I use the fixed answer vocabulary when the examples do not cover every letter. I ignore the flavor-text wrapper.

LEN
TGT:""iehoqa qvoad en beccouv""
W1:6 W2:5 W3:2 W4:7

TABLE
EX1:""mof mzodvd dfrqy""->""cat chases story"" [9] m=c,o=a,f=t,z=h,d=s,v=e,r=o,q=r,y=y
EX2:""lrsdv dfsaevd fzv iedv mqydfoc""->""mouse studies the wise crystal"" [6] l=m,s=u,a=d,e=i,i=w,c=l
EX3:""fzv aoqx aqourn aqoid""->""the dark dragon draws"" [3] x=k,u=g,n=n
TOTAL:18/26

VOCAB_FILL
W1:iehoqa pattern wi?ard -> LOCK ""wizard"" (candidates: wizard)
W4:beccouv pattern ?illage -> LOCK ""village"" (candidates: village)

VER
CROSS:3/3 examples decrypt with final table

DECRYPT
W1: iehoqa
 i->w
 e->i
 h->z
 o->a
 q->r
 a->d
 = wizard
W2: qvoad
 q->r (W1)
 v->e
 o->a (W1)
 a->d (W1)
 d->s
 = reads
W3: en
 e->i (W1)
 n->n
 = in
W4: beccouv
 b->v
 e->i (W1)
 c->l
 c->l
 o->a (W1)
 u->g
 v->e (W2)
 = village

CHECK
W1:""wizard"" len=6Y alpha=Y vocab=Y gaps=N PASS
W2:""reads"" len=5Y alpha=Y vocab=Y gaps=N PASS
W3:""in"" len=2Y alpha=Y vocab=Y gaps=N PASS
W4:""village"" len=7Y alpha=Y vocab=Y gaps=N PASS
ALL:PASS 4/4 words

ANS=wizard reads in village

\boxed{wizard reads in village}"
018c6f61,"In Alice's Wonderland, secret encryption rules are used on text. Here are some examples:
lzddf adda edm -> queen sees key
uqd iztshza udwiqdt sgwvsfda -> the curious teacher imagines
pstc dokbhtda xhtdau -> bird explores forest
udwiqdt dokbhtda fdwt nwbbdm -> teacher explores near valley
Now, decrypt the following text: uqd rsad ctwvhf rwuiqda",the wise dragon watches,Text Encryption,"I identify this as a letter substitution cipher. I build a mapping from the examples, verify it, then decrypt the target word by word. I use the fixed answer vocabulary when the examples do not cover every letter. I ignore the flavor-text wrapper.

LEN
TGT:""uqd rsad ctwvhf rwuiqda""
W1:3 W2:4 W3:6 W4:7

TABLE
EX1:""lzddf adda edm""->""queen sees key"" [7] l=q,z=u,d=e,f=n,a=s,e=k,m=y
EX2:""uqd iztshza udwiqdt sgwvsfda""->""the curious teacher imagines"" [9] u=t,q=h,i=c,t=r,s=i,h=o,w=a,g=m,v=g
EX3:""pstc dokbhtda xhtdau""->""bird explores forest"" [6] p=b,c=d,o=x,k=p,b=l,x=f
EX4:""udwiqdt dokbhtda fdwt nwbbdm""->""teacher explores near valley"" [1] n=v
TOTAL:23/26

VOCAB_FILL
W2:rsad pattern ?ise -> LOCK ""wise"" (candidates: wise)
W4:rwuiqda pattern ?atches -> LOCK ""watches"" (candidates: watches)

VER
CROSS:4/4 examples decrypt with final table

DECRYPT
W1: uqd
 u->t
 q->h
 d->e
 = the
W2: rsad
 r->w
 s->i
 a->s
 d->e (W1)
 = wise
W3: ctwvhf
 c->d
 t->r
 w->a
 v->g
 h->o
 f->n
 = dragon
W4: rwuiqda
 r->w (W2)
 w->a (W3)
 u->t (W1)
 i->c
 q->h (W1)
 d->e (W1)
 a->s (W2)
 = watches

CHECK
W1:""the"" len=3Y alpha=Y vocab=Y gaps=N PASS
W2:""wise"" len=4Y alpha=Y vocab=Y gaps=N PASS
W3:""dragon"" len=6Y alpha=Y vocab=Y gaps=N PASS
W4:""watches"" len=7Y alpha=Y vocab=Y gaps=N PASS
ALL:PASS 4/4 words

ANS=the wise dragon watches

\boxed{the wise dragon watches}"
01c5cb71,"In Alice's Wonderland, secret encryption rules are used on text. Here are some examples:
ytales ytabq qietz -> dragon draws story
oaiift xegsy weices -> hatter found potion
arcvf fjwretfq iof qitaslf itfaqgtf -> alice explores the strange treasure
degqf ytfadq dcttet -> mouse dreams mirror
Now, decrypt the following text: qigyfsi xerrebq peen",student follows book,Text Encryption,"I identify this as a letter substitution cipher. I build a mapping from the examples, verify it, then decrypt the target word by word. I use the fixed answer vocabulary when the examples do not cover every letter. I ignore the flavor-text wrapper.

LEN
TGT:""qigyfsi xerrebq peen""
W1:7 W2:7 W3:4

TABLE
EX1:""ytales ytabq qietz""->""dragon draws story"" [10] y=d,t=r,a=a,l=g,e=o,s=n,b=w,q=s,i=t,z=y
EX2:""oaiift xegsy weices""->""hatter found potion"" [6] o=h,f=e,x=f,g=u,w=p,c=i
EX3:""arcvf fjwretfq iof qitaslf itfaqgtf""->""alice explores the strange treasure"" [3] r=l,v=c,j=x
EX4:""degqf ytfadq dcttet""->""mouse dreams mirror"" [1] d=m
TOTAL:20/26

VOCAB_FILL
W3:peen pattern ?oo? -> LOCK ""book"" (candidates: book,door)

VER
CROSS:4/4 examples decrypt with final table

DECRYPT
W1: qigyfsi
 q->s
 i->t
 g->u
 y->d
 f->e
 s->n
 i->t
 = student
W2: xerrebq
 x->f
 e->o
 r->l
 r->l
 e->o
 b->w
 q->s (W1)
 = follows
W3: peen
 p->b
 e->o (W2)
 e->o (W2)
 n->k
 = book

CHECK
W1:""student"" len=7Y alpha=Y vocab=Y gaps=N PASS
W2:""follows"" len=7Y alpha=Y vocab=Y gaps=N PASS
W3:""book"" len=4Y alpha=Y vocab=Y gaps=N PASS
ALL:PASS 3/3 words

ANS=student follows book

\boxed{student follows book}"
01fa1f37,"In Alice's Wonderland, secret encryption rules are used on text. Here are some examples:
ejrus ivjjvcq udlqmej -> alice follows crystal
mos yedt trbx uoeqsq -> the dark king chases
trbx ivgby fvmrvb -> king found potion
crhedy udsemsq zvvt -> wizard creates book
ngssb qmgyrsq wef -> queen studies map
Now, decrypt the following text: trbx qmgyrsq zslvby aejjsl",king studies beyond valley,Text Encryption,"I identify this as a letter substitution cipher. I build a mapping from the examples, verify it, then decrypt the target word by word. I use the fixed answer vocabulary when the examples do not cover every letter. I ignore the flavor-text wrapper.

LEN
TGT:""trbx qmgyrsq zslvby aejjsl""
W1:4 W2:7 W3:6 W4:6

TABLE
EX1:""ejrus ivjjvcq udlqmej""->""alice follows crystal"" [12] e=a,j=l,r=i,u=c,s=e,i=f,v=o,c=w,q=s,d=r,l=y,m=t
EX2:""mos yedt trbx uoeqsq""->""the dark king chases"" [5] o=h,y=d,t=k,b=n,x=g
EX3:""trbx ivgby fvmrvb""->""king found potion"" [2] g=u,f=p
EX4:""crhedy udsemsq zvvt""->""wizard creates book"" [2] h=z,z=b
EX5:""ngssb qmgyrsq wef""->""queen studies map"" [2] n=q,w=m
TOTAL:23/26

VOCAB_FILL
W4:aejjsl pattern ?alley -> LOCK ""valley"" (candidates: valley)

VER
CROSS:5/5 examples decrypt with final table

DECRYPT
W1: trbx
 t->k
 r->i
 b->n
 x->g
 = king
W2: qmgyrsq
 q->s
 m->t
 g->u
 y->d
 r->i (W1)
 s->e
 q->s
 = studies
W3: zslvby
 z->b
 s->e (W2)
 l->y
 v->o
 b->n (W1)
 y->d (W2)
 = beyond
W4: aejjsl
 a->v
 e->a
 j->l
 j->l
 s->e (W2)
 l->y (W3)
 = valley

CHECK
W1:""king"" len=4Y alpha=Y vocab=Y gaps=N PASS
W2:""studies"" len=7Y alpha=Y vocab=Y gaps=N PASS
W3:""beyond"" len=6Y alpha=Y vocab=Y gaps=N PASS
W4:""valley"" len=6Y alpha=Y vocab=Y gaps=N PASS
ALL:PASS 4/4 words

ANS=king studies beyond valley

\boxed{king studies beyond valley}"
02102281,"In Alice's Wonderland, secret encryption rules are used on text. Here are some examples:
oujjqk pklaqwp kowuplow -> rabbit studies treasure
glwwf owuap kcw mqpw hodpkuz -> queen reads the wise crystal
voqfhwpp aowuxp kcw mqpw pwhowk -> princess dreams the wise secret
aouief moqkwp kcw hloqelp hodpkuz -> dragon writes the curious crystal
xelpw qxuiqfwp kcw mqpw vlttzw -> mouse imagines the wise puzzle
Now, decrypt the following text: oujjqk wnvzeowp ujebw qpzufa",rabbit explores above island,Text Encryption,"I identify this as a letter substitution cipher. I build a mapping from the examples, verify it, then decrypt the target word by word. I use the fixed answer vocabulary when the examples do not cover every letter. I ignore the flavor-text wrapper.

LEN
TGT:""oujjqk wnvzeowp ujebw qpzufa""
W1:6 W2:8 W3:5 W4:6

TABLE
EX1:""oujjqk pklaqwp kowuplow""->""rabbit studies treasure"" [9] o=r,u=a,j=b,q=i,k=t,p=s,l=u,a=d,w=e
EX2:""glwwf owuap kcw mqpw hodpkuz""->""queen reads the wise crystal"" [7] g=q,f=n,c=h,m=w,h=c,d=y,z=l
EX3:""voqfhwpp aowuxp kcw mqpw pwhowk""->""princess dreams the wise secret"" [2] v=p,x=m
EX4:""aouief moqkwp kcw hloqelp hodpkuz""->""dragon writes the curious crystal"" [2] i=g,e=o
EX5:""xelpw qxuiqfwp kcw mqpw vlttzw""->""mouse imagines the wise puzzle"" [1] t=z
TOTAL:21/26

VOCAB_FILL
W2:wnvzeowp pattern e?plores -> LOCK ""explores"" (candidates: explores)
W3:ujebw pattern abo?e -> LOCK ""above"" (candidates: above)

VER
CROSS:5/5 examples decrypt with final table

DECRYPT
W1: oujjqk
 o->r
 u->a
 j->b
 j->b
 q->i
 k->t
 = rabbit
W2: wnvzeowp
 w->e
 n->x
 v->p
 z->l
 e->o
 o->r (W1)
 w->e
 p->s
 = explores
W3: ujebw
 u->a (W1)
 j->b (W1)
 e->o (W2)
 b->v
 w->e (W2)
 = above
W4: qpzufa
 q->i (W1)
 p->s (W2)
 z->l (W2)
 u->a (W1)
 f->n
 a->d
 = island

CHECK
W1:""rabbit"" len=6Y alpha=Y vocab=Y gaps=N PASS
W2:""explores"" len=8Y alpha=Y vocab=Y gaps=N PASS
W3:""above"" len=5Y alpha=Y vocab=Y gaps=N PASS
W4:""island"" len=6Y alpha=Y vocab=Y gaps=N PASS
ALL:PASS 4/4 words

ANS=rabbit explores above island

\boxed{rabbit explores above island}"
0224a397,"In Alice's Wonderland, secret encryption rules are used on text. Here are some examples:
ban klrcnv svokab zlyvc -> the golden knight found
pynnv xamini glbolv -> queen chases potion
ban cmws gwovxnii cwnmfi -> the dark princess dreams
Now, decrypt the following text: pynnv inni ban aoccnv qlls",queen sees the hidden book,Text Encryption,"I identify this as a letter substitution cipher. I build a mapping from the examples, verify it, then decrypt the target word by word. I use the fixed answer vocabulary when the examples do not cover every letter. I ignore the flavor-text wrapper.

LEN
TGT:""pynnv inni ban aoccnv qlls""
W1:5 W2:4 W3:3 W4:6 W5:4

TABLE
EX1:""ban klrcnv svokab zlyvc""->""the golden knight found"" [12] b=t,a=h,n=e,k=g,l=o,r=l,c=d,v=n,s=k,o=i,z=f,y=u
EX2:""pynnv xamini glbolv""->""queen chases potion"" [5] p=q,x=c,m=a,i=s,g=p
EX3:""ban cmws gwovxnii cwnmfi""->""the dark princess dreams"" [2] w=r,f=m
TOTAL:19/26

VOCAB_FILL
W5:qlls pattern ?ook -> LOCK ""book"" (candidates: book)

VER
CROSS:3/3 examples decrypt with final table

DECRYPT
W1: pynnv
 p->q
 y->u
 n->e
 n->e
 v->n
 = queen
W2: inni
 i->s
 n->e (W1)
 n->e (W1)
 i->s
 = sees
W3: ban
 b->t
 a->h
 n->e (W1)
 = the
W4: aoccnv
 a->h (W3)
 o->i
 c->d
 c->d
 n->e (W1)
 v->n (W1)
 = hidden
W5: qlls
 q->b
 l->o
 l->o
 s->k
 = book

CHECK
W1:""queen"" len=5Y alpha=Y vocab=Y gaps=N PASS
W2:""sees"" len=4Y alpha=Y vocab=Y gaps=N PASS
W3:""the"" len=3Y alpha=Y vocab=Y gaps=N PASS
W4:""hidden"" len=6Y alpha=Y vocab=Y gaps=N PASS
W5:""book"" len=4Y alpha=Y vocab=Y gaps=N PASS
ALL:PASS 5/5 words

ANS=queen sees the hidden book

\boxed{queen sees the hidden book}"
022b5f8b,"In Alice's Wonderland, secret encryption rules are used on text. Here are some examples:
wks rwtzads lvad jifao -> the strange king found
wks ezdvpzy nfssa shuyitsr -> the magical queen explores
wszpkst ptszwsr ufggys -> teacher creates puzzle
lavdkw otzxr wks mtvdkw rwitb -> knight draws the bright story
Now, decrypt the following text: wks rsptsw pzw rssr",the secret cat sees,Text Encryption,"I identify this as a letter substitution cipher. I build a mapping from the examples, verify it, then decrypt the target word by word. I use the fixed answer vocabulary when the examples do not cover every letter. I ignore the flavor-text wrapper.

LEN
TGT:""wks rsptsw pzw rssr""
W1:3 W2:6 W3:3 W4:4

TABLE
EX1:""wks rwtzads lvad jifao""->""the strange king found"" [14] w=t,k=h,s=e,r=s,t=r,z=a,a=n,d=g,l=k,v=i,j=f,i=o,f=u,o=d
EX2:""wks ezdvpzy nfssa shuyitsr""->""the magical queen explores"" [6] e=m,p=c,y=l,n=q,h=x,u=p
EX3:""wszpkst ptszwsr ufggys""->""teacher creates puzzle"" [1] g=z
EX4:""lavdkw otzxr wks mtvdkw rwitb""->""knight draws the bright story"" [3] x=w,m=b,b=y
TOTAL:24/26

VOCAB_FILL
(no gaps; examples covered all target letters)

VER
CROSS:4/4 examples decrypt with final table

DECRYPT
W1: wks
 w->t
 k->h
 s->e
 = the
W2: rsptsw
 r->s
 s->e (W1)
 p->c
 t->r
 s->e (W1)
 w->t (W1)
 = secret
W3: pzw
 p->c (W2)
 z->a
 w->t (W1)
 = cat
W4: rssr
 r->s (W2)
 s->e (W1)
 s->e (W1)
 r->s (W2)
 = sees

CHECK
W1:""the"" len=3Y alpha=Y vocab=Y gaps=N PASS
W2:""secret"" len=6Y alpha=Y vocab=Y gaps=N PASS
W3:""cat"" len=3Y alpha=Y vocab=Y gaps=N PASS
W4:""sees"" len=4Y alpha=Y vocab=Y gaps=N PASS
ALL:PASS 4/4 words

ANS=the secret cat sees

\boxed{the secret cat sees}"
024678e0,"In Alice's Wonderland, secret encryption rules are used on text. Here are some examples:
fxs wvvw sqv wscxkov ihttjv -> cat sees the strange puzzle
sqv fmjmcghj nutxcd fcvxsvw -> the colorful wizard creates
svxfqvc wvvw xembv gmcvws -> teacher sees above forest
sqv ecuoqs dcxomk dcxnw -> the bright dragon draws
Now, decrypt the following text: eucd wvvw uk nmkdvcjxkd",bird sees in wonderland,Text Encryption,"I identify this as a letter substitution cipher. I build a mapping from the examples, verify it, then decrypt the target word by word. I use the fixed answer vocabulary when the examples do not cover every letter. I ignore the flavor-text wrapper.

LEN
TGT:""eucd wvvw uk nmkdvcjxkd""
W1:4 W2:4 W3:2 W4:10

TABLE
EX1:""fxs wvvw sqv wscxkov ihttjv""->""cat sees the strange puzzle"" [13] f=c,x=a,s=t,w=s,v=e,q=h,c=r,k=n,o=g,i=p,h=u,t=z,j=l
EX2:""sqv fmjmcghj nutxcd fcvxsvw""->""the colorful wizard creates"" [5] m=o,g=f,n=w,u=i,d=d
EX3:""svxfqvc wvvw xembv gmcvws""->""teacher sees above forest"" [2] e=b,b=v
EX4:""sqv ecuoqs dcxomk dcxnw""->""the bright dragon draws"" [0] none
TOTAL:20/26

VOCAB_FILL
(no gaps; examples covered all target letters)

VER
CROSS:4/4 examples decrypt with final table

DECRYPT
W1: eucd
 e->b
 u->i
 c->r
 d->d
 = bird
W2: wvvw
 w->s
 v->e
 v->e
 w->s
 = sees
W3: uk
 u->i (W1)
 k->n
 = in
W4: nmkdvcjxkd
 n->w
 m->o
 k->n (W3)
 d->d (W1)
 v->e (W2)
 c->r (W1)
 j->l
 x->a
 k->n (W3)
 d->d (W1)
 = wonderland

CHECK
W1:""bird"" len=4Y alpha=Y vocab=Y gaps=N PASS
W2:""sees"" len=4Y alpha=Y vocab=Y gaps=N PASS
W3:""in"" len=2Y alpha=Y vocab=Y gaps=N PASS
W4:""wonderland"" len=10Y alpha=Y vocab=Y gaps=N PASS
ALL:PASS 4/4 words

ANS=bird sees in wonderland

\boxed{bird sees in wonderland}"
028fed0d,"In Alice's Wonderland, secret encryption rules are used on text. Here are some examples:
zvxfbp wcfyly dcl ejuplm wbkydfu -> wizard chases the golden crystal
dcl ejuplm zvxfbp ylly -> the golden wizard sees
dcl wulnlb tmvecd vrfevmly -> the clever knight imagines
Now, decrypt the following text: wfd pbfzy vmyvpl wfydul",cat draws inside castle,Text Encryption,"I identify this as a letter substitution cipher. I build a mapping from the examples, verify it, then decrypt the target word by word. I use the fixed answer vocabulary when the examples do not cover every letter. I ignore the flavor-text wrapper.

LEN
TGT:""wfd pbfzy vmyvpl wfydul""
W1:3 W2:5 W3:6 W4:6

TABLE
EX1:""zvxfbp wcfyly dcl ejuplm wbkydfu""->""wizard chases the golden crystal"" [16] z=w,v=i,x=z,f=a,b=r,p=d,w=c,c=h,y=s,l=e,d=t,e=g,j=o,u=l,m=n,k=y
EX2:""dcl ejuplm zvxfbp ylly""->""the golden wizard sees"" [0] none
EX3:""dcl wulnlb tmvecd vrfevmly""->""the clever knight imagines"" [3] n=v,t=k,r=m
TOTAL:19/26

VOCAB_FILL
(no gaps; examples covered all target letters)

VER
CROSS:3/3 examples decrypt with final table

DECRYPT
W1: wfd
 w->c
 f->a
 d->t
 = cat
W2: pbfzy
 p->d
 b->r
 f->a (W1)
 z->w
 y->s
 = draws
W3: vmyvpl
 v->i
 m->n
 y->s (W2)
 v->i
 p->d (W2)
 l->e
 = inside
W4: wfydul
 w->c (W1)
 f->a (W1)
 y->s (W2)
 d->t (W1)
 u->l
 l->e (W3)
 = castle

CHECK
W1:""cat"" len=3Y alpha=Y vocab=Y gaps=N PASS
W2:""draws"" len=5Y alpha=Y vocab=Y gaps=N PASS
W3:""inside"" len=6Y alpha=Y vocab=Y gaps=N PASS
W4:""castle"" len=6Y alpha=Y vocab=Y gaps=N PASS
ALL:PASS 4/4 words

ANS=cat draws inside castle

\boxed{cat draws inside castle}"
02e2589e,"In Alice's Wonderland, secret encryption rules are used on text. Here are some examples:
yslqxsz rhcqioszc etrsz qlcyas -> teacher discovers under castle
yxs cyzltws rzlwit mietr -> the strange dragon found
zlffhy plyqxsc tslz nlalqs -> rabbit watches near palace
qly qzslysc qzbcyla -> cat creates crystal
Now, decrypt the following text: phjlzr miaaipc uhzziz",wizard follows mirror,Text Encryption,"I identify this as a letter substitution cipher. I build a mapping from the examples, verify it, then decrypt the target word by word. I use the fixed answer vocabulary when the examples do not cover every letter. I ignore the flavor-text wrapper.

LEN
TGT:""phjlzr miaaipc uhzziz""
W1:6 W2:7 W3:6

TABLE
EX1:""yslqxsz rhcqioszc etrsz qlcyas""->""teacher discovers under castle"" [14] y=t,s=e,l=a,q=c,x=h,z=r,r=d,h=i,c=s,i=o,o=v,e=u,t=n,a=l
EX2:""yxs cyzltws rzlwit mietr""->""the strange dragon found"" [2] w=g,m=f
EX3:""zlffhy plyqxsc tslz nlalqs""->""rabbit watches near palace"" [3] f=b,p=w,n=p
EX4:""qly qzslysc qzbcyla""->""cat creates crystal"" [1] b=y
TOTAL:20/26

VOCAB_FILL
W1:phjlzr pattern wi?ard -> LOCK ""wizard"" (candidates: wizard)
W3:uhzziz pattern ?irror -> LOCK ""mirror"" (candidates: mirror)

VER
CROSS:4/4 examples decrypt with final table

DECRYPT
W1: phjlzr
 p->w
 h->i
 j->z
 l->a
 z->r
 r->d
 = wizard
W2: miaaipc
 m->f
 i->o
 a->l
 a->l
 i->o
 p->w (W1)
 c->s
 = follows
W3: uhzziz
 u->m
 h->i (W1)
 z->r (W1)
 z->r (W1)
 i->o (W2)
 z->r (W1)
 = mirror

CHECK
W1:""wizard"" len=6Y alpha=Y vocab=Y gaps=N PASS
W2:""follows"" len=7Y alpha=Y vocab=Y gaps=N PASS
W3:""mirror"" len=6Y alpha=Y vocab=Y gaps=N PASS
ALL:PASS 3/3 words

ANS=wizard follows mirror

\boxed{wizard follows mirror}"
02fb9923,"In Alice's Wonderland, secret encryption rules are used on text. Here are some examples:
yib mibylzd blz dnutzx vsbnsh -> cat watches the silver potion
iunyz wndystzxd icstz syzih -> alice discovers above ocean
mnkixw ylidzd rzddiez -> wizard chases message
blz rjdbzxnsfd cnxw xziwd -> the mysterious bird reads
Now, decrypt the following text: blz yfxnsfd rsfdz nrienhzd",the curious mouse imagines,Text Encryption,"I identify this as a letter substitution cipher. I build a mapping from the examples, verify it, then decrypt the target word by word. I use the fixed answer vocabulary when the examples do not cover every letter. I ignore the flavor-text wrapper.

LEN
TGT:""blz yfxnsfd rsfdz nrienhzd""
W1:3 W2:7 W3:5 W4:8

TABLE
EX1:""yib mibylzd blz dnutzx vsbnsh""->""cat watches the silver potion"" [14] y=c,i=a,b=t,m=w,l=h,z=e,d=s,n=i,u=l,t=v,x=r,v=p,s=o,h=n
EX2:""iunyz wndystzxd icstz syzih""->""alice discovers above ocean"" [2] w=d,c=b
EX3:""mnkixw ylidzd rzddiez""->""wizard chases message"" [3] k=z,r=m,e=g
EX4:""blz rjdbzxnsfd cnxw xziwd""->""the mysterious bird reads"" [2] j=y,f=u
TOTAL:21/26

VOCAB_FILL
(no gaps; examples covered all target letters)

VER
CROSS:4/4 examples decrypt with final table

DECRYPT
W1: blz
 b->t
 l->h
 z->e
 = the
W2: yfxnsfd
 y->c
 f->u
 x->r
 n->i
 s->o
 f->u
 d->s
 = curious
W3: rsfdz
 r->m
 s->o (W2)
 f->u (W2)
 d->s (W2)
 z->e (W1)
 = mouse
W4: nrienhzd
 n->i (W2)
 r->m (W3)
 i->a
 e->g
 n->i (W2)
 h->n
 z->e (W1)
 d->s (W2)
 = imagines

CHECK
W1:""the"" len=3Y alpha=Y vocab=Y gaps=N PASS
W2:""curious"" len=7Y alpha=Y vocab=Y gaps=N PASS
W3:""mouse"" len=5Y alpha=Y vocab=Y gaps=N PASS
W4:""imagines"" len=8Y alpha=Y vocab=Y gaps=N PASS
ALL:PASS 4/4 words

ANS=the curious mouse imagines

\boxed{the curious mouse imagines}"
03135557,"In Alice's Wonderland, secret encryption rules are used on text. Here are some examples:
jlbc ogrbs uwagbs yniw -> king found beyond cave
xzw uvlczx xwnyzwv enxyzwm -> the bright teacher watches
jblczx enxyzwm xvwnmrvw -> knight watches treasure
xzw nbylwbx qgrmw yznmwm -> the ancient mouse chases
xrvxkw wpfkgvwm nugiw ynmxkw -> turtle explores above castle
Now, decrypt the following text: svncgb ogkkgem xzw ygkgvork uggj",dragon follows the colorful book,Text Encryption,"I identify this as a letter substitution cipher. I build a mapping from the examples, verify it, then decrypt the target word by word. I use the fixed answer vocabulary when the examples do not cover every letter. I ignore the flavor-text wrapper.

LEN
TGT:""svncgb ogkkgem xzw ygkgvork uggj""
W1:6 W2:7 W3:3 W4:8 W5:4

TABLE
EX1:""jlbc ogrbs uwagbs yniw""->""king found beyond cave"" [14] j=k,l=i,b=n,c=g,o=f,g=o,r=u,s=d,u=b,w=e,a=y,y=c,n=a,i=v
EX2:""xzw uvlczx xwnyzwv enxyzwm""->""the bright teacher watches"" [5] x=t,z=h,v=r,e=w,m=s
EX3:""jblczx enxyzwm xvwnmrvw""->""knight watches treasure"" [0] none
EX4:""xzw nbylwbx qgrmw yznmwm""->""the ancient mouse chases"" [1] q=m
EX5:""xrvxkw wpfkgvwm nugiw ynmxkw""->""turtle explores above castle"" [3] k=l,p=x,f=p
TOTAL:23/26

VOCAB_FILL
(no gaps; examples covered all target letters)

VER
CROSS:5/5 examples decrypt with final table

DECRYPT
W1: svncgb
 s->d
 v->r
 n->a
 c->g
 g->o
 b->n
 = dragon
W2: ogkkgem
 o->f
 g->o (W1)
 k->l
 k->l
 g->o (W1)
 e->w
 m->s
 = follows
W3: xzw
 x->t
 z->h
 w->e
 = the
W4: ygkgvork
 y->c
 g->o (W1)
 k->l (W2)
 g->o (W1)
 v->r (W1)
 o->f (W2)
 r->u
 k->l (W2)
 = colorful
W5: uggj
 u->b
 g->o (W1)
 g->o (W1)
 j->k
 = book

CHECK
W1:""dragon"" len=6Y alpha=Y vocab=Y gaps=N PASS
W2:""follows"" len=7Y alpha=Y vocab=Y gaps=N PASS
W3:""the"" len=3Y alpha=Y vocab=Y gaps=N PASS
W4:""colorful"" len=8Y alpha=Y vocab=Y gaps=N PASS
W5:""book"" len=4Y alpha=Y vocab=Y gaps=N PASS
ALL:PASS 5/5 words

ANS=dragon follows the colorful book

\boxed{dragon follows the colorful book}"
03249403,"In Alice's Wonderland, secret encryption rules are used on text. Here are some examples:
qduusl rqkdlkt lmqzoim cdxdrk -> rabbit creates through palace
cqshrktt gzohb lmk msbbkh covvxk -> princess found the hidden puzzle
qduusl wqslkt lmk wstk uzzj -> rabbit writes the wise book
lmk nftlkqszot mdllkq sndishkt -> the mysterious hatter imagines
cqshrktt bqkdnt lmk bdqj nsqqzq -> princess dreams the dark mirror
Now, decrypt the following text: bqdizh sndishkt lmk bdqj lqkdtoqk",dragon imagines the dark treasure,Text Encryption,"I identify this as a letter substitution cipher. I build a mapping from the examples, verify it, then decrypt the target word by word. I use the fixed answer vocabulary when the examples do not cover every letter. I ignore the flavor-text wrapper.

LEN
TGT:""bqdizh sndishkt lmk bdqj lqkdtoqk""
W1:6 W2:8 W3:3 W4:4 W5:8

TABLE
EX1:""qduusl rqkdlkt lmqzoim cdxdrk""->""rabbit creates through palace"" [14] q=r,d=a,u=b,s=i,l=t,r=c,k=e,t=s,m=h,z=o,o=u,i=g,c=p,x=l
EX2:""cqshrktt gzohb lmk msbbkh covvxk""->""princess found the hidden puzzle"" [4] h=n,g=f,b=d,v=z
EX3:""qduusl wqslkt lmk wstk uzzj""->""rabbit writes the wise book"" [2] w=w,j=k
EX4:""lmk nftlkqszot mdllkq sndishkt""->""the mysterious hatter imagines"" [2] n=m,f=y
EX5:""cqshrktt bqkdnt lmk bdqj nsqqzq""->""princess dreams the dark mirror"" [0] none
TOTAL:22/26

VOCAB_FILL
(no gaps; examples covered all target letters)

VER
CROSS:5/5 examples decrypt with final table

DECRYPT
W1: bqdizh
 b->d
 q->r
 d->a
 i->g
 z->o
 h->n
 = dragon
W2: sndishkt
 s->i
 n->m
 d->a (W1)
 i->g (W1)
 s->i
 h->n (W1)
 k->e
 t->s
 = imagines
W3: lmk
 l->t
 m->h
 k->e (W2)
 = the
W4: bdqj
 b->d (W1)
 d->a (W1)
 q->r (W1)
 j->k
 = dark
W5: lqkdtoqk
 l->t (W3)
 q->r (W1)
 k->e (W2)
 d->a (W1)
 t->s (W2)
 o->u
 q->r (W1)
 k->e (W2)
 = treasure

CHECK
W1:""dragon"" len=6Y alpha=Y vocab=Y gaps=N PASS
W2:""imagines"" len=8Y alpha=Y vocab=Y gaps=N PASS
W3:""the"" len=3Y alpha=Y vocab=Y gaps=N PASS
W4:""dark"" len=4Y alpha=Y vocab=Y gaps=N PASS
W5:""treasure"" len=8Y alpha=Y vocab=Y gaps=N PASS
ALL:PASS 5/5 words

ANS=dragon imagines the dark treasure

\boxed{dragon imagines the dark treasure}"
033d2b33,"In Alice's Wonderland, secret encryption rules are used on text. Here are some examples:
cnw dqiwey tnqgem -> cat writes garden
wue jnticnl unwweq gqndy -> the magical hatter draws
nlice ywxgiey bxzzle -> alice studies puzzle
wxqwle dnwcuey wue nmciemw wqenyxqe -> turtle watches the ancient treasure
wencueq qengy wue uiggem bxzzle -> teacher reads the hidden puzzle
Now, decrypt the following text: jkxye gqenjy menq cnhe",mouse dreams near cave,Text Encryption,"I identify this as a letter substitution cipher. I build a mapping from the examples, verify it, then decrypt the target word by word. I use the fixed answer vocabulary when the examples do not cover every letter. I ignore the flavor-text wrapper.

LEN
TGT:""jkxye gqenjy menq cnhe""
W1:5 W2:6 W3:4 W4:4

TABLE
EX1:""cnw dqiwey tnqgem""->""cat writes garden"" [11] c=c,n=a,w=t,d=w,q=r,i=i,e=e,y=s,t=g,g=d,m=n
EX2:""wue jnticnl unwweq gqndy""->""the magical hatter draws"" [3] u=h,j=m,l=l
EX3:""nlice ywxgiey bxzzle""->""alice studies puzzle"" [3] x=u,b=p,z=z
EX4:""wxqwle dnwcuey wue nmciemw wqenyxqe""->""turtle watches the ancient treasure"" [0] none
EX5:""wencueq qengy wue uiggem bxzzle""->""teacher reads the hidden puzzle"" [0] none
TOTAL:17/26

VOCAB_FILL
W1:jkxye pattern m?use -> LOCK ""mouse"" (candidates: mouse)
W4:cnhe pattern ca?e -> LOCK ""cave"" (candidates: cave)

VER
CROSS:5/5 examples decrypt with final table

DECRYPT
W1: jkxye
 j->m
 k->o
 x->u
 y->s
 e->e
 = mouse
W2: gqenjy
 g->d
 q->r
 e->e (W1)
 n->a
 j->m (W1)
 y->s (W1)
 = dreams
W3: menq
 m->n
 e->e (W1)
 n->a (W2)
 q->r (W2)
 = near
W4: cnhe
 c->c
 n->a (W2)
 h->v
 e->e (W1)
 = cave

CHECK
W1:""mouse"" len=5Y alpha=Y vocab=Y gaps=N PASS
W2:""dreams"" len=6Y alpha=Y vocab=Y gaps=N PASS
W3:""near"" len=4Y alpha=Y vocab=Y gaps=N PASS
W4:""cave"" len=4Y alpha=Y vocab=Y gaps=N PASS
ALL:PASS 4/4 words

ANS=mouse dreams near cave

\boxed{mouse dreams near cave}"
03deaa1c,"In Alice's Wonderland, secret encryption rules are used on text. Here are some examples:
kpc dctrhmd emf -> cat studies key
cmpkbmq uqhcmd hz vjqmdc -> teacher writes in forest
bpccmq kbpdmd itaaom -> hatter chases puzzle
lhqr rqmpyd dmkqmc -> bird dreams secret
Now, decrypt the following text: cbm dhoxmq yjtdm hypwhzmd",the silver mouse imagines,Text Encryption,"I identify this as a letter substitution cipher. I build a mapping from the examples, verify it, then decrypt the target word by word. I use the fixed answer vocabulary when the examples do not cover every letter. I ignore the flavor-text wrapper.

LEN
TGT:""cbm dhoxmq yjtdm hypwhzmd""
W1:3 W2:6 W3:5 W4:8

TABLE
EX1:""kpc dctrhmd emf""->""cat studies key"" [10] k=c,p=a,c=t,d=s,t=u,r=d,h=i,m=e,e=k,f=y
EX2:""cmpkbmq uqhcmd hz vjqmdc""->""teacher writes in forest"" [6] b=h,q=r,u=w,z=n,v=f,j=o
EX3:""bpccmq kbpdmd itaaom""->""hatter chases puzzle"" [3] i=p,a=z,o=l
EX4:""lhqr rqmpyd dmkqmc""->""bird dreams secret"" [2] l=b,y=m
TOTAL:21/26

VOCAB_FILL
W2:dhoxmq pattern sil?er -> LOCK ""silver"" (candidates: silver)
W4:hypwhzmd pattern ima?ines -> LOCK ""imagines"" (candidates: imagines)

VER
CROSS:4/4 examples decrypt with final table

DECRYPT
W1: cbm
 c->t
 b->h
 m->e
 = the
W2: dhoxmq
 d->s
 h->i
 o->l
 x->v
 m->e (W1)
 q->r
 = silver
W3: yjtdm
 y->m
 j->o
 t->u
 d->s (W2)
 m->e (W1)
 = mouse
W4: hypwhzmd
 h->i (W2)
 y->m (W3)
 p->a
 w->g
 h->i (W2)
 z->n
 m->e (W1)
 d->s (W2)
 = imagines

CHECK
W1:""the"" len=3Y alpha=Y vocab=Y gaps=N PASS
W2:""silver"" len=6Y alpha=Y vocab=Y gaps=N PASS
W3:""mouse"" len=5Y alpha=Y vocab=Y gaps=N PASS
W4:""imagines"" len=8Y alpha=Y vocab=Y gaps=N PASS
ALL:PASS 4/4 words

ANS=the silver mouse imagines

\boxed{the silver mouse imagines}"
03e2bedc,"In Alice's Wonderland, secret encryption rules are used on text. Here are some examples:
mjttld bdzxlab dka baqmad dmajbzma -> rabbit studies the secret treasure
gczba majxb dka gjwlqji qmrbdji -> mouse reads the magical crystal
jilqa baab jmczvx lbijvx -> alice sees around island
Now, decrypt the following text: mjttld xmajgb lv qjbdia",rabbit dreams in castle,Text Encryption,"I identify this as a letter substitution cipher. I build a mapping from the examples, verify it, then decrypt the target word by word. I use the fixed answer vocabulary when the examples do not cover every letter. I ignore the flavor-text wrapper.

LEN
TGT:""mjttld xmajgb lv qjbdia""
W1:6 W2:6 W3:2 W4:6

TABLE
EX1:""mjttld bdzxlab dka baqmad dmajbzma""->""rabbit studies the secret treasure"" [11] m=r,j=a,t=b,l=i,d=t,b=s,z=u,x=d,a=e,k=h,q=c
EX2:""gczba majxb dka gjwlqji qmrbdji""->""mouse reads the magical crystal"" [5] g=m,c=o,w=g,i=l,r=y
EX3:""jilqa baab jmczvx lbijvx""->""alice sees around island"" [1] v=n
TOTAL:17/26

VOCAB_FILL
(no gaps; examples covered all target letters)

VER
CROSS:3/3 examples decrypt with final table

DECRYPT
W1: mjttld
 m->r
 j->a
 t->b
 t->b
 l->i
 d->t
 = rabbit
W2: xmajgb
 x->d
 m->r (W1)
 a->e
 j->a (W1)
 g->m
 b->s
 = dreams
W3: lv
 l->i (W1)
 v->n
 = in
W4: qjbdia
 q->c
 j->a (W1)
 b->s (W2)
 d->t (W1)
 i->l
 a->e (W2)
 = castle

CHECK
W1:""rabbit"" len=6Y alpha=Y vocab=Y gaps=N PASS
W2:""dreams"" len=6Y alpha=Y vocab=Y gaps=N PASS
W3:""in"" len=2Y alpha=Y vocab=Y gaps=N PASS
W4:""castle"" len=6Y alpha=Y vocab=Y gaps=N PASS
ALL:PASS 4/4 words

ANS=rabbit dreams in castle

\boxed{rabbit dreams in castle}"
03fba6b6,"In Alice's Wonderland, secret encryption rules are used on text. Here are some examples:
uissth pvvp hwuybkw ginixv -> rabbit sees through palace
hbuhnv vdgnyuvp phyur -> turtle explores story
jtoiuq qtpxyevup xiphnv -> wizard discovers castle
Now, decrypt the following text: intxv jihxwvp gyhtym",alice watches potion,Text Encryption,"I identify this as a letter substitution cipher. I build a mapping from the examples, verify it, then decrypt the target word by word. I use the fixed answer vocabulary when the examples do not cover every letter. I ignore the flavor-text wrapper.

LEN
TGT:""intxv jihxwvp gyhtym""
W1:5 W2:7 W3:6

TABLE
EX1:""uissth pvvp hwuybkw ginixv""->""rabbit sees through palace"" [14] u=r,i=a,s=b,t=i,h=t,p=s,v=e,w=h,y=o,b=u,k=g,g=p,n=l,x=c
EX2:""hbuhnv vdgnyuvp phyur""->""turtle explores story"" [2] d=x,r=y
EX3:""jtoiuq qtpxyevup xiphnv""->""wizard discovers castle"" [4] j=w,o=z,q=d,e=v
TOTAL:20/26

VOCAB_FILL
W3:gyhtym pattern potio? -> LOCK ""potion"" (candidates: potion)

VER
CROSS:3/3 examples decrypt with final table

DECRYPT
W1: intxv
 i->a
 n->l
 t->i
 x->c
 v->e
 = alice
W2: jihxwvp
 j->w
 i->a (W1)
 h->t
 x->c (W1)
 w->h
 v->e (W1)
 p->s
 = watches
W3: gyhtym
 g->p
 y->o
 h->t (W2)
 t->i (W1)
 y->o
 m->n
 = potion

CHECK
W1:""alice"" len=5Y alpha=Y vocab=Y gaps=N PASS
W2:""watches"" len=7Y alpha=Y vocab=Y gaps=N PASS
W3:""potion"" len=6Y alpha=Y vocab=Y gaps=N PASS
ALL:PASS 3/3 words

ANS=alice watches potion

\boxed{alice watches potion}"
0422aab3,"In Alice's Wonderland, secret encryption rules are used on text. Here are some examples:
ktcamhvv ucvmgrhtv whngau xdtuha -> princess discovers beyond garden
bhdmlht vbpuchv blh vcfrht xdtuha -> teacher studies the silver garden
tdwwcb etcbhv blh udts ihvvdxh -> rabbit writes the dark message
ldbbht mthdbhv whngau fcwtdtn -> hatter creates beyond library
Now, decrypt the following text: blh invbhtcgpv wctu vhhv",the mysterious bird sees,Text Encryption,"I identify this as a letter substitution cipher. I build a mapping from the examples, verify it, then decrypt the target word by word. I use the fixed answer vocabulary when the examples do not cover every letter. I ignore the flavor-text wrapper.

LEN
TGT:""blh invbhtcgpv wctu vhhv""
W1:3 W2:10 W3:4 W4:4

TABLE
EX1:""ktcamhvv ucvmgrhtv whngau xdtuha""->""princess discovers beyond garden"" [14] k=p,t=r,c=i,a=n,m=c,h=e,v=s,u=d,g=o,r=v,w=b,n=y,x=g,d=a
EX2:""bhdmlht vbpuchv blh vcfrht xdtuha""->""teacher studies the silver garden"" [4] b=t,l=h,p=u,f=l
EX3:""tdwwcb etcbhv blh udts ihvvdxh""->""rabbit writes the dark message"" [3] e=w,s=k,i=m
EX4:""ldbbht mthdbhv whngau fcwtdtn""->""hatter creates beyond library"" [0] none
TOTAL:21/26

VOCAB_FILL
(no gaps; examples covered all target letters)

VER
CROSS:4/4 examples decrypt with final table

DECRYPT
W1: blh
 b->t
 l->h
 h->e
 = the
W2: invbhtcgpv
 i->m
 n->y
 v->s
 b->t (W1)
 h->e (W1)
 t->r
 c->i
 g->o
 p->u
 v->s
 = mysterious
W3: wctu
 w->b
 c->i (W2)
 t->r (W2)
 u->d
 = bird
W4: vhhv
 v->s (W2)
 h->e (W1)
 h->e (W1)
 v->s (W2)
 = sees

CHECK
W1:""the"" len=3Y alpha=Y vocab=Y gaps=N PASS
W2:""mysterious"" len=10Y alpha=Y vocab=Y gaps=N PASS
W3:""bird"" len=4Y alpha=Y vocab=Y gaps=N PASS
W4:""sees"" len=4Y alpha=Y vocab=Y gaps=N PASS
ALL:PASS 4/4 words

ANS=the mysterious bird sees

\boxed{the mysterious bird sees}"
044cac3d,"In Alice's Wonderland, secret encryption rules are used on text. Here are some examples:
mpqezo ozwegy vzcyteu -> wizard dreams crystal
eupvw metviwy swc -> alice watches key
ytfowat mzptwy ywvzwt -> student writes secret
mpqezo vieywy tzweyfzw -> wizard chases treasure
vet mzptwy faowz upkzezc -> cat writes under library
Now, decrypt the following text: lfwwa ozwegy tiw vuwnwz hfqquw",queen dreams the clever puzzle,Text Encryption,"I identify this as a letter substitution cipher. I build a mapping from the examples, verify it, then decrypt the target word by word. I use the fixed answer vocabulary when the examples do not cover every letter. I ignore the flavor-text wrapper.

LEN
TGT:""lfwwa ozwegy tiw vuwnwz hfqquw""
W1:5 W2:6 W3:3 W4:6 W5:6

TABLE
EX1:""mpqezo ozwegy vzcyteu""->""wizard dreams crystal"" [13] m=w,p=i,q=z,e=a,z=r,o=d,w=e,g=m,y=s,v=c,c=y,t=t,u=l
EX2:""eupvw metviwy swc""->""alice watches key"" [2] i=h,s=k
EX3:""ytfowat mzptwy ywvzwt""->""student writes secret"" [2] f=u,a=n
EX4:""mpqezo vieywy tzweyfzw""->""wizard chases treasure"" [0] none
EX5:""vet mzptwy faowz upkzezc""->""cat writes under library"" [1] k=b
TOTAL:18/26

VOCAB_FILL
W1:lfwwa pattern ?ueen -> LOCK ""queen"" (candidates: queen)
W4:vuwnwz pattern cle?er -> LOCK ""clever"" (candidates: clever)
W5:hfqquw pattern ?uzzle -> LOCK ""puzzle"" (candidates: puzzle)

VER
CROSS:5/5 examples decrypt with final table

DECRYPT
W1: lfwwa
 l->q
 f->u
 w->e
 w->e
 a->n
 = queen
W2: ozwegy
 o->d
 z->r
 w->e (W1)
 e->a
 g->m
 y->s
 = dreams
W3: tiw
 t->t
 i->h
 w->e (W1)
 = the
W4: vuwnwz
 v->c
 u->l
 w->e (W1)
 n->v
 w->e (W1)
 z->r (W2)
 = clever
W5: hfqquw
 h->p
 f->u (W1)
 q->z
 q->z
 u->l (W4)
 w->e (W1)
 = puzzle

CHECK
W1:""queen"" len=5Y alpha=Y vocab=Y gaps=N PASS
W2:""dreams"" len=6Y alpha=Y vocab=Y gaps=N PASS
W3:""the"" len=3Y alpha=Y vocab=Y gaps=N PASS
W4:""clever"" len=6Y alpha=Y vocab=Y gaps=N PASS
W5:""puzzle"" len=6Y alpha=Y vocab=Y gaps=N PASS
ALL:PASS 5/5 words

ANS=queen dreams the clever puzzle

\boxed{queen dreams the clever puzzle}"
044de524,"In Alice's Wonderland, secret encryption rules are used on text. Here are some examples:
nqi sxoqum qhydo kqeqno -> cat dreams above palace
kxgpnomm nwqmom qhydo nqdo -> princess chases above cave
jgpl sgmnydoxm gp ynoqp -> king discovers in ocean
miasopi ozkeyxom iwo mixqplo vyxomi -> student explores the strange forest
Now, decrypt the following text: iwo monxoi iaxieo sxoqum",the secret turtle dreams,Text Encryption,"I identify this as a letter substitution cipher. I build a mapping from the examples, verify it, then decrypt the target word by word. I use the fixed answer vocabulary when the examples do not cover every letter. I ignore the flavor-text wrapper.

LEN
TGT:""iwo monxoi iaxieo sxoqum""
W1:3 W2:6 W3:6 W4:6

TABLE
EX1:""nqi sxoqum qhydo kqeqno""->""cat dreams above palace"" [13] n=c,q=a,i=t,s=d,x=r,o=e,u=m,m=s,h=b,y=o,d=v,k=p,e=l
EX2:""kxgpnomm nwqmom qhydo nqdo""->""princess chases above cave"" [3] g=i,p=n,w=h
EX3:""jgpl sgmnydoxm gp ynoqp""->""king discovers in ocean"" [2] j=k,l=g
EX4:""miasopi ozkeyxom iwo mixqplo vyxomi""->""student explores the strange forest"" [3] a=u,z=x,v=f
TOTAL:21/26

VOCAB_FILL
(no gaps; examples covered all target letters)

VER
CROSS:4/4 examples decrypt with final table

DECRYPT
W1: iwo
 i->t
 w->h
 o->e
 = the
W2: monxoi
 m->s
 o->e (W1)
 n->c
 x->r
 o->e (W1)
 i->t (W1)
 = secret
W3: iaxieo
 i->t (W1)
 a->u
 x->r (W2)
 i->t (W1)
 e->l
 o->e (W1)
 = turtle
W4: sxoqum
 s->d
 x->r (W2)
 o->e (W1)
 q->a
 u->m
 m->s (W2)
 = dreams

CHECK
W1:""the"" len=3Y alpha=Y vocab=Y gaps=N PASS
W2:""secret"" len=6Y alpha=Y vocab=Y gaps=N PASS
W3:""turtle"" len=6Y alpha=Y vocab=Y gaps=N PASS
W4:""dreams"" len=6Y alpha=Y vocab=Y gaps=N PASS
ALL:PASS 4/4 words

ANS=the secret turtle dreams

\boxed{the secret turtle dreams}"
04768bb8,"In Alice's Wonderland, secret encryption rules are used on text. Here are some examples:
gswwj habbavx ouwdxsuw -> queen follows treasure
pucjqwxx vdoqywx oyw djqcwjo hauwxo -> princess watches the ancient forest
oyw iabtwj dbcqw tcxqazwux -> the golden alice discovers
owdqywu tudvx cj qdzw -> teacher draws in cave
pucjqwxx quwdowx cjxctw cxbdjt -> princess creates inside island
Now, decrypt the following text: rjciyo tuwdmx cj idutwj",knight dreams in garden,Text Encryption,"I identify this as a letter substitution cipher. I build a mapping from the examples, verify it, then decrypt the target word by word. I use the fixed answer vocabulary when the examples do not cover every letter. I ignore the flavor-text wrapper.

LEN
TGT:""rjciyo tuwdmx cj idutwj""
W1:6 W2:6 W3:2 W4:6

TABLE
EX1:""gswwj habbavx ouwdxsuw""->""queen follows treasure"" [12] g=q,s=u,w=e,j=n,h=f,a=o,b=l,v=w,x=s,o=t,u=r,d=a
EX2:""pucjqwxx vdoqywx oyw djqcwjo hauwxo""->""princess watches the ancient forest"" [4] p=p,c=i,q=c,y=h
EX3:""oyw iabtwj dbcqw tcxqazwux""->""the golden alice discovers"" [3] i=g,t=d,z=v
EX4:""owdqywu tudvx cj qdzw""->""teacher draws in cave"" [0] none
EX5:""pucjqwxx quwdowx cjxctw cxbdjt""->""princess creates inside island"" [0] none
TOTAL:19/26

VOCAB_FILL
W1:rjciyo pattern ?night -> LOCK ""knight"" (candidates: knight)
W2:tuwdmx pattern drea?s -> LOCK ""dreams"" (candidates: dreams)

VER
CROSS:5/5 examples decrypt with final table

DECRYPT
W1: rjciyo
 r->k
 j->n
 c->i
 i->g
 y->h
 o->t
 = knight
W2: tuwdmx
 t->d
 u->r
 w->e
 d->a
 m->m
 x->s
 = dreams
W3: cj
 c->i (W1)
 j->n (W1)
 = in
W4: idutwj
 i->g (W1)
 d->a (W2)
 u->r (W2)
 t->d (W2)
 w->e (W2)
 j->n (W1)
 = garden

CHECK
W1:""knight"" len=6Y alpha=Y vocab=Y gaps=N PASS
W2:""dreams"" len=6Y alpha=Y vocab=Y gaps=N PASS
W3:""in"" len=2Y alpha=Y vocab=Y gaps=N PASS
W4:""garden"" len=6Y alpha=Y vocab=Y gaps=N PASS
ALL:PASS 4/4 words

ANS=knight dreams in garden

\boxed{knight dreams in garden}"
049be61b,"In Alice's Wonderland, secret encryption rules are used on text. Here are some examples:
rsx fymjbyu rymrhx zmxoiu -> the curious turtle dreams
rsx qjux rxofsxm cbyvz -> the wise teacher found
moddjr zmoqu rsx fhxgxm zbbm -> rabbit draws the clever door
Now, decrypt the following text: rsx ipurxmjbyu uryzxvr jioljvxu",the mysterious student imagines,Text Encryption,"I identify this as a letter substitution cipher. I build a mapping from the examples, verify it, then decrypt the target word by word. I use the fixed answer vocabulary when the examples do not cover every letter. I ignore the flavor-text wrapper.

LEN
TGT:""rsx ipurxmjbyu uryzxvr jioljvxu""
W1:3 W2:10 W3:7 W4:8

TABLE
EX1:""rsx fymjbyu rymrhx zmxoiu""->""the curious turtle dreams"" [13] r=t,s=h,x=e,f=c,y=u,m=r,j=i,b=o,u=s,h=l,z=d,o=a,i=m
EX2:""rsx qjux rxofsxm cbyvz""->""the wise teacher found"" [3] q=w,c=f,v=n
EX3:""moddjr zmoqu rsx fhxgxm zbbm""->""rabbit draws the clever door"" [2] d=b,g=v
TOTAL:18/26

VOCAB_FILL
W2:ipurxmjbyu pattern m?sterious -> LOCK ""mysterious"" (candidates: mysterious)
W4:jioljvxu pattern ima?ines -> LOCK ""imagines"" (candidates: imagines)

VER
CROSS:3/3 examples decrypt with final table

DECRYPT
W1: rsx
 r->t
 s->h
 x->e
 = the
W2: ipurxmjbyu
 i->m
 p->y
 u->s
 r->t (W1)
 x->e (W1)
 m->r
 j->i
 b->o
 y->u
 u->s
 = mysterious
W3: uryzxvr
 u->s (W2)
 r->t (W1)
 y->u (W2)
 z->d
 x->e (W1)
 v->n
 r->t (W1)
 = student
W4: jioljvxu
 j->i (W2)
 i->m (W2)
 o->a
 l->g
 j->i (W2)
 v->n (W3)
 x->e (W1)
 u->s (W2)
 = imagines

CHECK
W1:""the"" len=3Y alpha=Y vocab=Y gaps=N PASS
W2:""mysterious"" len=10Y alpha=Y vocab=Y gaps=N PASS
W3:""student"" len=7Y alpha=Y vocab=Y gaps=N PASS
W4:""imagines"" len=8Y alpha=Y vocab=Y gaps=N PASS
ALL:PASS 4/4 words

ANS=the mysterious student imagines

\boxed{the mysterious student imagines}"
04c1e45b,"In Alice's Wonderland, secret encryption rules are used on text. Here are some examples:
lxmwo qxuuxaw lfnnxn -> mouse follows mirror
afvrnh hfwixzonw jenxmse ufgnrnt -> wizard discovers through library
afvrnh inorjow lfnnxn -> wizard creates mirror
Now, decrypt the following text: jorieon opcuxnow dorn irwjuo",teacher explores near castle,Text Encryption,"I identify this as a letter substitution cipher. I build a mapping from the examples, verify it, then decrypt the target word by word. I use the fixed answer vocabulary when the examples do not cover every letter. I ignore the flavor-text wrapper.

LEN
TGT:""jorieon opcuxnow dorn irwjuo""
W1:7 W2:8 W3:4 W4:6

TABLE
EX1:""lxmwo qxuuxaw lfnnxn""->""mouse follows mirror"" [10] l=m,x=o,m=u,w=s,o=e,q=f,u=l,a=w,f=i,n=r
EX2:""afvrnh hfwixzonw jenxmse ufgnrnt""->""wizard discovers through library"" [10] v=z,r=a,h=d,i=c,z=v,j=t,e=h,s=g,g=b,t=y
EX3:""afvrnh inorjow lfnnxn""->""wizard creates mirror"" [0] none
TOTAL:20/26

VOCAB_FILL
W2:opcuxnow pattern e??lores -> LOCK ""explores"" (candidates: explores)
W3:dorn pattern ?ear -> LOCK ""near"" (candidates: near)

VER
CROSS:3/3 examples decrypt with final table

DECRYPT
W1: jorieon
 j->t
 o->e
 r->a
 i->c
 e->h
 o->e
 n->r
 = teacher
W2: opcuxnow
 o->e (W1)
 p->x
 c->p
 u->l
 x->o
 n->r (W1)
 o->e (W1)
 w->s
 = explores
W3: dorn
 d->n
 o->e (W1)
 r->a (W1)
 n->r (W1)
 = near
W4: irwjuo
 i->c (W1)
 r->a (W1)
 w->s (W2)
 j->t (W1)
 u->l (W2)
 o->e (W1)
 = castle

CHECK
W1:""teacher"" len=7Y alpha=Y vocab=Y gaps=N PASS
W2:""explores"" len=8Y alpha=Y vocab=Y gaps=N PASS
W3:""near"" len=4Y alpha=Y vocab=Y gaps=N PASS
W4:""castle"" len=6Y alpha=Y vocab=Y gaps=N PASS
ALL:PASS 4/4 words

ANS=teacher explores near castle

\boxed{teacher explores near castle}"
058b2d19,"In Alice's Wonderland, secret encryption rules are used on text. Here are some examples:
jbf vhakfhj cdwof abvofo -> the ancient mouse chases
jbf ivpx vrkaf apfvjfo -> the dark alice creates
cdwof offo jbpdwzb cdwhjvkh -> mouse sees through mountain
Now, decrypt the following text: xkhz qdrrdno jbpdwzb dafvh",king follows through ocean,Text Encryption,"I identify this as a letter substitution cipher. I build a mapping from the examples, verify it, then decrypt the target word by word. I use the fixed answer vocabulary when the examples do not cover every letter. I ignore the flavor-text wrapper.

LEN
TGT:""xkhz qdrrdno jbpdwzb dafvh""
W1:4 W2:7 W3:7 W4:5

TABLE
EX1:""jbf vhakfhj cdwof abvofo""->""the ancient mouse chases"" [11] j=t,b=h,f=e,v=a,h=n,a=c,k=i,c=m,d=o,w=u,o=s
EX2:""jbf ivpx vrkaf apfvjfo""->""the dark alice creates"" [4] i=d,p=r,x=k,r=l
EX3:""cdwof offo jbpdwzb cdwhjvkh""->""mouse sees through mountain"" [1] z=g
TOTAL:16/26

VOCAB_FILL
W2:qdrrdno pattern ?ollo?s -> LOCK ""follows"" (candidates: follows)

VER
CROSS:3/3 examples decrypt with final table

DECRYPT
W1: xkhz
 x->k
 k->i
 h->n
 z->g
 = king
W2: qdrrdno
 q->f
 d->o
 r->l
 r->l
 d->o
 n->w
 o->s
 = follows
W3: jbpdwzb
 j->t
 b->h
 p->r
 d->o (W2)
 w->u
 z->g (W1)
 b->h
 = through
W4: dafvh
 d->o (W2)
 a->c
 f->e
 v->a
 h->n (W1)
 = ocean

CHECK
W1:""king"" len=4Y alpha=Y vocab=Y gaps=N PASS
W2:""follows"" len=7Y alpha=Y vocab=Y gaps=N PASS
W3:""through"" len=7Y alpha=Y vocab=Y gaps=N PASS
W4:""ocean"" len=5Y alpha=Y vocab=Y gaps=N PASS
ALL:PASS 4/4 words

ANS=king follows through ocean

\boxed{king follows through ocean}"
05aa40de,"In Alice's Wonderland, secret encryption rules are used on text. Here are some examples:
vuqxocu xdorfv aqiipo -> student dreams puzzle
uqdupo ydoruov rdtqcx tyorc -> turtle creates around ocean
mqooc ogaptdov ulo frksyrp yrvupo -> queen explores the magical castle
mqooc sfrkscov ulo vudrcko udorvqdo -> queen imagines the strange treasure
Now, decrypt the following text: mqooc xdrhv sc wrppoe",queen draws in valley,Text Encryption,"I identify this as a letter substitution cipher. I build a mapping from the examples, verify it, then decrypt the target word by word. I use the fixed answer vocabulary when the examples do not cover every letter. I ignore the flavor-text wrapper.

LEN
TGT:""mqooc xdrhv sc wrppoe""
W1:5 W2:5 W3:2 W4:6

TABLE
EX1:""vuqxocu xdorfv aqiipo""->""student dreams puzzle"" [12] v=s,u=t,q=u,x=d,o=e,c=n,d=r,r=a,f=m,a=p,i=z,p=l
EX2:""uqdupo ydoruov rdtqcx tyorc""->""turtle creates around ocean"" [2] y=c,t=o
EX3:""mqooc ogaptdov ulo frksyrp yrvupo""->""queen explores the magical castle"" [5] m=q,g=x,l=h,k=g,s=i
EX4:""mqooc sfrkscov ulo vudrcko udorvqdo""->""queen imagines the strange treasure"" [0] none
TOTAL:19/26

VOCAB_FILL
W2:xdrhv pattern dra?s -> LOCK ""draws"" (candidates: draws)
W4:wrppoe pattern ?alle? -> LOCK ""valley"" (candidates: valley)

VER
CROSS:4/4 examples decrypt with final table

DECRYPT
W1: mqooc
 m->q
 q->u
 o->e
 o->e
 c->n
 = queen
W2: xdrhv
 x->d
 d->r
 r->a
 h->w
 v->s
 = draws
W3: sc
 s->i
 c->n (W1)
 = in
W4: wrppoe
 w->v
 r->a (W2)
 p->l
 p->l
 o->e (W1)
 e->y
 = valley

CHECK
W1:""queen"" len=5Y alpha=Y vocab=Y gaps=N PASS
W2:""draws"" len=5Y alpha=Y vocab=Y gaps=N PASS
W3:""in"" len=2Y alpha=Y vocab=Y gaps=N PASS
W4:""valley"" len=6Y alpha=Y vocab=Y gaps=N PASS
ALL:PASS 4/4 words

ANS=queen draws in valley

\boxed{queen draws in valley}"
05d90bdf,"In Alice's Wonderland, secret encryption rules are used on text. Here are some examples:
kxz yavgzw godyaw pkugczp -> the golden dragon studies
mcwy qdkhxzp kxz pzhozk szppdyz -> king watches the secret message
fuzzw hozdkzp hdpkvz -> queen creates castle
kxz yavgzw hdk gozdsp -> the golden cat dreams
Now, decrypt the following text: mcwy qockzp cwpcgz sauwkdcw",king writes inside mountain,Text Encryption,"I identify this as a letter substitution cipher. I build a mapping from the examples, verify it, then decrypt the target word by word. I use the fixed answer vocabulary when the examples do not cover every letter. I ignore the flavor-text wrapper.

LEN
TGT:""mcwy qockzp cwpcgz sauwkdcw""
W1:4 W2:6 W3:6 W4:8

TABLE
EX1:""kxz yavgzw godyaw pkugczp""->""the golden dragon studies"" [13] k=t,x=h,z=e,y=g,a=o,v=l,g=d,w=n,o=r,d=a,p=s,u=u,c=i
EX2:""mcwy qdkhxzp kxz pzhozk szppdyz""->""king watches the secret message"" [4] m=k,q=w,h=c,s=m
EX3:""fuzzw hozdkzp hdpkvz""->""queen creates castle"" [1] f=q
EX4:""kxz yavgzw hdk gozdsp""->""the golden cat dreams"" [0] none
TOTAL:18/26

VOCAB_FILL
(no gaps; examples covered all target letters)

VER
CROSS:4/4 examples decrypt with final table

DECRYPT
W1: mcwy
 m->k
 c->i
 w->n
 y->g
 = king
W2: qockzp
 q->w
 o->r
 c->i (W1)
 k->t
 z->e
 p->s
 = writes
W3: cwpcgz
 c->i (W1)
 w->n (W1)
 p->s (W2)
 c->i (W1)
 g->d
 z->e (W2)
 = inside
W4: sauwkdcw
 s->m
 a->o
 u->u
 w->n (W1)
 k->t (W2)
 d->a
 c->i (W1)
 w->n (W1)
 = mountain

CHECK
W1:""king"" len=4Y alpha=Y vocab=Y gaps=N PASS
W2:""writes"" len=6Y alpha=Y vocab=Y gaps=N PASS
W3:""inside"" len=6Y alpha=Y vocab=Y gaps=N PASS
W4:""mountain"" len=8Y alpha=Y vocab=Y gaps=N PASS
ALL:PASS 4/4 words

ANS=king writes inside mountain

\boxed{king writes inside mountain}"
05d979c3,"In Alice's Wonderland, secret encryption rules are used on text. Here are some examples:
dhpklv slmkwmu slquwkf -> wizard creates crystal
oghrnw eaffadu klaxgv ealmuw -> knight follows around forest
yaxum eaxgv wnm dhum rklvmg -> mouse found the wise garden
vlkrag dlhwmu wnm sfmjml yhllal -> dragon writes the clever mirror
Now, decrypt the following text: bhlv eaffadu vaal",bird follows door,Text Encryption,"I identify this as a letter substitution cipher. I build a mapping from the examples, verify it, then decrypt the target word by word. I use the fixed answer vocabulary when the examples do not cover every letter. I ignore the flavor-text wrapper.

LEN
TGT:""bhlv eaffadu vaal""
W1:4 W2:7 W3:4

TABLE
EX1:""dhpklv slmkwmu slquwkf""->""wizard creates crystal"" [12] d=w,h=i,p=z,k=a,l=r,v=d,s=c,m=e,w=t,u=s,q=y,f=l
EX2:""oghrnw eaffadu klaxgv ealmuw""->""knight follows around forest"" [7] o=k,g=n,r=g,n=h,e=f,a=o,x=u
EX3:""yaxum eaxgv wnm dhum rklvmg""->""mouse found the wise garden"" [1] y=m
EX4:""vlkrag dlhwmu wnm sfmjml yhllal""->""dragon writes the clever mirror"" [1] j=v
TOTAL:21/26

VOCAB_FILL
W1:bhlv pattern ?ird -> LOCK ""bird"" (candidates: bird)

VER
CROSS:4/4 examples decrypt with final table

DECRYPT
W1: bhlv
 b->b
 h->i
 l->r
 v->d
 = bird
W2: eaffadu
 e->f
 a->o
 f->l
 f->l
 a->o
 d->w
 u->s
 = follows
W3: vaal
 v->d (W1)
 a->o (W2)
 a->o (W2)
 l->r (W1)
 = door

CHECK
W1:""bird"" len=4Y alpha=Y vocab=Y gaps=N PASS
W2:""follows"" len=7Y alpha=Y vocab=Y gaps=N PASS
W3:""door"" len=4Y alpha=Y vocab=Y gaps=N PASS
ALL:PASS 3/3 words

ANS=bird follows door

\boxed{bird follows door}"
067a0668,"In Alice's Wonderland, secret encryption rules are used on text. Here are some examples:
livvzy flikm ilaqrf asdir -> rabbit draws around ocean
ydistdl fldinm ytd mylirhd yldimqld -> teacher dreams the strange treasure
ydistdl stimdm qrfdl yakdl -> teacher chases under tower
wzrh sldiydm qrfdl galdmy -> king creates under forest
Now, decrypt the following text: ipzsd gappakm rdil simypd",alice follows near castle,Text Encryption,"I identify this as a letter substitution cipher. I build a mapping from the examples, verify it, then decrypt the target word by word. I use the fixed answer vocabulary when the examples do not cover every letter. I ignore the flavor-text wrapper.

LEN
TGT:""ipzsd gappakm rdil simypd""
W1:5 W2:7 W3:4 W4:6

TABLE
EX1:""livvzy flikm ilaqrf asdir""->""rabbit draws around ocean"" [13] l=r,i=a,v=b,z=i,y=t,f=d,k=w,m=s,a=o,q=u,r=n,s=c,d=e
EX2:""ydistdl fldinm ytd mylirhd yldimqld""->""teacher dreams the strange treasure"" [3] t=h,n=m,h=g
EX3:""ydistdl stimdm qrfdl yakdl""->""teacher chases under tower"" [0] none
EX4:""wzrh sldiydm qrfdl galdmy""->""king creates under forest"" [2] w=k,g=f
TOTAL:18/26

VOCAB_FILL
W1:ipzsd pattern a?ice -> LOCK ""alice"" (candidates: alice)
W2:gappakm pattern fo??ows -> LOCK ""follows"" (candidates: follows)
W4:simypd pattern cast?e -> LOCK ""castle"" (candidates: castle)

VER
CROSS:4/4 examples decrypt with final table

DECRYPT
W1: ipzsd
 i->a
 p->l
 z->i
 s->c
 d->e
 = alice
W2: gappakm
 g->f
 a->o
 p->l (W1)
 p->l (W1)
 a->o
 k->w
 m->s
 = follows
W3: rdil
 r->n
 d->e (W1)
 i->a (W1)
 l->r
 = near
W4: simypd
 s->c (W1)
 i->a (W1)
 m->s (W2)
 y->t
 p->l (W1)
 d->e (W1)
 = castle

CHECK
W1:""alice"" len=5Y alpha=Y vocab=Y gaps=N PASS
W2:""follows"" len=7Y alpha=Y vocab=Y gaps=N PASS
W3:""near"" len=4Y alpha=Y vocab=Y gaps=N PASS
W4:""castle"" len=6Y alpha=Y vocab=Y gaps=N PASS
ALL:PASS 4/4 words

ANS=alice follows near castle

\boxed{alice follows near castle}"
0698da5a,"In Alice's Wonderland, secret encryption rules are used on text. Here are some examples:
otkahjt nlzoho bzs -> student chases map
qfda adzmo bfdded -> bird draws mirror
vjfglt ohho setfej -> knight sees potion
thznlhd dhzao setfej -> teacher reads potion
sdfjnhoo ndhztho qhueja nzih -> princess creates beyond cave
Now, decrypt the following text: tlh nexedykx bekoh otkafho",the colorful mouse studies,Text Encryption,"I identify this as a letter substitution cipher. I build a mapping from the examples, verify it, then decrypt the target word by word. I use the fixed answer vocabulary when the examples do not cover every letter. I ignore the flavor-text wrapper.

LEN
TGT:""tlh nexedykx bekoh otkafho""
W1:3 W2:8 W3:5 W4:7

TABLE
EX1:""otkahjt nlzoho bzs""->""student chases map"" [11] o=s,t=t,k=u,a=d,h=e,j=n,n=c,l=h,z=a,b=m,s=p
EX2:""qfda adzmo bfdded""->""bird draws mirror"" [5] q=b,f=i,d=r,m=w,e=o
EX3:""vjfglt ohho setfej""->""knight sees potion"" [2] v=k,g=g
EX4:""thznlhd dhzao setfej""->""teacher reads potion"" [0] none
EX5:""sdfjnhoo ndhztho qhueja nzih""->""princess creates beyond cave"" [2] u=y,i=v
TOTAL:20/26

VOCAB_FILL
W2:nexedykx pattern co?or?u? -> LOCK ""colorful"" (candidates: colorful)

VER
CROSS:5/5 examples decrypt with final table

DECRYPT
W1: tlh
 t->t
 l->h
 h->e
 = the
W2: nexedykx
 n->c
 e->o
 x->l
 e->o
 d->r
 y->f
 k->u
 x->l
 = colorful
W3: bekoh
 b->m
 e->o (W2)
 k->u (W2)
 o->s
 h->e (W1)
 = mouse
W4: otkafho
 o->s (W3)
 t->t (W1)
 k->u (W2)
 a->d
 f->i
 h->e (W1)
 o->s (W3)
 = studies

CHECK
W1:""the"" len=3Y alpha=Y vocab=Y gaps=N PASS
W2:""colorful"" len=8Y alpha=Y vocab=Y gaps=N PASS
W3:""mouse"" len=5Y alpha=Y vocab=Y gaps=N PASS
W4:""studies"" len=7Y alpha=Y vocab=Y gaps=N PASS
ALL:PASS 4/4 words

ANS=the colorful mouse studies

\boxed{the colorful mouse studies}"
06d682ea,"In Alice's Wonderland, secret encryption rules are used on text. Here are some examples:
fdp sban vbf peojhapl -> the dark cat explores
nkwcdf ghuks wk hvpbk -> knight found in ocean
iuppk swlvhmpal ouzzjp -> queen discovers puzzle
Now, decrypt the following text: xwas swlvhmpal bahuks vbmp",bird discovers around cave,Text Encryption,"I identify this as a letter substitution cipher. I build a mapping from the examples, verify it, then decrypt the target word by word. I use the fixed answer vocabulary when the examples do not cover every letter. I ignore the flavor-text wrapper.

LEN
TGT:""xwas swlvhmpal bahuks vbmp""
W1:4 W2:9 W3:6 W4:4

TABLE
EX1:""fdp sban vbf peojhapl""->""the dark cat explores"" [13] f=t,d=h,p=e,s=d,b=a,a=r,n=k,v=c,e=x,o=p,j=l,h=o,l=s
EX2:""nkwcdf ghuks wk hvpbk""->""knight found in ocean"" [5] k=n,w=i,c=g,g=f,u=u
EX3:""iuppk swlvhmpal ouzzjp""->""queen discovers puzzle"" [3] i=q,m=v,z=z
TOTAL:21/26

VOCAB_FILL
W1:xwas pattern ?ird -> LOCK ""bird"" (candidates: bird)

VER
CROSS:3/3 examples decrypt with final table

DECRYPT
W1: xwas
 x->b
 w->i
 a->r
 s->d
 = bird
W2: swlvhmpal
 s->d (W1)
 w->i (W1)
 l->s
 v->c
 h->o
 m->v
 p->e
 a->r (W1)
 l->s
 = discovers
W3: bahuks
 b->a
 a->r (W1)
 h->o (W2)
 u->u
 k->n
 s->d (W1)
 = around
W4: vbmp
 v->c (W2)
 b->a (W3)
 m->v (W2)
 p->e (W2)
 = cave

CHECK
W1:""bird"" len=4Y alpha=Y vocab=Y gaps=N PASS
W2:""discovers"" len=9Y alpha=Y vocab=Y gaps=N PASS
W3:""around"" len=6Y alpha=Y vocab=Y gaps=N PASS
W4:""cave"" len=4Y alpha=Y vocab=Y gaps=N PASS
ALL:PASS 4/4 words

ANS=bird discovers around cave

\boxed{bird discovers around cave}"
06f838d4,"In Alice's Wonderland, secret encryption rules are used on text. Here are some examples:
hye aoks heojyek gohjyeu -> the dark teacher watches
hye mvuhekdqbu sdln eifrqkeu -> the mysterious king explores
ordje uhbadeu hye uejkeh hkeoubke -> alice studies the secret treasure
kowwdh akogu leok gqlaekrola -> rabbit draws near wonderland
mqbue adujqxeku hye wkdnyh uhqkv -> mouse discovers the bright story
Now, decrypt the following text: mqbue gohjyeu hykqbny jouhre",mouse watches through castle,Text Encryption,"I identify this as a letter substitution cipher. I build a mapping from the examples, verify it, then decrypt the target word by word. I use the fixed answer vocabulary when the examples do not cover every letter. I ignore the flavor-text wrapper.

LEN
TGT:""mqbue gohjyeu hykqbny jouhre""
W1:5 W2:7 W3:7 W4:6

TABLE
EX1:""hye aoks heojyek gohjyeu""->""the dark teacher watches"" [10] h=t,y=h,e=e,a=d,o=a,k=r,s=k,j=c,g=w,u=s
EX2:""hye mvuhekdqbu sdln eifrqkeu""->""the mysterious king explores"" [10] m=m,v=y,d=i,q=o,b=u,l=n,n=g,i=x,f=p,r=l
EX3:""ordje uhbadeu hye uejkeh hkeoubke""->""alice studies the secret treasure"" [0] none
EX4:""kowwdh akogu leok gqlaekrola""->""rabbit draws near wonderland"" [1] w=b
EX5:""mqbue adujqxeku hye wkdnyh uhqkv""->""mouse discovers the bright story"" [1] x=v
TOTAL:22/26

VOCAB_FILL
(no gaps; examples covered all target letters)

VER
CROSS:5/5 examples decrypt with final table

DECRYPT
W1: mqbue
 m->m
 q->o
 b->u
 u->s
 e->e
 = mouse
W2: gohjyeu
 g->w
 o->a
 h->t
 j->c
 y->h
 e->e (W1)
 u->s (W1)
 = watches
W3: hykqbny
 h->t (W2)
 y->h (W2)
 k->r
 q->o (W1)
 b->u (W1)
 n->g
 y->h (W2)
 = through
W4: jouhre
 j->c (W2)
 o->a (W2)
 u->s (W1)
 h->t (W2)
 r->l
 e->e (W1)
 = castle

CHECK
W1:""mouse"" len=5Y alpha=Y vocab=Y gaps=N PASS
W2:""watches"" len=7Y alpha=Y vocab=Y gaps=N PASS
W3:""through"" len=7Y alpha=Y vocab=Y gaps=N PASS
W4:""castle"" len=6Y alpha=Y vocab=Y gaps=N PASS
ALL:PASS 4/4 words

ANS=mouse watches through castle

\boxed{mouse watches through castle}"
071d7301,"In Alice's Wonderland, secret encryption rules are used on text. Here are some examples:
bdz wftodb bzhrdzf ceqqesi -> the bright teacher follows
bdz hlrtzlb stvhfj izzi -> the ancient wizard sees
bdz jhfu rhb rdhizi -> the dark cat chases
hqtrz znaqefzi mtffef -> alice explores mirror
Now, decrypt the following text: fhwwtb ibyjtzi lzhf beszf",rabbit studies near tower,Text Encryption,"I identify this as a letter substitution cipher. I build a mapping from the examples, verify it, then decrypt the target word by word. I use the fixed answer vocabulary when the examples do not cover every letter. I ignore the flavor-text wrapper.

LEN
TGT:""fhwwtb ibyjtzi lzhf beszf""
W1:6 W2:7 W3:4 W4:5

TABLE
EX1:""bdz wftodb bzhrdzf ceqqesi""->""the bright teacher follows"" [14] b=t,d=h,z=e,w=b,f=r,t=i,o=g,h=a,r=c,c=f,e=o,q=l,s=w,i=s
EX2:""bdz hlrtzlb stvhfj izzi""->""the ancient wizard sees"" [3] l=n,v=z,j=d
EX3:""bdz jhfu rhb rdhizi""->""the dark cat chases"" [1] u=k
EX4:""hqtrz znaqefzi mtffef""->""alice explores mirror"" [3] n=x,a=p,m=m
TOTAL:21/26

VOCAB_FILL
W2:ibyjtzi pattern st?dies -> LOCK ""studies"" (candidates: studies)

VER
CROSS:4/4 examples decrypt with final table

DECRYPT
W1: fhwwtb
 f->r
 h->a
 w->b
 w->b
 t->i
 b->t
 = rabbit
W2: ibyjtzi
 i->s
 b->t (W1)
 y->u
 j->d
 t->i (W1)
 z->e
 i->s
 = studies
W3: lzhf
 l->n
 z->e (W2)
 h->a (W1)
 f->r (W1)
 = near
W4: beszf
 b->t (W1)
 e->o
 s->w
 z->e (W2)
 f->r (W1)
 = tower

CHECK
W1:""rabbit"" len=6Y alpha=Y vocab=Y gaps=N PASS
W2:""studies"" len=7Y alpha=Y vocab=Y gaps=N PASS
W3:""near"" len=4Y alpha=Y vocab=Y gaps=N PASS
W4:""tower"" len=5Y alpha=Y vocab=Y gaps=N PASS
ALL:PASS 4/4 words

ANS=rabbit studies near tower

\boxed{rabbit studies near tower}"
0734d679,"In Alice's Wonderland, secret encryption rules are used on text. Here are some examples:
qvxyz weqsk lezqkoez -> alice draws treasure
cozzh yezqlzk kltea -> queen creates story
weqfth wxkytmzek ohwze ltsze -> dragon discovers under tower
cozzh yjqkzk itlxth -> queen chases potion
cozzh rtohw ljz sxkz gxeete -> queen found the wise mirror
Now, decrypt the following text: uhxfjl wezqgk uza",knight dreams key,Text Encryption,"I identify this as a letter substitution cipher. I build a mapping from the examples, verify it, then decrypt the target word by word. I use the fixed answer vocabulary when the examples do not cover every letter. I ignore the flavor-text wrapper.

LEN
TGT:""uhxfjl wezqgk uza""
W1:6 W2:6 W3:3

TABLE
EX1:""qvxyz weqsk lezqkoez""->""alice draws treasure"" [11] q=a,v=l,x=i,y=c,z=e,w=d,e=r,s=w,k=s,l=t,o=u
EX2:""cozzh yezqlzk kltea""->""queen creates story"" [4] c=q,h=n,t=o,a=y
EX3:""weqfth wxkytmzek ohwze ltsze""->""dragon discovers under tower"" [2] f=g,m=v
EX4:""cozzh yjqkzk itlxth""->""queen chases potion"" [2] j=h,i=p
EX5:""cozzh rtohw ljz sxkz gxeete""->""queen found the wise mirror"" [2] r=f,g=m
TOTAL:21/26

VOCAB_FILL
W1:uhxfjl pattern ?night -> LOCK ""knight"" (candidates: knight)
W3:uza pattern ?ey -> LOCK ""key"" (candidates: key)

VER
CROSS:5/5 examples decrypt with final table

DECRYPT
W1: uhxfjl
 u->k
 h->n
 x->i
 f->g
 j->h
 l->t
 = knight
W2: wezqgk
 w->d
 e->r
 z->e
 q->a
 g->m
 k->s
 = dreams
W3: uza
 u->k (W1)
 z->e (W2)
 a->y
 = key

CHECK
W1:""knight"" len=6Y alpha=Y vocab=Y gaps=N PASS
W2:""dreams"" len=6Y alpha=Y vocab=Y gaps=N PASS
W3:""key"" len=3Y alpha=Y vocab=Y gaps=N PASS
ALL:PASS 3/3 words

ANS=knight dreams key

\boxed{knight dreams key}"
073c40ce,"In Alice's Wonderland, secret encryption rules are used on text. Here are some examples:
wnlstnx pxcwnz wtn pczn slzwhn -> teacher writes the wise castle
zwujnfw pxcwnz wtn zwxlfkn jyyx -> student writes the strange door
ecfk stlznz wtn suxcyuz slzwhn -> king chases the curious castle
slw cglkcfnz cfzcjn hcdxlxo -> cat imagines inside library
Now, decrypt the following text: lhcsn vyhhypz ldybn klxjnf",alice follows above garden,Text Encryption,"I identify this as a letter substitution cipher. I build a mapping from the examples, verify it, then decrypt the target word by word. I use the fixed answer vocabulary when the examples do not cover every letter. I ignore the flavor-text wrapper.

LEN
TGT:""lhcsn vyhhypz ldybn klxjnf""
W1:5 W2:7 W3:5 W4:6

TABLE
EX1:""wnlstnx pxcwnz wtn pczn slzwhn""->""teacher writes the wise castle"" [10] w=t,n=e,l=a,s=c,t=h,x=r,p=w,c=i,z=s,h=l
EX2:""zwujnfw pxcwnz wtn zwxlfkn jyyx""->""student writes the strange door"" [5] u=u,j=d,f=n,k=g,y=o
EX3:""ecfk stlznz wtn suxcyuz slzwhn""->""king chases the curious castle"" [1] e=k
EX4:""slw cglkcfnz cfzcjn hcdxlxo""->""cat imagines inside library"" [3] g=m,d=b,o=y
TOTAL:19/26

VOCAB_FILL
W2:vyhhypz pattern ?ollows -> LOCK ""follows"" (candidates: follows)
W3:ldybn pattern abo?e -> LOCK ""above"" (candidates: above)

VER
CROSS:4/4 examples decrypt with final table

DECRYPT
W1: lhcsn
 l->a
 h->l
 c->i
 s->c
 n->e
 = alice
W2: vyhhypz
 v->f
 y->o
 h->l (W1)
 h->l (W1)
 y->o
 p->w
 z->s
 = follows
W3: ldybn
 l->a (W1)
 d->b
 y->o (W2)
 b->v
 n->e (W1)
 = above
W4: klxjnf
 k->g
 l->a (W1)
 x->r
 j->d
 n->e (W1)
 f->n
 = garden

CHECK
W1:""alice"" len=5Y alpha=Y vocab=Y gaps=N PASS
W2:""follows"" len=7Y alpha=Y vocab=Y gaps=N PASS
W3:""above"" len=5Y alpha=Y vocab=Y gaps=N PASS
W4:""garden"" len=6Y alpha=Y vocab=Y gaps=N PASS
ALL:PASS 4/4 words

ANS=alice follows above garden

\boxed{alice follows above garden}"
074f618a,"In Alice's Wonderland, secret encryption rules are used on text. Here are some examples:
hrodci nejusl upwxj zuxj -> knight dreams above cave
umozj kwmmwvl icewydc lzcwwm -> alice follows through school
zui vuizcjl icj lieurdj kwejli -> cat watches the strange forest
ijuzcje veoijl nwwe -> teacher writes door
Now, decrypt the following text: liynjri jagmwejl rjue gumuzj",student explores near palace,Text Encryption,"I identify this as a letter substitution cipher. I build a mapping from the examples, verify it, then decrypt the target word by word. I use the fixed answer vocabulary when the examples do not cover every letter. I ignore the flavor-text wrapper.

LEN
TGT:""liynjri jagmwejl rjue gumuzj""
W1:7 W2:8 W3:4 W4:6

TABLE
EX1:""hrodci nejusl upwxj zuxj""->""knight dreams above cave"" [16] h=k,r=n,o=i,d=g,c=h,i=t,n=d,e=r,j=e,u=a,s=m,l=s,p=b,w=o,x=v,z=c
EX2:""umozj kwmmwvl icewydc lzcwwm""->""alice follows through school"" [4] m=l,k=f,v=w,y=u
EX3:""zui vuizcjl icj lieurdj kwejli""->""cat watches the strange forest"" [0] none
EX4:""ijuzcje veoijl nwwe""->""teacher writes door"" [0] none
TOTAL:20/26

VOCAB_FILL
W2:jagmwejl pattern e??lores -> LOCK ""explores"" (candidates: explores)
W4:gumuzj pattern ?alace -> LOCK ""palace"" (candidates: palace)

VER
CROSS:4/4 examples decrypt with final table

DECRYPT
W1: liynjri
 l->s
 i->t
 y->u
 n->d
 j->e
 r->n
 i->t
 = student
W2: jagmwejl
 j->e (W1)
 a->x
 g->p
 m->l
 w->o
 e->r
 j->e (W1)
 l->s (W1)
 = explores
W3: rjue
 r->n (W1)
 j->e (W1)
 u->a
 e->r (W2)
 = near
W4: gumuzj
 g->p (W2)
 u->a (W3)
 m->l (W2)
 u->a (W3)
 z->c
 j->e (W1)
 = palace

CHECK
W1:""student"" len=7Y alpha=Y vocab=Y gaps=N PASS
W2:""explores"" len=8Y alpha=Y vocab=Y gaps=N PASS
W3:""near"" len=4Y alpha=Y vocab=Y gaps=N PASS
W4:""palace"" len=6Y alpha=Y vocab=Y gaps=N PASS
ALL:PASS 4/4 words

ANS=student explores near palace

\boxed{student explores near palace}"
0771aa25,"In Alice's Wonderland, secret encryption rules are used on text. Here are some examples:
psdgfsz wzdtq pfzlruf udzwsk -> teacher draws through garden
wzdulk yaduyksq pfzlruf gdqpcs -> dragon imagines through castle
tyhdzw tdpgfsq pfs tyqs brhhcs -> wizard watches the wise puzzle
alrqs gfdqsq wllz -> mouse chases door
pfs qycjsz wzdulk wzsdaq -> the silver dragon dreams
Now, decrypt the following text: przpcs olccltq blpylk",turtle follows potion,Text Encryption,"I identify this as a letter substitution cipher. I build a mapping from the examples, verify it, then decrypt the target word by word. I use the fixed answer vocabulary when the examples do not cover every letter. I ignore the flavor-text wrapper.

LEN
TGT:""przpcs olccltq blpylk""
W1:6 W2:7 W3:6

TABLE
EX1:""psdgfsz wzdtq pfzlruf udzwsk""->""teacher draws through garden"" [13] p=t,s=e,d=a,g=c,f=h,z=r,w=d,t=w,q=s,l=o,r=u,u=g,k=n
EX2:""wzdulk yaduyksq pfzlruf gdqpcs""->""dragon imagines through castle"" [3] y=i,a=m,c=l
EX3:""tyhdzw tdpgfsq pfs tyqs brhhcs""->""wizard watches the wise puzzle"" [2] h=z,b=p
EX4:""alrqs gfdqsq wllz""->""mouse chases door"" [0] none
EX5:""pfs qycjsz wzdulk wzsdaq""->""the silver dragon dreams"" [1] j=v
TOTAL:19/26

VOCAB_FILL
W2:olccltq pattern ?ollows -> LOCK ""follows"" (candidates: follows)

VER
CROSS:5/5 examples decrypt with final table

DECRYPT
W1: przpcs
 p->t
 r->u
 z->r
 p->t
 c->l
 s->e
 = turtle
W2: olccltq
 o->f
 l->o
 c->l (W1)
 c->l (W1)
 l->o
 t->w
 q->s
 = follows
W3: blpylk
 b->p
 l->o (W2)
 p->t (W1)
 y->i
 l->o (W2)
 k->n
 = potion

CHECK
W1:""turtle"" len=6Y alpha=Y vocab=Y gaps=N PASS
W2:""follows"" len=7Y alpha=Y vocab=Y gaps=N PASS
W3:""potion"" len=6Y alpha=Y vocab=Y gaps=N PASS
ALL:PASS 3/3 words

ANS=turtle follows potion

\boxed{turtle follows potion}"
079c8d4f,"In Alice's Wonderland, secret encryption rules are used on text. Here are some examples:
nwenuh vetqr nsh vtef nehtrweh -> turtle draws the dark treasure
qgjtev gbtpgxhr bty -> wizard imagines map
nsh iuhahe rnwvhxn rhhr -> the clever student sees
vetpkx vehtbr nsh vtef ptevhx -> dragon dreams the dark garden
nsh iwegkwr fgxp zkuukqr -> the curious king follows
Now, decrypt the following text: nwenuh vehtbr tekwxv kihtx",turtle dreams around ocean,Text Encryption,"I identify this as a letter substitution cipher. I build a mapping from the examples, verify it, then decrypt the target word by word. I use the fixed answer vocabulary when the examples do not cover every letter. I ignore the flavor-text wrapper.

LEN
TGT:""nwenuh vehtbr tekwxv kihtx""
W1:6 W2:6 W3:6 W4:5

TABLE
EX1:""nwenuh vetqr nsh vtef nehtrweh""->""turtle draws the dark treasure"" [11] n=t,w=u,e=r,u=l,h=e,v=d,t=a,q=w,r=s,s=h,f=k
EX2:""qgjtev gbtpgxhr bty""->""wizard imagines map"" [6] g=i,j=z,b=m,p=g,x=n,y=p
EX3:""nsh iuhahe rnwvhxn rhhr""->""the clever student sees"" [2] i=c,a=v
EX4:""vetpkx vehtbr nsh vtef ptevhx""->""dragon dreams the dark garden"" [1] k=o
EX5:""nsh iwegkwr fgxp zkuukqr""->""the curious king follows"" [1] z=f
TOTAL:21/26

VOCAB_FILL
(no gaps; examples covered all target letters)

VER
CROSS:5/5 examples decrypt with final table

DECRYPT
W1: nwenuh
 n->t
 w->u
 e->r
 n->t
 u->l
 h->e
 = turtle
W2: vehtbr
 v->d
 e->r (W1)
 h->e (W1)
 t->a
 b->m
 r->s
 = dreams
W3: tekwxv
 t->a (W2)
 e->r (W1)
 k->o
 w->u (W1)
 x->n
 v->d (W2)
 = around
W4: kihtx
 k->o (W3)
 i->c
 h->e (W1)
 t->a (W2)
 x->n (W3)
 = ocean

CHECK
W1:""turtle"" len=6Y alpha=Y vocab=Y gaps=N PASS
W2:""dreams"" len=6Y alpha=Y vocab=Y gaps=N PASS
W3:""around"" len=6Y alpha=Y vocab=Y gaps=N PASS
W4:""ocean"" len=5Y alpha=Y vocab=Y gaps=N PASS
ALL:PASS 4/4 words

ANS=turtle dreams around ocean

\boxed{turtle dreams around ocean}"
07c09384,"In Alice's Wonderland, secret encryption rules are used on text. Here are some examples:
trg wuyg zpujrt oxvvxwy -> the wise knight follows
trg bfjuhfv bxnyg gqcvxegy -> the magical mouse explores
hft oxvvxwy sxxz -> cat follows book
ceuphgyy degfby jfedgp -> princess dreams garden
trg fphugpt tnetvg egfdy -> the ancient turtle reads
Now, decrypt the following text: hft ubfjupgy trg seujrt cxtuxp",cat imagines the bright potion,Text Encryption,"I identify this as a letter substitution cipher. I build a mapping from the examples, verify it, then decrypt the target word by word. I use the fixed answer vocabulary when the examples do not cover every letter. I ignore the flavor-text wrapper.

LEN
TGT:""hft ubfjupgy trg seujrt cxtuxp""
W1:3 W2:8 W3:3 W4:6 W5:6

TABLE
EX1:""trg wuyg zpujrt oxvvxwy""->""the wise knight follows"" [12] t=t,r=h,g=e,w=w,u=i,y=s,z=k,p=n,j=g,o=f,x=o,v=l
EX2:""trg bfjuhfv bxnyg gqcvxegy""->""the magical mouse explores"" [7] b=m,f=a,h=c,n=u,q=x,c=p,e=r
EX3:""hft oxvvxwy sxxz""->""cat follows book"" [1] s=b
EX4:""ceuphgyy degfby jfedgp""->""princess dreams garden"" [1] d=d
EX5:""trg fphugpt tnetvg egfdy""->""the ancient turtle reads"" [0] none
TOTAL:21/26

VOCAB_FILL
(no gaps; examples covered all target letters)

VER
CROSS:5/5 examples decrypt with final table

DECRYPT
W1: hft
 h->c
 f->a
 t->t
 = cat
W2: ubfjupgy
 u->i
 b->m
 f->a (W1)
 j->g
 u->i
 p->n
 g->e
 y->s
 = imagines
W3: trg
 t->t (W1)
 r->h
 g->e (W2)
 = the
W4: seujrt
 s->b
 e->r
 u->i (W2)
 j->g (W2)
 r->h (W3)
 t->t (W1)
 = bright
W5: cxtuxp
 c->p
 x->o
 t->t (W1)
 u->i (W2)
 x->o
 p->n (W2)
 = potion

CHECK
W1:""cat"" len=3Y alpha=Y vocab=Y gaps=N PASS
W2:""imagines"" len=8Y alpha=Y vocab=Y gaps=N PASS
W3:""the"" len=3Y alpha=Y vocab=Y gaps=N PASS
W4:""bright"" len=6Y alpha=Y vocab=Y gaps=N PASS
W5:""potion"" len=6Y alpha=Y vocab=Y gaps=N PASS
ALL:PASS 5/5 words

ANS=cat imagines the bright potion

\boxed{cat imagines the bright potion}"
07faa7e3,"In Alice's Wonderland, secret encryption rules are used on text. Here are some examples:
shgsrv kvvk lvtiyp siovg -> turtle sees beyond tower
ldgp kshpdvk wgtksur -> bird studies crystal
sev pugx jgdywvkk weukvk -> the dark princess chases
svuwevg wgvusvk hypvg dkruyp -> teacher creates under island
Now, decrypt the following text: sev kvwgvs ldgp airriok",the secret bird follows,Text Encryption,"I identify this as a letter substitution cipher. I build a mapping from the examples, verify it, then decrypt the target word by word. I use the fixed answer vocabulary when the examples do not cover every letter. I ignore the flavor-text wrapper.

LEN
TGT:""sev kvwgvs ldgp airriok""
W1:3 W2:6 W3:4 W4:7

TABLE
EX1:""shgsrv kvvk lvtiyp siovg""->""turtle sees beyond tower"" [12] s=t,h=u,g=r,r=l,v=e,k=s,l=b,t=y,i=o,y=n,p=d,o=w
EX2:""ldgp kshpdvk wgtksur""->""bird studies crystal"" [3] d=i,w=c,u=a
EX3:""sev pugx jgdywvkk weukvk""->""the dark princess chases"" [3] e=h,x=k,j=p
EX4:""svuwevg wgvusvk hypvg dkruyp""->""teacher creates under island"" [0] none
TOTAL:18/26

VOCAB_FILL
W4:airriok pattern ?ollows -> LOCK ""follows"" (candidates: follows)

VER
CROSS:4/4 examples decrypt with final table

DECRYPT
W1: sev
 s->t
 e->h
 v->e
 = the
W2: kvwgvs
 k->s
 v->e (W1)
 w->c
 g->r
 v->e (W1)
 s->t (W1)
 = secret
W3: ldgp
 l->b
 d->i
 g->r (W2)
 p->d
 = bird
W4: airriok
 a->f
 i->o
 r->l
 r->l
 i->o
 o->w
 k->s (W2)
 = follows

CHECK
W1:""the"" len=3Y alpha=Y vocab=Y gaps=N PASS
W2:""secret"" len=6Y alpha=Y vocab=Y gaps=N PASS
W3:""bird"" len=4Y alpha=Y vocab=Y gaps=N PASS
W4:""follows"" len=7Y alpha=Y vocab=Y gaps=N PASS
ALL:PASS 4/4 words

ANS=the secret bird follows

\boxed{the secret bird follows}"
08324468,"In Alice's Wonderland, secret encryption rules are used on text. Here are some examples:
lewgo xewnv taobgwao -> mouse found treasure
znryct fbtqcog bsepo gqceei -> knight watches above school
frkbav qaobtog tco saryct xeaogt -> wizard creates the bright forest
Now, decrypt the following text: twatio xewnv bsepo fenvoaibnv",turtle found above wonderland,Text Encryption,"I identify this as a letter substitution cipher. I build a mapping from the examples, verify it, then decrypt the target word by word. I use the fixed answer vocabulary when the examples do not cover every letter. I ignore the flavor-text wrapper.

LEN
TGT:""twatio xewnv bsepo fenvoaibnv""
W1:6 W2:5 W3:5 W4:10

TABLE
EX1:""lewgo xewnv taobgwao""->""mouse found treasure"" [11] l=m,e=o,w=u,g=s,o=e,x=f,n=n,v=d,t=t,a=r,b=a
EX2:""znryct fbtqcog bsepo gqceei""->""knight watches above school"" [9] z=k,r=i,y=g,c=h,f=w,q=c,s=b,p=v,i=l
EX3:""frkbav qaobtog tco saryct xeaogt""->""wizard creates the bright forest"" [1] k=z
TOTAL:21/26

VOCAB_FILL
(no gaps; examples covered all target letters)

VER
CROSS:3/3 examples decrypt with final table

DECRYPT
W1: twatio
 t->t
 w->u
 a->r
 t->t
 i->l
 o->e
 = turtle
W2: xewnv
 x->f
 e->o
 w->u (W1)
 n->n
 v->d
 = found
W3: bsepo
 b->a
 s->b
 e->o (W2)
 p->v
 o->e (W1)
 = above
W4: fenvoaibnv
 f->w
 e->o (W2)
 n->n (W2)
 v->d (W2)
 o->e (W1)
 a->r (W1)
 i->l (W1)
 b->a (W3)
 n->n (W2)
 v->d (W2)
 = wonderland

CHECK
W1:""turtle"" len=6Y alpha=Y vocab=Y gaps=N PASS
W2:""found"" len=5Y alpha=Y vocab=Y gaps=N PASS
W3:""above"" len=5Y alpha=Y vocab=Y gaps=N PASS
W4:""wonderland"" len=10Y alpha=Y vocab=Y gaps=N PASS
ALL:PASS 4/4 words

ANS=turtle found above wonderland

\boxed{turtle found above wonderland}"
0858c338,"In Alice's Wonderland, secret encryption rules are used on text. Here are some examples:
ifqibk yqkhiku ijk haynkai etqkui -> turtle creates the ancient forest
dtfuk uifmnku ijk uiqhazk yhuibk -> mouse studies the strange castle
dtfuk mqkhdu hqtfam tykha -> mouse dreams around ocean
onaz uifmnku ijk jnmmka uitqw -> king studies the hidden story
Now, decrypt the following text: onaz mqkhdu hqtfam itxkq",king dreams around tower,Text Encryption,"I identify this as a letter substitution cipher. I build a mapping from the examples, verify it, then decrypt the target word by word. I use the fixed answer vocabulary when the examples do not cover every letter. I ignore the flavor-text wrapper.

LEN
TGT:""onaz mqkhdu hqtfam itxkq""
W1:4 W2:6 W3:6 W4:5

TABLE
EX1:""ifqibk yqkhiku ijk haynkai etqkui""->""turtle creates the ancient forest"" [13] i=t,f=u,q=r,b=l,k=e,y=c,h=a,u=s,j=h,a=n,n=i,e=f,t=o
EX2:""dtfuk uifmnku ijk uiqhazk yhuibk""->""mouse studies the strange castle"" [3] d=m,m=d,z=g
EX3:""dtfuk mqkhdu hqtfam tykha""->""mouse dreams around ocean"" [0] none
EX4:""onaz uifmnku ijk jnmmka uitqw""->""king studies the hidden story"" [2] o=k,w=y
TOTAL:18/26

VOCAB_FILL
W4:itxkq pattern to?er -> LOCK ""tower"" (candidates: tower)

VER
CROSS:4/4 examples decrypt with final table

DECRYPT
W1: onaz
 o->k
 n->i
 a->n
 z->g
 = king
W2: mqkhdu
 m->d
 q->r
 k->e
 h->a
 d->m
 u->s
 = dreams
W3: hqtfam
 h->a (W2)
 q->r (W2)
 t->o
 f->u
 a->n (W1)
 m->d (W2)
 = around
W4: itxkq
 i->t
 t->o (W3)
 x->w
 k->e (W2)
 q->r (W2)
 = tower

CHECK
W1:""king"" len=4Y alpha=Y vocab=Y gaps=N PASS
W2:""dreams"" len=6Y alpha=Y vocab=Y gaps=N PASS
W3:""around"" len=6Y alpha=Y vocab=Y gaps=N PASS
W4:""tower"" len=5Y alpha=Y vocab=Y gaps=N PASS
ALL:PASS 4/4 words

ANS=king dreams around tower

\boxed{king dreams around tower}"
0866671e,"In Alice's Wonderland, secret encryption rules are used on text. Here are some examples:
yzlwcb ibmslai bca nlia yao -> knight studies the wise key
xmaaz kvqqvni yao -> queen follows key
hvmia apjqveai bca htwlutq beatimea -> mouse explores the magical treasure
Now, decrypt the following text: bca ibetzwa tqlua kvqqvni",the strange alice follows,Text Encryption,"I identify this as a letter substitution cipher. I build a mapping from the examples, verify it, then decrypt the target word by word. I use the fixed answer vocabulary when the examples do not cover every letter. I ignore the flavor-text wrapper.

LEN
TGT:""bca ibetzwa tqlua kvqqvni""
W1:3 W2:7 W3:5 W4:7

TABLE
EX1:""yzlwcb ibmslai bca nlia yao""->""knight studies the wise key"" [12] y=k,z=n,l=i,w=g,c=h,b=t,i=s,m=u,s=d,a=e,n=w,o=y
EX2:""xmaaz kvqqvni yao""->""queen follows key"" [4] x=q,k=f,v=o,q=l
EX3:""hvmia apjqveai bca htwlutq beatimea""->""mouse explores the magical treasure"" [6] h=m,p=x,j=p,e=r,t=a,u=c
TOTAL:22/26

VOCAB_FILL
(no gaps; examples covered all target letters)

VER
CROSS:3/3 examples decrypt with final table

DECRYPT
W1: bca
 b->t
 c->h
 a->e
 = the
W2: ibetzwa
 i->s
 b->t (W1)
 e->r
 t->a
 z->n
 w->g
 a->e (W1)
 = strange
W3: tqlua
 t->a (W2)
 q->l
 l->i
 u->c
 a->e (W1)
 = alice
W4: kvqqvni
 k->f
 v->o
 q->l (W3)
 q->l (W3)
 v->o
 n->w
 i->s (W2)
 = follows

CHECK
W1:""the"" len=3Y alpha=Y vocab=Y gaps=N PASS
W2:""strange"" len=7Y alpha=Y vocab=Y gaps=N PASS
W3:""alice"" len=5Y alpha=Y vocab=Y gaps=N PASS
W4:""follows"" len=7Y alpha=Y vocab=Y gaps=N PASS
ALL:PASS 4/4 words

ANS=the strange alice follows

\boxed{the strange alice follows}"
08705b5e,"In Alice's Wonderland, secret encryption rules are used on text. Here are some examples:
fxhjkp dxqmyn nmkxb -> dragon writes story
fxhjkp tkwpf lxbnmho -> dragon found crystal
cqxf tkwpf mvy ehjqlho eqxxkx -> bird found the magical mirror
mvy nqouyx nmwfypm lvhnyn -> the silver student chases
Now, decrypt the following text: hoqly lxyhmyn wpfyx klyhp",alice creates under ocean,Text Encryption,"I identify this as a letter substitution cipher. I build a mapping from the examples, verify it, then decrypt the target word by word. I use the fixed answer vocabulary when the examples do not cover every letter. I ignore the flavor-text wrapper.

LEN
TGT:""hoqly lxyhmyn wpfyx klyhp""
W1:5 W2:7 W3:5 W4:5

TABLE
EX1:""fxhjkp dxqmyn nmkxb""->""dragon writes story"" [12] f=d,x=r,h=a,j=g,k=o,p=n,d=w,q=i,m=t,y=e,n=s,b=y
EX2:""fxhjkp tkwpf lxbnmho""->""dragon found crystal"" [4] t=f,w=u,l=c,o=l
EX3:""cqxf tkwpf mvy ehjqlho eqxxkx""->""bird found the magical mirror"" [3] c=b,v=h,e=m
EX4:""mvy nqouyx nmwfypm lvhnyn""->""the silver student chases"" [1] u=v
TOTAL:20/26

VOCAB_FILL
(no gaps; examples covered all target letters)

VER
CROSS:4/4 examples decrypt with final table

DECRYPT
W1: hoqly
 h->a
 o->l
 q->i
 l->c
 y->e
 = alice
W2: lxyhmyn
 l->c (W1)
 x->r
 y->e (W1)
 h->a (W1)
 m->t
 y->e (W1)
 n->s
 = creates
W3: wpfyx
 w->u
 p->n
 f->d
 y->e (W1)
 x->r (W2)
 = under
W4: klyhp
 k->o
 l->c (W1)
 y->e (W1)
 h->a (W1)
 p->n (W3)
 = ocean

CHECK
W1:""alice"" len=5Y alpha=Y vocab=Y gaps=N PASS
W2:""creates"" len=7Y alpha=Y vocab=Y gaps=N PASS
W3:""under"" len=5Y alpha=Y vocab=Y gaps=N PASS
W4:""ocean"" len=5Y alpha=Y vocab=Y gaps=N PASS
ALL:PASS 4/4 words

ANS=alice creates under ocean

\boxed{alice creates under ocean}"
08ad3b0b,"In Alice's Wonderland, secret encryption rules are used on text. Here are some examples:
gzm juqgdptnq mit anuhim edntqm -> cat discovers the bright forest
zlugt rzmgitq mit xzhugzl gzqmlt -> alice watches the magical castle
mtzgitn juqgdptnq mit xzhugzl mntzqknt -> teacher discovers the magical treasure
izmmtn edkoj mit qulptn gnvqmzl -> hatter found the silver crystal
mit gknudkq qmkjtom qmkjutq -> the curious student studies
Now, decrypt the following text: mit qulptn gzm ntzjq",the silver cat reads,Text Encryption,"I identify this as a letter substitution cipher. I build a mapping from the examples, verify it, then decrypt the target word by word. I use the fixed answer vocabulary when the examples do not cover every letter. I ignore the flavor-text wrapper.

LEN
TGT:""mit qulptn gzm ntzjq""
W1:3 W2:6 W3:3 W4:5

TABLE
EX1:""gzm juqgdptnq mit anuhim edntqm""->""cat discovers the bright forest"" [14] g=c,z=a,m=t,j=d,u=i,q=s,d=o,p=v,t=e,n=r,i=h,a=b,h=g,e=f
EX2:""zlugt rzmgitq mit xzhugzl gzqmlt""->""alice watches the magical castle"" [3] l=l,r=w,x=m
EX3:""mtzgitn juqgdptnq mit xzhugzl mntzqknt""->""teacher discovers the magical treasure"" [1] k=u
EX4:""izmmtn edkoj mit qulptn gnvqmzl""->""hatter found the silver crystal"" [2] o=n,v=y
EX5:""mit gknudkq qmkjtom qmkjutq""->""the curious student studies"" [0] none
TOTAL:20/26

VOCAB_FILL
(no gaps; examples covered all target letters)

VER
CROSS:5/5 examples decrypt with final table

DECRYPT
W1: mit
 m->t
 i->h
 t->e
 = the
W2: qulptn
 q->s
 u->i
 l->l
 p->v
 t->e (W1)
 n->r
 = silver
W3: gzm
 g->c
 z->a
 m->t (W1)
 = cat
W4: ntzjq
 n->r (W2)
 t->e (W1)
 z->a (W3)
 j->d
 q->s (W2)
 = reads

CHECK
W1:""the"" len=3Y alpha=Y vocab=Y gaps=N PASS
W2:""silver"" len=6Y alpha=Y vocab=Y gaps=N PASS
W3:""cat"" len=3Y alpha=Y vocab=Y gaps=N PASS
W4:""reads"" len=5Y alpha=Y vocab=Y gaps=N PASS
ALL:PASS 4/4 words

ANS=the silver cat reads

\boxed{the silver cat reads}"
08b0ee54,"In Alice's Wonderland, secret encryption rules are used on text. Here are some examples:
baydt iegkyti ent hmaktw dfsieba -> alice studies the golden crystal
etbdntf iegkyti gwktf emxtf -> teacher studies under tower
oyfk iegkyti ent iyaltf dfsieba -> bird studies the silver crystal
egfeat dnbiti ztiibht -> turtle chases message
nbeetf xbednti gwktf hbfktw -> hatter watches under garden
Now, decrypt the following text: baydt vmgwk gwktf zmgwebyw",alice found under mountain,Text Encryption,"I identify this as a letter substitution cipher. I build a mapping from the examples, verify it, then decrypt the target word by word. I use the fixed answer vocabulary when the examples do not cover every letter. I ignore the flavor-text wrapper.

LEN
TGT:""baydt vmgwk gwktf zmgwebyw""
W1:5 W2:5 W3:5 W4:8

TABLE
EX1:""baydt iegkyti ent hmaktw dfsieba""->""alice studies the golden crystal"" [15] b=a,a=l,y=i,d=c,t=e,i=s,e=t,g=u,k=d,n=h,h=g,m=o,w=n,f=r,s=y
EX2:""etbdntf iegkyti gwktf emxtf""->""teacher studies under tower"" [1] x=w
EX3:""oyfk iegkyti ent iyaltf dfsieba""->""bird studies the silver crystal"" [2] o=b,l=v
EX4:""egfeat dnbiti ztiibht""->""turtle chases message"" [1] z=m
EX5:""nbeetf xbednti gwktf hbfktw""->""hatter watches under garden"" [0] none
TOTAL:19/26

VOCAB_FILL
W2:vmgwk pattern ?ound -> LOCK ""found"" (candidates: found)

VER
CROSS:5/5 examples decrypt with final table

DECRYPT
W1: baydt
 b->a
 a->l
 y->i
 d->c
 t->e
 = alice
W2: vmgwk
 v->f
 m->o
 g->u
 w->n
 k->d
 = found
W3: gwktf
 g->u (W2)
 w->n (W2)
 k->d (W2)
 t->e (W1)
 f->r
 = under
W4: zmgwebyw
 z->m
 m->o (W2)
 g->u (W2)
 w->n (W2)
 e->t
 b->a (W1)
 y->i (W1)
 w->n (W2)
 = mountain

CHECK
W1:""alice"" len=5Y alpha=Y vocab=Y gaps=N PASS
W2:""found"" len=5Y alpha=Y vocab=Y gaps=N PASS
W3:""under"" len=5Y alpha=Y vocab=Y gaps=N PASS
W4:""mountain"" len=8Y alpha=Y vocab=Y gaps=N PASS
ALL:PASS 4/4 words

ANS=alice found under mountain

\boxed{alice found under mountain}"
08bc3a02,"In Alice's Wonderland, secret encryption rules are used on text. Here are some examples:
tpu njztdivsz yvps fjmspsq -> cat discovers near library
wpuuvs gputwvz zudsq -> hatter watches story
bdczv twpzvz uwv xdfnvy tpzufv -> mouse chases the golden castle
Now, decrypt the following text: spmmju zvvz yvps tpiv",rabbit sees near cave,Text Encryption,"I identify this as a letter substitution cipher. I build a mapping from the examples, verify it, then decrypt the target word by word. I use the fixed answer vocabulary when the examples do not cover every letter. I ignore the flavor-text wrapper.

LEN
TGT:""spmmju zvvz yvps tpiv""
W1:6 W2:4 W3:4 W4:4

TABLE
EX1:""tpu njztdivsz yvps fjmspsq""->""cat discovers near library"" [14] t=c,p=a,u=t,n=d,j=i,z=s,d=o,i=v,v=e,s=r,y=n,f=l,m=b,q=y
EX2:""wpuuvs gputwvz zudsq""->""hatter watches story"" [2] w=h,g=w
EX3:""bdczv twpzvz uwv xdfnvy tpzufv""->""mouse chases the golden castle"" [3] b=m,c=u,x=g
TOTAL:19/26

VOCAB_FILL
(no gaps; examples covered all target letters)

VER
CROSS:3/3 examples decrypt with final table

DECRYPT
W1: spmmju
 s->r
 p->a
 m->b
 m->b
 j->i
 u->t
 = rabbit
W2: zvvz
 z->s
 v->e
 v->e
 z->s
 = sees
W3: yvps
 y->n
 v->e (W2)
 p->a (W1)
 s->r (W1)
 = near
W4: tpiv
 t->c
 p->a (W1)
 i->v
 v->e (W2)
 = cave

CHECK
W1:""rabbit"" len=6Y alpha=Y vocab=Y gaps=N PASS
W2:""sees"" len=4Y alpha=Y vocab=Y gaps=N PASS
W3:""near"" len=4Y alpha=Y vocab=Y gaps=N PASS
W4:""cave"" len=4Y alpha=Y vocab=Y gaps=N PASS
ALL:PASS 4/4 words

ANS=rabbit sees near cave

\boxed{rabbit sees near cave}"
091e3793,"In Alice's Wonderland, secret encryption rules are used on text. Here are some examples:
fpkkbo cdrrdet lzqyf xbrrpuy -> rabbit follows under village
oay tofpzuy fpkkbo eponayt -> the strange rabbit watches
wzbuao bmpubzyt wyv -> knight imagines key
Now, decrypt the following text: wbzu tolqbyt oay ebty ofyptlfy",king studies the wise treasure,Text Encryption,"I identify this as a letter substitution cipher. I build a mapping from the examples, verify it, then decrypt the target word by word. I use the fixed answer vocabulary when the examples do not cover every letter. I ignore the flavor-text wrapper.

LEN
TGT:""wbzu tolqbyt oay ebty ofyptlfy""
W1:4 W2:7 W3:3 W4:4 W5:8

TABLE
EX1:""fpkkbo cdrrdet lzqyf xbrrpuy""->""rabbit follows under village"" [16] f=r,p=a,k=b,b=i,o=t,c=f,d=o,r=l,e=w,t=s,l=u,z=n,q=d,y=e,x=v,u=g
EX2:""oay tofpzuy fpkkbo eponayt""->""the strange rabbit watches"" [2] a=h,n=c
EX3:""wzbuao bmpubzyt wyv""->""knight imagines key"" [3] w=k,m=m,v=y
TOTAL:21/26

VOCAB_FILL
(no gaps; examples covered all target letters)

VER
CROSS:3/3 examples decrypt with final table

DECRYPT
W1: wbzu
 w->k
 b->i
 z->n
 u->g
 = king
W2: tolqbyt
 t->s
 o->t
 l->u
 q->d
 b->i (W1)
 y->e
 t->s
 = studies
W3: oay
 o->t (W2)
 a->h
 y->e (W2)
 = the
W4: ebty
 e->w
 b->i (W1)
 t->s (W2)
 y->e (W2)
 = wise
W5: ofyptlfy
 o->t (W2)
 f->r
 y->e (W2)
 p->a
 t->s (W2)
 l->u (W2)
 f->r
 y->e (W2)
 = treasure

CHECK
W1:""king"" len=4Y alpha=Y vocab=Y gaps=N PASS
W2:""studies"" len=7Y alpha=Y vocab=Y gaps=N PASS
W3:""the"" len=3Y alpha=Y vocab=Y gaps=N PASS
W4:""wise"" len=4Y alpha=Y vocab=Y gaps=N PASS
W5:""treasure"" len=8Y alpha=Y vocab=Y gaps=N PASS
ALL:PASS 5/5 words

ANS=king studies the wise treasure

\boxed{king studies the wise treasure}"
0925e4c0,"In Alice's Wonderland, secret encryption rules are used on text. Here are some examples:
fdmjghyy gdhwshy tiid -> princess creates door
ajmozs tmygiphdy owdthj -> knight discovers garden
tdwoij mbwomjhy szh twda ahe -> dragon imagines the dark key
szh giqidluq ysuthjs ysutmhy -> the colorful student studies
szh zmtthj tdwoij cwsgzhy -> the hidden dragon watches
Now, decrypt the following text: shwgzhd tdwcy wniph lidhys",teacher draws above forest,Text Encryption,"I identify this as a letter substitution cipher. I build a mapping from the examples, verify it, then decrypt the target word by word. I use the fixed answer vocabulary when the examples do not cover every letter. I ignore the flavor-text wrapper.

LEN
TGT:""shwgzhd tdwcy wniph lidhys""
W1:7 W2:5 W3:5 W4:6

TABLE
EX1:""fdmjghyy gdhwshy tiid""->""princess creates door"" [11] f=p,d=r,m=i,j=n,g=c,h=e,y=s,w=a,s=t,t=d,i=o
EX2:""ajmozs tmygiphdy owdthj""->""knight discovers garden"" [4] a=k,o=g,z=h,p=v
EX3:""tdwoij mbwomjhy szh twda ahe""->""dragon imagines the dark key"" [2] b=m,e=y
EX4:""szh giqidluq ysuthjs ysutmhy""->""the colorful student studies"" [3] q=l,l=f,u=u
EX5:""szh zmtthj tdwoij cwsgzhy""->""the hidden dragon watches"" [1] c=w
TOTAL:21/26

VOCAB_FILL
W3:wniph pattern a?ove -> LOCK ""above"" (candidates: above)

VER
CROSS:5/5 examples decrypt with final table

DECRYPT
W1: shwgzhd
 s->t
 h->e
 w->a
 g->c
 z->h
 h->e
 d->r
 = teacher
W2: tdwcy
 t->d
 d->r (W1)
 w->a (W1)
 c->w
 y->s
 = draws
W3: wniph
 w->a (W1)
 n->b
 i->o
 p->v
 h->e (W1)
 = above
W4: lidhys
 l->f
 i->o (W3)
 d->r (W1)
 h->e (W1)
 y->s (W2)
 s->t (W1)
 = forest

CHECK
W1:""teacher"" len=7Y alpha=Y vocab=Y gaps=N PASS
W2:""draws"" len=5Y alpha=Y vocab=Y gaps=N PASS
W3:""above"" len=5Y alpha=Y vocab=Y gaps=N PASS
W4:""forest"" len=6Y alpha=Y vocab=Y gaps=N PASS
ALL:PASS 4/4 words

ANS=teacher draws above forest

\boxed{teacher draws above forest}"
093da3ad,"In Alice's Wonderland, secret encryption rules are used on text. Here are some examples:
dvu dfcvuco umc oufvpbc bvfwcp -> cat creates the strange garden
umc oqatcf zqfw wfvio -> the silver bird draws
iqevfw ouywqco qpoqwc uxicf -> wizard studies inside tower
nxyoc csraxfco umc oqatcf bvfwcp -> mouse explores the silver garden
zqfw csraxfco umc zfqbmu rxuqxp -> bird explores the bright potion
Now, decrypt the following text: wfvbxp qnvbqpco ypwcf nxypuvqp",dragon imagines under mountain,Text Encryption,"I identify this as a letter substitution cipher. I build a mapping from the examples, verify it, then decrypt the target word by word. I use the fixed answer vocabulary when the examples do not cover every letter. I ignore the flavor-text wrapper.

LEN
TGT:""wfvbxp qnvbqpco ypwcf nxypuvqp""
W1:6 W2:8 W3:5 W4:8

TABLE
EX1:""dvu dfcvuco umc oufvpbc bvfwcp""->""cat creates the strange garden"" [10] d=c,v=a,u=t,f=r,c=e,o=s,m=h,p=n,b=g,w=d
EX2:""umc oqatcf zqfw wfvio""->""the silver bird draws"" [5] q=i,a=l,t=v,z=b,i=w
EX3:""iqevfw ouywqco qpoqwc uxicf""->""wizard studies inside tower"" [3] e=z,y=u,x=o
EX4:""nxyoc csraxfco umc oqatcf bvfwcp""->""mouse explores the silver garden"" [3] n=m,s=x,r=p
EX5:""zqfw csraxfco umc zfqbmu rxuqxp""->""bird explores the bright potion"" [0] none
TOTAL:21/26

VOCAB_FILL
(no gaps; examples covered all target letters)

VER
CROSS:5/5 examples decrypt with final table

DECRYPT
W1: wfvbxp
 w->d
 f->r
 v->a
 b->g
 x->o
 p->n
 = dragon
W2: qnvbqpco
 q->i
 n->m
 v->a (W1)
 b->g (W1)
 q->i
 p->n (W1)
 c->e
 o->s
 = imagines
W3: ypwcf
 y->u
 p->n (W1)
 w->d (W1)
 c->e (W2)
 f->r (W1)
 = under
W4: nxypuvqp
 n->m (W2)
 x->o (W1)
 y->u (W3)
 p->n (W1)
 u->t
 v->a (W1)
 q->i (W2)
 p->n (W1)
 = mountain

CHECK
W1:""dragon"" len=6Y alpha=Y vocab=Y gaps=N PASS
W2:""imagines"" len=8Y alpha=Y vocab=Y gaps=N PASS
W3:""under"" len=5Y alpha=Y vocab=Y gaps=N PASS
W4:""mountain"" len=8Y alpha=Y vocab=Y gaps=N PASS
ALL:PASS 4/4 words

ANS=dragon imagines under mountain

\boxed{dragon imagines under mountain}"
0956453a,"In Alice's Wonderland, secret encryption rules are used on text. Here are some examples:
irhelm dlami yjq khevohx wqc -> dragon found the magical key
hxvoq irqhks yjq hmovqmy ullw -> alice dreams the ancient book
ohy prvyqs vmsviq ehriqm -> cat writes inside garden
jhyyqr orqhyqs orcsyhx -> hatter creates crystal
Now, decrypt the following text: yjq kcsyqrvlas hxvoq irhps",the mysterious alice draws,Text Encryption,"I identify this as a letter substitution cipher. I build a mapping from the examples, verify it, then decrypt the target word by word. I use the fixed answer vocabulary when the examples do not cover every letter. I ignore the flavor-text wrapper.

LEN
TGT:""yjq kcsyqrvlas hxvoq irhps""
W1:3 W2:10 W3:5 W4:5

TABLE
EX1:""irhelm dlami yjq khevohx wqc""->""dragon found the magical key"" [17] i=d,r=r,h=a,e=g,l=o,m=n,d=f,a=u,y=t,j=h,q=e,k=m,v=i,o=c,x=l,w=k,c=y
EX2:""hxvoq irqhks yjq hmovqmy ullw""->""alice dreams the ancient book"" [2] s=s,u=b
EX3:""ohy prvyqs vmsviq ehriqm""->""cat writes inside garden"" [1] p=w
EX4:""jhyyqr orqhyqs orcsyhx""->""hatter creates crystal"" [0] none
TOTAL:20/26

VOCAB_FILL
(no gaps; examples covered all target letters)

VER
CROSS:4/4 examples decrypt with final table

DECRYPT
W1: yjq
 y->t
 j->h
 q->e
 = the
W2: kcsyqrvlas
 k->m
 c->y
 s->s
 y->t (W1)
 q->e (W1)
 r->r
 v->i
 l->o
 a->u
 s->s
 = mysterious
W3: hxvoq
 h->a
 x->l
 v->i (W2)
 o->c
 q->e (W1)
 = alice
W4: irhps
 i->d
 r->r (W2)
 h->a (W3)
 p->w
 s->s (W2)
 = draws

CHECK
W1:""the"" len=3Y alpha=Y vocab=Y gaps=N PASS
W2:""mysterious"" len=10Y alpha=Y vocab=Y gaps=N PASS
W3:""alice"" len=5Y alpha=Y vocab=Y gaps=N PASS
W4:""draws"" len=5Y alpha=Y vocab=Y gaps=N PASS
ALL:PASS 4/4 words

ANS=the mysterious alice draws

\boxed{the mysterious alice draws}"
095b3eab,"In Alice's Wonderland, secret encryption rules are used on text. Here are some examples:
imwwlx hxlmfg fsxxax -> hatter dreams mirror
mrsvl xlmhg scgshl rszxmxe -> alice reads inside library
mrsvl xlmhg clmx umrrle -> alice reads near valley
fangl panch wil gwxmckl zaab -> mouse found the strange book
gwnhlcw hxlmfg dawsac -> student dreams potion
Now, decrypt the following text: bcskiw hxmjg wil vnxsang dawsac",knight draws the curious potion,Text Encryption,"I identify this as a letter substitution cipher. I build a mapping from the examples, verify it, then decrypt the target word by word. I use the fixed answer vocabulary when the examples do not cover every letter. I ignore the flavor-text wrapper.

LEN
TGT:""bcskiw hxmjg wil vnxsang dawsac""
W1:6 W2:5 W3:3 W4:7 W5:6

TABLE
EX1:""imwwlx hxlmfg fsxxax""->""hatter dreams mirror"" [10] i=h,m=a,w=t,l=e,x=r,h=d,f=m,g=s,s=i,a=o
EX2:""mrsvl xlmhg scgshl rszxmxe""->""alice reads inside library"" [5] r=l,v=c,c=n,z=b,e=y
EX3:""mrsvl xlmhg clmx umrrle""->""alice reads near valley"" [1] u=v
EX4:""fangl panch wil gwxmckl zaab""->""mouse found the strange book"" [4] n=u,p=f,k=g,b=k
EX5:""gwnhlcw hxlmfg dawsac""->""student dreams potion"" [1] d=p
TOTAL:21/26

VOCAB_FILL
W2:hxmjg pattern dra?s -> LOCK ""draws"" (candidates: draws)

VER
CROSS:5/5 examples decrypt with final table

DECRYPT
W1: bcskiw
 b->k
 c->n
 s->i
 k->g
 i->h
 w->t
 = knight
W2: hxmjg
 h->d
 x->r
 m->a
 j->w
 g->s
 = draws
W3: wil
 w->t (W1)
 i->h (W1)
 l->e
 = the
W4: vnxsang
 v->c
 n->u
 x->r (W2)
 s->i (W1)
 a->o
 n->u
 g->s (W2)
 = curious
W5: dawsac
 d->p
 a->o (W4)
 w->t (W1)
 s->i (W1)
 a->o (W4)
 c->n (W1)
 = potion

CHECK
W1:""knight"" len=6Y alpha=Y vocab=Y gaps=N PASS
W2:""draws"" len=5Y alpha=Y vocab=Y gaps=N PASS
W3:""the"" len=3Y alpha=Y vocab=Y gaps=N PASS
W4:""curious"" len=7Y alpha=Y vocab=Y gaps=N PASS
W5:""potion"" len=6Y alpha=Y vocab=Y gaps=N PASS
ALL:PASS 5/5 words

ANS=knight draws the curious potion

\boxed{knight draws the curious potion}"
098c2ba5,"In Alice's Wonderland, secret encryption rules are used on text. Here are some examples:
aibmeji eytqknea ionkbso srnmej -> student explores through garden
pwnm zoraea wjawme hkbjirwj -> bird chases inside mountain
ioe mrnu aibmeji mnerha -> the dark student dreams
lwxrnm zoraea inerabne -> wizard chases treasure
Now, decrypt the following text: ierzoen lrizoea bjmen lkjmenqrjm",teacher watches under wonderland,Text Encryption,"I identify this as a letter substitution cipher. I build a mapping from the examples, verify it, then decrypt the target word by word. I use the fixed answer vocabulary when the examples do not cover every letter. I ignore the flavor-text wrapper.

LEN
TGT:""ierzoen lrizoea bjmen lkjmenqrjm""
W1:7 W2:7 W3:5 W4:10

TABLE
EX1:""aibmeji eytqknea ionkbso srnmej""->""student explores through garden"" [14] a=s,i=t,b=u,m=d,e=e,j=n,y=x,t=p,q=l,k=o,n=r,o=h,s=g,r=a
EX2:""pwnm zoraea wjawme hkbjirwj""->""bird chases inside mountain"" [4] p=b,w=i,z=c,h=m
EX3:""ioe mrnu aibmeji mnerha""->""the dark student dreams"" [1] u=k
EX4:""lwxrnm zoraea inerabne""->""wizard chases treasure"" [2] l=w,x=z
TOTAL:21/26

VOCAB_FILL
(no gaps; examples covered all target letters)

VER
CROSS:4/4 examples decrypt with final table

DECRYPT
W1: ierzoen
 i->t
 e->e
 r->a
 z->c
 o->h
 e->e
 n->r
 = teacher
W2: lrizoea
 l->w
 r->a (W1)
 i->t (W1)
 z->c (W1)
 o->h (W1)
 e->e (W1)
 a->s
 = watches
W3: bjmen
 b->u
 j->n
 m->d
 e->e (W1)
 n->r (W1)
 = under
W4: lkjmenqrjm
 l->w (W2)
 k->o
 j->n (W3)
 m->d (W3)
 e->e (W1)
 n->r (W1)
 q->l
 r->a (W1)
 j->n (W3)
 m->d (W3)
 = wonderland

CHECK
W1:""teacher"" len=7Y alpha=Y vocab=Y gaps=N PASS
W2:""watches"" len=7Y alpha=Y vocab=Y gaps=N PASS
W3:""under"" len=5Y alpha=Y vocab=Y gaps=N PASS
W4:""wonderland"" len=10Y alpha=Y vocab=Y gaps=N PASS
ALL:PASS 4/4 words

ANS=teacher watches under wonderland

\boxed{teacher watches under wonderland}"
099cb6bf,"In Alice's Wonderland, secret encryption rules are used on text. Here are some examples:
bfx moisdou pdoux ixhau -> the curious mouse reads
nsrt uboasxu bfx ysux nxg -> king studies the wise key
bfx pgubxisdou yskhia uboasxu -> the mysterious wizard studies
eoxxr mixhbxu bfx uslcxi migubhl -> queen creates the silver crystal
eoxxr uboasxu oraxi umfddl -> queen studies under school
Now, decrypt the following text: fhbbxi aixhpu bfx mlxcxi pxuuhtx",hatter dreams the clever message,Text Encryption,"I identify this as a letter substitution cipher. I build a mapping from the examples, verify it, then decrypt the target word by word. I use the fixed answer vocabulary when the examples do not cover every letter. I ignore the flavor-text wrapper.

LEN
TGT:""fhbbxi aixhpu bfx mlxcxi pxuuhtx""
W1:6 W2:6 W3:3 W4:6 W5:7

TABLE
EX1:""bfx moisdou pdoux ixhau""->""the curious mouse reads"" [12] b=t,f=h,x=e,m=c,o=u,i=r,s=i,d=o,u=s,p=m,h=a,a=d
EX2:""nsrt uboasxu bfx ysux nxg""->""king studies the wise key"" [5] n=k,r=n,t=g,y=w,g=y
EX3:""bfx pgubxisdou yskhia uboasxu""->""the mysterious wizard studies"" [1] k=z
EX4:""eoxxr mixhbxu bfx uslcxi migubhl""->""queen creates the silver crystal"" [3] e=q,l=l,c=v
EX5:""eoxxr uboasxu oraxi umfddl""->""queen studies under school"" [0] none
TOTAL:21/26

VOCAB_FILL
(no gaps; examples covered all target letters)

VER
CROSS:5/5 examples decrypt with final table

DECRYPT
W1: fhbbxi
 f->h
 h->a
 b->t
 b->t
 x->e
 i->r
 = hatter
W2: aixhpu
 a->d
 i->r (W1)
 x->e (W1)
 h->a (W1)
 p->m
 u->s
 = dreams
W3: bfx
 b->t (W1)
 f->h (W1)
 x->e (W1)
 = the
W4: mlxcxi
 m->c
 l->l
 x->e (W1)
 c->v
 x->e (W1)
 i->r (W1)
 = clever
W5: pxuuhtx
 p->m (W2)
 x->e (W1)
 u->s (W2)
 u->s (W2)
 h->a (W1)
 t->g
 x->e (W1)
 = message

CHECK
W1:""hatter"" len=6Y alpha=Y vocab=Y gaps=N PASS
W2:""dreams"" len=6Y alpha=Y vocab=Y gaps=N PASS
W3:""the"" len=3Y alpha=Y vocab=Y gaps=N PASS
W4:""clever"" len=6Y alpha=Y vocab=Y gaps=N PASS
W5:""message"" len=7Y alpha=Y vocab=Y gaps=N PASS
ALL:PASS 5/5 words

ANS=hatter dreams the clever message

\boxed{hatter dreams the clever message}"
09b6b813,"In Alice's Wonderland, secret encryption rules are used on text. Here are some examples:
yeqsc jpcztcs tuc yrstcpveqs hzpdca -> mouse creates the mysterious garden
wavhut juzscs tuc hemdca wcr -> knight chases the golden key
pzbbvt dvsjegcps aczp lepcst -> rabbit discovers near forest
stqdcat juzscs scjpct -> student chases secret
yeqsc juzscs scjpct -> mouse chases secret
Now, decrypt the following text: xvozpd xztjucs tuc svmgcp nqoomc",wizard watches the silver puzzle,Text Encryption,"I identify this as a letter substitution cipher. I build a mapping from the examples, verify it, then decrypt the target word by word. I use the fixed answer vocabulary when the examples do not cover every letter. I ignore the flavor-text wrapper.

LEN
TGT:""xvozpd xztjucs tuc svmgcp nqoomc""
W1:6 W2:7 W3:3 W4:6 W5:6

TABLE
EX1:""yeqsc jpcztcs tuc yrstcpveqs hzpdca""->""mouse creates the mysterious garden"" [15] y=m,e=o,q=u,s=s,c=e,j=c,p=r,z=a,t=t,u=h,r=y,v=i,h=g,d=d,a=n
EX2:""wavhut juzscs tuc hemdca wcr""->""knight chases the golden key"" [2] w=k,m=l
EX3:""pzbbvt dvsjegcps aczp lepcst""->""rabbit discovers near forest"" [3] b=b,g=v,l=f
EX4:""stqdcat juzscs scjpct""->""student chases secret"" [0] none
EX5:""yeqsc juzscs scjpct""->""mouse chases secret"" [0] none
TOTAL:20/26

VOCAB_FILL
W1:xvozpd pattern ?i?ard -> LOCK ""wizard"" (candidates: wizard)
W2:xztjucs pattern ?atches -> LOCK ""watches"" (candidates: watches)
W5:nqoomc pattern ?u??le -> LOCK ""puzzle"" (candidates: turtle,puzzle)

VER
CROSS:5/5 examples decrypt with final table

DECRYPT
W1: xvozpd
 x->w
 v->i
 o->z
 z->a
 p->r
 d->d
 = wizard
W2: xztjucs
 x->w (W1)
 z->a (W1)
 t->t
 j->c
 u->h
 c->e
 s->s
 = watches
W3: tuc
 t->t (W2)
 u->h (W2)
 c->e (W2)
 = the
W4: svmgcp
 s->s (W2)
 v->i (W1)
 m->l
 g->v
 c->e (W2)
 p->r (W1)
 = silver
W5: nqoomc
 n->p
 q->u
 o->z (W1)
 o->z (W1)
 m->l (W4)
 c->e (W2)
 = puzzle

CHECK
W1:""wizard"" len=6Y alpha=Y vocab=Y gaps=N PASS
W2:""watches"" len=7Y alpha=Y vocab=Y gaps=N PASS
W3:""the"" len=3Y alpha=Y vocab=Y gaps=N PASS
W4:""silver"" len=6Y alpha=Y vocab=Y gaps=N PASS
W5:""puzzle"" len=6Y alpha=Y vocab=Y gaps=N PASS
ALL:PASS 5/5 words

ANS=wizard watches the silver puzzle

\boxed{wizard watches the silver puzzle}"
09bb197a,"In Alice's Wonderland, secret encryption rules are used on text. Here are some examples:
jiddxc friufhxl fh mieikx -> hatter imagines in palace
ldpwxhd cxiwl djx lfenxc rim -> student reads the silver map
gfcw cxiwl ldyca -> bird reads story
djx lfenxc wciuyh kjilxl -> the silver dragon chases
Now, decrypt the following text: sfvicw wcxirl djx kpcfypl mydfyh",wizard dreams the curious potion,Text Encryption,"I identify this as a letter substitution cipher. I build a mapping from the examples, verify it, then decrypt the target word by word. I use the fixed answer vocabulary when the examples do not cover every letter. I ignore the flavor-text wrapper.

LEN
TGT:""sfvicw wcxirl djx kpcfypl mydfyh""
W1:6 W2:6 W3:3 W4:7 W5:6

TABLE
EX1:""jiddxc friufhxl fh mieikx""->""hatter imagines in palace"" [13] j=h,i=a,d=t,x=e,c=r,f=i,r=m,u=g,h=n,l=s,m=p,e=l,k=c
EX2:""ldpwxhd cxiwl djx lfenxc rim""->""student reads the silver map"" [3] p=u,w=d,n=v
EX3:""gfcw cxiwl ldyca""->""bird reads story"" [3] g=b,y=o,a=y
EX4:""djx lfenxc wciuyh kjilxl""->""the silver dragon chases"" [0] none
TOTAL:19/26

VOCAB_FILL
W1:sfvicw pattern ?i?ard -> LOCK ""wizard"" (candidates: wizard)

VER
CROSS:4/4 examples decrypt with final table

DECRYPT
W1: sfvicw
 s->w
 f->i
 v->z
 i->a
 c->r
 w->d
 = wizard
W2: wcxirl
 w->d (W1)
 c->r (W1)
 x->e
 i->a (W1)
 r->m
 l->s
 = dreams
W3: djx
 d->t
 j->h
 x->e (W2)
 = the
W4: kpcfypl
 k->c
 p->u
 c->r (W1)
 f->i (W1)
 y->o
 p->u
 l->s (W2)
 = curious
W5: mydfyh
 m->p
 y->o (W4)
 d->t (W3)
 f->i (W1)
 y->o (W4)
 h->n
 = potion

CHECK
W1:""wizard"" len=6Y alpha=Y vocab=Y gaps=N PASS
W2:""dreams"" len=6Y alpha=Y vocab=Y gaps=N PASS
W3:""the"" len=3Y alpha=Y vocab=Y gaps=N PASS
W4:""curious"" len=7Y alpha=Y vocab=Y gaps=N PASS
W5:""potion"" len=6Y alpha=Y vocab=Y gaps=N PASS
ALL:PASS 5/5 words

ANS=wizard dreams the curious potion

\boxed{wizard dreams the curious potion}"
0a1d7306,"In Alice's Wonderland, secret encryption rules are used on text. Here are some examples:
whr ofxfgtsx zyga aglmu -> the colorful bird draws
wrlohrg yclnykru whr osgyfsu ogduwlx -> teacher imagines the curious crystal
wsgwxr urru oluwxr -> turtle sees castle
whr zgynhw bykn aglmu -> the bright king draws
Now, decrypt the following text: uwsarkw ohluru whr zgynhw nlgark",student chases the bright garden,Text Encryption,"I identify this as a letter substitution cipher. I build a mapping from the examples, verify it, then decrypt the target word by word. I use the fixed answer vocabulary when the examples do not cover every letter. I ignore the flavor-text wrapper.

LEN
TGT:""uwsarkw ohluru whr zgynhw nlgark""
W1:7 W2:6 W3:3 W4:6 W5:6

TABLE
EX1:""whr ofxfgtsx zyga aglmu""->""the colorful bird draws"" [15] w=t,h=h,r=e,o=c,f=o,x=l,g=r,t=f,s=u,z=b,y=i,a=d,l=a,m=w,u=s
EX2:""wrlohrg yclnykru whr osgyfsu ogduwlx""->""teacher imagines the curious crystal"" [4] c=m,n=g,k=n,d=y
EX3:""wsgwxr urru oluwxr""->""turtle sees castle"" [0] none
EX4:""whr zgynhw bykn aglmu""->""the bright king draws"" [1] b=k
TOTAL:20/26

VOCAB_FILL
(no gaps; examples covered all target letters)

VER
CROSS:4/4 examples decrypt with final table

DECRYPT
W1: uwsarkw
 u->s
 w->t
 s->u
 a->d
 r->e
 k->n
 w->t
 = student
W2: ohluru
 o->c
 h->h
 l->a
 u->s (W1)
 r->e (W1)
 u->s (W1)
 = chases
W3: whr
 w->t (W1)
 h->h (W2)
 r->e (W1)
 = the
W4: zgynhw
 z->b
 g->r
 y->i
 n->g
 h->h (W2)
 w->t (W1)
 = bright
W5: nlgark
 n->g (W4)
 l->a (W2)
 g->r (W4)
 a->d (W1)
 r->e (W1)
 k->n (W1)
 = garden

CHECK
W1:""student"" len=7Y alpha=Y vocab=Y gaps=N PASS
W2:""chases"" len=6Y alpha=Y vocab=Y gaps=N PASS
W3:""the"" len=3Y alpha=Y vocab=Y gaps=N PASS
W4:""bright"" len=6Y alpha=Y vocab=Y gaps=N PASS
W5:""garden"" len=6Y alpha=Y vocab=Y gaps=N PASS
ALL:PASS 5/5 words

ANS=student chases the bright garden

\boxed{student chases the bright garden}"
0a41eb96,"In Alice's Wonderland, secret encryption rules are used on text. Here are some examples:
fnd bgxvwgk ngffdt atgcz -> the magical hatter draws
fnd wykytjok psvxnf ctvfdz -> the colorful knight writes
fnd wkdldt atgxys atgcz -> the clever dragon draws
ngffdt vbgxvsdz wtqzfgk -> hatter imagines crystal
Now, decrypt the following text: fnd utvxnf pvsx tdgaz",the bright king reads,Text Encryption,"I identify this as a letter substitution cipher. I build a mapping from the examples, verify it, then decrypt the target word by word. I use the fixed answer vocabulary when the examples do not cover every letter. I ignore the flavor-text wrapper.

LEN
TGT:""fnd utvxnf pvsx tdgaz""
W1:3 W2:6 W3:4 W4:5

TABLE
EX1:""fnd bgxvwgk ngffdt atgcz""->""the magical hatter draws"" [13] f=t,n=h,d=e,b=m,g=a,x=g,v=i,w=c,k=l,t=r,a=d,c=w,z=s
EX2:""fnd wykytjok psvxnf ctvfdz""->""the colorful knight writes"" [5] y=o,j=f,o=u,p=k,s=n
EX3:""fnd wkdldt atgxys atgcz""->""the clever dragon draws"" [1] l=v
EX4:""ngffdt vbgxvsdz wtqzfgk""->""hatter imagines crystal"" [1] q=y
TOTAL:20/26

VOCAB_FILL
W2:utvxnf pattern ?right -> LOCK ""bright"" (candidates: bright)

VER
CROSS:4/4 examples decrypt with final table

DECRYPT
W1: fnd
 f->t
 n->h
 d->e
 = the
W2: utvxnf
 u->b
 t->r
 v->i
 x->g
 n->h (W1)
 f->t (W1)
 = bright
W3: pvsx
 p->k
 v->i (W2)
 s->n
 x->g (W2)
 = king
W4: tdgaz
 t->r (W2)
 d->e (W1)
 g->a
 a->d
 z->s
 = reads

CHECK
W1:""the"" len=3Y alpha=Y vocab=Y gaps=N PASS
W2:""bright"" len=6Y alpha=Y vocab=Y gaps=N PASS
W3:""king"" len=4Y alpha=Y vocab=Y gaps=N PASS
W4:""reads"" len=5Y alpha=Y vocab=Y gaps=N PASS
ALL:PASS 4/4 words

ANS=the bright king reads

\boxed{the bright king reads}"
0ac6606b,"In Alice's Wonderland, secret encryption rules are used on text. Here are some examples:
gld lnwwds opnbd wydoaf -> the hidden alice dreams
xnsq wyokf oyezsw fbleep -> king draws around school
gdobldy meppekf adffoqd -> teacher follows message
hynsbdff bydogdf gld knfd hziipd -> princess creates the wise puzzle
Now, decrypt the following text: loggdy blofdf glyezql meydfg",hatter chases through forest,Text Encryption,"I identify this as a letter substitution cipher. I build a mapping from the examples, verify it, then decrypt the target word by word. I use the fixed answer vocabulary when the examples do not cover every letter. I ignore the flavor-text wrapper.

LEN
TGT:""loggdy blofdf glyezql meydfg""
W1:6 W2:6 W3:7 W4:6

TABLE
EX1:""gld lnwwds opnbd wydoaf""->""the hidden alice dreams"" [12] g=t,l=h,d=e,n=i,w=d,s=n,o=a,p=l,b=c,y=r,a=m,f=s
EX2:""xnsq wyokf oyezsw fbleep""->""king draws around school"" [5] x=k,q=g,k=w,e=o,z=u
EX3:""gdobldy meppekf adffoqd""->""teacher follows message"" [1] m=f
EX4:""hynsbdff bydogdf gld knfd hziipd""->""princess creates the wise puzzle"" [2] h=p,i=z
TOTAL:20/26

VOCAB_FILL
(no gaps; examples covered all target letters)

VER
CROSS:4/4 examples decrypt with final table

DECRYPT
W1: loggdy
 l->h
 o->a
 g->t
 g->t
 d->e
 y->r
 = hatter
W2: blofdf
 b->c
 l->h (W1)
 o->a (W1)
 f->s
 d->e (W1)
 f->s
 = chases
W3: glyezql
 g->t (W1)
 l->h (W1)
 y->r (W1)
 e->o
 z->u
 q->g
 l->h (W1)
 = through
W4: meydfg
 m->f
 e->o (W3)
 y->r (W1)
 d->e (W1)
 f->s (W2)
 g->t (W1)
 = forest

CHECK
W1:""hatter"" len=6Y alpha=Y vocab=Y gaps=N PASS
W2:""chases"" len=6Y alpha=Y vocab=Y gaps=N PASS
W3:""through"" len=7Y alpha=Y vocab=Y gaps=N PASS
W4:""forest"" len=6Y alpha=Y vocab=Y gaps=N PASS
ALL:PASS 4/4 words

ANS=hatter chases through forest

\boxed{hatter chases through forest}"
0af037a5,"In Alice's Wonderland, secret encryption rules are used on text. Here are some examples:
htnjmz bineve fiv iahhvz hmmt -> dragon chases the hidden door
fiv hnts wmdev awnjazve -> the dark mouse imagines
htnjmz bineve fitmdji kmzhvtpnzh -> dragon chases through wonderland
gtazbvee efdhave ntmdzh aepnzh -> princess studies around island
kaxnth cmppmke fiv bpvuvt gdxxpv -> wizard follows the clever puzzle
Now, decrypt the following text: efdhvzf efdhave zvnt unppvy",student studies near valley,Text Encryption,"I identify this as a letter substitution cipher. I build a mapping from the examples, verify it, then decrypt the target word by word. I use the fixed answer vocabulary when the examples do not cover every letter. I ignore the flavor-text wrapper.

LEN
TGT:""efdhvzf efdhave zvnt unppvy""
W1:7 W2:7 W3:4 W4:6

TABLE
EX1:""htnjmz bineve fiv iahhvz hmmt""->""dragon chases the hidden door"" [12] h=d,t=r,n=a,j=g,m=o,z=n,b=c,i=h,e=s,v=e,f=t,a=i
EX2:""fiv hnts wmdev awnjazve""->""the dark mouse imagines"" [3] s=k,w=m,d=u
EX3:""htnjmz bineve fitmdji kmzhvtpnzh""->""dragon chases through wonderland"" [2] k=w,p=l
EX4:""gtazbvee efdhave ntmdzh aepnzh""->""princess studies around island"" [1] g=p
EX5:""kaxnth cmppmke fiv bpvuvt gdxxpv""->""wizard follows the clever puzzle"" [3] x=z,c=f,u=v
TOTAL:21/26

VOCAB_FILL
W4:unppvy pattern valle? -> LOCK ""valley"" (candidates: valley)

VER
CROSS:5/5 examples decrypt with final table

DECRYPT
W1: efdhvzf
 e->s
 f->t
 d->u
 h->d
 v->e
 z->n
 f->t
 = student
W2: efdhave
 e->s (W1)
 f->t (W1)
 d->u (W1)
 h->d (W1)
 a->i
 v->e (W1)
 e->s (W1)
 = studies
W3: zvnt
 z->n (W1)
 v->e (W1)
 n->a
 t->r
 = near
W4: unppvy
 u->v
 n->a (W3)
 p->l
 p->l
 v->e (W1)
 y->y
 = valley

CHECK
W1:""student"" len=7Y alpha=Y vocab=Y gaps=N PASS
W2:""studies"" len=7Y alpha=Y vocab=Y gaps=N PASS
W3:""near"" len=4Y alpha=Y vocab=Y gaps=N PASS
W4:""valley"" len=6Y alpha=Y vocab=Y gaps=N PASS
ALL:PASS 4/4 words

ANS=student studies near valley

\boxed{student studies near valley}"
0b2e6a46,"In Alice's Wonderland, secret encryption rules are used on text. Here are some examples:
mav lvdhvm mvgdavh rfgzrevl -> the secret teacher imagines
mxhmiv noxey lmohk -> turtle found story
mav zoiyve prcghy yhgpl -> the golden wizard draws
mav lmhgezv yhgzoe yhvgfl -> the strange dragon dreams
qrhy yrldouvhl yooh -> bird discovers door
Now, decrypt the following text: thredvll yrldouvhl dglmiv",princess discovers castle,Text Encryption,"I identify this as a letter substitution cipher. I build a mapping from the examples, verify it, then decrypt the target word by word. I use the fixed answer vocabulary when the examples do not cover every letter. I ignore the flavor-text wrapper.

LEN
TGT:""thredvll yrldouvhl dglmiv""
W1:8 W2:9 W3:6

TABLE
EX1:""mav lvdhvm mvgdavh rfgzrevl""->""the secret teacher imagines"" [11] m=t,a=h,v=e,l=s,d=c,h=r,g=a,r=i,f=m,z=g,e=n
EX2:""mxhmiv noxey lmohk""->""turtle found story"" [6] x=u,i=l,n=f,o=o,y=d,k=y
EX3:""mav zoiyve prcghy yhgpl""->""the golden wizard draws"" [2] p=w,c=z
EX4:""mav lmhgezv yhgzoe yhvgfl""->""the strange dragon dreams"" [0] none
EX5:""qrhy yrldouvhl yooh""->""bird discovers door"" [2] q=b,u=v
TOTAL:21/26

VOCAB_FILL
W1:thredvll pattern ?rincess -> LOCK ""princess"" (candidates: princess)

VER
CROSS:5/5 examples decrypt with final table

DECRYPT
W1: thredvll
 t->p
 h->r
 r->i
 e->n
 d->c
 v->e
 l->s
 l->s
 = princess
W2: yrldouvhl
 y->d
 r->i (W1)
 l->s (W1)
 d->c (W1)
 o->o
 u->v
 v->e (W1)
 h->r (W1)
 l->s (W1)
 = discovers
W3: dglmiv
 d->c (W1)
 g->a
 l->s (W1)
 m->t
 i->l
 v->e (W1)
 = castle

CHECK
W1:""princess"" len=8Y alpha=Y vocab=Y gaps=N PASS
W2:""discovers"" len=9Y alpha=Y vocab=Y gaps=N PASS
W3:""castle"" len=6Y alpha=Y vocab=Y gaps=N PASS
ALL:PASS 3/3 words

ANS=princess discovers castle

\boxed{princess discovers castle}"
0b32a4fc,"In Alice's Wonderland, secret encryption rules are used on text. Here are some examples:
amt mfyyts dfwy cwtxatv -> the hidden bird creates
atxcmtw vttv dtpnsy rfdwxwp -> teacher sees beyond library
gfsj hwfatv lsytw anhtw -> king writes under tower
Now, decrypt the following text: alwart ywtxov vanwp",turtle dreams story,Text Encryption,"I identify this as a letter substitution cipher. I build a mapping from the examples, verify it, then decrypt the target word by word. I use the fixed answer vocabulary when the examples do not cover every letter. I ignore the flavor-text wrapper.

LEN
TGT:""alwart ywtxov vanwp""
W1:6 W2:6 W3:5

TABLE
EX1:""amt mfyyts dfwy cwtxatv""->""the hidden bird creates"" [11] a=t,m=h,t=e,f=i,y=d,s=n,d=b,w=r,c=c,x=a,v=s
EX2:""atxcmtw vttv dtpnsy rfdwxwp""->""teacher sees beyond library"" [3] p=y,n=o,r=l
EX3:""gfsj hwfatv lsytw anhtw""->""king writes under tower"" [4] g=k,j=g,h=w,l=u
TOTAL:18/26

VOCAB_FILL
W2:ywtxov pattern drea?s -> LOCK ""dreams"" (candidates: dreams)

VER
CROSS:3/3 examples decrypt with final table

DECRYPT
W1: alwart
 a->t
 l->u
 w->r
 a->t
 r->l
 t->e
 = turtle
W2: ywtxov
 y->d
 w->r (W1)
 t->e (W1)
 x->a
 o->m
 v->s
 = dreams
W3: vanwp
 v->s (W2)
 a->t (W1)
 n->o
 w->r (W1)
 p->y
 = story

CHECK
W1:""turtle"" len=6Y alpha=Y vocab=Y gaps=N PASS
W2:""dreams"" len=6Y alpha=Y vocab=Y gaps=N PASS
W3:""story"" len=5Y alpha=Y vocab=Y gaps=N PASS
ALL:PASS 3/3 words

ANS=turtle dreams story

\boxed{turtle dreams story}"
0b632ea3,"In Alice's Wonderland, secret encryption rules are used on text. Here are some examples:
cxppld writgcwo uwe -> rabbit explores key
dvcdtw acxso xcgvya ozfggt -> turtle draws around school
odvawyd sxdzfwo xpgjw sgyawctxya -> student watches above wonderland
kvwwy cwxao igdlgy -> queen reads potion
cxppld odvalwo mwooxhw -> rabbit studies message
Now, decrypt the following text: ulyh cwxao xcgvya sgyawctxya",king reads around wonderland,Text Encryption,"I identify this as a letter substitution cipher. I build a mapping from the examples, verify it, then decrypt the target word by word. I use the fixed answer vocabulary when the examples do not cover every letter. I ignore the flavor-text wrapper.

LEN
TGT:""ulyh cwxao xcgvya sgyawctxya""
W1:4 W2:5 W3:6 W4:10

TABLE
EX1:""cxppld writgcwo uwe""->""rabbit explores key"" [13] c=r,x=a,p=b,l=i,d=t,w=e,r=x,i=p,t=l,g=o,o=s,u=k,e=y
EX2:""dvcdtw acxso xcgvya ozfggt""->""turtle draws around school"" [6] v=u,a=d,s=w,y=n,z=c,f=h
EX3:""odvawyd sxdzfwo xpgjw sgyawctxya""->""student watches above wonderland"" [1] j=v
EX4:""kvwwy cwxao igdlgy""->""queen reads potion"" [1] k=q
EX5:""cxppld odvalwo mwooxhw""->""rabbit studies message"" [2] m=m,h=g
TOTAL:23/26

VOCAB_FILL
(no gaps; examples covered all target letters)

VER
CROSS:5/5 examples decrypt with final table

DECRYPT
W1: ulyh
 u->k
 l->i
 y->n
 h->g
 = king
W2: cwxao
 c->r
 w->e
 x->a
 a->d
 o->s
 = reads
W3: xcgvya
 x->a (W2)
 c->r (W2)
 g->o
 v->u
 y->n (W1)
 a->d (W2)
 = around
W4: sgyawctxya
 s->w
 g->o (W3)
 y->n (W1)
 a->d (W2)
 w->e (W2)
 c->r (W2)
 t->l
 x->a (W2)
 y->n (W1)
 a->d (W2)
 = wonderland

CHECK
W1:""king"" len=4Y alpha=Y vocab=Y gaps=N PASS
W2:""reads"" len=5Y alpha=Y vocab=Y gaps=N PASS
W3:""around"" len=6Y alpha=Y vocab=Y gaps=N PASS
W4:""wonderland"" len=10Y alpha=Y vocab=Y gaps=N PASS
ALL:PASS 4/4 words

ANS=king reads around wonderland

\boxed{king reads around wonderland}"
0b701abd,"In Alice's Wonderland, secret encryption rules are used on text. Here are some examples:
fwdz rkiltpx bpqsdo msgpxi -> king watches beyond forest
itp bgwzti gkbbwi owxlsepgx -> the bright rabbit discovers
xicopdi ogkrx itp aqxipgwscx ossg -> student draws the mysterious door
itp twoopd ogkzsd xicowpx -> the hidden dragon studies
icgihp pvuhsgpx itp lcgwscx ossg -> turtle explores the curious door
Now, decrypt the following text: gkbbwi rgwipx itp lhpepg awggsg",rabbit writes the clever mirror,Text Encryption,"I identify this as a letter substitution cipher. I build a mapping from the examples, verify it, then decrypt the target word by word. I use the fixed answer vocabulary when the examples do not cover every letter. I ignore the flavor-text wrapper.

LEN
TGT:""gkbbwi rgwipx itp lhpepg awggsg""
W1:6 W2:6 W3:3 W4:6 W5:6

TABLE
EX1:""fwdz rkiltpx bpqsdo msgpxi""->""king watches beyond forest"" [17] f=k,w=i,d=n,z=g,r=w,k=a,i=t,l=c,t=h,p=e,x=s,b=b,q=y,s=o,o=d,m=f,g=r
EX2:""itp bgwzti gkbbwi owxlsepgx""->""the bright rabbit discovers"" [1] e=v
EX3:""xicopdi ogkrx itp aqxipgwscx ossg""->""student draws the mysterious door"" [2] c=u,a=m
EX4:""itp twoopd ogkzsd xicowpx""->""the hidden dragon studies"" [0] none
EX5:""icgihp pvuhsgpx itp lcgwscx ossg""->""turtle explores the curious door"" [3] h=l,v=x,u=p
TOTAL:23/26

VOCAB_FILL
(no gaps; examples covered all target letters)

VER
CROSS:5/5 examples decrypt with final table

DECRYPT
W1: gkbbwi
 g->r
 k->a
 b->b
 b->b
 w->i
 i->t
 = rabbit
W2: rgwipx
 r->w
 g->r (W1)
 w->i (W1)
 i->t (W1)
 p->e
 x->s
 = writes
W3: itp
 i->t (W1)
 t->h
 p->e (W2)
 = the
W4: lhpepg
 l->c
 h->l
 p->e (W2)
 e->v
 p->e (W2)
 g->r (W1)
 = clever
W5: awggsg
 a->m
 w->i (W1)
 g->r (W1)
 g->r (W1)
 s->o
 g->r (W1)
 = mirror

CHECK
W1:""rabbit"" len=6Y alpha=Y vocab=Y gaps=N PASS
W2:""writes"" len=6Y alpha=Y vocab=Y gaps=N PASS
W3:""the"" len=3Y alpha=Y vocab=Y gaps=N PASS
W4:""clever"" len=6Y alpha=Y vocab=Y gaps=N PASS
W5:""mirror"" len=6Y alpha=Y vocab=Y gaps=N PASS
ALL:PASS 5/5 words

ANS=rabbit writes the clever mirror

\boxed{rabbit writes the clever mirror}"
0b7cf346,"In Alice's Wonderland, secret encryption rules are used on text. Here are some examples:
gpj lykj lybrev verlk -> the wise wizard draws
gpj teyhpg erttyg fxzzxlk -> the bright rabbit follows
prggje ejrvk gpj wrhynrz kjnejg -> hatter reads the magical secret
prggje jsizxejk kgxeo -> hatter explores story
Now, decrypt the following text: lybrev nprkjk gpj teyhpg txxq",wizard chases the bright book,Text Encryption,"I identify this as a letter substitution cipher. I build a mapping from the examples, verify it, then decrypt the target word by word. I use the fixed answer vocabulary when the examples do not cover every letter. I ignore the flavor-text wrapper.

LEN
TGT:""lybrev nprkjk gpj teyhpg txxq""
W1:6 W2:6 W3:3 W4:6 W5:4

TABLE
EX1:""gpj lykj lybrev verlk""->""the wise wizard draws"" [10] g=t,p=h,j=e,l=w,y=i,k=s,b=z,r=a,e=r,v=d
EX2:""gpj teyhpg erttyg fxzzxlk""->""the bright rabbit follows"" [5] t=b,h=g,f=f,x=o,z=l
EX3:""prggje ejrvk gpj wrhynrz kjnejg""->""hatter reads the magical secret"" [2] w=m,n=c
EX4:""prggje jsizxejk kgxeo""->""hatter explores story"" [3] s=x,i=p,o=y
TOTAL:20/26

VOCAB_FILL
W5:txxq pattern boo? -> LOCK ""book"" (candidates: book)

VER
CROSS:4/4 examples decrypt with final table

DECRYPT
W1: lybrev
 l->w
 y->i
 b->z
 r->a
 e->r
 v->d
 = wizard
W2: nprkjk
 n->c
 p->h
 r->a (W1)
 k->s
 j->e
 k->s
 = chases
W3: gpj
 g->t
 p->h (W2)
 j->e (W2)
 = the
W4: teyhpg
 t->b
 e->r (W1)
 y->i (W1)
 h->g
 p->h (W2)
 g->t (W3)
 = bright
W5: txxq
 t->b (W4)
 x->o
 x->o
 q->k
 = book

CHECK
W1:""wizard"" len=6Y alpha=Y vocab=Y gaps=N PASS
W2:""chases"" len=6Y alpha=Y vocab=Y gaps=N PASS
W3:""the"" len=3Y alpha=Y vocab=Y gaps=N PASS
W4:""bright"" len=6Y alpha=Y vocab=Y gaps=N PASS
W5:""book"" len=4Y alpha=Y vocab=Y gaps=N PASS
ALL:PASS 5/5 words

ANS=wizard chases the bright book

\boxed{wizard chases the bright book}"
0ba75bf1,"In Alice's Wonderland, secret encryption rules are used on text. Here are some examples:
zojwtor yooy zto tpddof wrgyzjm -> teacher sees the hidden crystal
zto yowroz zojwtor rojdy -> the secret teacher reads
uloof drojsy zto wlrpxly cog -> queen dreams the curious key
cpfv drjhy lfdor wjyzmo -> king draws under castle
Now, decrypt the following text: rjnnpz yzldpoy zto ypmior klbbmo",rabbit studies the silver puzzle,Text Encryption,"I identify this as a letter substitution cipher. I build a mapping from the examples, verify it, then decrypt the target word by word. I use the fixed answer vocabulary when the examples do not cover every letter. I ignore the flavor-text wrapper.

LEN
TGT:""rjnnpz yzldpoy zto ypmior klbbmo""
W1:6 W2:7 W3:3 W4:6 W5:6

TABLE
EX1:""zojwtor yooy zto tpddof wrgyzjm""->""teacher sees the hidden crystal"" [12] z=t,o=e,j=a,w=c,t=h,r=r,y=s,p=i,d=d,f=n,g=y,m=l
EX2:""zto yowroz zojwtor rojdy""->""the secret teacher reads"" [0] none
EX3:""uloof drojsy zto wlrpxly cog""->""queen dreams the curious key"" [5] u=q,l=u,s=m,x=o,c=k
EX4:""cpfv drjhy lfdor wjyzmo""->""king draws under castle"" [2] v=g,h=w
TOTAL:19/26

VOCAB_FILL
W1:rjnnpz pattern ra??it -> LOCK ""rabbit"" (candidates: rabbit)
W4:ypmior pattern sil?er -> LOCK ""silver"" (candidates: silver)
W5:klbbmo pattern ?u??le -> LOCK ""puzzle"" (candidates: turtle,puzzle)

VER
CROSS:4/4 examples decrypt with final table

DECRYPT
W1: rjnnpz
 r->r
 j->a
 n->b
 n->b
 p->i
 z->t
 = rabbit
W2: yzldpoy
 y->s
 z->t (W1)
 l->u
 d->d
 p->i (W1)
 o->e
 y->s
 = studies
W3: zto
 z->t (W1)
 t->h
 o->e (W2)
 = the
W4: ypmior
 y->s (W2)
 p->i (W1)
 m->l
 i->v
 o->e (W2)
 r->r (W1)
 = silver
W5: klbbmo
 k->p
 l->u (W2)
 b->z
 b->z
 m->l (W4)
 o->e (W2)
 = puzzle

CHECK
W1:""rabbit"" len=6Y alpha=Y vocab=Y gaps=N PASS
W2:""studies"" len=7Y alpha=Y vocab=Y gaps=N PASS
W3:""the"" len=3Y alpha=Y vocab=Y gaps=N PASS
W4:""silver"" len=6Y alpha=Y vocab=Y gaps=N PASS
W5:""puzzle"" len=6Y alpha=Y vocab=Y gaps=N PASS
ALL:PASS 5/5 words

ANS=rabbit studies the silver puzzle

\boxed{rabbit studies the silver puzzle}"
0c0adfe3,"In Alice's Wonderland, secret encryption rules are used on text. Here are some examples:
kisqly kmotlzxio pxoosqx -> dragon discovers message
fimytxoo oxxo vxglyk jlixoh -> princess sees beyond forest
hxstbxi jleeluo pxoosqx -> teacher follows message
umrsik kisuo hbx sytmxyh cxg -> wizard draws the ancient key
Now, decrypt the following text: umrsik kmotlzxio hbilnqb zmeesqx",wizard discovers through village,Text Encryption,"I identify this as a letter substitution cipher. I build a mapping from the examples, verify it, then decrypt the target word by word. I use the fixed answer vocabulary when the examples do not cover every letter. I ignore the flavor-text wrapper.

LEN
TGT:""umrsik kmotlzxio hbilnqb zmeesqx""
W1:6 W2:9 W3:7 W4:7

TABLE
EX1:""kisqly kmotlzxio pxoosqx""->""dragon discovers message"" [12] k=d,i=r,s=a,q=g,l=o,y=n,m=i,o=s,t=c,z=v,x=e,p=m
EX2:""fimytxoo oxxo vxglyk jlixoh""->""princess sees beyond forest"" [5] f=p,v=b,g=y,j=f,h=t
EX3:""hxstbxi jleeluo pxoosqx""->""teacher follows message"" [3] b=h,e=l,u=w
EX4:""umrsik kisuo hbx sytmxyh cxg""->""wizard draws the ancient key"" [2] r=z,c=k
TOTAL:22/26

VOCAB_FILL
W3:hbilnqb pattern thro?gh -> LOCK ""through"" (candidates: through)

VER
CROSS:4/4 examples decrypt with final table

DECRYPT
W1: umrsik
 u->w
 m->i
 r->z
 s->a
 i->r
 k->d
 = wizard
W2: kmotlzxio
 k->d (W1)
 m->i (W1)
 o->s
 t->c
 l->o
 z->v
 x->e
 i->r (W1)
 o->s
 = discovers
W3: hbilnqb
 h->t
 b->h
 i->r (W1)
 l->o (W2)
 n->u
 q->g
 b->h
 = through
W4: zmeesqx
 z->v (W2)
 m->i (W1)
 e->l
 e->l
 s->a (W1)
 q->g (W3)
 x->e (W2)
 = village

CHECK
W1:""wizard"" len=6Y alpha=Y vocab=Y gaps=N PASS
W2:""discovers"" len=9Y alpha=Y vocab=Y gaps=N PASS
W3:""through"" len=7Y alpha=Y vocab=Y gaps=N PASS
W4:""village"" len=7Y alpha=Y vocab=Y gaps=N PASS
ALL:PASS 4/4 words

ANS=wizard discovers through village

\boxed{wizard discovers through village}"
0c1ce16d,"In Alice's Wonderland, secret encryption rules are used on text. Here are some examples:
utof aebhi wnx htix qvvu -> king draws the wise book
ebqqtw hetwxi qxsvoa rblx -> rabbit writes beyond cave
jvcix aebhi resiwbk -> mouse draws crystal
uotfnw hbwrnxi wnx abeu resiwbk -> knight watches the dark crystal
wnx jsiwxetvci zcxxo tjbftoxi -> the mysterious queen imagines
Now, decrypt the following text: wxbrnxe aebhi bevcoa irnvvk",teacher draws around school,Text Encryption,"I identify this as a letter substitution cipher. I build a mapping from the examples, verify it, then decrypt the target word by word. I use the fixed answer vocabulary when the examples do not cover every letter. I ignore the flavor-text wrapper.

LEN
TGT:""wxbrnxe aebhi bevcoa irnvvk""
W1:7 W2:5 W3:6 W4:6

TABLE
EX1:""utof aebhi wnx htix qvvu""->""king draws the wise book"" [14] u=k,t=i,o=n,f=g,a=d,e=r,b=a,h=w,i=s,w=t,n=h,x=e,q=b,v=o
EX2:""ebqqtw hetwxi qxsvoa rblx""->""rabbit writes beyond cave"" [3] s=y,r=c,l=v
EX3:""jvcix aebhi resiwbk""->""mouse draws crystal"" [3] j=m,c=u,k=l
EX4:""uotfnw hbwrnxi wnx abeu resiwbk""->""knight watches the dark crystal"" [0] none
EX5:""wnx jsiwxetvci zcxxo tjbftoxi""->""the mysterious queen imagines"" [1] z=q
TOTAL:21/26

VOCAB_FILL
(no gaps; examples covered all target letters)

VER
CROSS:5/5 examples decrypt with final table

DECRYPT
W1: wxbrnxe
 w->t
 x->e
 b->a
 r->c
 n->h
 x->e
 e->r
 = teacher
W2: aebhi
 a->d
 e->r (W1)
 b->a (W1)
 h->w
 i->s
 = draws
W3: bevcoa
 b->a (W1)
 e->r (W1)
 v->o
 c->u
 o->n
 a->d (W2)
 = around
W4: irnvvk
 i->s (W2)
 r->c (W1)
 n->h (W1)
 v->o (W3)
 v->o (W3)
 k->l
 = school

CHECK
W1:""teacher"" len=7Y alpha=Y vocab=Y gaps=N PASS
W2:""draws"" len=5Y alpha=Y vocab=Y gaps=N PASS
W3:""around"" len=6Y alpha=Y vocab=Y gaps=N PASS
W4:""school"" len=6Y alpha=Y vocab=Y gaps=N PASS
ALL:PASS 4/4 words

ANS=teacher draws around school

\boxed{teacher draws around school}"
0c2243ff,"In Alice's Wonderland, secret encryption rules are used on text. Here are some examples:
qhfeldgg dpqijhdg fe qoiold -> princess explores in palace
kcd yzgkdhfjrg yjrgd vhdoyg -> the mysterious mouse dreams
afuohv vhoag ohjrev kjadh -> wizard draws around tower
kcd gkhoewd mfew gkrvfdg -> the strange king studies
Now, decrypt the following text: tfhv ahfkdg fegfvd wohvde",bird writes inside garden,Text Encryption,"I identify this as a letter substitution cipher. I build a mapping from the examples, verify it, then decrypt the target word by word. I use the fixed answer vocabulary when the examples do not cover every letter. I ignore the flavor-text wrapper.

LEN
TGT:""tfhv ahfkdg fegfvd wohvde""
W1:4 W2:6 W3:6 W4:6

TABLE
EX1:""qhfeldgg dpqijhdg fe qoiold""->""princess explores in palace"" [11] q=p,h=r,f=i,e=n,l=c,d=e,g=s,p=x,i=l,j=o,o=a
EX2:""kcd yzgkdhfjrg yjrgd vhdoyg""->""the mysterious mouse dreams"" [6] k=t,c=h,y=m,z=y,r=u,v=d
EX3:""afuohv vhoag ohjrev kjadh""->""wizard draws around tower"" [2] a=w,u=z
EX4:""kcd gkhoewd mfew gkrvfdg""->""the strange king studies"" [2] w=g,m=k
TOTAL:21/26

VOCAB_FILL
W1:tfhv pattern ?ird -> LOCK ""bird"" (candidates: bird)

VER
CROSS:4/4 examples decrypt with final table

DECRYPT
W1: tfhv
 t->b
 f->i
 h->r
 v->d
 = bird
W2: ahfkdg
 a->w
 h->r (W1)
 f->i (W1)
 k->t
 d->e
 g->s
 = writes
W3: fegfvd
 f->i (W1)
 e->n
 g->s (W2)
 f->i (W1)
 v->d (W1)
 d->e (W2)
 = inside
W4: wohvde
 w->g
 o->a
 h->r (W1)
 v->d (W1)
 d->e (W2)
 e->n (W3)
 = garden

CHECK
W1:""bird"" len=4Y alpha=Y vocab=Y gaps=N PASS
W2:""writes"" len=6Y alpha=Y vocab=Y gaps=N PASS
W3:""inside"" len=6Y alpha=Y vocab=Y gaps=N PASS
W4:""garden"" len=6Y alpha=Y vocab=Y gaps=N PASS
ALL:PASS 4/4 words

ANS=bird writes inside garden

\boxed{bird writes inside garden}"
0c93ecfc,"In Alice's Wonderland, secret encryption rules are used on text. Here are some examples:
cjvz zjxqdmavx nka sdtzau lfy -> bird discovers the golden map
nka kjzzau kfnnav qvafnax -> the hidden hatter creates
nka lgxnavjdpx zvfsdu vafzx -> the mysterious dragon reads
Now, decrypt the following text: wjus idttdhx nka xaqvan lfy",king follows the secret map,Text Encryption,"I identify this as a letter substitution cipher. I build a mapping from the examples, verify it, then decrypt the target word by word. I use the fixed answer vocabulary when the examples do not cover every letter. I ignore the flavor-text wrapper.

LEN
TGT:""wjus idttdhx nka xaqvan lfy""
W1:4 W2:7 W3:3 W4:6 W5:3

TABLE
EX1:""cjvz zjxqdmavx nka sdtzau lfy""->""bird discovers the golden map"" [17] c=b,j=i,v=r,z=d,x=s,q=c,d=o,m=v,a=e,n=t,k=h,s=g,t=l,u=n,l=m,f=a,y=p
EX2:""nka kjzzau kfnnav qvafnax""->""the hidden hatter creates"" [0] none
EX3:""nka lgxnavjdpx zvfsdu vafzx""->""the mysterious dragon reads"" [2] g=y,p=u
TOTAL:19/26

VOCAB_FILL
W1:wjus pattern ?ing -> LOCK ""king"" (candidates: king)
W2:idttdhx pattern ?ollo?s -> LOCK ""follows"" (candidates: follows)

VER
CROSS:3/3 examples decrypt with final table

DECRYPT
W1: wjus
 w->k
 j->i
 u->n
 s->g
 = king
W2: idttdhx
 i->f
 d->o
 t->l
 t->l
 d->o
 h->w
 x->s
 = follows
W3: nka
 n->t
 k->h
 a->e
 = the
W4: xaqvan
 x->s (W2)
 a->e (W3)
 q->c
 v->r
 a->e (W3)
 n->t (W3)
 = secret
W5: lfy
 l->m
 f->a
 y->p
 = map

CHECK
W1:""king"" len=4Y alpha=Y vocab=Y gaps=N PASS
W2:""follows"" len=7Y alpha=Y vocab=Y gaps=N PASS
W3:""the"" len=3Y alpha=Y vocab=Y gaps=N PASS
W4:""secret"" len=6Y alpha=Y vocab=Y gaps=N PASS
W5:""map"" len=3Y alpha=Y vocab=Y gaps=N PASS
ALL:PASS 5/5 words

ANS=king follows the secret map

\boxed{king follows the secret map}"
0ca688d9,"In Alice's Wonderland, secret encryption rules are used on text. Here are some examples:
wbsxtk unvqc ckanh -> knight draws story
kdnkpf cffc sb qabufnpvbu -> turtle sees in wonderland
nvggsk unfvoc ktf xapufb gaaw -> rabbit dreams the golden book
znsbyfcc ckdusfc ktf ydnsadc osnnan -> princess studies the curious mirror
Now, decrypt the following text: wsbx ckdusfc vnadbu zvpvyf",king studies around palace,Text Encryption,"I identify this as a letter substitution cipher. I build a mapping from the examples, verify it, then decrypt the target word by word. I use the fixed answer vocabulary when the examples do not cover every letter. I ignore the flavor-text wrapper.

LEN
TGT:""wsbx ckdusfc vnadbu zvpvyf""
W1:4 W2:7 W3:6 W4:6

TABLE
EX1:""wbsxtk unvqc ckanh""->""knight draws story"" [13] w=k,b=n,s=i,x=g,t=h,k=t,u=d,n=r,v=a,q=w,c=s,a=o,h=y
EX2:""kdnkpf cffc sb qabufnpvbu""->""turtle sees in wonderland"" [3] d=u,p=l,f=e
EX3:""nvggsk unfvoc ktf xapufb gaaw""->""rabbit dreams the golden book"" [2] g=b,o=m
EX4:""znsbyfcc ckdusfc ktf ydnsadc osnnan""->""princess studies the curious mirror"" [2] z=p,y=c
TOTAL:20/26

VOCAB_FILL
(no gaps; examples covered all target letters)

VER
CROSS:4/4 examples decrypt with final table

DECRYPT
W1: wsbx
 w->k
 s->i
 b->n
 x->g
 = king
W2: ckdusfc
 c->s
 k->t
 d->u
 u->d
 s->i (W1)
 f->e
 c->s
 = studies
W3: vnadbu
 v->a
 n->r
 a->o
 d->u (W2)
 b->n (W1)
 u->d (W2)
 = around
W4: zvpvyf
 z->p
 v->a (W3)
 p->l
 v->a (W3)
 y->c
 f->e (W2)
 = palace

CHECK
W1:""king"" len=4Y alpha=Y vocab=Y gaps=N PASS
W2:""studies"" len=7Y alpha=Y vocab=Y gaps=N PASS
W3:""around"" len=6Y alpha=Y vocab=Y gaps=N PASS
W4:""palace"" len=6Y alpha=Y vocab=Y gaps=N PASS
ALL:PASS 4/4 words

ANS=king studies around palace

\boxed{king studies around palace}"
0cb16796,"In Alice's Wonderland, secret encryption rules are used on text. Here are some examples:
vzdysn ucagpx ozuac nhtac -> knight dreams under tower
xnouazn ehozu nschoys ygcuaz -> student found through garden
sgnnac ehozu gihra nhtac -> hatter found above tower
Now, decrypt the following text: phoxa ajlqhcax iafhzu xmshhq",mouse explores beyond school,Text Encryption,"I identify this as a letter substitution cipher. I build a mapping from the examples, verify it, then decrypt the target word by word. I use the fixed answer vocabulary when the examples do not cover every letter. I ignore the flavor-text wrapper.

LEN
TGT:""phoxa ajlqhcax iafhzu xmshhq""
W1:5 W2:8 W3:6 W4:6

TABLE
EX1:""vzdysn ucagpx ozuac nhtac""->""knight dreams under tower"" [15] v=k,z=n,d=i,y=g,s=h,n=t,u=d,c=r,a=e,g=a,p=m,x=s,o=u,h=o,t=w
EX2:""xnouazn ehozu nschoys ygcuaz""->""student found through garden"" [1] e=f
EX3:""sgnnac ehozu gihra nhtac""->""hatter found above tower"" [2] i=b,r=v
TOTAL:18/26

VOCAB_FILL
W2:ajlqhcax pattern e???ores -> LOCK ""explores"" (candidates: explores)
W3:iafhzu pattern be?ond -> LOCK ""beyond"" (candidates: beyond)
W4:xmshhq pattern s?hoo? -> LOCK ""school"" (candidates: school)

VER
CROSS:3/3 examples decrypt with final table

DECRYPT
W1: phoxa
 p->m
 h->o
 o->u
 x->s
 a->e
 = mouse
W2: ajlqhcax
 a->e (W1)
 j->x
 l->p
 q->l
 h->o (W1)
 c->r
 a->e (W1)
 x->s (W1)
 = explores
W3: iafhzu
 i->b
 a->e (W1)
 f->y
 h->o (W1)
 z->n
 u->d
 = beyond
W4: xmshhq
 x->s (W1)
 m->c
 s->h
 h->o (W1)
 h->o (W1)
 q->l (W2)
 = school

CHECK
W1:""mouse"" len=5Y alpha=Y vocab=Y gaps=N PASS
W2:""explores"" len=8Y alpha=Y vocab=Y gaps=N PASS
W3:""beyond"" len=6Y alpha=Y vocab=Y gaps=N PASS
W4:""school"" len=6Y alpha=Y vocab=Y gaps=N PASS
ALL:PASS 4/4 words

ANS=mouse explores beyond school

\boxed{mouse explores beyond school}"
0cbdf547,"In Alice's Wonderland, secret encryption rules are used on text. Here are some examples:
riljpq bwofsa iofw nfko -> knight dreams near cave
rlij uwlqoa qpwexjp nfko -> king writes through cave
ulgfwb odtcewoa aonwoq -> wizard explores secret
mxooi wofba vozeib ueibowcfib -> queen reads beyond wonderland
Now, decrypt the following text: fclno ufqnpoa qpo vwljpq beew",alice watches the bright door,Text Encryption,"I identify this as a letter substitution cipher. I build a mapping from the examples, verify it, then decrypt the target word by word. I use the fixed answer vocabulary when the examples do not cover every letter. I ignore the flavor-text wrapper.

LEN
TGT:""fclno ufqnpoa qpo vwljpq beew""
W1:5 W2:7 W3:3 W4:6 W5:4

TABLE
EX1:""riljpq bwofsa iofw nfko""->""knight dreams near cave"" [14] r=k,i=n,l=i,j=g,p=h,q=t,b=d,w=r,o=e,f=a,s=m,a=s,n=c,k=v
EX2:""rlij uwlqoa qpwexjp nfko""->""king writes through cave"" [3] u=w,e=o,x=u
EX3:""ulgfwb odtcewoa aonwoq""->""wizard explores secret"" [4] g=z,d=x,t=p,c=l
EX4:""mxooi wofba vozeib ueibowcfib""->""queen reads beyond wonderland"" [3] m=q,v=b,z=y
TOTAL:24/26

VOCAB_FILL
(no gaps; examples covered all target letters)

VER
CROSS:4/4 examples decrypt with final table

DECRYPT
W1: fclno
 f->a
 c->l
 l->i
 n->c
 o->e
 = alice
W2: ufqnpoa
 u->w
 f->a (W1)
 q->t
 n->c (W1)
 p->h
 o->e (W1)
 a->s
 = watches
W3: qpo
 q->t (W2)
 p->h (W2)
 o->e (W1)
 = the
W4: vwljpq
 v->b
 w->r
 l->i (W1)
 j->g
 p->h (W2)
 q->t (W2)
 = bright
W5: beew
 b->d
 e->o
 e->o
 w->r (W4)
 = door

CHECK
W1:""alice"" len=5Y alpha=Y vocab=Y gaps=N PASS
W2:""watches"" len=7Y alpha=Y vocab=Y gaps=N PASS
W3:""the"" len=3Y alpha=Y vocab=Y gaps=N PASS
W4:""bright"" len=6Y alpha=Y vocab=Y gaps=N PASS
W5:""door"" len=4Y alpha=Y vocab=Y gaps=N PASS
ALL:PASS 5/5 words

ANS=alice watches the bright door

\boxed{alice watches the bright door}"
0d55039a,"In Alice's Wonderland, secret encryption rules are used on text. Here are some examples:
rxyefwoo owwo ujxbwe -> princess sees garden
iwjfcwx xwjbo icw fpwvwx zmxwoi -> teacher reads the clever forest
kyxb ygjuyewo icw ayow ujxbwe -> bird imagines the wise garden
Now, decrypt the following text: teyuci zmqeb qebwx zmxwoi",knight found under forest,Text Encryption,"I identify this as a letter substitution cipher. I build a mapping from the examples, verify it, then decrypt the target word by word. I use the fixed answer vocabulary when the examples do not cover every letter. I ignore the flavor-text wrapper.

LEN
TGT:""teyuci zmqeb qebwx zmxwoi""
W1:6 W2:5 W3:5 W4:6

TABLE
EX1:""rxyefwoo owwo ujxbwe""->""princess sees garden"" [10] r=p,x=r,y=i,e=n,f=c,w=e,o=s,u=g,j=a,b=d
EX2:""iwjfcwx xwjbo icw fpwvwx zmxwoi""->""teacher reads the clever forest"" [6] i=t,c=h,p=l,v=v,z=f,m=o
EX3:""kyxb ygjuyewo icw ayow ujxbwe""->""bird imagines the wise garden"" [3] k=b,g=m,a=w
TOTAL:19/26

VOCAB_FILL
W1:teyuci pattern ?night -> LOCK ""knight"" (candidates: knight)
W2:zmqeb pattern fo?nd -> LOCK ""found"" (candidates: found)
W3:qebwx pattern ?nder -> LOCK ""under"" (candidates: under)

VER
CROSS:3/3 examples decrypt with final table

DECRYPT
W1: teyuci
 t->k
 e->n
 y->i
 u->g
 c->h
 i->t
 = knight
W2: zmqeb
 z->f
 m->o
 q->u
 e->n (W1)
 b->d
 = found
W3: qebwx
 q->u (W2)
 e->n (W1)
 b->d (W2)
 w->e
 x->r
 = under
W4: zmxwoi
 z->f (W2)
 m->o (W2)
 x->r (W3)
 w->e (W3)
 o->s
 i->t (W1)
 = forest

CHECK
W1:""knight"" len=6Y alpha=Y vocab=Y gaps=N PASS
W2:""found"" len=5Y alpha=Y vocab=Y gaps=N PASS
W3:""under"" len=5Y alpha=Y vocab=Y gaps=N PASS
W4:""forest"" len=6Y alpha=Y vocab=Y gaps=N PASS
ALL:PASS 4/4 words

ANS=knight found under forest

\boxed{knight found under forest}"
0d6d428a,"In Alice's Wonderland, secret encryption rules are used on text. Here are some examples:
heg epffgs ztpjg mdvsf -> the hidden alice found
lspaeh gwbtdngc fddn -> knight explores door
rpnf ngzfc rgudsf mdngch -> bird reads beyond forest
Now, decrypt the following text: heg jtgign bnpsjgcc fngzyc",the clever princess dreams,Text Encryption,"I identify this as a letter substitution cipher. I build a mapping from the examples, verify it, then decrypt the target word by word. I use the fixed answer vocabulary when the examples do not cover every letter. I ignore the flavor-text wrapper.

LEN
TGT:""heg jtgign bnpsjgcc fngzyc""
W1:3 W2:6 W3:8 W4:6

TABLE
EX1:""heg epffgs ztpjg mdvsf""->""the hidden alice found"" [12] h=t,e=h,g=e,p=i,f=d,s=n,z=a,t=l,j=c,m=f,d=o,v=u
EX2:""lspaeh gwbtdngc fddn""->""knight explores door"" [6] l=k,a=g,w=x,b=p,n=r,c=s
EX3:""rpnf ngzfc rgudsf mdngch""->""bird reads beyond forest"" [2] r=b,u=y
TOTAL:20/26

VOCAB_FILL
W2:jtgign pattern cle?er -> LOCK ""clever"" (candidates: clever)
W4:fngzyc pattern drea?s -> LOCK ""dreams"" (candidates: dreams)

VER
CROSS:3/3 examples decrypt with final table

DECRYPT
W1: heg
 h->t
 e->h
 g->e
 = the
W2: jtgign
 j->c
 t->l
 g->e (W1)
 i->v
 g->e (W1)
 n->r
 = clever
W3: bnpsjgcc
 b->p
 n->r (W2)
 p->i
 s->n
 j->c (W2)
 g->e (W1)
 c->s
 c->s
 = princess
W4: fngzyc
 f->d
 n->r (W2)
 g->e (W1)
 z->a
 y->m
 c->s (W3)
 = dreams

CHECK
W1:""the"" len=3Y alpha=Y vocab=Y gaps=N PASS
W2:""clever"" len=6Y alpha=Y vocab=Y gaps=N PASS
W3:""princess"" len=8Y alpha=Y vocab=Y gaps=N PASS
W4:""dreams"" len=6Y alpha=Y vocab=Y gaps=N PASS
ALL:PASS 4/4 words

ANS=the clever princess dreams

\boxed{the clever princess dreams}"
0d7269a5,"In Alice's Wonderland, secret encryption rules are used on text. Here are some examples:
fycjso fsyrxq mjqrnx -> wizard writes castle
qrgoxkr oyqmauxsq rvx esybvr zyssas -> student discovers the bright mirror
qrgoxkr msxjrxq yk nyesjsp -> student creates in library
Now, decrypt the following text: osjbak mvjqxq rvx zjbymjn zji",dragon chases the magical map,Text Encryption,"I identify this as a letter substitution cipher. I build a mapping from the examples, verify it, then decrypt the target word by word. I use the fixed answer vocabulary when the examples do not cover every letter. I ignore the flavor-text wrapper.

LEN
TGT:""osjbak mvjqxq rvx zjbymjn zji""
W1:6 W2:6 W3:3 W4:7 W5:3

TABLE
EX1:""fycjso fsyrxq mjqrnx""->""wizard writes castle"" [11] f=w,y=i,c=z,j=a,s=r,o=d,r=t,x=e,q=s,m=c,n=l
EX2:""qrgoxkr oyqmauxsq rvx esybvr zyssas""->""student discovers the bright mirror"" [8] g=u,k=n,a=o,u=v,v=h,e=b,b=g,z=m
EX3:""qrgoxkr msxjrxq yk nyesjsp""->""student creates in library"" [1] p=y
TOTAL:20/26

VOCAB_FILL
W5:zji pattern ma? -> LOCK ""map"" (candidates: map)

VER
CROSS:3/3 examples decrypt with final table

DECRYPT
W1: osjbak
 o->d
 s->r
 j->a
 b->g
 a->o
 k->n
 = dragon
W2: mvjqxq
 m->c
 v->h
 j->a (W1)
 q->s
 x->e
 q->s
 = chases
W3: rvx
 r->t
 v->h (W2)
 x->e (W2)
 = the
W4: zjbymjn
 z->m
 j->a (W1)
 b->g (W1)
 y->i
 m->c (W2)
 j->a (W1)
 n->l
 = magical
W5: zji
 z->m (W4)
 j->a (W1)
 i->p
 = map

CHECK
W1:""dragon"" len=6Y alpha=Y vocab=Y gaps=N PASS
W2:""chases"" len=6Y alpha=Y vocab=Y gaps=N PASS
W3:""the"" len=3Y alpha=Y vocab=Y gaps=N PASS
W4:""magical"" len=7Y alpha=Y vocab=Y gaps=N PASS
W5:""map"" len=3Y alpha=Y vocab=Y gaps=N PASS
ALL:PASS 5/5 words

ANS=dragon chases the magical map

\boxed{dragon chases the magical map}"
0d753b10,"In Alice's Wonderland, secret encryption rules are used on text. Here are some examples:
qsmmh ofmwpn jwfomh -> queen dreams garden
wblvm dtbbtyn imatho dtfmnk -> alice follows beyond forest
ksfkbm dtbbtyn jwfomh -> turtle follows garden
Now, decrypt the following text: ofwjth ofwyn lhnlom glbbwjm",dragon draws inside village,Text Encryption,"I identify this as a letter substitution cipher. I build a mapping from the examples, verify it, then decrypt the target word by word. I use the fixed answer vocabulary when the examples do not cover every letter. I ignore the flavor-text wrapper.

LEN
TGT:""ofwjth ofwyn lhnlom glbbwjm""
W1:6 W2:5 W3:6 W4:7

TABLE
EX1:""qsmmh ofmwpn jwfomh""->""queen dreams garden"" [10] q=q,s=u,m=e,h=n,o=d,f=r,w=a,p=m,n=s,j=g
EX2:""wblvm dtbbtyn imatho dtfmnk""->""alice follows beyond forest"" [9] b=l,l=i,v=c,d=f,t=o,y=w,i=b,a=y,k=t
EX3:""ksfkbm dtbbtyn jwfomh""->""turtle follows garden"" [0] none
TOTAL:19/26

VOCAB_FILL
W4:glbbwjm pattern ?illage -> LOCK ""village"" (candidates: village)

VER
CROSS:3/3 examples decrypt with final table

DECRYPT
W1: ofwjth
 o->d
 f->r
 w->a
 j->g
 t->o
 h->n
 = dragon
W2: ofwyn
 o->d (W1)
 f->r (W1)
 w->a (W1)
 y->w
 n->s
 = draws
W3: lhnlom
 l->i
 h->n (W1)
 n->s (W2)
 l->i
 o->d (W1)
 m->e
 = inside
W4: glbbwjm
 g->v
 l->i (W3)
 b->l
 b->l
 w->a (W1)
 j->g (W1)
 m->e (W3)
 = village

CHECK
W1:""dragon"" len=6Y alpha=Y vocab=Y gaps=N PASS
W2:""draws"" len=5Y alpha=Y vocab=Y gaps=N PASS
W3:""inside"" len=6Y alpha=Y vocab=Y gaps=N PASS
W4:""village"" len=7Y alpha=Y vocab=Y gaps=N PASS
ALL:PASS 4/4 words

ANS=dragon draws inside village

\boxed{dragon draws inside village}"
0da71d35,"In Alice's Wonderland, secret encryption rules are used on text. Here are some examples:
jlf niin lusyzg olplji -> cat sees around palace
czxhkf ruxfin xz bsyzflxz -> knight writes in mountain
bsyni gxnjswiun fki jspsuvyp cia -> mouse discovers the colorful key
klffiu niin qssc -> hatter sees book
Now, decrypt the following text: gulhsz gulrn fki kxggiz juanflp",dragon draws the hidden crystal,Text Encryption,"I identify this as a letter substitution cipher. I build a mapping from the examples, verify it, then decrypt the target word by word. I use the fixed answer vocabulary when the examples do not cover every letter. I ignore the flavor-text wrapper.

LEN
TGT:""gulhsz gulrn fki kxggiz juanflp""
W1:6 W2:5 W3:3 W4:6 W5:7

TABLE
EX1:""jlf niin lusyzg olplji""->""cat sees around palace"" [12] j=c,l=a,f=t,n=s,i=e,u=r,s=o,y=u,z=n,g=d,o=p,p=l
EX2:""czxhkf ruxfin xz bsyzflxz""->""knight writes in mountain"" [6] c=k,x=i,h=g,k=h,r=w,b=m
EX3:""bsyni gxnjswiun fki jspsuvyp cia""->""mouse discovers the colorful key"" [3] w=v,v=f,a=y
EX4:""klffiu niin qssc""->""hatter sees book"" [1] q=b
TOTAL:22/26

VOCAB_FILL
(no gaps; examples covered all target letters)

VER
CROSS:4/4 examples decrypt with final table

DECRYPT
W1: gulhsz
 g->d
 u->r
 l->a
 h->g
 s->o
 z->n
 = dragon
W2: gulrn
 g->d (W1)
 u->r (W1)
 l->a (W1)
 r->w
 n->s
 = draws
W3: fki
 f->t
 k->h
 i->e
 = the
W4: kxggiz
 k->h (W3)
 x->i
 g->d (W1)
 g->d (W1)
 i->e (W3)
 z->n (W1)
 = hidden
W5: juanflp
 j->c
 u->r (W1)
 a->y
 n->s (W2)
 f->t (W3)
 l->a (W1)
 p->l
 = crystal

CHECK
W1:""dragon"" len=6Y alpha=Y vocab=Y gaps=N PASS
W2:""draws"" len=5Y alpha=Y vocab=Y gaps=N PASS
W3:""the"" len=3Y alpha=Y vocab=Y gaps=N PASS
W4:""hidden"" len=6Y alpha=Y vocab=Y gaps=N PASS
W5:""crystal"" len=7Y alpha=Y vocab=Y gaps=N PASS
ALL:PASS 5/5 words

ANS=dragon draws the hidden crystal

\boxed{dragon draws the hidden crystal}"
0dad87bf,"In Alice's Wonderland, secret encryption rules are used on text. Here are some examples:
xeh ksfgex yxbphdx qsfxhy -> the bright student writes
xbsxuh flvgfdhy kooc -> turtle imagines book
xeh nbsfoby lobyh nshvxhy -> the curious mouse creates
xeh pvsc qfjvsp qvxnehy -> the dark wizard watches
Now, decrypt the following text: xeh pvsc wsfdnhyy flvgfdhy",the dark princess imagines,Text Encryption,"I identify this as a letter substitution cipher. I build a mapping from the examples, verify it, then decrypt the target word by word. I use the fixed answer vocabulary when the examples do not cover every letter. I ignore the flavor-text wrapper.

LEN
TGT:""xeh pvsc wsfdnhyy flvgfdhy""
W1:3 W2:4 W3:8 W4:8

TABLE
EX1:""xeh ksfgex yxbphdx qsfxhy""->""the bright student writes"" [12] x=t,e=h,h=e,k=b,s=r,f=i,g=g,y=s,b=u,p=d,d=n,q=w
EX2:""xbsxuh flvgfdhy kooc""->""turtle imagines book"" [5] u=l,l=m,v=a,o=o,c=k
EX3:""xeh nbsfoby lobyh nshvxhy""->""the curious mouse creates"" [1] n=c
EX4:""xeh pvsc qfjvsp qvxnehy""->""the dark wizard watches"" [1] j=z
TOTAL:19/26

VOCAB_FILL
W3:wsfdnhyy pattern ?rincess -> LOCK ""princess"" (candidates: princess)

VER
CROSS:4/4 examples decrypt with final table

DECRYPT
W1: xeh
 x->t
 e->h
 h->e
 = the
W2: pvsc
 p->d
 v->a
 s->r
 c->k
 = dark
W3: wsfdnhyy
 w->p
 s->r (W2)
 f->i
 d->n
 n->c
 h->e (W1)
 y->s
 y->s
 = princess
W4: flvgfdhy
 f->i (W3)
 l->m
 v->a (W2)
 g->g
 f->i (W3)
 d->n (W3)
 h->e (W1)
 y->s (W3)
 = imagines

CHECK
W1:""the"" len=3Y alpha=Y vocab=Y gaps=N PASS
W2:""dark"" len=4Y alpha=Y vocab=Y gaps=N PASS
W3:""princess"" len=8Y alpha=Y vocab=Y gaps=N PASS
W4:""imagines"" len=8Y alpha=Y vocab=Y gaps=N PASS
ALL:PASS 4/4 words

ANS=the dark princess imagines

\boxed{the dark princess imagines}"
0dc5fa8a,"In Alice's Wonderland, secret encryption rules are used on text. Here are some examples:
ognk knfiwa udf tgaf piausf -> bird dreams the wise castle
isgpf affa wgnncn -> alice sees mirror
knibcr tngufa udf agshfn kccn -> dragon writes the silver door
Now, decrypt the following text: uynusf gwibgrfa udf dgkkfr piausf",turtle imagines the hidden castle,Text Encryption,"I identify this as a letter substitution cipher. I build a mapping from the examples, verify it, then decrypt the target word by word. I use the fixed answer vocabulary when the examples do not cover every letter. I ignore the flavor-text wrapper.

LEN
TGT:""uynusf gwibgrfa udf dgkkfr piausf""
W1:6 W2:8 W3:3 W4:6 W5:6

TABLE
EX1:""ognk knfiwa udf tgaf piausf""->""bird dreams the wise castle"" [13] o=b,g=i,n=r,k=d,f=e,i=a,w=m,a=s,u=t,d=h,t=w,p=c,s=l
EX2:""isgpf affa wgnncn""->""alice sees mirror"" [1] c=o
EX3:""knibcr tngufa udf agshfn kccn""->""dragon writes the silver door"" [3] b=g,r=n,h=v
TOTAL:17/26

VOCAB_FILL
W1:uynusf pattern t?rtle -> LOCK ""turtle"" (candidates: turtle)

VER
CROSS:3/3 examples decrypt with final table

DECRYPT
W1: uynusf
 u->t
 y->u
 n->r
 u->t
 s->l
 f->e
 = turtle
W2: gwibgrfa
 g->i
 w->m
 i->a
 b->g
 g->i
 r->n
 f->e (W1)
 a->s
 = imagines
W3: udf
 u->t (W1)
 d->h
 f->e (W1)
 = the
W4: dgkkfr
 d->h (W3)
 g->i (W2)
 k->d
 k->d
 f->e (W1)
 r->n (W2)
 = hidden
W5: piausf
 p->c
 i->a (W2)
 a->s (W2)
 u->t (W1)
 s->l (W1)
 f->e (W1)
 = castle

CHECK
W1:""turtle"" len=6Y alpha=Y vocab=Y gaps=N PASS
W2:""imagines"" len=8Y alpha=Y vocab=Y gaps=N PASS
W3:""the"" len=3Y alpha=Y vocab=Y gaps=N PASS
W4:""hidden"" len=6Y alpha=Y vocab=Y gaps=N PASS
W5:""castle"" len=6Y alpha=Y vocab=Y gaps=N PASS
ALL:PASS 5/5 words

ANS=turtle imagines the hidden castle

\boxed{turtle imagines the hidden castle}"
0de6c2ae,"In Alice's Wonderland, secret encryption rules are used on text. Here are some examples:
fil vlbolf ozmmrf rhzsrjlv -> the secret rabbit imagines
xjrsif bizvlv rjvrgl ctolvf -> knight chases inside forest
flzbilo ctqjg szoglj -> teacher found garden
Now, decrypt the following text: xjrsif gozev fil vfozjsl gtto",knight draws the strange door,Text Encryption,"I identify this as a letter substitution cipher. I build a mapping from the examples, verify it, then decrypt the target word by word. I use the fixed answer vocabulary when the examples do not cover every letter. I ignore the flavor-text wrapper.

LEN
TGT:""xjrsif gozev fil vfozjsl gtto""
W1:6 W2:5 W3:3 W4:7 W5:4

TABLE
EX1:""fil vlbolf ozmmrf rhzsrjlv""->""the secret rabbit imagines"" [12] f=t,i=h,l=e,v=s,b=c,o=r,z=a,m=b,r=i,h=m,s=g,j=n
EX2:""xjrsif bizvlv rjvrgl ctolvf""->""knight chases inside forest"" [4] x=k,g=d,c=f,t=o
EX3:""flzbilo ctqjg szoglj""->""teacher found garden"" [1] q=u
TOTAL:17/26

VOCAB_FILL
W2:gozev pattern dra?s -> LOCK ""draws"" (candidates: draws)

VER
CROSS:3/3 examples decrypt with final table

DECRYPT
W1: xjrsif
 x->k
 j->n
 r->i
 s->g
 i->h
 f->t
 = knight
W2: gozev
 g->d
 o->r
 z->a
 e->w
 v->s
 = draws
W3: fil
 f->t (W1)
 i->h (W1)
 l->e
 = the
W4: vfozjsl
 v->s (W2)
 f->t (W1)
 o->r (W2)
 z->a (W2)
 j->n (W1)
 s->g (W1)
 l->e (W3)
 = strange
W5: gtto
 g->d (W2)
 t->o
 t->o
 o->r (W2)
 = door

CHECK
W1:""knight"" len=6Y alpha=Y vocab=Y gaps=N PASS
W2:""draws"" len=5Y alpha=Y vocab=Y gaps=N PASS
W3:""the"" len=3Y alpha=Y vocab=Y gaps=N PASS
W4:""strange"" len=7Y alpha=Y vocab=Y gaps=N PASS
W5:""door"" len=4Y alpha=Y vocab=Y gaps=N PASS
ALL:PASS 5/5 words

ANS=knight draws the strange door

\boxed{knight draws the strange door}"
0e0b13ac,"In Alice's Wonderland, secret encryption rules are used on text. Here are some examples:
aql wcmxle ocdf kcwygxlew -> the silver king discovers
sblld kcwygxlew olj -> queen discovers key
abeaml igbdk aql qckkld uzt -> turtle found the hidden map
odcfqa cuzfcdlw igelwa -> knight imagines forest
ocdf kezrw pljgdk wyqggm -> king draws beyond school
Now, decrypt the following text: ocdf yelzalw zpgxl cwmzdk",king creates above island,Text Encryption,"I identify this as a letter substitution cipher. I build a mapping from the examples, verify it, then decrypt the target word by word. I use the fixed answer vocabulary when the examples do not cover every letter. I ignore the flavor-text wrapper.

LEN
TGT:""ocdf yelzalw zpgxl cwmzdk""
W1:4 W2:7 W3:5 W4:6

TABLE
EX1:""aql wcmxle ocdf kcwygxlew""->""the silver king discovers"" [14] a=t,q=h,l=e,w=s,c=i,m=l,x=v,e=r,o=k,d=n,f=g,k=d,y=c,g=o
EX2:""sblld kcwygxlew olj""->""queen discovers key"" [3] s=q,b=u,j=y
EX3:""abeaml igbdk aql qckkld uzt""->""turtle found the hidden map"" [4] i=f,u=m,z=a,t=p
EX4:""odcfqa cuzfcdlw igelwa""->""knight imagines forest"" [0] none
EX5:""ocdf kezrw pljgdk wyqggm""->""king draws beyond school"" [2] r=w,p=b
TOTAL:23/26

VOCAB_FILL
(no gaps; examples covered all target letters)

VER
CROSS:5/5 examples decrypt with final table

DECRYPT
W1: ocdf
 o->k
 c->i
 d->n
 f->g
 = king
W2: yelzalw
 y->c
 e->r
 l->e
 z->a
 a->t
 l->e
 w->s
 = creates
W3: zpgxl
 z->a (W2)
 p->b
 g->o
 x->v
 l->e (W2)
 = above
W4: cwmzdk
 c->i (W1)
 w->s (W2)
 m->l
 z->a (W2)
 d->n (W1)
 k->d
 = island

CHECK
W1:""king"" len=4Y alpha=Y vocab=Y gaps=N PASS
W2:""creates"" len=7Y alpha=Y vocab=Y gaps=N PASS
W3:""above"" len=5Y alpha=Y vocab=Y gaps=N PASS
W4:""island"" len=6Y alpha=Y vocab=Y gaps=N PASS
ALL:PASS 4/4 words

ANS=king creates above island

\boxed{king creates above island}"
0e25b790,"In Alice's Wonderland, secret encryption rules are used on text. Here are some examples:
vmbxf srfavx armbqs lmqsfrhaqs -> mouse dreams around wonderland
sranmq rfasx cuf wbrdmbx xcmrp -> dragon reads the curious story
ebffq rfasx cuf ldxf crfaxbrf -> queen reads the wise treasure
ldiars wuaxfx dq lmqsfrhaqs -> wizard chases in wonderland
Now, decrypt the following text: cuf xfwrfc jdqn tmhhmlx",the secret king follows,Text Encryption,"I identify this as a letter substitution cipher. I build a mapping from the examples, verify it, then decrypt the target word by word. I use the fixed answer vocabulary when the examples do not cover every letter. I ignore the flavor-text wrapper.

LEN
TGT:""cuf xfwrfc jdqn tmhhmlx""
W1:3 W2:6 W3:4 W4:7

TABLE
EX1:""vmbxf srfavx armbqs lmqsfrhaqs""->""mouse dreams around wonderland"" [11] v=m,m=o,b=u,x=s,f=e,s=d,r=r,a=a,q=n,l=w,h=l
EX2:""sranmq rfasx cuf wbrdmbx xcmrp""->""dragon reads the curious story"" [6] n=g,c=t,u=h,w=c,d=i,p=y
EX3:""ebffq rfasx cuf ldxf crfaxbrf""->""queen reads the wise treasure"" [1] e=q
EX4:""ldiars wuaxfx dq lmqsfrhaqs""->""wizard chases in wonderland"" [1] i=z
TOTAL:19/26

VOCAB_FILL
W3:jdqn pattern ?ing -> LOCK ""king"" (candidates: king)
W4:tmhhmlx pattern ?ollows -> LOCK ""follows"" (candidates: follows)

VER
CROSS:4/4 examples decrypt with final table

DECRYPT
W1: cuf
 c->t
 u->h
 f->e
 = the
W2: xfwrfc
 x->s
 f->e (W1)
 w->c
 r->r
 f->e (W1)
 c->t (W1)
 = secret
W3: jdqn
 j->k
 d->i
 q->n
 n->g
 = king
W4: tmhhmlx
 t->f
 m->o
 h->l
 h->l
 m->o
 l->w
 x->s (W2)
 = follows

CHECK
W1:""the"" len=3Y alpha=Y vocab=Y gaps=N PASS
W2:""secret"" len=6Y alpha=Y vocab=Y gaps=N PASS
W3:""king"" len=4Y alpha=Y vocab=Y gaps=N PASS
W4:""follows"" len=7Y alpha=Y vocab=Y gaps=N PASS
ALL:PASS 4/4 words

ANS=the secret king follows

\boxed{the secret king follows}"
0e46fd1d,"In Alice's Wonderland, secret encryption rules are used on text. Here are some examples:
edr nvuprz dxeerz bzrxyn -> the silver hatter dreams
edr yxkvjxu xuvjr bzxfn -> the magical alice draws
fvgxzb jdxnrn srhltb fltbrzuxtb -> wizard chases beyond wonderland
edr jurprz dxeerz ilatb -> the clever hatter found
ylanr neabvrn edr jazvlan kxzbrt -> mouse studies the curious garden
Now, decrypt the following text: edr jurprz neabrte jdxnrn",the clever student chases,Text Encryption,"I identify this as a letter substitution cipher. I build a mapping from the examples, verify it, then decrypt the target word by word. I use the fixed answer vocabulary when the examples do not cover every letter. I ignore the flavor-text wrapper.

LEN
TGT:""edr jurprz neabrte jdxnrn""
W1:3 W2:6 W3:7 W4:6

TABLE
EX1:""edr nvuprz dxeerz bzrxyn""->""the silver hatter dreams"" [11] e=t,d=h,r=e,n=s,v=i,u=l,p=v,z=r,x=a,b=d,y=m
EX2:""edr yxkvjxu xuvjr bzxfn""->""the magical alice draws"" [3] k=g,j=c,f=w
EX3:""fvgxzb jdxnrn srhltb fltbrzuxtb""->""wizard chases beyond wonderland"" [5] g=z,s=b,h=y,l=o,t=n
EX4:""edr jurprz dxeerz ilatb""->""the clever hatter found"" [2] i=f,a=u
EX5:""ylanr neabvrn edr jazvlan kxzbrt""->""mouse studies the curious garden"" [0] none
TOTAL:21/26

VOCAB_FILL
(no gaps; examples covered all target letters)

VER
CROSS:5/5 examples decrypt with final table

DECRYPT
W1: edr
 e->t
 d->h
 r->e
 = the
W2: jurprz
 j->c
 u->l
 r->e (W1)
 p->v
 r->e (W1)
 z->r
 = clever
W3: neabrte
 n->s
 e->t (W1)
 a->u
 b->d
 r->e (W1)
 t->n
 e->t (W1)
 = student
W4: jdxnrn
 j->c (W2)
 d->h (W1)
 x->a
 n->s (W3)
 r->e (W1)
 n->s (W3)
 = chases

CHECK
W1:""the"" len=3Y alpha=Y vocab=Y gaps=N PASS
W2:""clever"" len=6Y alpha=Y vocab=Y gaps=N PASS
W3:""student"" len=7Y alpha=Y vocab=Y gaps=N PASS
W4:""chases"" len=6Y alpha=Y vocab=Y gaps=N PASS
ALL:PASS 4/4 words

ANS=the clever student chases

\boxed{the clever student chases}"
0e865577,"In Alice's Wonderland, secret encryption rules are used on text. Here are some examples:
vxa nxavcyt acy ultaykdjzt ijjb -> cat watches the mysterious book
pkdfvytt duxqdfyt qxkwyf -> princess imagines garden
vxa nxavcyt acy uxqdvxm ijjb -> cat watches the magical book
acy tdmryk ayxvcyk kyxwt -> the silver teacher reads
azkamy tyyt ejkyta -> turtle sees forest
Now, decrypt the following text: ayxvcyk ejzfw acy tdmryk qxkwyf",teacher found the silver garden,Text Encryption,"I identify this as a letter substitution cipher. I build a mapping from the examples, verify it, then decrypt the target word by word. I use the fixed answer vocabulary when the examples do not cover every letter. I ignore the flavor-text wrapper.

LEN
TGT:""ayxvcyk ejzfw acy tdmryk qxkwyf""
W1:7 W2:5 W3:3 W4:6 W5:6

TABLE
EX1:""vxa nxavcyt acy ultaykdjzt ijjb""->""cat watches the mysterious book"" [15] v=c,x=a,a=t,n=w,c=h,y=e,t=s,u=m,l=y,k=r,d=i,j=o,z=u,i=b,b=k
EX2:""pkdfvytt duxqdfyt qxkwyf""->""princess imagines garden"" [4] p=p,f=n,q=g,w=d
EX3:""vxa nxavcyt acy uxqdvxm ijjb""->""cat watches the magical book"" [1] m=l
EX4:""acy tdmryk ayxvcyk kyxwt""->""the silver teacher reads"" [1] r=v
EX5:""azkamy tyyt ejkyta""->""turtle sees forest"" [1] e=f
TOTAL:22/26

VOCAB_FILL
(no gaps; examples covered all target letters)

VER
CROSS:5/5 examples decrypt with final table

DECRYPT
W1: ayxvcyk
 a->t
 y->e
 x->a
 v->c
 c->h
 y->e
 k->r
 = teacher
W2: ejzfw
 e->f
 j->o
 z->u
 f->n
 w->d
 = found
W3: acy
 a->t (W1)
 c->h (W1)
 y->e (W1)
 = the
W4: tdmryk
 t->s
 d->i
 m->l
 r->v
 y->e (W1)
 k->r (W1)
 = silver
W5: qxkwyf
 q->g
 x->a (W1)
 k->r (W1)
 w->d (W2)
 y->e (W1)
 f->n (W2)
 = garden

CHECK
W1:""teacher"" len=7Y alpha=Y vocab=Y gaps=N PASS
W2:""found"" len=5Y alpha=Y vocab=Y gaps=N PASS
W3:""the"" len=3Y alpha=Y vocab=Y gaps=N PASS
W4:""silver"" len=6Y alpha=Y vocab=Y gaps=N PASS
W5:""garden"" len=6Y alpha=Y vocab=Y gaps=N PASS
ALL:PASS 5/5 words

ANS=teacher found the silver garden

\boxed{teacher found the silver garden}"
0eba0e15,"In Alice's Wonderland, secret encryption rules are used on text. Here are some examples:
amu dzpu iqa roqdp -> the wise cat draws
amu hqlziqc roqlvt imqpup -> the magical dragon chases
amu dzpu ftzlma paxrzup -> the wise knight studies
amu icueuo iqa puup -> the clever cat sees
Now, decrypt the following text: amu yozlma axoacu dozaup",the bright turtle writes,Text Encryption,"I identify this as a letter substitution cipher. I build a mapping from the examples, verify it, then decrypt the target word by word. I use the fixed answer vocabulary when the examples do not cover every letter. I ignore the flavor-text wrapper.

LEN
TGT:""amu yozlma axoacu dozaup""
W1:3 W2:6 W3:6 W4:6

TABLE
EX1:""amu dzpu iqa roqdp""->""the wise cat draws"" [10] a=t,m=h,u=e,d=w,z=i,p=s,i=c,q=a,r=d,o=r
EX2:""amu hqlziqc roqlvt imqpup""->""the magical dragon chases"" [5] h=m,l=g,c=l,v=o,t=n
EX3:""amu dzpu ftzlma paxrzup""->""the wise knight studies"" [2] f=k,x=u
EX4:""amu icueuo iqa puup""->""the clever cat sees"" [1] e=v
TOTAL:18/26

VOCAB_FILL
W2:yozlma pattern ?right -> LOCK ""bright"" (candidates: bright)

VER
CROSS:4/4 examples decrypt with final table

DECRYPT
W1: amu
 a->t
 m->h
 u->e
 = the
W2: yozlma
 y->b
 o->r
 z->i
 l->g
 m->h (W1)
 a->t (W1)
 = bright
W3: axoacu
 a->t (W1)
 x->u
 o->r (W2)
 a->t (W1)
 c->l
 u->e (W1)
 = turtle
W4: dozaup
 d->w
 o->r (W2)
 z->i (W2)
 a->t (W1)
 u->e (W1)
 p->s
 = writes

CHECK
W1:""the"" len=3Y alpha=Y vocab=Y gaps=N PASS
W2:""bright"" len=6Y alpha=Y vocab=Y gaps=N PASS
W3:""turtle"" len=6Y alpha=Y vocab=Y gaps=N PASS
W4:""writes"" len=6Y alpha=Y vocab=Y gaps=N PASS
ALL:PASS 4/4 words

ANS=the bright turtle writes

\boxed{the bright turtle writes}"
0f2fa7dd,"In Alice's Wonderland, secret encryption rules are used on text. Here are some examples:
dulzf vfgrz dgy -> mouse reads map
ign quoouwz nvfgzlvf -> cat follows treasure
kgnnfv vfgrz nkvulmk uifgb -> hatter reads through ocean
wcjgvr qulbr zfivfn -> wizard found secret
gocif feyouvfz nkf xvcmkn dfzzgmf -> alice explores the bright message
Now, decrypt the following text: dulzf rvgwz nkvulmk dulbngcb",mouse draws through mountain,Text Encryption,"I identify this as a letter substitution cipher. I build a mapping from the examples, verify it, then decrypt the target word by word. I use the fixed answer vocabulary when the examples do not cover every letter. I ignore the flavor-text wrapper.

LEN
TGT:""dulzf rvgwz nkvulmk dulbngcb""
W1:5 W2:5 W3:7 W4:8

TABLE
EX1:""dulzf vfgrz dgy""->""mouse reads map"" [9] d=m,u=o,l=u,z=s,f=e,v=r,g=a,r=d,y=p
EX2:""ign quoouwz nvfgzlvf""->""cat follows treasure"" [5] i=c,n=t,q=f,o=l,w=w
EX3:""kgnnfv vfgrz nkvulmk uifgb""->""hatter reads through ocean"" [3] k=h,m=g,b=n
EX4:""wcjgvr qulbr zfivfn""->""wizard found secret"" [2] c=i,j=z
EX5:""gocif feyouvfz nkf xvcmkn dfzzgmf""->""alice explores the bright message"" [2] e=x,x=b
TOTAL:21/26

VOCAB_FILL
(no gaps; examples covered all target letters)

VER
CROSS:5/5 examples decrypt with final table

DECRYPT
W1: dulzf
 d->m
 u->o
 l->u
 z->s
 f->e
 = mouse
W2: rvgwz
 r->d
 v->r
 g->a
 w->w
 z->s (W1)
 = draws
W3: nkvulmk
 n->t
 k->h
 v->r (W2)
 u->o (W1)
 l->u (W1)
 m->g
 k->h
 = through
W4: dulbngcb
 d->m (W1)
 u->o (W1)
 l->u (W1)
 b->n
 n->t (W3)
 g->a (W2)
 c->i
 b->n
 = mountain

CHECK
W1:""mouse"" len=5Y alpha=Y vocab=Y gaps=N PASS
W2:""draws"" len=5Y alpha=Y vocab=Y gaps=N PASS
W3:""through"" len=7Y alpha=Y vocab=Y gaps=N PASS
W4:""mountain"" len=8Y alpha=Y vocab=Y gaps=N PASS
ALL:PASS 4/4 words

ANS=mouse draws through mountain

\boxed{mouse draws through mountain}"
0fa2efa8,"In Alice's Wonderland, secret encryption rules are used on text. Here are some examples:
zvhjqk fhgocebyg kqb jcnfbv uhyycy -> knight discovers the golden mirror
ucigb fyblug ivfby ehnnljb -> mouse dreams under village
kqb onbeby phdlyf fhgocebyg -> the clever wizard discovers
fyljcv fhgocebyg ivfby oleb -> dragon discovers under cave
kqb uljholn zvhjqk fyblug -> the magical knight dreams
Now, decrypt the following text: wibbv scnncpg kqb flyz zba",queen follows the dark key,Text Encryption,"I identify this as a letter substitution cipher. I build a mapping from the examples, verify it, then decrypt the target word by word. I use the fixed answer vocabulary when the examples do not cover every letter. I ignore the flavor-text wrapper.

LEN
TGT:""wibbv scnncpg kqb flyz zba""
W1:5 W2:7 W3:3 W4:4 W5:3

TABLE
EX1:""zvhjqk fhgocebyg kqb jcnfbv uhyycy""->""knight discovers the golden mirror"" [15] z=k,v=n,h=i,j=g,q=h,k=t,f=d,g=s,o=c,c=o,e=v,b=e,y=r,n=l,u=m
EX2:""ucigb fyblug ivfby ehnnljb""->""mouse dreams under village"" [2] i=u,l=a
EX3:""kqb onbeby phdlyf fhgocebyg""->""the clever wizard discovers"" [2] p=w,d=z
EX4:""fyljcv fhgocebyg ivfby oleb""->""dragon discovers under cave"" [0] none
EX5:""kqb uljholn zvhjqk fyblug""->""the magical knight dreams"" [0] none
TOTAL:19/26

VOCAB_FILL
W1:wibbv pattern ?ueen -> LOCK ""queen"" (candidates: queen)
W2:scnncpg pattern ?ollows -> LOCK ""follows"" (candidates: follows)
W5:zba pattern ke? -> LOCK ""key"" (candidates: key)

VER
CROSS:5/5 examples decrypt with final table

DECRYPT
W1: wibbv
 w->q
 i->u
 b->e
 b->e
 v->n
 = queen
W2: scnncpg
 s->f
 c->o
 n->l
 n->l
 c->o
 p->w
 g->s
 = follows
W3: kqb
 k->t
 q->h
 b->e (W1)
 = the
W4: flyz
 f->d
 l->a
 y->r
 z->k
 = dark
W5: zba
 z->k (W4)
 b->e (W1)
 a->y
 = key

CHECK
W1:""queen"" len=5Y alpha=Y vocab=Y gaps=N PASS
W2:""follows"" len=7Y alpha=Y vocab=Y gaps=N PASS
W3:""the"" len=3Y alpha=Y vocab=Y gaps=N PASS
W4:""dark"" len=4Y alpha=Y vocab=Y gaps=N PASS
W5:""key"" len=3Y alpha=Y vocab=Y gaps=N PASS
ALL:PASS 5/5 words

ANS=queen follows the dark key

\boxed{queen follows the dark key}"
0fa58210,"In Alice's Wonderland, secret encryption rules are used on text. Here are some examples:
pksdnr kidlkveu jecavr ldnrev -> wizard imagines beyond garden
hdy ewqzaneu ybe rdno uyanc -> cat explores the dark story
ndjjky gaxvr dnaxvr uhbaaz -> rabbit found around school
yedhben uyxrkeu ybe uyndvle qxssze -> teacher studies the strange puzzle
yxnyze rnediu qaykav -> turtle dreams potion
Now, decrypt the following text: ybe lazrev uyxrevy hbdueu",the golden student chases,Text Encryption,"I identify this as a letter substitution cipher. I build a mapping from the examples, verify it, then decrypt the target word by word. I use the fixed answer vocabulary when the examples do not cover every letter. I ignore the flavor-text wrapper.

LEN
TGT:""ybe lazrev uyxrevy hbdueu""
W1:3 W2:6 W3:7 W4:6

TABLE
EX1:""pksdnr kidlkveu jecavr ldnrev""->""wizard imagines beyond garden"" [14] p=w,k=i,s=z,d=a,n=r,r=d,i=m,l=g,v=n,e=e,u=s,j=b,c=y,a=o
EX2:""hdy ewqzaneu ybe rdno uyanc""->""cat explores the dark story"" [7] h=c,y=t,w=x,q=p,z=l,b=h,o=k
EX3:""ndjjky gaxvr dnaxvr uhbaaz""->""rabbit found around school"" [2] g=f,x=u
EX4:""yedhben uyxrkeu ybe uyndvle qxssze""->""teacher studies the strange puzzle"" [0] none
EX5:""yxnyze rnediu qaykav""->""turtle dreams potion"" [0] none
TOTAL:23/26

VOCAB_FILL
(no gaps; examples covered all target letters)

VER
CROSS:5/5 examples decrypt with final table

DECRYPT
W1: ybe
 y->t
 b->h
 e->e
 = the
W2: lazrev
 l->g
 a->o
 z->l
 r->d
 e->e (W1)
 v->n
 = golden
W3: uyxrevy
 u->s
 y->t (W1)
 x->u
 r->d (W2)
 e->e (W1)
 v->n (W2)
 y->t (W1)
 = student
W4: hbdueu
 h->c
 b->h (W1)
 d->a
 u->s (W3)
 e->e (W1)
 u->s (W3)
 = chases

CHECK
W1:""the"" len=3Y alpha=Y vocab=Y gaps=N PASS
W2:""golden"" len=6Y alpha=Y vocab=Y gaps=N PASS
W3:""student"" len=7Y alpha=Y vocab=Y gaps=N PASS
W4:""chases"" len=6Y alpha=Y vocab=Y gaps=N PASS
ALL:PASS 4/4 words

ANS=the golden student chases

\boxed{the golden student chases}"
0ff72554,"In Alice's Wonderland, secret encryption rules are used on text. Here are some examples:
tkg afvtgrqjev neggl wrybv -> the mysterious queen draws
terthg gcshjrgv tkg ayiqdyh dyvthg -> turtle explores the magical castle
pqli dkyvgv qlvqwg uqhhyig -> king chases inside village
tkg afvtgrqjev terthg vggv -> the mysterious turtle sees
Now, decrypt the following text: vtewglt mjhhjbv tkg dhgugr zjjp",student follows the clever book,Text Encryption,"I identify this as a letter substitution cipher. I build a mapping from the examples, verify it, then decrypt the target word by word. I use the fixed answer vocabulary when the examples do not cover every letter. I ignore the flavor-text wrapper.

LEN
TGT:""vtewglt mjhhjbv tkg dhgugr zjjp""
W1:7 W2:7 W3:3 W4:6 W5:4

TABLE
EX1:""tkg afvtgrqjev neggl wrybv""->""the mysterious queen draws"" [15] t=t,k=h,g=e,a=m,f=y,v=s,r=r,q=i,j=o,e=u,n=q,l=n,w=d,y=a,b=w
EX2:""terthg gcshjrgv tkg ayiqdyh dyvthg""->""turtle explores the magical castle"" [5] h=l,c=x,s=p,i=g,d=c
EX3:""pqli dkyvgv qlvqwg uqhhyig""->""king chases inside village"" [2] p=k,u=v
EX4:""tkg afvtgrqjev terthg vggv""->""the mysterious turtle sees"" [0] none
TOTAL:22/26

VOCAB_FILL
W2:mjhhjbv pattern ?ollows -> LOCK ""follows"" (candidates: follows)
W5:zjjp pattern ?ook -> LOCK ""book"" (candidates: book)

VER
CROSS:4/4 examples decrypt with final table

DECRYPT
W1: vtewglt
 v->s
 t->t
 e->u
 w->d
 g->e
 l->n
 t->t
 = student
W2: mjhhjbv
 m->f
 j->o
 h->l
 h->l
 j->o
 b->w
 v->s (W1)
 = follows
W3: tkg
 t->t (W1)
 k->h
 g->e (W1)
 = the
W4: dhgugr
 d->c
 h->l (W2)
 g->e (W1)
 u->v
 g->e (W1)
 r->r
 = clever
W5: zjjp
 z->b
 j->o (W2)
 j->o (W2)
 p->k
 = book

CHECK
W1:""student"" len=7Y alpha=Y vocab=Y gaps=N PASS
W2:""follows"" len=7Y alpha=Y vocab=Y gaps=N PASS
W3:""the"" len=3Y alpha=Y vocab=Y gaps=N PASS
W4:""clever"" len=6Y alpha=Y vocab=Y gaps=N PASS
W5:""book"" len=4Y alpha=Y vocab=Y gaps=N PASS
ALL:PASS 5/5 words

ANS=student follows the clever book

\boxed{student follows the clever book}"
100c650a,"In Alice's Wonderland, secret encryption rules are used on text. Here are some examples:
ngel rijjiwz dhx zdeauqx zdiec -> bird follows the strange story
tugqhd zxxz fazdjx -> knight sees castle
ngel fexadxz dhx laet pidgiu -> bird creates the dark potion
eanngd lexayz dhx yaqgfaj txc -> rabbit dreams the magical key
tguq gyaqguxz qaelxu -> king imagines garden
Now, decrypt the following text: eanngd fexadxz aeikul ifxau",rabbit creates around ocean,Text Encryption,"I identify this as a letter substitution cipher. I build a mapping from the examples, verify it, then decrypt the target word by word. I use the fixed answer vocabulary when the examples do not cover every letter. I ignore the flavor-text wrapper.

LEN
TGT:""eanngd fexadxz aeikul ifxau""
W1:6 W2:7 W3:6 W4:5

TABLE
EX1:""ngel rijjiwz dhx zdeauqx zdiec""->""bird follows the strange story"" [16] n=b,g=i,e=r,l=d,r=f,i=o,j=l,w=w,z=s,d=t,h=h,x=e,a=a,u=n,q=g,c=y
EX2:""tugqhd zxxz fazdjx""->""knight sees castle"" [2] t=k,f=c
EX3:""ngel fexadxz dhx laet pidgiu""->""bird creates the dark potion"" [1] p=p
EX4:""eanngd lexayz dhx yaqgfaj txc""->""rabbit dreams the magical key"" [1] y=m
EX5:""tguq gyaqguxz qaelxu""->""king imagines garden"" [0] none
TOTAL:20/26

VOCAB_FILL
W3:aeikul pattern aro?nd -> LOCK ""around"" (candidates: around)

VER
CROSS:5/5 examples decrypt with final table

DECRYPT
W1: eanngd
 e->r
 a->a
 n->b
 n->b
 g->i
 d->t
 = rabbit
W2: fexadxz
 f->c
 e->r (W1)
 x->e
 a->a (W1)
 d->t (W1)
 x->e
 z->s
 = creates
W3: aeikul
 a->a (W1)
 e->r (W1)
 i->o
 k->u
 u->n
 l->d
 = around
W4: ifxau
 i->o (W3)
 f->c (W2)
 x->e (W2)
 a->a (W1)
 u->n (W3)
 = ocean

CHECK
W1:""rabbit"" len=6Y alpha=Y vocab=Y gaps=N PASS
W2:""creates"" len=7Y alpha=Y vocab=Y gaps=N PASS
W3:""around"" len=6Y alpha=Y vocab=Y gaps=N PASS
W4:""ocean"" len=5Y alpha=Y vocab=Y gaps=N PASS
ALL:PASS 4/4 words

ANS=rabbit creates around ocean

\boxed{rabbit creates around ocean}"
103b4e09,"In Alice's Wonderland, secret encryption rules are used on text. Here are some examples:
gche mbvuwaf vwqiyew cfpbho -> king watches through island
lcqo uwbfaf sykkpa -> bird chases puzzle
mckbqo oqbmf habq pclqbqx -> wizard draws near library
bpcua atspiqaf yhoaq pclqbqx -> alice explores under library
vwa fcpraq qbllcv qabof -> the silver rabbit reads
Now, decrypt the following text: vabuwaq zippimf vwa mcfa oiiq",teacher follows the wise door,Text Encryption,"I identify this as a letter substitution cipher. I build a mapping from the examples, verify it, then decrypt the target word by word. I use the fixed answer vocabulary when the examples do not cover every letter. I ignore the flavor-text wrapper.

LEN
TGT:""vabuwaq zippimf vwa mcfa oiiq""
W1:7 W2:7 W3:3 W4:4 W5:4

TABLE
EX1:""gche mbvuwaf vwqiyew cfpbho""->""king watches through island"" [16] g=k,c=i,h=n,e=g,m=w,b=a,v=t,u=c,w=h,a=e,f=s,q=r,i=o,y=u,p=l,o=d
EX2:""lcqo uwbfaf sykkpa""->""bird chases puzzle"" [3] l=b,s=p,k=z
EX3:""mckbqo oqbmf habq pclqbqx""->""wizard draws near library"" [1] x=y
EX4:""bpcua atspiqaf yhoaq pclqbqx""->""alice explores under library"" [1] t=x
EX5:""vwa fcpraq qbllcv qabof""->""the silver rabbit reads"" [1] r=v
TOTAL:22/26

VOCAB_FILL
W2:zippimf pattern ?ollows -> LOCK ""follows"" (candidates: follows)

VER
CROSS:5/5 examples decrypt with final table

DECRYPT
W1: vabuwaq
 v->t
 a->e
 b->a
 u->c
 w->h
 a->e
 q->r
 = teacher
W2: zippimf
 z->f
 i->o
 p->l
 p->l
 i->o
 m->w
 f->s
 = follows
W3: vwa
 v->t (W1)
 w->h (W1)
 a->e (W1)
 = the
W4: mcfa
 m->w (W2)
 c->i
 f->s (W2)
 a->e (W1)
 = wise
W5: oiiq
 o->d
 i->o (W2)
 i->o (W2)
 q->r (W1)
 = door

CHECK
W1:""teacher"" len=7Y alpha=Y vocab=Y gaps=N PASS
W2:""follows"" len=7Y alpha=Y vocab=Y gaps=N PASS
W3:""the"" len=3Y alpha=Y vocab=Y gaps=N PASS
W4:""wise"" len=4Y alpha=Y vocab=Y gaps=N PASS
W5:""door"" len=4Y alpha=Y vocab=Y gaps=N PASS
ALL:PASS 5/5 words

ANS=teacher follows the wise door

\boxed{teacher follows the wise door}"
10899bee,"In Alice's Wonderland, secret encryption rules are used on text. Here are some examples:
htiil nktlu pfbuil -> queen found garden
fcgji qiiq oei jciwib obifqtbi -> alice sees the clever treasure
jfo ugqjkwibq oei xyqoibgktq xfs -> cat discovers the mysterious map
qotuilo nkcckrq nkbiqo -> student follows forest
Now, decrypt the following text: agbu rbgoiq skogkl",bird writes potion,Text Encryption,"I identify this as a letter substitution cipher. I build a mapping from the examples, verify it, then decrypt the target word by word. I use the fixed answer vocabulary when the examples do not cover every letter. I ignore the flavor-text wrapper.

LEN
TGT:""agbu rbgoiq skogkl""
W1:4 W2:6 W3:6

TABLE
EX1:""htiil nktlu pfbuil""->""queen found garden"" [10] h=q,t=u,i=e,l=n,n=f,k=o,u=d,p=g,f=a,b=r
EX2:""fcgji qiiq oei jciwib obifqtbi""->""alice sees the clever treasure"" [7] c=l,g=i,j=c,q=s,o=t,e=h,w=v
EX3:""jfo ugqjkwibq oei xyqoibgktq xfs""->""cat discovers the mysterious map"" [3] x=m,y=y,s=p
EX4:""qotuilo nkcckrq nkbiqo""->""student follows forest"" [1] r=w
TOTAL:21/26

VOCAB_FILL
W1:agbu pattern ?ird -> LOCK ""bird"" (candidates: bird)

VER
CROSS:4/4 examples decrypt with final table

DECRYPT
W1: agbu
 a->b
 g->i
 b->r
 u->d
 = bird
W2: rbgoiq
 r->w
 b->r (W1)
 g->i (W1)
 o->t
 i->e
 q->s
 = writes
W3: skogkl
 s->p
 k->o
 o->t (W2)
 g->i (W1)
 k->o
 l->n
 = potion

CHECK
W1:""bird"" len=4Y alpha=Y vocab=Y gaps=N PASS
W2:""writes"" len=6Y alpha=Y vocab=Y gaps=N PASS
W3:""potion"" len=6Y alpha=Y vocab=Y gaps=N PASS
ALL:PASS 3/3 words

ANS=bird writes potion

\boxed{bird writes potion}"
10a7cc36,"In Alice's Wonderland, secret encryption rules are used on text. Here are some examples:
rgcy jgfteibnf jeen -> king discovers door
jnvyec qemcj kvz -> dragon found map
rgcy fbbf cbvn secjbnwvcj -> king sees near wonderland
nvxxgd sngdbf gc igwwvyb -> rabbit writes in village
dob twbibn tvd tovfbf -> the clever cat chases
Now, decrypt the following text: dob twbibn jnvyec jnvsf",the clever dragon draws,Text Encryption,"I identify this as a letter substitution cipher. I build a mapping from the examples, verify it, then decrypt the target word by word. I use the fixed answer vocabulary when the examples do not cover every letter. I ignore the flavor-text wrapper.

LEN
TGT:""dob twbibn jnvyec jnvsf""
W1:3 W2:6 W3:6 W4:5

TABLE
EX1:""rgcy jgfteibnf jeen""->""king discovers door"" [11] r=k,g=i,c=n,y=g,j=d,f=s,t=c,e=o,i=v,b=e,n=r
EX2:""jnvyec qemcj kvz""->""dragon found map"" [5] v=a,q=f,m=u,k=m,z=p
EX3:""rgcy fbbf cbvn secjbnwvcj""->""king sees near wonderland"" [2] s=w,w=l
EX4:""nvxxgd sngdbf gc igwwvyb""->""rabbit writes in village"" [2] x=b,d=t
EX5:""dob twbibn tvd tovfbf""->""the clever cat chases"" [1] o=h
TOTAL:21/26

VOCAB_FILL
(no gaps; examples covered all target letters)

VER
CROSS:5/5 examples decrypt with final table

DECRYPT
W1: dob
 d->t
 o->h
 b->e
 = the
W2: twbibn
 t->c
 w->l
 b->e (W1)
 i->v
 b->e (W1)
 n->r
 = clever
W3: jnvyec
 j->d
 n->r (W2)
 v->a
 y->g
 e->o
 c->n
 = dragon
W4: jnvsf
 j->d (W3)
 n->r (W2)
 v->a (W3)
 s->w
 f->s
 = draws

CHECK
W1:""the"" len=3Y alpha=Y vocab=Y gaps=N PASS
W2:""clever"" len=6Y alpha=Y vocab=Y gaps=N PASS
W3:""dragon"" len=6Y alpha=Y vocab=Y gaps=N PASS
W4:""draws"" len=5Y alpha=Y vocab=Y gaps=N PASS
ALL:PASS 4/4 words

ANS=the clever dragon draws

\boxed{the clever dragon draws}"
10cac3bd,"In Alice's Wonderland, secret encryption rules are used on text. Here are some examples:
rvaagi whydf bvxiku -> rabbit found castle
agrf whkkhsx iou byrghyx whruxi -> bird follows the curious forest
iou mvtgbvk xiyfudi whydf -> the magical student found
vkgbu ruvfx mvp -> alice reads map
Now, decrypt the following text: agrf xiyfgux ahhe",bird studies book,Text Encryption,"I identify this as a letter substitution cipher. I build a mapping from the examples, verify it, then decrypt the target word by word. I use the fixed answer vocabulary when the examples do not cover every letter. I ignore the flavor-text wrapper.

LEN
TGT:""agrf xiyfgux ahhe""
W1:4 W2:7 W3:4

TABLE
EX1:""rvaagi whydf bvxiku""->""rabbit found castle"" [14] r=r,v=a,a=b,g=i,i=t,w=f,h=o,y=u,d=n,f=d,b=c,x=s,k=l,u=e
EX2:""agrf whkkhsx iou byrghyx whruxi""->""bird follows the curious forest"" [2] s=w,o=h
EX3:""iou mvtgbvk xiyfudi whydf""->""the magical student found"" [2] m=m,t=g
EX4:""vkgbu ruvfx mvp""->""alice reads map"" [1] p=p
TOTAL:19/26

VOCAB_FILL
W3:ahhe pattern boo? -> LOCK ""book"" (candidates: book)

VER
CROSS:4/4 examples decrypt with final table

DECRYPT
W1: agrf
 a->b
 g->i
 r->r
 f->d
 = bird
W2: xiyfgux
 x->s
 i->t
 y->u
 f->d (W1)
 g->i (W1)
 u->e
 x->s
 = studies
W3: ahhe
 a->b (W1)
 h->o
 h->o
 e->k
 = book

CHECK
W1:""bird"" len=4Y alpha=Y vocab=Y gaps=N PASS
W2:""studies"" len=7Y alpha=Y vocab=Y gaps=N PASS
W3:""book"" len=4Y alpha=Y vocab=Y gaps=N PASS
ALL:PASS 3/3 words

ANS=bird studies book

\boxed{bird studies book}"
10f1809a,"In Alice's Wonderland, secret encryption rules are used on text. Here are some examples:
ras brwegys nissg qerhasb -> the strange queen watches
cwdghsbb pvmmvqb cvrdvg -> princess follows potion
zgdyar pvigf kec -> knight found map
jdwf fweqb ras bshwsr ksbbeys -> bird draws the secret message
wejjdr fdbhvxswb rwsebiws -> rabbit discovers treasure
Now, decrypt the following text: her fweqb zst",cat draws key,Text Encryption,"I identify this as a letter substitution cipher. I build a mapping from the examples, verify it, then decrypt the target word by word. I use the fixed answer vocabulary when the examples do not cover every letter. I ignore the flavor-text wrapper.

LEN
TGT:""her fweqb zst""
W1:3 W2:5 W3:3

TABLE
EX1:""ras brwegys nissg qerhasb""->""the strange queen watches"" [12] r=t,a=h,s=e,b=s,w=r,e=a,g=n,y=g,n=q,i=u,q=w,h=c
EX2:""cwdghsbb pvmmvqb cvrdvg""->""princess follows potion"" [5] c=p,d=i,p=f,v=o,m=l
EX3:""zgdyar pvigf kec""->""knight found map"" [3] z=k,f=d,k=m
EX4:""jdwf fweqb ras bshwsr ksbbeys""->""bird draws the secret message"" [1] j=b
EX5:""wejjdr fdbhvxswb rwsebiws""->""rabbit discovers treasure"" [1] x=v
TOTAL:22/26

VOCAB_FILL
W3:zst pattern ke? -> LOCK ""key"" (candidates: key)

VER
CROSS:5/5 examples decrypt with final table

DECRYPT
W1: her
 h->c
 e->a
 r->t
 = cat
W2: fweqb
 f->d
 w->r
 e->a (W1)
 q->w
 b->s
 = draws
W3: zst
 z->k
 s->e
 t->y
 = key

CHECK
W1:""cat"" len=3Y alpha=Y vocab=Y gaps=N PASS
W2:""draws"" len=5Y alpha=Y vocab=Y gaps=N PASS
W3:""key"" len=3Y alpha=Y vocab=Y gaps=N PASS
ALL:PASS 3/3 words

ANS=cat draws key

\boxed{cat draws key}"
10f9fc82,"In Alice's Wonderland, secret encryption rules are used on text. Here are some examples:
vskyf yevufu lmfvuimf -> alice chases treasure
lef ysfcfm mvppkl ymfvlfu -> the clever rabbit creates
lef wzsafg xgkwel yevufu -> the golden knight chases
evllfm akuyzcfmu azzm -> hatter discovers door
diffg khvwkgfu lef okuf wvmafg -> queen imagines the wise garden
Now, decrypt the following text: lef ysfcfm limlsf khvwkgfu",the clever turtle imagines,Text Encryption,"I identify this as a letter substitution cipher. I build a mapping from the examples, verify it, then decrypt the target word by word. I use the fixed answer vocabulary when the examples do not cover every letter. I ignore the flavor-text wrapper.

LEN
TGT:""lef ysfcfm limlsf khvwkgfu""
W1:3 W2:6 W3:6 W4:8

TABLE
EX1:""vskyf yevufu lmfvuimf""->""alice chases treasure"" [10] v=a,s=l,k=i,y=c,f=e,e=h,u=s,l=t,m=r,i=u
EX2:""lef ysfcfm mvppkl ymfvlfu""->""the clever rabbit creates"" [2] c=v,p=b
EX3:""lef wzsafg xgkwel yevufu""->""the golden knight chases"" [5] w=g,z=o,a=d,g=n,x=k
EX4:""evllfm akuyzcfmu azzm""->""hatter discovers door"" [0] none
EX5:""diffg khvwkgfu lef okuf wvmafg""->""queen imagines the wise garden"" [3] d=q,h=m,o=w
TOTAL:20/26

VOCAB_FILL
(no gaps; examples covered all target letters)

VER
CROSS:5/5 examples decrypt with final table

DECRYPT
W1: lef
 l->t
 e->h
 f->e
 = the
W2: ysfcfm
 y->c
 s->l
 f->e (W1)
 c->v
 f->e (W1)
 m->r
 = clever
W3: limlsf
 l->t (W1)
 i->u
 m->r (W2)
 l->t (W1)
 s->l (W2)
 f->e (W1)
 = turtle
W4: khvwkgfu
 k->i
 h->m
 v->a
 w->g
 k->i
 g->n
 f->e (W1)
 u->s
 = imagines

CHECK
W1:""the"" len=3Y alpha=Y vocab=Y gaps=N PASS
W2:""clever"" len=6Y alpha=Y vocab=Y gaps=N PASS
W3:""turtle"" len=6Y alpha=Y vocab=Y gaps=N PASS
W4:""imagines"" len=8Y alpha=Y vocab=Y gaps=N PASS
ALL:PASS 4/4 words

ANS=the clever turtle imagines

\boxed{the clever turtle imagines}"
11084f88,"In Alice's Wonderland, secret encryption rules are used on text. Here are some examples:
lgd lwugdur hurrgzu -> cat creates message
tnoz wugsr dpwkjzp ygbbux -> king reads through valley
gbnlu swughr vjeebu -> alice dreams puzzle
Now, decrypt the following text: djwdbu swgcr rdkwx",turtle draws story,Text Encryption,"I identify this as a letter substitution cipher. I build a mapping from the examples, verify it, then decrypt the target word by word. I use the fixed answer vocabulary when the examples do not cover every letter. I ignore the flavor-text wrapper.

LEN
TGT:""djwdbu swgcr rdkwx""
W1:6 W2:5 W3:5

TABLE
EX1:""lgd lwugdur hurrgzu""->""cat creates message"" [8] l=c,g=a,d=t,w=r,u=e,r=s,h=m,z=g
EX2:""tnoz wugsr dpwkjzp ygbbux""->""king reads through valley"" [10] t=k,n=i,o=n,s=d,p=h,k=o,j=u,y=v,b=l,x=y
EX3:""gbnlu swughr vjeebu""->""alice dreams puzzle"" [2] v=p,e=z
TOTAL:20/26

VOCAB_FILL
W2:swgcr pattern dra?s -> LOCK ""draws"" (candidates: draws)

VER
CROSS:3/3 examples decrypt with final table

DECRYPT
W1: djwdbu
 d->t
 j->u
 w->r
 d->t
 b->l
 u->e
 = turtle
W2: swgcr
 s->d
 w->r (W1)
 g->a
 c->w
 r->s
 = draws
W3: rdkwx
 r->s (W2)
 d->t (W1)
 k->o
 w->r (W1)
 x->y
 = story

CHECK
W1:""turtle"" len=6Y alpha=Y vocab=Y gaps=N PASS
W2:""draws"" len=5Y alpha=Y vocab=Y gaps=N PASS
W3:""story"" len=5Y alpha=Y vocab=Y gaps=N PASS
ALL:PASS 3/3 words

ANS=turtle draws story

\boxed{turtle draws story}"
1111a663,"In Alice's Wonderland, secret encryption rules are used on text. Here are some examples:
fbyp ridxvtq dvt rbqt dytiqjyt -> bird watches the wise treasure
dvt qbehty sujqt qdjpbtq -> the silver mouse studies
xid bsikbmtq jmpty bqeimp -> cat imagines under island
pyikum ytipq dvt qdyimkt dytiqjyt -> dragon reads the strange treasure
Now, decrypt the following text: dvt qtxytd pyikum pyirq",the secret dragon draws,Text Encryption,"I identify this as a letter substitution cipher. I build a mapping from the examples, verify it, then decrypt the target word by word. I use the fixed answer vocabulary when the examples do not cover every letter. I ignore the flavor-text wrapper.

LEN
TGT:""dvt qtxytd pyikum pyirq""
W1:3 W2:6 W3:6 W4:5

TABLE
EX1:""fbyp ridxvtq dvt rbqt dytiqjyt""->""bird watches the wise treasure"" [12] f=b,b=i,y=r,p=d,r=w,i=a,d=t,x=c,v=h,t=e,q=s,j=u
EX2:""dvt qbehty sujqt qdjpbtq""->""the silver mouse studies"" [4] e=l,h=v,s=m,u=o
EX3:""xid bsikbmtq jmpty bqeimp""->""cat imagines under island"" [2] k=g,m=n
EX4:""pyikum ytipq dvt qdyimkt dytiqjyt""->""dragon reads the strange treasure"" [0] none
TOTAL:18/26

VOCAB_FILL
(no gaps; examples covered all target letters)

VER
CROSS:4/4 examples decrypt with final table

DECRYPT
W1: dvt
 d->t
 v->h
 t->e
 = the
W2: qtxytd
 q->s
 t->e (W1)
 x->c
 y->r
 t->e (W1)
 d->t (W1)
 = secret
W3: pyikum
 p->d
 y->r (W2)
 i->a
 k->g
 u->o
 m->n
 = dragon
W4: pyirq
 p->d (W3)
 y->r (W2)
 i->a (W3)
 r->w
 q->s (W2)
 = draws

CHECK
W1:""the"" len=3Y alpha=Y vocab=Y gaps=N PASS
W2:""secret"" len=6Y alpha=Y vocab=Y gaps=N PASS
W3:""dragon"" len=6Y alpha=Y vocab=Y gaps=N PASS
W4:""draws"" len=5Y alpha=Y vocab=Y gaps=N PASS
ALL:PASS 4/4 words

ANS=the secret dragon draws

\boxed{the secret dragon draws}"
111e5397,"In Alice's Wonderland, secret encryption rules are used on text. Here are some examples:
lnoedt sfiiflj xuz tedm bzjjeyz -> wizard follows the dark message
xrdxiz sfiiflj bev -> turtle follows map
xuz pizgzd bfrjz tdelj -> the clever mouse draws
xzepuzd dzetj sfdzjx -> teacher reads forest
einpz nbeynhzj xuz bqjxzdnfrj xdzejrdz -> alice imagines the mysterious treasure
Now, decrypt the following text: xuz yfitzh einpz tnjpfgzdj",the golden alice discovers,Text Encryption,"I identify this as a letter substitution cipher. I build a mapping from the examples, verify it, then decrypt the target word by word. I use the fixed answer vocabulary when the examples do not cover every letter. I ignore the flavor-text wrapper.

LEN
TGT:""xuz yfitzh einpz tnjpfgzdj""
W1:3 W2:6 W3:5 W4:9

TABLE
EX1:""lnoedt sfiiflj xuz tedm bzjjeyz""->""wizard follows the dark message"" [16] l=w,n=i,o=z,e=a,d=r,t=d,s=f,f=o,i=l,j=s,x=t,u=h,z=e,m=k,b=m,y=g
EX2:""xrdxiz sfiiflj bev""->""turtle follows map"" [2] r=u,v=p
EX3:""xuz pizgzd bfrjz tdelj""->""the clever mouse draws"" [2] p=c,g=v
EX4:""xzepuzd dzetj sfdzjx""->""teacher reads forest"" [0] none
EX5:""einpz nbeynhzj xuz bqjxzdnfrj xdzejrdz""->""alice imagines the mysterious treasure"" [2] h=n,q=y
TOTAL:22/26

VOCAB_FILL
(no gaps; examples covered all target letters)

VER
CROSS:5/5 examples decrypt with final table

DECRYPT
W1: xuz
 x->t
 u->h
 z->e
 = the
W2: yfitzh
 y->g
 f->o
 i->l
 t->d
 z->e (W1)
 h->n
 = golden
W3: einpz
 e->a
 i->l (W2)
 n->i
 p->c
 z->e (W1)
 = alice
W4: tnjpfgzdj
 t->d (W2)
 n->i (W3)
 j->s
 p->c (W3)
 f->o (W2)
 g->v
 z->e (W1)
 d->r
 j->s
 = discovers

CHECK
W1:""the"" len=3Y alpha=Y vocab=Y gaps=N PASS
W2:""golden"" len=6Y alpha=Y vocab=Y gaps=N PASS
W3:""alice"" len=5Y alpha=Y vocab=Y gaps=N PASS
W4:""discovers"" len=9Y alpha=Y vocab=Y gaps=N PASS
ALL:PASS 4/4 words

ANS=the golden alice discovers

\boxed{the golden alice discovers}"
11324eed,"In Alice's Wonderland, secret encryption rules are used on text. Here are some examples:
mczkqf fceoanlqe kqaysf aolks -> wizard discovers around ocean
wrl dqcprw qkddcw fqkme -> the bright rabbit draws
tylls cukpcsle daax -> queen imagines book
mczkqf cukpcsle daax -> wizard imagines book
Now, decrypt the following text: kvcol fceoanlqe kdanl ikvkol",alice discovers above palace,Text Encryption,"I identify this as a letter substitution cipher. I build a mapping from the examples, verify it, then decrypt the target word by word. I use the fixed answer vocabulary when the examples do not cover every letter. I ignore the flavor-text wrapper.

LEN
TGT:""kvcol fceoanlqe kdanl ikvkol""
W1:5 W2:9 W3:5 W4:6

TABLE
EX1:""mczkqf fceoanlqe kqaysf aolks""->""wizard discovers around ocean"" [13] m=w,c=i,z=z,k=a,q=r,f=d,e=s,o=c,a=o,n=v,l=e,y=u,s=n
EX2:""wrl dqcprw qkddcw fqkme""->""the bright rabbit draws"" [4] w=t,r=h,d=b,p=g
EX3:""tylls cukpcsle daax""->""queen imagines book"" [3] t=q,u=m,x=k
EX4:""mczkqf cukpcsle daax""->""wizard imagines book"" [0] none
TOTAL:20/26

VOCAB_FILL
W1:kvcol pattern a?ice -> LOCK ""alice"" (candidates: alice)
W4:ikvkol pattern ?a?ace -> LOCK ""palace"" (candidates: palace)

VER
CROSS:4/4 examples decrypt with final table

DECRYPT
W1: kvcol
 k->a
 v->l
 c->i
 o->c
 l->e
 = alice
W2: fceoanlqe
 f->d
 c->i (W1)
 e->s
 o->c (W1)
 a->o
 n->v
 l->e (W1)
 q->r
 e->s
 = discovers
W3: kdanl
 k->a (W1)
 d->b
 a->o (W2)
 n->v (W2)
 l->e (W1)
 = above
W4: ikvkol
 i->p
 k->a (W1)
 v->l (W1)
 k->a (W1)
 o->c (W1)
 l->e (W1)
 = palace

CHECK
W1:""alice"" len=5Y alpha=Y vocab=Y gaps=N PASS
W2:""discovers"" len=9Y alpha=Y vocab=Y gaps=N PASS
W3:""above"" len=5Y alpha=Y vocab=Y gaps=N PASS
W4:""palace"" len=6Y alpha=Y vocab=Y gaps=N PASS
ALL:PASS 4/4 words

ANS=alice discovers above palace

\boxed{alice discovers above palace}"
1135c3bb,"In Alice's Wonderland, secret encryption rules are used on text. Here are some examples:
rklloy uoou lro vxuloyacnu eox -> hatter sees the mysterious key
lokmroy ulntaou lyokunyo -> teacher studies treasure
zyahmouu ulntaou kycnht gaqykyx -> princess studies around library
lro vxuloyacnu lnylgo syalou -> the mysterious turtle writes
lro uomyol lnylgo tyokvu -> the secret turtle dreams
Now, decrypt the following text: qayt myoklou kqcjo mkulgo",bird creates above castle,Text Encryption,"I identify this as a letter substitution cipher. I build a mapping from the examples, verify it, then decrypt the target word by word. I use the fixed answer vocabulary when the examples do not cover every letter. I ignore the flavor-text wrapper.

LEN
TGT:""qayt myoklou kqcjo mkulgo""
W1:4 W2:7 W3:5 W4:6

TABLE
EX1:""rklloy uoou lro vxuloyacnu eox""->""hatter sees the mysterious key"" [12] r=h,k=a,l=t,o=e,y=r,u=s,v=m,x=y,a=i,c=o,n=u,e=k
EX2:""lokmroy ulntaou lyokunyo""->""teacher studies treasure"" [2] m=c,t=d
EX3:""zyahmouu ulntaou kycnht gaqykyx""->""princess studies around library"" [4] z=p,h=n,g=l,q=b
EX4:""lro vxuloyacnu lnylgo syalou""->""the mysterious turtle writes"" [1] s=w
EX5:""lro uomyol lnylgo tyokvu""->""the secret turtle dreams"" [0] none
TOTAL:19/26

VOCAB_FILL
W3:kqcjo pattern abo?e -> LOCK ""above"" (candidates: above)

VER
CROSS:5/5 examples decrypt with final table

DECRYPT
W1: qayt
 q->b
 a->i
 y->r
 t->d
 = bird
W2: myoklou
 m->c
 y->r (W1)
 o->e
 k->a
 l->t
 o->e
 u->s
 = creates
W3: kqcjo
 k->a (W2)
 q->b (W1)
 c->o
 j->v
 o->e (W2)
 = above
W4: mkulgo
 m->c (W2)
 k->a (W2)
 u->s (W2)
 l->t (W2)
 g->l
 o->e (W2)
 = castle

CHECK
W1:""bird"" len=4Y alpha=Y vocab=Y gaps=N PASS
W2:""creates"" len=7Y alpha=Y vocab=Y gaps=N PASS
W3:""above"" len=5Y alpha=Y vocab=Y gaps=N PASS
W4:""castle"" len=6Y alpha=Y vocab=Y gaps=N PASS
ALL:PASS 4/4 words

ANS=bird creates above castle

\boxed{bird creates above castle}"
1149ec8f,"In Alice's Wonderland, secret encryption rules are used on text. Here are some examples:
blkiap qafmem pawdnia pdvew -> knight chases through tower
cdnme qafmem pae akssel ckwwdw -> mouse chases the hidden mirror
mpnselp qwefpem pwefmnwe -> student creates treasure
vkufws swefcm pae akssel meqwep -> wizard dreams the hidden secret
swfidl vwkpem qfmpze -> dragon writes castle
Now, decrypt the following text: cdnme qafmem hdwemp",mouse chases forest,Text Encryption,"I identify this as a letter substitution cipher. I build a mapping from the examples, verify it, then decrypt the target word by word. I use the fixed answer vocabulary when the examples do not cover every letter. I ignore the flavor-text wrapper.

LEN
TGT:""cdnme qafmem hdwemp""
W1:5 W2:6 W3:6

TABLE
EX1:""blkiap qafmem pawdnia pdvew""->""knight chases through tower"" [14] b=k,l=n,k=i,i=g,a=h,p=t,q=c,f=a,m=s,e=e,w=r,d=o,n=u,v=w
EX2:""cdnme qafmem pae akssel ckwwdw""->""mouse chases the hidden mirror"" [2] c=m,s=d
EX3:""mpnselp qwefpem pwefmnwe""->""student creates treasure"" [0] none
EX4:""vkufws swefcm pae akssel meqwep""->""wizard dreams the hidden secret"" [1] u=z
EX5:""swfidl vwkpem qfmpze""->""dragon writes castle"" [1] z=l
TOTAL:18/26

VOCAB_FILL
W3:hdwemp pattern ?orest -> LOCK ""forest"" (candidates: forest)

VER
CROSS:5/5 examples decrypt with final table

DECRYPT
W1: cdnme
 c->m
 d->o
 n->u
 m->s
 e->e
 = mouse
W2: qafmem
 q->c
 a->h
 f->a
 m->s (W1)
 e->e (W1)
 m->s (W1)
 = chases
W3: hdwemp
 h->f
 d->o (W1)
 w->r
 e->e (W1)
 m->s (W1)
 p->t
 = forest

CHECK
W1:""mouse"" len=5Y alpha=Y vocab=Y gaps=N PASS
W2:""chases"" len=6Y alpha=Y vocab=Y gaps=N PASS
W3:""forest"" len=6Y alpha=Y vocab=Y gaps=N PASS
ALL:PASS 3/3 words

ANS=mouse chases forest

\boxed{mouse chases forest}"
11538779,"In Alice's Wonderland, secret encryption rules are used on text. Here are some examples:
gln mgvorsn iutmn yutra -> the strange mouse found
fwrs wioswrnm cvdmgoq -> king imagines crystal
gln suqanr cog yuqqupm -> the golden cat follows
avosur mgtawnm gln lwaanr jtxxqn -> dragon studies the hidden puzzle
Now, decrypt the following text: gtvgqn pogclnm gln cuquvytq mguvd",turtle watches the colorful story,Text Encryption,"I identify this as a letter substitution cipher. I build a mapping from the examples, verify it, then decrypt the target word by word. I use the fixed answer vocabulary when the examples do not cover every letter. I ignore the flavor-text wrapper.

LEN
TGT:""gtvgqn pogclnm gln cuquvytq mguvd""
W1:6 W2:7 W3:3 W4:8 W5:5

TABLE
EX1:""gln mgvorsn iutmn yutra""->""the strange mouse found"" [13] g=t,l=h,n=e,m=s,v=r,o=a,r=n,s=g,i=m,u=o,t=u,y=f,a=d
EX2:""fwrs wioswrnm cvdmgoq""->""king imagines crystal"" [5] f=k,w=i,c=c,d=y,q=l
EX3:""gln suqanr cog yuqqupm""->""the golden cat follows"" [1] p=w
EX4:""avosur mgtawnm gln lwaanr jtxxqn""->""dragon studies the hidden puzzle"" [2] j=p,x=z
TOTAL:21/26

VOCAB_FILL
(no gaps; examples covered all target letters)

VER
CROSS:4/4 examples decrypt with final table

DECRYPT
W1: gtvgqn
 g->t
 t->u
 v->r
 g->t
 q->l
 n->e
 = turtle
W2: pogclnm
 p->w
 o->a
 g->t (W1)
 c->c
 l->h
 n->e (W1)
 m->s
 = watches
W3: gln
 g->t (W1)
 l->h (W2)
 n->e (W1)
 = the
W4: cuquvytq
 c->c (W2)
 u->o
 q->l (W1)
 u->o
 v->r (W1)
 y->f
 t->u (W1)
 q->l (W1)
 = colorful
W5: mguvd
 m->s (W2)
 g->t (W1)
 u->o (W4)
 v->r (W1)
 d->y
 = story

CHECK
W1:""turtle"" len=6Y alpha=Y vocab=Y gaps=N PASS
W2:""watches"" len=7Y alpha=Y vocab=Y gaps=N PASS
W3:""the"" len=3Y alpha=Y vocab=Y gaps=N PASS
W4:""colorful"" len=8Y alpha=Y vocab=Y gaps=N PASS
W5:""story"" len=5Y alpha=Y vocab=Y gaps=N PASS
ALL:PASS 5/5 words

ANS=turtle watches the colorful story

\boxed{turtle watches the colorful story}"
115de3e2,"In Alice's Wonderland, secret encryption rules are used on text. Here are some examples:
xtpcs rjwqc usitlr dwhs -> mouse draws beyond cave
zswdesj rjwqc rttj -> teacher draws door
qonwjr qwzdesc gtjscz -> wizard watches forest
zswdesj dewcsc djiczwv -> teacher chases crystal
Now, decrypt the following text: zes dtvtjgpv mjoldscc rocdthsjc",the colorful princess discovers,Text Encryption,"I identify this as a letter substitution cipher. I build a mapping from the examples, verify it, then decrypt the target word by word. I use the fixed answer vocabulary when the examples do not cover every letter. I ignore the flavor-text wrapper.

LEN
TGT:""zes dtvtjgpv mjoldscc rocdthsjc""
W1:3 W2:8 W3:8 W4:9

TABLE
EX1:""xtpcs rjwqc usitlr dwhs""->""mouse draws beyond cave"" [14] x=m,t=o,p=u,c=s,s=e,r=d,j=r,w=a,q=w,u=b,i=y,l=n,d=c,h=v
EX2:""zswdesj rjwqc rttj""->""teacher draws door"" [2] z=t,e=h
EX3:""qonwjr qwzdesc gtjscz""->""wizard watches forest"" [3] o=i,n=z,g=f
EX4:""zswdesj dewcsc djiczwv""->""teacher chases crystal"" [1] v=l
TOTAL:20/26

VOCAB_FILL
W3:mjoldscc pattern ?rincess -> LOCK ""princess"" (candidates: princess)

VER
CROSS:4/4 examples decrypt with final table

DECRYPT
W1: zes
 z->t
 e->h
 s->e
 = the
W2: dtvtjgpv
 d->c
 t->o
 v->l
 t->o
 j->r
 g->f
 p->u
 v->l
 = colorful
W3: mjoldscc
 m->p
 j->r (W2)
 o->i
 l->n
 d->c (W2)
 s->e (W1)
 c->s
 c->s
 = princess
W4: rocdthsjc
 r->d
 o->i (W3)
 c->s (W3)
 d->c (W2)
 t->o (W2)
 h->v
 s->e (W1)
 j->r (W2)
 c->s (W3)
 = discovers

CHECK
W1:""the"" len=3Y alpha=Y vocab=Y gaps=N PASS
W2:""colorful"" len=8Y alpha=Y vocab=Y gaps=N PASS
W3:""princess"" len=8Y alpha=Y vocab=Y gaps=N PASS
W4:""discovers"" len=9Y alpha=Y vocab=Y gaps=N PASS
ALL:PASS 4/4 words

ANS=the colorful princess discovers

\boxed{the colorful princess discovers}"
11a8af02,"In Alice's Wonderland, secret encryption rules are used on text. Here are some examples:
butwgx zyrdhgzo cfz ozpgzc ozpgzc -> wizard explores the secret secret
cngcdz gzwxo pwocdz -> turtle reads castle
lhnoz pgzwczo cfz wspuzsc ehhk -> mouse creates the ancient book
Now, decrypt the following text: ocnxzsc xuophjzgo nsxzg chbzg",student discovers under tower,Text Encryption,"I identify this as a letter substitution cipher. I build a mapping from the examples, verify it, then decrypt the target word by word. I use the fixed answer vocabulary when the examples do not cover every letter. I ignore the flavor-text wrapper.

LEN
TGT:""ocnxzsc xuophjzgo nsxzg chbzg""
W1:7 W2:9 W3:5 W4:5

TABLE
EX1:""butwgx zyrdhgzo cfz ozpgzc ozpgzc""->""wizard explores the secret secret"" [15] b=w,u=i,t=z,w=a,g=r,x=d,z=e,y=x,r=p,d=l,h=o,o=s,c=t,f=h,p=c
EX2:""cngcdz gzwxo pwocdz""->""turtle reads castle"" [1] n=u
EX3:""lhnoz pgzwczo cfz wspuzsc ehhk""->""mouse creates the ancient book"" [4] l=m,s=n,e=b,k=k
TOTAL:20/26

VOCAB_FILL
W2:xuophjzgo pattern disco?ers -> LOCK ""discovers"" (candidates: discovers)

VER
CROSS:3/3 examples decrypt with final table

DECRYPT
W1: ocnxzsc
 o->s
 c->t
 n->u
 x->d
 z->e
 s->n
 c->t
 = student
W2: xuophjzgo
 x->d (W1)
 u->i
 o->s (W1)
 p->c
 h->o
 j->v
 z->e (W1)
 g->r
 o->s (W1)
 = discovers
W3: nsxzg
 n->u (W1)
 s->n (W1)
 x->d (W1)
 z->e (W1)
 g->r (W2)
 = under
W4: chbzg
 c->t (W1)
 h->o (W2)
 b->w
 z->e (W1)
 g->r (W2)
 = tower

CHECK
W1:""student"" len=7Y alpha=Y vocab=Y gaps=N PASS
W2:""discovers"" len=9Y alpha=Y vocab=Y gaps=N PASS
W3:""under"" len=5Y alpha=Y vocab=Y gaps=N PASS
W4:""tower"" len=5Y alpha=Y vocab=Y gaps=N PASS
ALL:PASS 4/4 words

ANS=student discovers under tower

\boxed{student discovers under tower}"
11b7435d,"In Alice's Wonderland, secret encryption rules are used on text. Here are some examples:
zeg xjgigb mbfhxgvv qfvxligbv -> the clever princess discovers
zgtxegb vzpqfgv rgvvtsg -> teacher studies message
btuufz vggv ugclhq zlngb -> rabbit sees beyond tower
nfytbq alphq zeg thxfghz zbgtvpbg -> wizard found the ancient treasure
Now, decrypt the following text: zeg xjgigb xtz aljjlnv",the clever cat follows,Text Encryption,"I identify this as a letter substitution cipher. I build a mapping from the examples, verify it, then decrypt the target word by word. I use the fixed answer vocabulary when the examples do not cover every letter. I ignore the flavor-text wrapper.

LEN
TGT:""zeg xjgigb xtz aljjlnv""
W1:3 W2:6 W3:3 W4:7

TABLE
EX1:""zeg xjgigb mbfhxgvv qfvxligbv""->""the clever princess discovers"" [13] z=t,e=h,g=e,x=c,j=l,i=v,b=r,m=p,f=i,h=n,v=s,q=d,l=o
EX2:""zgtxegb vzpqfgv rgvvtsg""->""teacher studies message"" [4] t=a,p=u,r=m,s=g
EX3:""btuufz vggv ugclhq zlngb""->""rabbit sees beyond tower"" [3] u=b,c=y,n=w
EX4:""nfytbq alphq zeg thxfghz zbgtvpbg""->""wizard found the ancient treasure"" [2] y=z,a=f
TOTAL:22/26

VOCAB_FILL
(no gaps; examples covered all target letters)

VER
CROSS:4/4 examples decrypt with final table

DECRYPT
W1: zeg
 z->t
 e->h
 g->e
 = the
W2: xjgigb
 x->c
 j->l
 g->e (W1)
 i->v
 g->e (W1)
 b->r
 = clever
W3: xtz
 x->c (W2)
 t->a
 z->t (W1)
 = cat
W4: aljjlnv
 a->f
 l->o
 j->l (W2)
 j->l (W2)
 l->o
 n->w
 v->s
 = follows

CHECK
W1:""the"" len=3Y alpha=Y vocab=Y gaps=N PASS
W2:""clever"" len=6Y alpha=Y vocab=Y gaps=N PASS
W3:""cat"" len=3Y alpha=Y vocab=Y gaps=N PASS
W4:""follows"" len=7Y alpha=Y vocab=Y gaps=N PASS
ALL:PASS 4/4 words

ANS=the clever cat follows

\boxed{the clever cat follows}"
11bfb329,"In Alice's Wonderland, secret encryption rules are used on text. Here are some examples:
nkwlvqbb ckwuqb udq vtitksyi atth -> princess writes the colorful book
udq vykwtyb hlwpdu stiitcb -> the curious knight follows
udq cwbq douuqk stiitcb -> the wise hatter follows
koaawu gkocb nymmiq -> rabbit draws puzzle
Now, decrypt the following text: udq ropwvoi oiwvq gwbvtzqkb",the magical alice discovers,Text Encryption,"I identify this as a letter substitution cipher. I build a mapping from the examples, verify it, then decrypt the target word by word. I use the fixed answer vocabulary when the examples do not cover every letter. I ignore the flavor-text wrapper.

LEN
TGT:""udq ropwvoi oiwvq gwbvtzqkb""
W1:3 W2:7 W3:5 W4:9

TABLE
EX1:""nkwlvqbb ckwuqb udq vtitksyi atth""->""princess writes the colorful book"" [16] n=p,k=r,w=i,l=n,v=c,q=e,b=s,c=w,u=t,d=h,t=o,i=l,s=f,y=u,a=b,h=k
EX2:""udq vykwtyb hlwpdu stiitcb""->""the curious knight follows"" [1] p=g
EX3:""udq cwbq douuqk stiitcb""->""the wise hatter follows"" [1] o=a
EX4:""koaawu gkocb nymmiq""->""rabbit draws puzzle"" [2] g=d,m=z
TOTAL:20/26

VOCAB_FILL
W2:ropwvoi pattern ?agical -> LOCK ""magical"" (candidates: magical)
W4:gwbvtzqkb pattern disco?ers -> LOCK ""discovers"" (candidates: discovers)

VER
CROSS:4/4 examples decrypt with final table

DECRYPT
W1: udq
 u->t
 d->h
 q->e
 = the
W2: ropwvoi
 r->m
 o->a
 p->g
 w->i
 v->c
 o->a
 i->l
 = magical
W3: oiwvq
 o->a (W2)
 i->l (W2)
 w->i (W2)
 v->c (W2)
 q->e (W1)
 = alice
W4: gwbvtzqkb
 g->d
 w->i (W2)
 b->s
 v->c (W2)
 t->o
 z->v
 q->e (W1)
 k->r
 b->s
 = discovers

CHECK
W1:""the"" len=3Y alpha=Y vocab=Y gaps=N PASS
W2:""magical"" len=7Y alpha=Y vocab=Y gaps=N PASS
W3:""alice"" len=5Y alpha=Y vocab=Y gaps=N PASS
W4:""discovers"" len=9Y alpha=Y vocab=Y gaps=N PASS
ALL:PASS 4/4 words

ANS=the magical alice discovers

\boxed{the magical alice discovers}"
11d16271,"In Alice's Wonderland, secret encryption rules are used on text. Here are some examples:
rjb cebnbo rbkcjbo yovrbq -> the clever teacher writes
qrftbzr cobkrbq rjb cebnbo sbp -> student creates the clever key
svzm tobklq iurvuz -> king dreams potion
Now, decrypt the following text: xfbbz cobkrbq fztbo qcjuue",queen creates under school,Text Encryption,"I identify this as a letter substitution cipher. I build a mapping from the examples, verify it, then decrypt the target word by word. I use the fixed answer vocabulary when the examples do not cover every letter. I ignore the flavor-text wrapper.

LEN
TGT:""xfbbz cobkrbq fztbo qcjuue""
W1:5 W2:7 W3:5 W4:6

TABLE
EX1:""rjb cebnbo rbkcjbo yovrbq""->""the clever teacher writes"" [11] r=t,j=h,b=e,c=c,e=l,n=v,o=r,k=a,y=w,v=i,q=s
EX2:""qrftbzr cobkrbq rjb cebnbo sbp""->""student creates the clever key"" [5] f=u,t=d,z=n,s=k,p=y
EX3:""svzm tobklq iurvuz""->""king dreams potion"" [4] m=g,l=m,i=p,u=o
TOTAL:20/26

VOCAB_FILL
W1:xfbbz pattern ?ueen -> LOCK ""queen"" (candidates: queen)

VER
CROSS:3/3 examples decrypt with final table

DECRYPT
W1: xfbbz
 x->q
 f->u
 b->e
 b->e
 z->n
 = queen
W2: cobkrbq
 c->c
 o->r
 b->e (W1)
 k->a
 r->t
 b->e (W1)
 q->s
 = creates
W3: fztbo
 f->u (W1)
 z->n (W1)
 t->d
 b->e (W1)
 o->r (W2)
 = under
W4: qcjuue
 q->s (W2)
 c->c (W2)
 j->h
 u->o
 u->o
 e->l
 = school

CHECK
W1:""queen"" len=5Y alpha=Y vocab=Y gaps=N PASS
W2:""creates"" len=7Y alpha=Y vocab=Y gaps=N PASS
W3:""under"" len=5Y alpha=Y vocab=Y gaps=N PASS
W4:""school"" len=6Y alpha=Y vocab=Y gaps=N PASS
ALL:PASS 4/4 words

ANS=queen creates under school

\boxed{queen creates under school}"
11d6c32f,"In Alice's Wonderland, secret encryption rules are used on text. Here are some examples:
fit aomidl tjm aioc tomilxom -> cat dreams the dark treasure
cber omial xeamo viuifm -> king reads under palace
cebrjt yobtml tjm rkuame lmfomt -> knight writes the golden secret
tjm aioc txotum qkuukyl -> the dark turtle follows
tjm yblm cebrjt yobtml -> the wise knight writes
Now, decrypt the following text: ltxamet lmml pkkc",student sees book,Text Encryption,"I identify this as a letter substitution cipher. I build a mapping from the examples, verify it, then decrypt the target word by word. I use the fixed answer vocabulary when the examples do not cover every letter. I ignore the flavor-text wrapper.

LEN
TGT:""ltxamet lmml pkkc""
W1:7 W2:4 W3:4

TABLE
EX1:""fit aomidl tjm aioc tomilxom""->""cat dreams the dark treasure"" [11] f=c,i=a,t=t,a=d,o=r,m=e,d=m,l=s,j=h,c=k,x=u
EX2:""cber omial xeamo viuifm""->""king reads under palace"" [5] b=i,e=n,r=g,v=p,u=l
EX3:""cebrjt yobtml tjm rkuame lmfomt""->""knight writes the golden secret"" [2] y=w,k=o
EX4:""tjm aioc txotum qkuukyl""->""the dark turtle follows"" [1] q=f
EX5:""tjm yblm cebrjt yobtml""->""the wise knight writes"" [0] none
TOTAL:19/26

VOCAB_FILL
W3:pkkc pattern ?ook -> LOCK ""book"" (candidates: book)

VER
CROSS:5/5 examples decrypt with final table

DECRYPT
W1: ltxamet
 l->s
 t->t
 x->u
 a->d
 m->e
 e->n
 t->t
 = student
W2: lmml
 l->s (W1)
 m->e (W1)
 m->e (W1)
 l->s (W1)
 = sees
W3: pkkc
 p->b
 k->o
 k->o
 c->k
 = book

CHECK
W1:""student"" len=7Y alpha=Y vocab=Y gaps=N PASS
W2:""sees"" len=4Y alpha=Y vocab=Y gaps=N PASS
W3:""book"" len=4Y alpha=Y vocab=Y gaps=N PASS
ALL:PASS 3/3 words

ANS=student sees book

\boxed{student sees book}"
121ab697,"In Alice's Wonderland, secret encryption rules are used on text. Here are some examples:
zunliou icxysfiz qozqli amflio -> student explores inside garden
udi rsysfbny uimrdif lfmtz -> the colorful teacher draws
gqfl zunlqiz bsfizu -> bird studies forest
uimrdif tfquiz xnwwyi -> teacher writes puzzle
Now, decrypt the following text: kqoa zunlqiz lssf",king studies door,Text Encryption,"I identify this as a letter substitution cipher. I build a mapping from the examples, verify it, then decrypt the target word by word. I use the fixed answer vocabulary when the examples do not cover every letter. I ignore the flavor-text wrapper.

LEN
TGT:""kqoa zunlqiz lssf""
W1:4 W2:7 W3:4

TABLE
EX1:""zunliou icxysfiz qozqli amflio""->""student explores inside garden"" [14] z=s,u=t,n=u,l=d,i=e,o=n,c=x,x=p,y=l,s=o,f=r,q=i,a=g,m=a
EX2:""udi rsysfbny uimrdif lfmtz""->""the colorful teacher draws"" [4] d=h,r=c,b=f,t=w
EX3:""gqfl zunlqiz bsfizu""->""bird studies forest"" [1] g=b
EX4:""uimrdif tfquiz xnwwyi""->""teacher writes puzzle"" [1] w=z
TOTAL:20/26

VOCAB_FILL
W1:kqoa pattern ?ing -> LOCK ""king"" (candidates: king)

VER
CROSS:4/4 examples decrypt with final table

DECRYPT
W1: kqoa
 k->k
 q->i
 o->n
 a->g
 = king
W2: zunlqiz
 z->s
 u->t
 n->u
 l->d
 q->i (W1)
 i->e
 z->s
 = studies
W3: lssf
 l->d (W2)
 s->o
 s->o
 f->r
 = door

CHECK
W1:""king"" len=4Y alpha=Y vocab=Y gaps=N PASS
W2:""studies"" len=7Y alpha=Y vocab=Y gaps=N PASS
W3:""door"" len=4Y alpha=Y vocab=Y gaps=N PASS
ALL:PASS 3/3 words

ANS=king studies door

\boxed{king studies door}"
12470e5a,"In Alice's Wonderland, secret encryption rules are used on text. Here are some examples:
phz dnhqi unyftq wfktzhvt -> cat reads beyond mountain
hsvpn qdnhwi zgdfkag phizsn -> alice dreams through castle
wfkin izkqvni izfdy -> mouse studies story
zkdzsn rhzpgni zdnhikdn -> turtle watches treasure
Now, decrypt the following text: rvlhdq ncbsfdni zgn udvagz inpdnz",wizard explores the bright secret,Text Encryption,"I identify this as a letter substitution cipher. I build a mapping from the examples, verify it, then decrypt the target word by word. I use the fixed answer vocabulary when the examples do not cover every letter. I ignore the flavor-text wrapper.

LEN
TGT:""rvlhdq ncbsfdni zgn udvagz inpdnz""
W1:6 W2:8 W3:3 W4:6 W5:6

TABLE
EX1:""phz dnhqi unyftq wfktzhvt""->""cat reads beyond mountain"" [14] p=c,h=a,z=t,d=r,n=e,q=d,i=s,u=b,y=y,f=o,t=n,w=m,k=u,v=i
EX2:""hsvpn qdnhwi zgdfkag phizsn""->""alice dreams through castle"" [3] s=l,g=h,a=g
EX3:""wfkin izkqvni izfdy""->""mouse studies story"" [0] none
EX4:""zkdzsn rhzpgni zdnhikdn""->""turtle watches treasure"" [1] r=w
TOTAL:18/26

VOCAB_FILL
W1:rvlhdq pattern wi?ard -> LOCK ""wizard"" (candidates: wizard)
W2:ncbsfdni pattern e??lores -> LOCK ""explores"" (candidates: explores)

VER
CROSS:4/4 examples decrypt with final table

DECRYPT
W1: rvlhdq
 r->w
 v->i
 l->z
 h->a
 d->r
 q->d
 = wizard
W2: ncbsfdni
 n->e
 c->x
 b->p
 s->l
 f->o
 d->r (W1)
 n->e
 i->s
 = explores
W3: zgn
 z->t
 g->h
 n->e (W2)
 = the
W4: udvagz
 u->b
 d->r (W1)
 v->i (W1)
 a->g
 g->h (W3)
 z->t (W3)
 = bright
W5: inpdnz
 i->s (W2)
 n->e (W2)
 p->c
 d->r (W1)
 n->e (W2)
 z->t (W3)
 = secret

CHECK
W1:""wizard"" len=6Y alpha=Y vocab=Y gaps=N PASS
W2:""explores"" len=8Y alpha=Y vocab=Y gaps=N PASS
W3:""the"" len=3Y alpha=Y vocab=Y gaps=N PASS
W4:""bright"" len=6Y alpha=Y vocab=Y gaps=N PASS
W5:""secret"" len=6Y alpha=Y vocab=Y gaps=N PASS
ALL:PASS 5/5 words

ANS=wizard explores the bright secret

\boxed{wizard explores the bright secret}"
1271e669,"In Alice's Wonderland, secret encryption rules are used on text. Here are some examples:
svr nmlo eqdmln nlmeh -> the dark wizard draws
svr alqcvs aqln hrrh -> the bright bird sees
eqdmln rbxpzlrh nzzl -> wizard explores door
oqfc nlrmth svr mfuqrfs azzo -> king dreams the ancient book
svr alqcvs xlqfurhh lrmnh -> the bright princess reads
Now, decrypt the following text: svr uprwrl nlmczf ulrmsrh",the clever dragon creates,Text Encryption,"I identify this as a letter substitution cipher. I build a mapping from the examples, verify it, then decrypt the target word by word. I use the fixed answer vocabulary when the examples do not cover every letter. I ignore the flavor-text wrapper.

LEN
TGT:""svr uprwrl nlmczf ulrmsrh""
W1:3 W2:6 W3:6 W4:7

TABLE
EX1:""svr nmlo eqdmln nlmeh""->""the dark wizard draws"" [11] s=t,v=h,r=e,n=d,m=a,l=r,o=k,e=w,q=i,d=z,h=s
EX2:""svr alqcvs aqln hrrh""->""the bright bird sees"" [2] a=b,c=g
EX3:""eqdmln rbxpzlrh nzzl""->""wizard explores door"" [4] b=x,x=p,p=l,z=o
EX4:""oqfc nlrmth svr mfuqrfs azzo""->""king dreams the ancient book"" [3] f=n,t=m,u=c
EX5:""svr alqcvs xlqfurhh lrmnh""->""the bright princess reads"" [0] none
TOTAL:20/26

VOCAB_FILL
W2:uprwrl pattern cle?er -> LOCK ""clever"" (candidates: clever)

VER
CROSS:5/5 examples decrypt with final table

DECRYPT
W1: svr
 s->t
 v->h
 r->e
 = the
W2: uprwrl
 u->c
 p->l
 r->e (W1)
 w->v
 r->e (W1)
 l->r
 = clever
W3: nlmczf
 n->d
 l->r (W2)
 m->a
 c->g
 z->o
 f->n
 = dragon
W4: ulrmsrh
 u->c (W2)
 l->r (W2)
 r->e (W1)
 m->a (W3)
 s->t (W1)
 r->e (W1)
 h->s
 = creates

CHECK
W1:""the"" len=3Y alpha=Y vocab=Y gaps=N PASS
W2:""clever"" len=6Y alpha=Y vocab=Y gaps=N PASS
W3:""dragon"" len=6Y alpha=Y vocab=Y gaps=N PASS
W4:""creates"" len=7Y alpha=Y vocab=Y gaps=N PASS
ALL:PASS 4/4 words

ANS=the clever dragon creates

\boxed{the clever dragon creates}"
1294a3af,"In Alice's Wonderland, secret encryption rules are used on text. Here are some examples:
pqe ztdpelognd rosm efubgled -> the mysterious king explores
pqe zimovib hnees jlixd -> the magical queen draws
pqe qojjes rsomqp vqided -> the hidden knight chases
dpnjesp xipvqed pqe mgbjes dpglt -> student watches the golden story
Now, decrypt the following text: dpnjesp jleizd os uibive",student dreams in palace,Text Encryption,"I identify this as a letter substitution cipher. I build a mapping from the examples, verify it, then decrypt the target word by word. I use the fixed answer vocabulary when the examples do not cover every letter. I ignore the flavor-text wrapper.

LEN
TGT:""dpnjesp jleizd os uibive""
W1:7 W2:6 W3:2 W4:6

TABLE
EX1:""pqe ztdpelognd rosm efubgled""->""the mysterious king explores"" [16] p=t,q=h,e=e,z=m,t=y,d=s,l=r,o=i,g=o,n=u,r=k,s=n,m=g,f=x,u=p,b=l
EX2:""pqe zimovib hnees jlixd""->""the magical queen draws"" [5] i=a,v=c,h=q,j=d,x=w
EX3:""pqe qojjes rsomqp vqided""->""the hidden knight chases"" [0] none
EX4:""dpnjesp xipvqed pqe mgbjes dpglt""->""student watches the golden story"" [0] none
TOTAL:21/26

VOCAB_FILL
(no gaps; examples covered all target letters)

VER
CROSS:4/4 examples decrypt with final table

DECRYPT
W1: dpnjesp
 d->s
 p->t
 n->u
 j->d
 e->e
 s->n
 p->t
 = student
W2: jleizd
 j->d (W1)
 l->r
 e->e (W1)
 i->a
 z->m
 d->s (W1)
 = dreams
W3: os
 o->i
 s->n (W1)
 = in
W4: uibive
 u->p
 i->a (W2)
 b->l
 i->a (W2)
 v->c
 e->e (W1)
 = palace

CHECK
W1:""student"" len=7Y alpha=Y vocab=Y gaps=N PASS
W2:""dreams"" len=6Y alpha=Y vocab=Y gaps=N PASS
W3:""in"" len=2Y alpha=Y vocab=Y gaps=N PASS
W4:""palace"" len=6Y alpha=Y vocab=Y gaps=N PASS
ALL:PASS 4/4 words

ANS=student dreams in palace

\boxed{student dreams in palace}"
129ce1ed,"In Alice's Wonderland, secret encryption rules are used on text. Here are some examples:
gibtqwi gibtfqg iraxbdr jfuayae -> student studies through library
ibaijq foydfwqg fwgftq vyjjqe -> turtle imagines inside valley
yjfcq crygqg fw hxaqgi -> alice chases in forest
pfwd taqyog ofaaxa -> king dreams mirror
Now, decrypt the following text: oxbgq tfgcxvqag irq cxjxahbj hxaqgi",mouse discovers the colorful forest,Text Encryption,"I identify this as a letter substitution cipher. I build a mapping from the examples, verify it, then decrypt the target word by word. I use the fixed answer vocabulary when the examples do not cover every letter. I ignore the flavor-text wrapper.

LEN
TGT:""oxbgq tfgcxvqag irq cxjxahbj hxaqgi""
W1:5 W2:9 W3:3 W4:8 W5:6

TABLE
EX1:""gibtqwi gibtfqg iraxbdr jfuayae""->""student studies through library"" [15] g=s,i=t,b=u,t=d,q=e,w=n,f=i,r=h,a=r,x=o,d=g,j=l,u=b,y=a,e=y
EX2:""ibaijq foydfwqg fwgftq vyjjqe""->""turtle imagines inside valley"" [2] o=m,v=v
EX3:""yjfcq crygqg fw hxaqgi""->""alice chases in forest"" [2] c=c,h=f
EX4:""pfwd taqyog ofaaxa""->""king dreams mirror"" [1] p=k
TOTAL:20/26

VOCAB_FILL
(no gaps; examples covered all target letters)

VER
CROSS:4/4 examples decrypt with final table

DECRYPT
W1: oxbgq
 o->m
 x->o
 b->u
 g->s
 q->e
 = mouse
W2: tfgcxvqag
 t->d
 f->i
 g->s (W1)
 c->c
 x->o (W1)
 v->v
 q->e (W1)
 a->r
 g->s (W1)
 = discovers
W3: irq
 i->t
 r->h
 q->e (W1)
 = the
W4: cxjxahbj
 c->c (W2)
 x->o (W1)
 j->l
 x->o (W1)
 a->r (W2)
 h->f
 b->u (W1)
 j->l
 = colorful
W5: hxaqgi
 h->f (W4)
 x->o (W1)
 a->r (W2)
 q->e (W1)
 g->s (W1)
 i->t (W3)
 = forest

CHECK
W1:""mouse"" len=5Y alpha=Y vocab=Y gaps=N PASS
W2:""discovers"" len=9Y alpha=Y vocab=Y gaps=N PASS
W3:""the"" len=3Y alpha=Y vocab=Y gaps=N PASS
W4:""colorful"" len=8Y alpha=Y vocab=Y gaps=N PASS
W5:""forest"" len=6Y alpha=Y vocab=Y gaps=N PASS
ALL:PASS 5/5 words

ANS=mouse discovers the colorful forest

\boxed{mouse discovers the colorful forest}"
12a79912,"In Alice's Wonderland, secret encryption rules are used on text. Here are some examples:
gkqswkb bkqno zkldxn youqxn -> teacher reads beyond island
pyiqbn nyosdakbo gwk sebydeo zddj -> wizard discovers the curious book
gebguk bkqno sqoguk -> turtle reads castle
gwk cdunkx sqg sbkqgko -> the golden cat creates
nbqcdx okko gwk ogbqxck rdgydx -> dragon sees the strange potion
Now, decrypt the following text: fdeok nbqpo gwk sebydeo ogdbl",mouse draws the curious story,Text Encryption,"I identify this as a letter substitution cipher. I build a mapping from the examples, verify it, then decrypt the target word by word. I use the fixed answer vocabulary when the examples do not cover every letter. I ignore the flavor-text wrapper.

LEN
TGT:""fdeok nbqpo gwk sebydeo ogdbl""
W1:5 W2:5 W3:3 W4:7 W5:5

TABLE
EX1:""gkqswkb bkqno zkldxn youqxn""->""teacher reads beyond island"" [14] g=t,k=e,q=a,s=c,w=h,b=r,n=d,o=s,z=b,l=y,d=o,x=n,y=i,u=l
EX2:""pyiqbn nyosdakbo gwk sebydeo zddj""->""wizard discovers the curious book"" [5] p=w,i=z,a=v,e=u,j=k
EX3:""gebguk bkqno sqoguk""->""turtle reads castle"" [0] none
EX4:""gwk cdunkx sqg sbkqgko""->""the golden cat creates"" [1] c=g
EX5:""nbqcdx okko gwk ogbqxck rdgydx""->""dragon sees the strange potion"" [1] r=p
TOTAL:21/26

VOCAB_FILL
W1:fdeok pattern ?ouse -> LOCK ""mouse"" (candidates: mouse)

VER
CROSS:5/5 examples decrypt with final table

DECRYPT
W1: fdeok
 f->m
 d->o
 e->u
 o->s
 k->e
 = mouse
W2: nbqpo
 n->d
 b->r
 q->a
 p->w
 o->s (W1)
 = draws
W3: gwk
 g->t
 w->h
 k->e (W1)
 = the
W4: sebydeo
 s->c
 e->u (W1)
 b->r (W2)
 y->i
 d->o (W1)
 e->u (W1)
 o->s (W1)
 = curious
W5: ogdbl
 o->s (W1)
 g->t (W3)
 d->o (W1)
 b->r (W2)
 l->y
 = story

CHECK
W1:""mouse"" len=5Y alpha=Y vocab=Y gaps=N PASS
W2:""draws"" len=5Y alpha=Y vocab=Y gaps=N PASS
W3:""the"" len=3Y alpha=Y vocab=Y gaps=N PASS
W4:""curious"" len=7Y alpha=Y vocab=Y gaps=N PASS
W5:""story"" len=5Y alpha=Y vocab=Y gaps=N PASS
ALL:PASS 5/5 words

ANS=mouse draws the curious story

\boxed{mouse draws the curious story}"
1302c7df,"In Alice's Wonderland, secret encryption rules are used on text. Here are some examples:
hcrjxv tqkcu vxl bkdrqka beavil -> knight found the curious castle
hrcj urabqglda pqvrqc -> king discovers potion
vxl bqiqdtki vkdvil sevbxla -> the colorful turtle watches
Now, decrypt the following text: wrdu sdrvla vxl bkdrqka avqdz",bird writes the curious story,Text Encryption,"I identify this as a letter substitution cipher. I build a mapping from the examples, verify it, then decrypt the target word by word. I use the fixed answer vocabulary when the examples do not cover every letter. I ignore the flavor-text wrapper.

LEN
TGT:""wrdu sdrvla vxl bkdrqka avqdz""
W1:4 W2:6 W3:3 W4:7 W5:5

TABLE
EX1:""hcrjxv tqkcu vxl bkdrqka beavil""->""knight found the curious castle"" [16] h=k,c=n,r=i,j=g,x=h,v=t,t=f,q=o,k=u,u=d,l=e,b=c,d=r,a=s,e=a,i=l
EX2:""hrcj urabqglda pqvrqc""->""king discovers potion"" [2] g=v,p=p
EX3:""vxl bqiqdtki vkdvil sevbxla""->""the colorful turtle watches"" [1] s=w
TOTAL:19/26

VOCAB_FILL
W1:wrdu pattern ?ird -> LOCK ""bird"" (candidates: bird)
W5:avqdz pattern stor? -> LOCK ""story"" (candidates: story)

VER
CROSS:3/3 examples decrypt with final table

DECRYPT
W1: wrdu
 w->b
 r->i
 d->r
 u->d
 = bird
W2: sdrvla
 s->w
 d->r (W1)
 r->i (W1)
 v->t
 l->e
 a->s
 = writes
W3: vxl
 v->t (W2)
 x->h
 l->e (W2)
 = the
W4: bkdrqka
 b->c
 k->u
 d->r (W1)
 r->i (W1)
 q->o
 k->u
 a->s (W2)
 = curious
W5: avqdz
 a->s (W2)
 v->t (W2)
 q->o (W4)
 d->r (W1)
 z->y
 = story

CHECK
W1:""bird"" len=4Y alpha=Y vocab=Y gaps=N PASS
W2:""writes"" len=6Y alpha=Y vocab=Y gaps=N PASS
W3:""the"" len=3Y alpha=Y vocab=Y gaps=N PASS
W4:""curious"" len=7Y alpha=Y vocab=Y gaps=N PASS
W5:""story"" len=5Y alpha=Y vocab=Y gaps=N PASS
ALL:PASS 5/5 words

ANS=bird writes the curious story

\boxed{bird writes the curious story}"
1369abb7,"In Alice's Wonderland, secret encryption rules are used on text. Here are some examples:
nlcstlg xmchxbld blcg mzrbncxb -> teacher imagines near mountain
nlcstlg vcnstld ntl dxyklg mxggzg -> teacher watches the silver mirror
mzrdl stcdld elf -> mouse chases key
scn wzyyzvd ntgzrht ocycsl -> cat follows through palace
Now, decrypt the following text: pxgq glcqd cpzkl scdnyl",bird reads above castle,Text Encryption,"I identify this as a letter substitution cipher. I build a mapping from the examples, verify it, then decrypt the target word by word. I use the fixed answer vocabulary when the examples do not cover every letter. I ignore the flavor-text wrapper.

LEN
TGT:""pxgq glcqd cpzkl scdnyl""
W1:4 W2:5 W3:5 W4:6

TABLE
EX1:""nlcstlg xmchxbld blcg mzrbncxb""->""teacher imagines near mountain"" [13] n=t,l=e,c=a,s=c,t=h,g=r,x=i,m=m,h=g,b=n,d=s,z=o,r=u
EX2:""nlcstlg vcnstld ntl dxyklg mxggzg""->""teacher watches the silver mirror"" [3] v=w,y=l,k=v
EX3:""mzrdl stcdld elf""->""mouse chases key"" [2] e=k,f=y
EX4:""scn wzyyzvd ntgzrht ocycsl""->""cat follows through palace"" [2] w=f,o=p
TOTAL:20/26

VOCAB_FILL
W1:pxgq pattern ?ir? -> LOCK ""bird"" (candidates: bird)
W2:glcqd pattern rea?s -> LOCK ""reads"" (candidates: reads)
W3:cpzkl pattern a?ove -> LOCK ""above"" (candidates: above)

VER
CROSS:4/4 examples decrypt with final table

DECRYPT
W1: pxgq
 p->b
 x->i
 g->r
 q->d
 = bird
W2: glcqd
 g->r (W1)
 l->e
 c->a
 q->d (W1)
 d->s
 = reads
W3: cpzkl
 c->a (W2)
 p->b (W1)
 z->o
 k->v
 l->e (W2)
 = above
W4: scdnyl
 s->c
 c->a (W2)
 d->s (W2)
 n->t
 y->l
 l->e (W2)
 = castle

CHECK
W1:""bird"" len=4Y alpha=Y vocab=Y gaps=N PASS
W2:""reads"" len=5Y alpha=Y vocab=Y gaps=N PASS
W3:""above"" len=5Y alpha=Y vocab=Y gaps=N PASS
W4:""castle"" len=6Y alpha=Y vocab=Y gaps=N PASS
ALL:PASS 4/4 words

ANS=bird reads above castle

\boxed{bird reads above castle}"
136efb63,"In Alice's Wonderland, secret encryption rules are used on text. Here are some examples:
idtyez cjjc ynksj mkhfbydf -> wizard sees above mountain
xdfr zdcvksjec yekhfz oyayvj -> king discovers around palace
xdfr iedbjc dfcdzj dcayfz -> king writes inside island
Now, decrypt the following text: eynndb iedbjc njlkfz vysj",rabbit writes beyond cave,Text Encryption,"I identify this as a letter substitution cipher. I build a mapping from the examples, verify it, then decrypt the target word by word. I use the fixed answer vocabulary when the examples do not cover every letter. I ignore the flavor-text wrapper.

LEN
TGT:""eynndb iedbjc njlkfz vysj""
W1:6 W2:6 W3:6 W4:4

TABLE
EX1:""idtyez cjjc ynksj mkhfbydf""->""wizard sees above mountain"" [15] i=w,d=i,t=z,y=a,e=r,z=d,c=s,j=e,n=b,k=o,s=v,m=m,h=u,f=n,b=t
EX2:""xdfr zdcvksjec yekhfz oyayvj""->""king discovers around palace"" [5] x=k,r=g,v=c,o=p,a=l
EX3:""xdfr iedbjc dfcdzj dcayfz""->""king writes inside island"" [0] none
TOTAL:20/26

VOCAB_FILL
W3:njlkfz pattern be?ond -> LOCK ""beyond"" (candidates: beyond)

VER
CROSS:3/3 examples decrypt with final table

DECRYPT
W1: eynndb
 e->r
 y->a
 n->b
 n->b
 d->i
 b->t
 = rabbit
W2: iedbjc
 i->w
 e->r (W1)
 d->i (W1)
 b->t (W1)
 j->e
 c->s
 = writes
W3: njlkfz
 n->b (W1)
 j->e (W2)
 l->y
 k->o
 f->n
 z->d
 = beyond
W4: vysj
 v->c
 y->a (W1)
 s->v
 j->e (W2)
 = cave

CHECK
W1:""rabbit"" len=6Y alpha=Y vocab=Y gaps=N PASS
W2:""writes"" len=6Y alpha=Y vocab=Y gaps=N PASS
W3:""beyond"" len=6Y alpha=Y vocab=Y gaps=N PASS
W4:""cave"" len=4Y alpha=Y vocab=Y gaps=N PASS
ALL:PASS 4/4 words

ANS=rabbit writes beyond cave

\boxed{rabbit writes beyond cave}"
13912aeb,"In Alice's Wonderland, secret encryption rules are used on text. Here are some examples:
aofvwsll rjxvy tus bfls pca -> princess found the wise map
mxssv wosctsl cgjzs rjoslt -> queen creates above forest
gfoy rjkkjbl tus hjkysv hcoysv -> bird follows the golden garden
tus bfls mxssv snakjosl -> the wise queen explores
gfoy rjxvy tus cvwfsvt psllchs -> bird found the ancient message
Now, decrypt the following text: tus ycoi ckfws yflwjzsol",the dark alice discovers,Text Encryption,"I identify this as a letter substitution cipher. I build a mapping from the examples, verify it, then decrypt the target word by word. I use the fixed answer vocabulary when the examples do not cover every letter. I ignore the flavor-text wrapper.

LEN
TGT:""tus ycoi ckfws yflwjzsol""
W1:3 W2:4 W3:5 W4:9

TABLE
EX1:""aofvwsll rjxvy tus bfls pca""->""princess found the wise map"" [16] a=p,o=r,f=i,v=n,w=c,s=e,l=s,r=f,j=o,x=u,y=d,t=t,u=h,b=w,p=m,c=a
EX2:""mxssv wosctsl cgjzs rjoslt""->""queen creates above forest"" [3] m=q,g=b,z=v
EX3:""gfoy rjkkjbl tus hjkysv hcoysv""->""bird follows the golden garden"" [2] k=l,h=g
EX4:""tus bfls mxssv snakjosl""->""the wise queen explores"" [1] n=x
EX5:""gfoy rjxvy tus cvwfsvt psllchs""->""bird found the ancient message"" [0] none
TOTAL:22/26

VOCAB_FILL
W2:ycoi pattern dar? -> LOCK ""dark"" (candidates: dark)

VER
CROSS:5/5 examples decrypt with final table

DECRYPT
W1: tus
 t->t
 u->h
 s->e
 = the
W2: ycoi
 y->d
 c->a
 o->r
 i->k
 = dark
W3: ckfws
 c->a (W2)
 k->l
 f->i
 w->c
 s->e (W1)
 = alice
W4: yflwjzsol
 y->d (W2)
 f->i (W3)
 l->s
 w->c (W3)
 j->o
 z->v
 s->e (W1)
 o->r (W2)
 l->s
 = discovers

CHECK
W1:""the"" len=3Y alpha=Y vocab=Y gaps=N PASS
W2:""dark"" len=4Y alpha=Y vocab=Y gaps=N PASS
W3:""alice"" len=5Y alpha=Y vocab=Y gaps=N PASS
W4:""discovers"" len=9Y alpha=Y vocab=Y gaps=N PASS
ALL:PASS 4/4 words

ANS=the dark alice discovers

\boxed{the dark alice discovers}"
1395de7d,"In Alice's Wonderland, secret encryption rules are used on text. Here are some examples:
huggj eoujt djbdtg dbfvjt -> queen found inside island
cdqt brutdgb rwg vjmdgjr sgy -> bird studies the ancient key
zdkvqt eoffozb igbbvpg -> wizard follows message
Now, decrypt the following text: cdqt mwvbgb rwg zdbg lukkfg",bird chases the wise puzzle,Text Encryption,"I identify this as a letter substitution cipher. I build a mapping from the examples, verify it, then decrypt the target word by word. I use the fixed answer vocabulary when the examples do not cover every letter. I ignore the flavor-text wrapper.

LEN
TGT:""cdqt mwvbgb rwg zdbg lukkfg""
W1:4 W2:6 W3:3 W4:4 W5:6

TABLE
EX1:""huggj eoujt djbdtg dbfvjt""->""queen found inside island"" [11] h=q,u=u,g=e,j=n,e=f,o=o,t=d,d=i,b=s,f=l,v=a
EX2:""cdqt brutdgb rwg vjmdgjr sgy""->""bird studies the ancient key"" [7] c=b,q=r,r=t,w=h,m=c,s=k,y=y
EX3:""zdkvqt eoffozb igbbvpg""->""wizard follows message"" [4] z=w,k=z,i=m,p=g
TOTAL:22/26

VOCAB_FILL
W5:lukkfg pattern ?uzzle -> LOCK ""puzzle"" (candidates: puzzle)

VER
CROSS:3/3 examples decrypt with final table

DECRYPT
W1: cdqt
 c->b
 d->i
 q->r
 t->d
 = bird
W2: mwvbgb
 m->c
 w->h
 v->a
 b->s
 g->e
 b->s
 = chases
W3: rwg
 r->t
 w->h (W2)
 g->e (W2)
 = the
W4: zdbg
 z->w
 d->i (W1)
 b->s (W2)
 g->e (W2)
 = wise
W5: lukkfg
 l->p
 u->u
 k->z
 k->z
 f->l
 g->e (W2)
 = puzzle

CHECK
W1:""bird"" len=4Y alpha=Y vocab=Y gaps=N PASS
W2:""chases"" len=6Y alpha=Y vocab=Y gaps=N PASS
W3:""the"" len=3Y alpha=Y vocab=Y gaps=N PASS
W4:""wise"" len=4Y alpha=Y vocab=Y gaps=N PASS
W5:""puzzle"" len=6Y alpha=Y vocab=Y gaps=N PASS
ALL:PASS 5/5 words

ANS=bird chases the wise puzzle

\boxed{bird chases the wise puzzle}"
13ae247c,"In Alice's Wonderland, secret encryption rules are used on text. Here are some examples:
afbjl jllj uil srjl gqtjuxd -> mouse sees the wise crystal
uil jlgqlu afbjl lkmdfqlj -> the secret mouse explores
ulxgilq gixjlj uil nqrwiu jlgqlu -> teacher chases the bright secret
Now, decrypt the following text: ulxgilq vqxsj jlgqlu",teacher draws secret,Text Encryption,"I identify this as a letter substitution cipher. I build a mapping from the examples, verify it, then decrypt the target word by word. I use the fixed answer vocabulary when the examples do not cover every letter. I ignore the flavor-text wrapper.

LEN
TGT:""ulxgilq vqxsj jlgqlu""
W1:7 W2:5 W3:6

TABLE
EX1:""afbjl jllj uil srjl gqtjuxd""->""mouse sees the wise crystal"" [14] a=m,f=o,b=u,j=s,l=e,u=t,i=h,s=w,r=i,g=c,q=r,t=y,x=a,d=l
EX2:""uil jlgqlu afbjl lkmdfqlj""->""the secret mouse explores"" [2] k=x,m=p
EX3:""ulxgilq gixjlj uil nqrwiu jlgqlu""->""teacher chases the bright secret"" [2] n=b,w=g
TOTAL:18/26

VOCAB_FILL
W2:vqxsj pattern ?raws -> LOCK ""draws"" (candidates: draws)

VER
CROSS:3/3 examples decrypt with final table

DECRYPT
W1: ulxgilq
 u->t
 l->e
 x->a
 g->c
 i->h
 l->e
 q->r
 = teacher
W2: vqxsj
 v->d
 q->r (W1)
 x->a (W1)
 s->w
 j->s
 = draws
W3: jlgqlu
 j->s (W2)
 l->e (W1)
 g->c (W1)
 q->r (W1)
 l->e (W1)
 u->t (W1)
 = secret

CHECK
W1:""teacher"" len=7Y alpha=Y vocab=Y gaps=N PASS
W2:""draws"" len=5Y alpha=Y vocab=Y gaps=N PASS
W3:""secret"" len=6Y alpha=Y vocab=Y gaps=N PASS
ALL:PASS 3/3 words

ANS=teacher draws secret

\boxed{teacher draws secret}"
13aeb4e7,"In Alice's Wonderland, secret encryption rules are used on text. Here are some examples:
bkwq enpytpg yafmp fepyw -> king creates above ocean
tvp ikgp dnkwepgg hnyig -> the wise princess draws
tzntsp gtzhkpg zwhpn ofnpgt -> turtle studies under forest
Now, decrypt the following text: hnyqfw enpytpg tvp gksmpn hffn",dragon creates the silver door,Text Encryption,"I identify this as a letter substitution cipher. I build a mapping from the examples, verify it, then decrypt the target word by word. I use the fixed answer vocabulary when the examples do not cover every letter. I ignore the flavor-text wrapper.

LEN
TGT:""hnyqfw enpytpg tvp gksmpn hffn""
W1:6 W2:7 W3:3 W4:6 W5:4

TABLE
EX1:""bkwq enpytpg yafmp fepyw""->""king creates above ocean"" [13] b=k,k=i,w=n,q=g,e=c,n=r,p=e,y=a,t=t,g=s,a=b,f=o,m=v
EX2:""tvp ikgp dnkwepgg hnyig""->""the wise princess draws"" [4] v=h,i=w,d=p,h=d
EX3:""tzntsp gtzhkpg zwhpn ofnpgt""->""turtle studies under forest"" [3] z=u,s=l,o=f
TOTAL:20/26

VOCAB_FILL
(no gaps; examples covered all target letters)

VER
CROSS:3/3 examples decrypt with final table

DECRYPT
W1: hnyqfw
 h->d
 n->r
 y->a
 q->g
 f->o
 w->n
 = dragon
W2: enpytpg
 e->c
 n->r (W1)
 p->e
 y->a (W1)
 t->t
 p->e
 g->s
 = creates
W3: tvp
 t->t (W2)
 v->h
 p->e (W2)
 = the
W4: gksmpn
 g->s (W2)
 k->i
 s->l
 m->v
 p->e (W2)
 n->r (W1)
 = silver
W5: hffn
 h->d (W1)
 f->o (W1)
 f->o (W1)
 n->r (W1)
 = door

CHECK
W1:""dragon"" len=6Y alpha=Y vocab=Y gaps=N PASS
W2:""creates"" len=7Y alpha=Y vocab=Y gaps=N PASS
W3:""the"" len=3Y alpha=Y vocab=Y gaps=N PASS
W4:""silver"" len=6Y alpha=Y vocab=Y gaps=N PASS
W5:""door"" len=4Y alpha=Y vocab=Y gaps=N PASS
ALL:PASS 5/5 words

ANS=dragon creates the silver door

\boxed{dragon creates the silver door}"
13db9692,"In Alice's Wonderland, secret encryption rules are used on text. Here are some examples:
nps inqrjzs umois wqsrnsi -> the strange mouse creates
eqrzmj wqsrnsi nqsrioqs -> dragon creates treasure
inoesjn wprisi cmqsin -> student chases forest
Now, decrypt the following text: vqgjwsii bqgnsi nqsrioqs",princess writes treasure,Text Encryption,"I identify this as a letter substitution cipher. I build a mapping from the examples, verify it, then decrypt the target word by word. I use the fixed answer vocabulary when the examples do not cover every letter. I ignore the flavor-text wrapper.

LEN
TGT:""vqgjwsii bqgnsi nqsrioqs""
W1:8 W2:6 W3:8

TABLE
EX1:""nps inqrjzs umois wqsrnsi""->""the strange mouse creates"" [12] n=t,p=h,s=e,i=s,q=r,r=a,j=n,z=g,u=m,m=o,o=u,w=c
EX2:""eqrzmj wqsrnsi nqsrioqs""->""dragon creates treasure"" [1] e=d
EX3:""inoesjn wprisi cmqsin""->""student chases forest"" [1] c=f
TOTAL:14/26

VOCAB_FILL
W1:vqgjwsii pattern ?r?ncess -> LOCK ""princess"" (candidates: princess)
W2:bqgnsi pattern ?r?tes -> LOCK ""writes"" (candidates: writes)

VER
CROSS:3/3 examples decrypt with final table

DECRYPT
W1: vqgjwsii
 v->p
 q->r
 g->i
 j->n
 w->c
 s->e
 i->s
 i->s
 = princess
W2: bqgnsi
 b->w
 q->r (W1)
 g->i (W1)
 n->t
 s->e (W1)
 i->s (W1)
 = writes
W3: nqsrioqs
 n->t (W2)
 q->r (W1)
 s->e (W1)
 r->a
 i->s (W1)
 o->u
 q->r (W1)
 s->e (W1)
 = treasure

CHECK
W1:""princess"" len=8Y alpha=Y vocab=Y gaps=N PASS
W2:""writes"" len=6Y alpha=Y vocab=Y gaps=N PASS
W3:""treasure"" len=8Y alpha=Y vocab=Y gaps=N PASS
ALL:PASS 3/3 words

ANS=princess writes treasure

\boxed{princess writes treasure}"
13ee1abb,"In Alice's Wonderland, secret encryption rules are used on text. Here are some examples:
rsq djpoqjr pdr qgmtvhqc -> the ancient cat explores
dtopq bvttvwc rshvkas lvkjrdoj -> alice follows through mountain
rsq wocq ejoasr uhqdlc -> the wise knight dreams
ikqqj phqdrqc crvhz -> queen creates story
Now, decrypt the following text: crkuqjr uhdwc cqphqr",student draws secret,Text Encryption,"I identify this as a letter substitution cipher. I build a mapping from the examples, verify it, then decrypt the target word by word. I use the fixed answer vocabulary when the examples do not cover every letter. I ignore the flavor-text wrapper.

LEN
TGT:""crkuqjr uhdwc cqphqr""
W1:7 W2:5 W3:6

TABLE
EX1:""rsq djpoqjr pdr qgmtvhqc""->""the ancient cat explores"" [13] r=t,s=h,q=e,d=a,j=n,p=c,o=i,g=x,m=p,t=l,v=o,h=r,c=s
EX2:""dtopq bvttvwc rshvkas lvkjrdoj""->""alice follows through mountain"" [5] b=f,w=w,k=u,a=g,l=m
EX3:""rsq wocq ejoasr uhqdlc""->""the wise knight dreams"" [2] e=k,u=d
EX4:""ikqqj phqdrqc crvhz""->""queen creates story"" [2] i=q,z=y
TOTAL:22/26

VOCAB_FILL
(no gaps; examples covered all target letters)

VER
CROSS:4/4 examples decrypt with final table

DECRYPT
W1: crkuqjr
 c->s
 r->t
 k->u
 u->d
 q->e
 j->n
 r->t
 = student
W2: uhdwc
 u->d (W1)
 h->r
 d->a
 w->w
 c->s (W1)
 = draws
W3: cqphqr
 c->s (W1)
 q->e (W1)
 p->c
 h->r (W2)
 q->e (W1)
 r->t (W1)
 = secret

CHECK
W1:""student"" len=7Y alpha=Y vocab=Y gaps=N PASS
W2:""draws"" len=5Y alpha=Y vocab=Y gaps=N PASS
W3:""secret"" len=6Y alpha=Y vocab=Y gaps=N PASS
ALL:PASS 3/3 words

ANS=student draws secret

\boxed{student draws secret}"
140d8ce7,"In Alice's Wonderland, secret encryption rules are used on text. Here are some examples:
dxnl shgghty iohbna thnapogina -> king follows around wonderland
txcioa yqbaxpy qfp voxlfq ypzopq -> wizard studies the bright secret
dxnl xeilxnpy qfohblf xygina -> king imagines through island
Now, decrypt the following text: dxnl xeilxnpy ypzopq",king imagines secret,Text Encryption,"I identify this as a letter substitution cipher. I build a mapping from the examples, verify it, then decrypt the target word by word. I use the fixed answer vocabulary when the examples do not cover every letter. I ignore the flavor-text wrapper.

LEN
TGT:""dxnl xeilxnpy ypzopq""
W1:4 W2:8 W3:6

TABLE
EX1:""dxnl shgghty iohbna thnapogina""->""king follows around wonderland"" [14] d=k,x=i,n=n,l=g,s=f,h=o,g=l,t=w,y=s,i=a,o=r,b=u,a=d,p=e
EX2:""txcioa yqbaxpy qfp voxlfq ypzopq""->""wizard studies the bright secret"" [5] c=z,q=t,f=h,v=b,z=c
EX3:""dxnl xeilxnpy qfohblf xygina""->""king imagines through island"" [1] e=m
TOTAL:20/26

VOCAB_FILL
(no gaps; examples covered all target letters)

VER
CROSS:3/3 examples decrypt with final table

DECRYPT
W1: dxnl
 d->k
 x->i
 n->n
 l->g
 = king
W2: xeilxnpy
 x->i (W1)
 e->m
 i->a
 l->g (W1)
 x->i (W1)
 n->n (W1)
 p->e
 y->s
 = imagines
W3: ypzopq
 y->s (W2)
 p->e (W2)
 z->c
 o->r
 p->e (W2)
 q->t
 = secret

CHECK
W1:""king"" len=4Y alpha=Y vocab=Y gaps=N PASS
W2:""imagines"" len=8Y alpha=Y vocab=Y gaps=N PASS
W3:""secret"" len=6Y alpha=Y vocab=Y gaps=N PASS
ALL:PASS 3/3 words

ANS=king imagines secret

\boxed{king imagines secret}"
1419a453,"In Alice's Wonderland, secret encryption rules are used on text. Here are some examples:
ansbwgn blwjfa nvw fcanwlyosa fjd -> student dreams the mysterious map
nvw fjiyzjr ljttyn hlynwa -> the magical rabbit writes
nvw anljgiw tylb morroha -> the strange bird follows
vjnnwl zvjawa nvw awzlwn donyog -> hatter chases the secret potion
Now, decrypt the following text: nvw fcanwlyosa hypjlb mosgb",the mysterious wizard found,Text Encryption,"I identify this as a letter substitution cipher. I build a mapping from the examples, verify it, then decrypt the target word by word. I use the fixed answer vocabulary when the examples do not cover every letter. I ignore the flavor-text wrapper.

LEN
TGT:""nvw fcanwlyosa hypjlb mosgb""
W1:3 W2:10 W3:6 W4:5

TABLE
EX1:""ansbwgn blwjfa nvw fcanwlyosa fjd""->""student dreams the mysterious map"" [14] a=s,n=t,s=u,b=d,w=e,g=n,l=r,j=a,f=m,v=h,c=y,y=i,o=o,d=p
EX2:""nvw fjiyzjr ljttyn hlynwa""->""the magical rabbit writes"" [5] i=g,z=c,r=l,t=b,h=w
EX3:""nvw anljgiw tylb morroha""->""the strange bird follows"" [1] m=f
EX4:""vjnnwl zvjawa nvw awzlwn donyog""->""hatter chases the secret potion"" [0] none
TOTAL:20/26

VOCAB_FILL
W3:hypjlb pattern wi?ard -> LOCK ""wizard"" (candidates: wizard)

VER
CROSS:4/4 examples decrypt with final table

DECRYPT
W1: nvw
 n->t
 v->h
 w->e
 = the
W2: fcanwlyosa
 f->m
 c->y
 a->s
 n->t (W1)
 w->e (W1)
 l->r
 y->i
 o->o
 s->u
 a->s
 = mysterious
W3: hypjlb
 h->w
 y->i (W2)
 p->z
 j->a
 l->r (W2)
 b->d
 = wizard
W4: mosgb
 m->f
 o->o (W2)
 s->u (W2)
 g->n
 b->d (W3)
 = found

CHECK
W1:""the"" len=3Y alpha=Y vocab=Y gaps=N PASS
W2:""mysterious"" len=10Y alpha=Y vocab=Y gaps=N PASS
W3:""wizard"" len=6Y alpha=Y vocab=Y gaps=N PASS
W4:""found"" len=5Y alpha=Y vocab=Y gaps=N PASS
ALL:PASS 4/4 words

ANS=the mysterious wizard found

\boxed{the mysterious wizard found}"
142a54ef,"In Alice's Wonderland, secret encryption rules are used on text. Here are some examples:
usfzv xbssbae gwv rkfjwg zuegsv -> alice follows the bright castle
omvvy kvune ukbmyn gbavk -> queen reads around tower
lkfyzvee zkvugve juknvy -> princess creates garden
gwv jbsnvy usfzv egmnfve -> the golden alice studies
Now, decrypt the following text: afdukn evve gwv zsvpvk juknvy",wizard sees the clever garden,Text Encryption,"I identify this as a letter substitution cipher. I build a mapping from the examples, verify it, then decrypt the target word by word. I use the fixed answer vocabulary when the examples do not cover every letter. I ignore the flavor-text wrapper.

LEN
TGT:""afdukn evve gwv zsvpvk juknvy""
W1:6 W2:4 W3:3 W4:6 W5:6

TABLE
EX1:""usfzv xbssbae gwv rkfjwg zuegsv""->""alice follows the bright castle"" [14] u=a,s=l,f=i,z=c,v=e,x=f,b=o,a=w,e=s,g=t,w=h,r=b,k=r,j=g
EX2:""omvvy kvune ukbmyn gbavk""->""queen reads around tower"" [4] o=q,m=u,y=n,n=d
EX3:""lkfyzvee zkvugve juknvy""->""princess creates garden"" [1] l=p
EX4:""gwv jbsnvy usfzv egmnfve""->""the golden alice studies"" [0] none
TOTAL:19/26

VOCAB_FILL
W1:afdukn pattern wi?ard -> LOCK ""wizard"" (candidates: wizard)
W4:zsvpvk pattern cle?er -> LOCK ""clever"" (candidates: clever)

VER
CROSS:4/4 examples decrypt with final table

DECRYPT
W1: afdukn
 a->w
 f->i
 d->z
 u->a
 k->r
 n->d
 = wizard
W2: evve
 e->s
 v->e
 v->e
 e->s
 = sees
W3: gwv
 g->t
 w->h
 v->e (W2)
 = the
W4: zsvpvk
 z->c
 s->l
 v->e (W2)
 p->v
 v->e (W2)
 k->r (W1)
 = clever
W5: juknvy
 j->g
 u->a (W1)
 k->r (W1)
 n->d (W1)
 v->e (W2)
 y->n
 = garden

CHECK
W1:""wizard"" len=6Y alpha=Y vocab=Y gaps=N PASS
W2:""sees"" len=4Y alpha=Y vocab=Y gaps=N PASS
W3:""the"" len=3Y alpha=Y vocab=Y gaps=N PASS
W4:""clever"" len=6Y alpha=Y vocab=Y gaps=N PASS
W5:""garden"" len=6Y alpha=Y vocab=Y gaps=N PASS
ALL:PASS 5/5 words

ANS=wizard sees the clever garden

\boxed{wizard sees the clever garden}"
1433b037,"In Alice's Wonderland, secret encryption rules are used on text. Here are some examples:
lfeeh gnmkicewm qje mekweq giiw -> queen discovers the secret door
qje bhknehq rnhd nxbdnhem -> the ancient king imagines
qje diugeh qfwque nxbdnhem -> the golden turtle imagines
Now, decrypt the following text: gwbdih kjbmem qje mekweq rep",dragon chases the secret key,Text Encryption,"I identify this as a letter substitution cipher. I build a mapping from the examples, verify it, then decrypt the target word by word. I use the fixed answer vocabulary when the examples do not cover every letter. I ignore the flavor-text wrapper.

LEN
TGT:""gwbdih kjbmem qje mekweq rep""
W1:6 W2:6 W3:3 W4:6 W5:3

TABLE
EX1:""lfeeh gnmkicewm qje mekweq giiw""->""queen discovers the secret door"" [13] l=q,f=u,e=e,h=n,g=d,n=i,m=s,k=c,i=o,c=v,w=r,q=t,j=h
EX2:""qje bhknehq rnhd nxbdnhem""->""the ancient king imagines"" [4] b=a,r=k,d=g,x=m
EX3:""qje diugeh qfwque nxbdnhem""->""the golden turtle imagines"" [1] u=l
TOTAL:18/26

VOCAB_FILL
W5:rep pattern ke? -> LOCK ""key"" (candidates: key)

VER
CROSS:3/3 examples decrypt with final table

DECRYPT
W1: gwbdih
 g->d
 w->r
 b->a
 d->g
 i->o
 h->n
 = dragon
W2: kjbmem
 k->c
 j->h
 b->a (W1)
 m->s
 e->e
 m->s
 = chases
W3: qje
 q->t
 j->h (W2)
 e->e (W2)
 = the
W4: mekweq
 m->s (W2)
 e->e (W2)
 k->c (W2)
 w->r (W1)
 e->e (W2)
 q->t (W3)
 = secret
W5: rep
 r->k
 e->e (W2)
 p->y
 = key

CHECK
W1:""dragon"" len=6Y alpha=Y vocab=Y gaps=N PASS
W2:""chases"" len=6Y alpha=Y vocab=Y gaps=N PASS
W3:""the"" len=3Y alpha=Y vocab=Y gaps=N PASS
W4:""secret"" len=6Y alpha=Y vocab=Y gaps=N PASS
W5:""key"" len=3Y alpha=Y vocab=Y gaps=N PASS
ALL:PASS 5/5 words

ANS=dragon chases the secret key

\boxed{dragon chases the secret key}"
145c9296,"In Alice's Wonderland, secret encryption rules are used on text. Here are some examples:
iov zrgnvri crnmoi lsqqsuf -> the ancient knight follows
iov fiwzrmv cnrm gozfvf -> the strange king chases
iov msqjvr crnmoi fvvf -> the golden knight sees
cnrm gozfvf nr nfqzrj -> king chases in island
Now, decrypt the following text: iov zrgnvri jwzmsr jnfgstvwf",the ancient dragon discovers,Text Encryption,"I identify this as a letter substitution cipher. I build a mapping from the examples, verify it, then decrypt the target word by word. I use the fixed answer vocabulary when the examples do not cover every letter. I ignore the flavor-text wrapper.

LEN
TGT:""iov zrgnvri jwzmsr jnfgstvwf""
W1:3 W2:7 W3:6 W4:9

TABLE
EX1:""iov zrgnvri crnmoi lsqqsuf""->""the ancient knight follows"" [14] i=t,o=h,v=e,z=a,r=n,g=c,n=i,c=k,m=g,l=f,s=o,q=l,u=w,f=s
EX2:""iov fiwzrmv cnrm gozfvf""->""the strange king chases"" [1] w=r
EX3:""iov msqjvr crnmoi fvvf""->""the golden knight sees"" [1] j=d
EX4:""cnrm gozfvf nr nfqzrj""->""king chases in island"" [0] none
TOTAL:16/26

VOCAB_FILL
W4:jnfgstvwf pattern disco?ers -> LOCK ""discovers"" (candidates: discovers)

VER
CROSS:4/4 examples decrypt with final table

DECRYPT
W1: iov
 i->t
 o->h
 v->e
 = the
W2: zrgnvri
 z->a
 r->n
 g->c
 n->i
 v->e (W1)
 r->n
 i->t (W1)
 = ancient
W3: jwzmsr
 j->d
 w->r
 z->a (W2)
 m->g
 s->o
 r->n (W2)
 = dragon
W4: jnfgstvwf
 j->d (W3)
 n->i (W2)
 f->s
 g->c (W2)
 s->o (W3)
 t->v
 v->e (W1)
 w->r (W3)
 f->s
 = discovers

CHECK
W1:""the"" len=3Y alpha=Y vocab=Y gaps=N PASS
W2:""ancient"" len=7Y alpha=Y vocab=Y gaps=N PASS
W3:""dragon"" len=6Y alpha=Y vocab=Y gaps=N PASS
W4:""discovers"" len=9Y alpha=Y vocab=Y gaps=N PASS
ALL:PASS 4/4 words

ANS=the ancient dragon discovers

\boxed{the ancient dragon discovers}"
14a31439,"In Alice's Wonderland, secret encryption rules are used on text. Here are some examples:
jfklio wtzbhiwr lvhew plrcbw -> wizard explores above castle
cuw olim jfklio wtzbhiwr -> the dark wizard explores
zifgpwrr rwwr cuw rcilgqw yfiihi -> princess sees the strange mirror
Now, decrypt the following text: rcaowgc jifcwr lihago chjwi",student writes around tower,Text Encryption,"I identify this as a letter substitution cipher. I build a mapping from the examples, verify it, then decrypt the target word by word. I use the fixed answer vocabulary when the examples do not cover every letter. I ignore the flavor-text wrapper.

LEN
TGT:""rcaowgc jifcwr lihago chjwi""
W1:7 W2:6 W3:6 W4:5

TABLE
EX1:""jfklio wtzbhiwr lvhew plrcbw""->""wizard explores above castle"" [16] j=w,f=i,k=z,l=a,i=r,o=d,w=e,t=x,z=p,b=l,h=o,r=s,v=b,e=v,p=c,c=t
EX2:""cuw olim jfklio wtzbhiwr""->""the dark wizard explores"" [2] u=h,m=k
EX3:""zifgpwrr rwwr cuw rcilgqw yfiihi""->""princess sees the strange mirror"" [3] g=n,q=g,y=m
TOTAL:21/26

VOCAB_FILL
W1:rcaowgc pattern st?dent -> LOCK ""student"" (candidates: student)
W3:lihago pattern aro?nd -> LOCK ""around"" (candidates: around)

VER
CROSS:3/3 examples decrypt with final table

DECRYPT
W1: rcaowgc
 r->s
 c->t
 a->u
 o->d
 w->e
 g->n
 c->t
 = student
W2: jifcwr
 j->w
 i->r
 f->i
 c->t (W1)
 w->e (W1)
 r->s (W1)
 = writes
W3: lihago
 l->a
 i->r (W2)
 h->o
 a->u (W1)
 g->n (W1)
 o->d (W1)
 = around
W4: chjwi
 c->t (W1)
 h->o (W3)
 j->w (W2)
 w->e (W1)
 i->r (W2)
 = tower

CHECK
W1:""student"" len=7Y alpha=Y vocab=Y gaps=N PASS
W2:""writes"" len=6Y alpha=Y vocab=Y gaps=N PASS
W3:""around"" len=6Y alpha=Y vocab=Y gaps=N PASS
W4:""tower"" len=5Y alpha=Y vocab=Y gaps=N PASS
ALL:PASS 4/4 words

ANS=student writes around tower

\boxed{student writes around tower}"
14c7561e,"In Alice's Wonderland, secret encryption rules are used on text. Here are some examples:
xmlndmy tylef xdm uycvdx nlfxrm -> teacher draws the bright castle
xdm obfxmycihf ucyt tymlof -> the mysterious bird dreams
dlxxmy colvcsmf luikm nlfxrm -> hatter imagines above castle
fxhtmsx elxndmf pmb -> student watches key
nlx fmmf xdm nhycihf jiymfx -> cat sees the curious forest
Now, decrypt the following text: xdm obfxmycihf pcsv jihst",the mysterious king found,Text Encryption,"I identify this as a letter substitution cipher. I build a mapping from the examples, verify it, then decrypt the target word by word. I use the fixed answer vocabulary when the examples do not cover every letter. I ignore the flavor-text wrapper.

LEN
TGT:""xdm obfxmycihf pcsv jihst""
W1:3 W2:10 W3:4 W4:5

TABLE
EX1:""xmlndmy tylef xdm uycvdx nlfxrm""->""teacher draws the bright castle"" [13] x=t,m=e,l=a,n=c,d=h,y=r,t=d,e=w,f=s,u=b,c=i,v=g,r=l
EX2:""xdm obfxmycihf ucyt tymlof""->""the mysterious bird dreams"" [4] o=m,b=y,i=o,h=u
EX3:""dlxxmy colvcsmf luikm nlfxrm""->""hatter imagines above castle"" [2] s=n,k=v
EX4:""fxhtmsx elxndmf pmb""->""student watches key"" [1] p=k
EX5:""nlx fmmf xdm nhycihf jiymfx""->""cat sees the curious forest"" [1] j=f
TOTAL:21/26

VOCAB_FILL
(no gaps; examples covered all target letters)

VER
CROSS:5/5 examples decrypt with final table

DECRYPT
W1: xdm
 x->t
 d->h
 m->e
 = the
W2: obfxmycihf
 o->m
 b->y
 f->s
 x->t (W1)
 m->e (W1)
 y->r
 c->i
 i->o
 h->u
 f->s
 = mysterious
W3: pcsv
 p->k
 c->i (W2)
 s->n
 v->g
 = king
W4: jihst
 j->f
 i->o (W2)
 h->u (W2)
 s->n (W3)
 t->d
 = found

CHECK
W1:""the"" len=3Y alpha=Y vocab=Y gaps=N PASS
W2:""mysterious"" len=10Y alpha=Y vocab=Y gaps=N PASS
W3:""king"" len=4Y alpha=Y vocab=Y gaps=N PASS
W4:""found"" len=5Y alpha=Y vocab=Y gaps=N PASS
ALL:PASS 4/4 words

ANS=the mysterious king found

\boxed{the mysterious king found}"
14d74a0b,"In Alice's Wonderland, secret encryption rules are used on text. Here are some examples:
tes kubzxuq tsuxesp apztsc -> the magical teacher writes
tes xfqfpwnq euttsp ctnvzsc -> the colorful hatter studies
tsuxesp vpsukc dffg -> teacher dreams book
lpzmxscc cssc zm afmvspqumv -> princess sees in wonderland
Now, decrypt the following text: vpubfm vpuac tes vupg dffg",dragon draws the dark book,Text Encryption,"I identify this as a letter substitution cipher. I build a mapping from the examples, verify it, then decrypt the target word by word. I use the fixed answer vocabulary when the examples do not cover every letter. I ignore the flavor-text wrapper.

LEN
TGT:""vpubfm vpuac tes vupg dffg""
W1:6 W2:5 W3:3 W4:4 W5:4

TABLE
EX1:""tes kubzxuq tsuxesp apztsc""->""the magical teacher writes"" [12] t=t,e=h,s=e,k=m,u=a,b=g,z=i,x=c,q=l,p=r,a=w,c=s
EX2:""tes xfqfpwnq euttsp ctnvzsc""->""the colorful hatter studies"" [4] f=o,w=f,n=u,v=d
EX3:""tsuxesp vpsukc dffg""->""teacher dreams book"" [2] d=b,g=k
EX4:""lpzmxscc cssc zm afmvspqumv""->""princess sees in wonderland"" [2] l=p,m=n
TOTAL:20/26

VOCAB_FILL
(no gaps; examples covered all target letters)

VER
CROSS:4/4 examples decrypt with final table

DECRYPT
W1: vpubfm
 v->d
 p->r
 u->a
 b->g
 f->o
 m->n
 = dragon
W2: vpuac
 v->d (W1)
 p->r (W1)
 u->a (W1)
 a->w
 c->s
 = draws
W3: tes
 t->t
 e->h
 s->e
 = the
W4: vupg
 v->d (W1)
 u->a (W1)
 p->r (W1)
 g->k
 = dark
W5: dffg
 d->b
 f->o (W1)
 f->o (W1)
 g->k (W4)
 = book

CHECK
W1:""dragon"" len=6Y alpha=Y vocab=Y gaps=N PASS
W2:""draws"" len=5Y alpha=Y vocab=Y gaps=N PASS
W3:""the"" len=3Y alpha=Y vocab=Y gaps=N PASS
W4:""dark"" len=4Y alpha=Y vocab=Y gaps=N PASS
W5:""book"" len=4Y alpha=Y vocab=Y gaps=N PASS
ALL:PASS 5/5 words

ANS=dragon draws the dark book

\boxed{dragon draws the dark book}"
14df3496,"In Alice's Wonderland, secret encryption rules are used on text. Here are some examples:
xqfg efqvku lpddtk -> bird writes puzzle
vsk jyuvkfqopu lfqhikuu efqvku -> the mysterious princess writes
chqrsv iszuku goof -> knight chases door
Now, decrypt the following text: gfzroh gquiomkfu qhuqgk mzttky",dragon discovers inside valley,Text Encryption,"I identify this as a letter substitution cipher. I build a mapping from the examples, verify it, then decrypt the target word by word. I use the fixed answer vocabulary when the examples do not cover every letter. I ignore the flavor-text wrapper.

LEN
TGT:""gfzroh gquiomkfu qhuqgk mzttky""
W1:6 W2:9 W3:6 W4:6

TABLE
EX1:""xqfg efqvku lpddtk""->""bird writes puzzle"" [12] x=b,q=i,f=r,g=d,e=w,v=t,k=e,u=s,l=p,p=u,d=z,t=l
EX2:""vsk jyuvkfqopu lfqhikuu efqvku""->""the mysterious princess writes"" [6] s=h,j=m,y=y,o=o,h=n,i=c
EX3:""chqrsv iszuku goof""->""knight chases door"" [3] c=k,r=g,z=a
TOTAL:21/26

VOCAB_FILL
W2:gquiomkfu pattern disco?ers -> LOCK ""discovers"" (candidates: discovers)
W4:mzttky pattern ?alley -> LOCK ""valley"" (candidates: valley)

VER
CROSS:3/3 examples decrypt with final table

DECRYPT
W1: gfzroh
 g->d
 f->r
 z->a
 r->g
 o->o
 h->n
 = dragon
W2: gquiomkfu
 g->d (W1)
 q->i
 u->s
 i->c
 o->o (W1)
 m->v
 k->e
 f->r (W1)
 u->s
 = discovers
W3: qhuqgk
 q->i (W2)
 h->n (W1)
 u->s (W2)
 q->i (W2)
 g->d (W1)
 k->e (W2)
 = inside
W4: mzttky
 m->v (W2)
 z->a (W1)
 t->l
 t->l
 k->e (W2)
 y->y
 = valley

CHECK
W1:""dragon"" len=6Y alpha=Y vocab=Y gaps=N PASS
W2:""discovers"" len=9Y alpha=Y vocab=Y gaps=N PASS
W3:""inside"" len=6Y alpha=Y vocab=Y gaps=N PASS
W4:""valley"" len=6Y alpha=Y vocab=Y gaps=N PASS
ALL:PASS 4/4 words

ANS=dragon discovers inside valley

\boxed{dragon discovers inside valley}"
1509bbb0,"In Alice's Wonderland, secret encryption rules are used on text. Here are some examples:
skyrj gkccktr ohkyuf skyuxoiu -> mouse follows around mountain
xzj mkcfju lox gkyuf -> the golden cat found
hobbix gkyuf xzj ziffju lhvrxoc -> rabbit found the hidden crystal
rxyfjux lhjoxjr sihhkh -> student creates mirror
xzj mkcfju zoxxjh gkyuf -> the golden hatter found
Now, decrypt the following text: xzj ziffju xyhxcj gkccktr",the hidden turtle follows,Text Encryption,"I identify this as a letter substitution cipher. I build a mapping from the examples, verify it, then decrypt the target word by word. I use the fixed answer vocabulary when the examples do not cover every letter. I ignore the flavor-text wrapper.

LEN
TGT:""xzj ziffju xyhxcj gkccktr""
W1:3 W2:6 W3:6 W4:7

TABLE
EX1:""skyrj gkccktr ohkyuf skyuxoiu""->""mouse follows around mountain"" [14] s=m,k=o,y=u,r=s,j=e,g=f,c=l,t=w,o=a,h=r,u=n,f=d,x=t,i=i
EX2:""xzj mkcfju lox gkyuf""->""the golden cat found"" [3] z=h,m=g,l=c
EX3:""hobbix gkyuf xzj ziffju lhvrxoc""->""rabbit found the hidden crystal"" [2] b=b,v=y
EX4:""rxyfjux lhjoxjr sihhkh""->""student creates mirror"" [0] none
EX5:""xzj mkcfju zoxxjh gkyuf""->""the golden hatter found"" [0] none
TOTAL:19/26

VOCAB_FILL
(no gaps; examples covered all target letters)

VER
CROSS:5/5 examples decrypt with final table

DECRYPT
W1: xzj
 x->t
 z->h
 j->e
 = the
W2: ziffju
 z->h (W1)
 i->i
 f->d
 f->d
 j->e (W1)
 u->n
 = hidden
W3: xyhxcj
 x->t (W1)
 y->u
 h->r
 x->t (W1)
 c->l
 j->e (W1)
 = turtle
W4: gkccktr
 g->f
 k->o
 c->l (W3)
 c->l (W3)
 k->o
 t->w
 r->s
 = follows

CHECK
W1:""the"" len=3Y alpha=Y vocab=Y gaps=N PASS
W2:""hidden"" len=6Y alpha=Y vocab=Y gaps=N PASS
W3:""turtle"" len=6Y alpha=Y vocab=Y gaps=N PASS
W4:""follows"" len=7Y alpha=Y vocab=Y gaps=N PASS
ALL:PASS 4/4 words

ANS=the hidden turtle follows

\boxed{the hidden turtle follows}"
152559af,"In Alice's Wonderland, secret encryption rules are used on text. Here are some examples:
xbg opzbhy jtozp uxzbt -> cat dreams under ocean
gzbxczp opzbhy gpzbyjpz -> teacher dreams treasure
pbaasg xcbyzy gcz yzxpzg lupzyg -> rabbit chases the secret forest
Now, decrypt the following text: gcz vsyz etsdcg yzzy",the wise knight sees,Text Encryption,"I identify this as a letter substitution cipher. I build a mapping from the examples, verify it, then decrypt the target word by word. I use the fixed answer vocabulary when the examples do not cover every letter. I ignore the flavor-text wrapper.

LEN
TGT:""gcz vsyz etsdcg yzzy""
W1:3 W2:4 W3:6 W4:4

TABLE
EX1:""xbg opzbhy jtozp uxzbt""->""cat dreams under ocean"" [11] x=c,b=a,g=t,o=d,p=r,z=e,h=m,y=s,j=u,t=n,u=o
EX2:""gzbxczp opzbhy gpzbyjpz""->""teacher dreams treasure"" [1] c=h
EX3:""pbaasg xcbyzy gcz yzxpzg lupzyg""->""rabbit chases the secret forest"" [3] a=b,s=i,l=f
TOTAL:15/26

VOCAB_FILL
W2:vsyz pattern ?ise -> LOCK ""wise"" (candidates: wise)
W3:etsdcg pattern ?ni?ht -> LOCK ""knight"" (candidates: knight)

VER
CROSS:3/3 examples decrypt with final table

DECRYPT
W1: gcz
 g->t
 c->h
 z->e
 = the
W2: vsyz
 v->w
 s->i
 y->s
 z->e (W1)
 = wise
W3: etsdcg
 e->k
 t->n
 s->i (W2)
 d->g
 c->h (W1)
 g->t (W1)
 = knight
W4: yzzy
 y->s (W2)
 z->e (W1)
 z->e (W1)
 y->s (W2)
 = sees

CHECK
W1:""the"" len=3Y alpha=Y vocab=Y gaps=N PASS
W2:""wise"" len=4Y alpha=Y vocab=Y gaps=N PASS
W3:""knight"" len=6Y alpha=Y vocab=Y gaps=N PASS
W4:""sees"" len=4Y alpha=Y vocab=Y gaps=N PASS
ALL:PASS 4/4 words

ANS=the wise knight sees

\boxed{the wise knight sees}"
1528c054,"In Alice's Wonderland, secret encryption rules are used on text. Here are some examples:
vmzzua euue ezgac -> hatter sees story
naysiuee ezfoyue zvu msiyusz quc -> princess studies the ancient key
zfazlu xmzivue zvu wglous hyaaga -> turtle watches the golden mirror
Now, decrypt the following text: ezfousz bgfso zvu eyldua iacezml",student found the silver crystal,Text Encryption,"I identify this as a letter substitution cipher. I build a mapping from the examples, verify it, then decrypt the target word by word. I use the fixed answer vocabulary when the examples do not cover every letter. I ignore the flavor-text wrapper.

LEN
TGT:""ezfousz bgfso zvu eyldua iacezml""
W1:7 W2:5 W3:3 W4:6 W5:7

TABLE
EX1:""vmzzua euue ezgac""->""hatter sees story"" [8] v=h,m=a,z=t,u=e,a=r,e=s,g=o,c=y
EX2:""naysiuee ezfoyue zvu msiyusz quc""->""princess studies the ancient key"" [7] n=p,y=i,s=n,i=c,f=u,o=d,q=k
EX3:""zfazlu xmzivue zvu wglous hyaaga""->""turtle watches the golden mirror"" [4] l=l,x=w,w=g,h=m
TOTAL:19/26

VOCAB_FILL
W2:bgfso pattern ?ound -> LOCK ""found"" (candidates: found)
W4:eyldua pattern sil?er -> LOCK ""silver"" (candidates: silver)

VER
CROSS:3/3 examples decrypt with final table

DECRYPT
W1: ezfousz
 e->s
 z->t
 f->u
 o->d
 u->e
 s->n
 z->t
 = student
W2: bgfso
 b->f
 g->o
 f->u (W1)
 s->n (W1)
 o->d (W1)
 = found
W3: zvu
 z->t (W1)
 v->h
 u->e (W1)
 = the
W4: eyldua
 e->s (W1)
 y->i
 l->l
 d->v
 u->e (W1)
 a->r
 = silver
W5: iacezml
 i->c
 a->r (W4)
 c->y
 e->s (W1)
 z->t (W1)
 m->a
 l->l (W4)
 = crystal

CHECK
W1:""student"" len=7Y alpha=Y vocab=Y gaps=N PASS
W2:""found"" len=5Y alpha=Y vocab=Y gaps=N PASS
W3:""the"" len=3Y alpha=Y vocab=Y gaps=N PASS
W4:""silver"" len=6Y alpha=Y vocab=Y gaps=N PASS
W5:""crystal"" len=7Y alpha=Y vocab=Y gaps=N PASS
ALL:PASS 5/5 words

ANS=student found the silver crystal

\boxed{student found the silver crystal}"
157f8266,"In Alice's Wonderland, secret encryption rules are used on text. Here are some examples:
yzh otaghl ulbndq txbntqho -> the silver dragon imagines
zbyyhl hfpadlho qhbl rdquhlabqu -> hatter explores near wonderland
oysuhqy oysutho wdlhoy -> student studies forest
mshhq lhbuo yzh ublk xbp -> queen reads the dark map
Now, decrypt the following text: vtlu rbyezho tqotuh toabqu",bird watches inside island,Text Encryption,"I identify this as a letter substitution cipher. I build a mapping from the examples, verify it, then decrypt the target word by word. I use the fixed answer vocabulary when the examples do not cover every letter. I ignore the flavor-text wrapper.

LEN
TGT:""vtlu rbyezho tqotuh toabqu""
W1:4 W2:7 W3:6 W4:6

TABLE
EX1:""yzh otaghl ulbndq txbntqho""->""the silver dragon imagines"" [14] y=t,z=h,h=e,o=s,t=i,a=l,g=v,l=r,u=d,b=a,n=g,d=o,q=n,x=m
EX2:""zbyyhl hfpadlho qhbl rdquhlabqu""->""hatter explores near wonderland"" [3] f=x,p=p,r=w
EX3:""oysuhqy oysutho wdlhoy""->""student studies forest"" [2] s=u,w=f
EX4:""mshhq lhbuo yzh ublk xbp""->""queen reads the dark map"" [2] m=q,k=k
TOTAL:21/26

VOCAB_FILL
W1:vtlu pattern ?ird -> LOCK ""bird"" (candidates: bird)
W2:rbyezho pattern wat?hes -> LOCK ""watches"" (candidates: watches)

VER
CROSS:4/4 examples decrypt with final table

DECRYPT
W1: vtlu
 v->b
 t->i
 l->r
 u->d
 = bird
W2: rbyezho
 r->w
 b->a
 y->t
 e->c
 z->h
 h->e
 o->s
 = watches
W3: tqotuh
 t->i (W1)
 q->n
 o->s (W2)
 t->i (W1)
 u->d (W1)
 h->e (W2)
 = inside
W4: toabqu
 t->i (W1)
 o->s (W2)
 a->l
 b->a (W2)
 q->n (W3)
 u->d (W1)
 = island

CHECK
W1:""bird"" len=4Y alpha=Y vocab=Y gaps=N PASS
W2:""watches"" len=7Y alpha=Y vocab=Y gaps=N PASS
W3:""inside"" len=6Y alpha=Y vocab=Y gaps=N PASS
W4:""island"" len=6Y alpha=Y vocab=Y gaps=N PASS
ALL:PASS 4/4 words

ANS=bird watches inside island

\boxed{bird watches inside island}"
159f713c,"In Alice's Wonderland, secret encryption rules are used on text. Here are some examples:
rybbed fqskiueds sekdeb -> hatter discovers secret
zdqokess fqskiueds jessyhe -> princess discovers message
ycqke deyfs lofed zycyke -> alice reads under palace
sblfeob aiccips bre yokqeob aidesb -> student follows the ancient forest
Now, decrypt the following text: fdyhio kdeybes jqddid",dragon creates mirror,Text Encryption,"I identify this as a letter substitution cipher. I build a mapping from the examples, verify it, then decrypt the target word by word. I use the fixed answer vocabulary when the examples do not cover every letter. I ignore the flavor-text wrapper.

LEN
TGT:""fdyhio kdeybes jqddid""
W1:6 W2:7 W3:6

TABLE
EX1:""rybbed fqskiueds sekdeb""->""hatter discovers secret"" [11] r=h,y=a,b=t,e=e,d=r,f=d,q=i,s=s,k=c,i=o,u=v
EX2:""zdqokess fqskiueds jessyhe""->""princess discovers message"" [4] z=p,o=n,j=m,h=g
EX3:""ycqke deyfs lofed zycyke""->""alice reads under palace"" [2] c=l,l=u
EX4:""sblfeob aiccips bre yokqeob aidesb""->""student follows the ancient forest"" [2] a=f,p=w
TOTAL:19/26

VOCAB_FILL
(no gaps; examples covered all target letters)

VER
CROSS:4/4 examples decrypt with final table

DECRYPT
W1: fdyhio
 f->d
 d->r
 y->a
 h->g
 i->o
 o->n
 = dragon
W2: kdeybes
 k->c
 d->r (W1)
 e->e
 y->a (W1)
 b->t
 e->e
 s->s
 = creates
W3: jqddid
 j->m
 q->i
 d->r (W1)
 d->r (W1)
 i->o (W1)
 d->r (W1)
 = mirror

CHECK
W1:""dragon"" len=6Y alpha=Y vocab=Y gaps=N PASS
W2:""creates"" len=7Y alpha=Y vocab=Y gaps=N PASS
W3:""mirror"" len=6Y alpha=Y vocab=Y gaps=N PASS
ALL:PASS 3/3 words

ANS=dragon creates mirror

\boxed{dragon creates mirror}"
15d108f2,"In Alice's Wonderland, secret encryption rules are used on text. Here are some examples:
ildg cvsulqc vxq hywyrasw kyvlyd -> king studies the colorful potion
elru hxmcqc vxq hwqtqr ayrqcv -> bird chases the clever forest
vxq jlcq vqmhxqr aywwyjc -> the wise teacher follows
vxq bzcvqrlysc idlgxv cvsulqc -> the mysterious knight studies
vqmhxqr lbmgldqc iqz -> teacher imagines key
Now, decrypt the following text: vxq gywuqd rmeelv urmjc",the golden rabbit draws,Text Encryption,"I identify this as a letter substitution cipher. I build a mapping from the examples, verify it, then decrypt the target word by word. I use the fixed answer vocabulary when the examples do not cover every letter. I ignore the flavor-text wrapper.

LEN
TGT:""vxq gywuqd rmeelv urmjc""
W1:3 W2:6 W3:6 W4:5

TABLE
EX1:""ildg cvsulqc vxq hywyrasw kyvlyd""->""king studies the colorful potion"" [16] i=k,l=i,d=n,g=g,c=s,v=t,s=u,u=d,q=e,x=h,h=c,y=o,w=l,r=r,a=f,k=p
EX2:""elru hxmcqc vxq hwqtqr ayrqcv""->""bird chases the clever forest"" [3] e=b,m=a,t=v
EX3:""vxq jlcq vqmhxqr aywwyjc""->""the wise teacher follows"" [1] j=w
EX4:""vxq bzcvqrlysc idlgxv cvsulqc""->""the mysterious knight studies"" [2] b=m,z=y
EX5:""vqmhxqr lbmgldqc iqz""->""teacher imagines key"" [0] none
TOTAL:22/26

VOCAB_FILL
(no gaps; examples covered all target letters)

VER
CROSS:5/5 examples decrypt with final table

DECRYPT
W1: vxq
 v->t
 x->h
 q->e
 = the
W2: gywuqd
 g->g
 y->o
 w->l
 u->d
 q->e (W1)
 d->n
 = golden
W3: rmeelv
 r->r
 m->a
 e->b
 e->b
 l->i
 v->t (W1)
 = rabbit
W4: urmjc
 u->d (W2)
 r->r (W3)
 m->a (W3)
 j->w
 c->s
 = draws

CHECK
W1:""the"" len=3Y alpha=Y vocab=Y gaps=N PASS
W2:""golden"" len=6Y alpha=Y vocab=Y gaps=N PASS
W3:""rabbit"" len=6Y alpha=Y vocab=Y gaps=N PASS
W4:""draws"" len=5Y alpha=Y vocab=Y gaps=N PASS
ALL:PASS 4/4 words

ANS=the golden rabbit draws

\boxed{the golden rabbit draws}"
15d1668d,"In Alice's Wonderland, secret encryption rules are used on text. Here are some examples:
kvsgjb xnnx bpnwxlpn -> knight sees treasure
bjn adidpzli wisan pnwux -> the colorful alice reads
jwbbnp ajwxnx bjn adidpzli zdpnxb -> hatter chases the colorful forest
Now, decrypt the following text: bjn moxbnpsdlx jwbbnp nfcidpnx",the mysterious hatter explores,Text Encryption,"I identify this as a letter substitution cipher. I build a mapping from the examples, verify it, then decrypt the target word by word. I use the fixed answer vocabulary when the examples do not cover every letter. I ignore the flavor-text wrapper.

LEN
TGT:""bjn moxbnpsdlx jwbbnp nfcidpnx""
W1:3 W2:10 W3:6 W4:8

TABLE
EX1:""kvsgjb xnnx bpnwxlpn""->""knight sees treasure"" [11] k=k,v=n,s=i,g=g,j=h,b=t,x=s,n=e,p=r,w=a,l=u
EX2:""bjn adidpzli wisan pnwux""->""the colorful alice reads"" [5] a=c,d=o,i=l,z=f,u=d
EX3:""jwbbnp ajwxnx bjn adidpzli zdpnxb""->""hatter chases the colorful forest"" [0] none
TOTAL:16/26

VOCAB_FILL
W2:moxbnpsdlx pattern ??sterious -> LOCK ""mysterious"" (candidates: mysterious)
W4:nfcidpnx pattern e??lores -> LOCK ""explores"" (candidates: explores)

VER
CROSS:3/3 examples decrypt with final table

DECRYPT
W1: bjn
 b->t
 j->h
 n->e
 = the
W2: moxbnpsdlx
 m->m
 o->y
 x->s
 b->t (W1)
 n->e (W1)
 p->r
 s->i
 d->o
 l->u
 x->s
 = mysterious
W3: jwbbnp
 j->h (W1)
 w->a
 b->t (W1)
 b->t (W1)
 n->e (W1)
 p->r (W2)
 = hatter
W4: nfcidpnx
 n->e (W1)
 f->x
 c->p
 i->l
 d->o (W2)
 p->r (W2)
 n->e (W1)
 x->s (W2)
 = explores

CHECK
W1:""the"" len=3Y alpha=Y vocab=Y gaps=N PASS
W2:""mysterious"" len=10Y alpha=Y vocab=Y gaps=N PASS
W3:""hatter"" len=6Y alpha=Y vocab=Y gaps=N PASS
W4:""explores"" len=8Y alpha=Y vocab=Y gaps=N PASS
ALL:PASS 4/4 words

ANS=the mysterious hatter explores

\boxed{the mysterious hatter explores}"
16056413,"In Alice's Wonderland, secret encryption rules are used on text. Here are some examples:
wsl tlqalw fzam bnkknet -> the secret bird follows
whawkl maiet wsl ciuzqik bnaltw -> turtle draws the magical forest
ezdiam zciuzplt ifnrl bnaltw -> wizard imagines above forest
qiw maiet wsl miax walithal -> cat draws the dark treasure
qiw qsitlt hpmla bnaltw -> cat chases under forest
Now, decrypt the following text: siwwla qaliwlt flvnpm jikiql",hatter creates beyond palace,Text Encryption,"I identify this as a letter substitution cipher. I build a mapping from the examples, verify it, then decrypt the target word by word. I use the fixed answer vocabulary when the examples do not cover every letter. I ignore the flavor-text wrapper.

LEN
TGT:""siwwla qaliwlt flvnpm jikiql""
W1:6 W2:7 W3:6 W4:6

TABLE
EX1:""wsl tlqalw fzam bnkknet""->""the secret bird follows"" [13] w=t,s=h,l=e,t=s,q=c,a=r,f=b,z=i,m=d,b=f,n=o,k=l,e=w
EX2:""whawkl maiet wsl ciuzqik bnaltw""->""turtle draws the magical forest"" [4] h=u,i=a,c=m,u=g
EX3:""ezdiam zciuzplt ifnrl bnaltw""->""wizard imagines above forest"" [3] d=z,p=n,r=v
EX4:""qiw maiet wsl miax walithal""->""cat draws the dark treasure"" [1] x=k
EX5:""qiw qsitlt hpmla bnaltw""->""cat chases under forest"" [0] none
TOTAL:21/26

VOCAB_FILL
W3:flvnpm pattern be?ond -> LOCK ""beyond"" (candidates: beyond)
W4:jikiql pattern ?alace -> LOCK ""palace"" (candidates: palace)

VER
CROSS:5/5 examples decrypt with final table

DECRYPT
W1: siwwla
 s->h
 i->a
 w->t
 w->t
 l->e
 a->r
 = hatter
W2: qaliwlt
 q->c
 a->r (W1)
 l->e (W1)
 i->a (W1)
 w->t (W1)
 l->e (W1)
 t->s
 = creates
W3: flvnpm
 f->b
 l->e (W1)
 v->y
 n->o
 p->n
 m->d
 = beyond
W4: jikiql
 j->p
 i->a (W1)
 k->l
 i->a (W1)
 q->c (W2)
 l->e (W1)
 = palace

CHECK
W1:""hatter"" len=6Y alpha=Y vocab=Y gaps=N PASS
W2:""creates"" len=7Y alpha=Y vocab=Y gaps=N PASS
W3:""beyond"" len=6Y alpha=Y vocab=Y gaps=N PASS
W4:""palace"" len=6Y alpha=Y vocab=Y gaps=N PASS
ALL:PASS 4/4 words

ANS=hatter creates beyond palace

\boxed{hatter creates beyond palace}"
164f3ee2,"In Alice's Wonderland, secret encryption rules are used on text. Here are some examples:
our hdqtrdo qho gmhpz -> the ancient cat draws
our zomhdcr ojmoir gmrhnz -> the strange turtle dreams
btdc phoqurz hxwsr tzihdg -> king watches above island
ojmoir quhzrz our nhctqhi chmgrd -> turtle chases the magical garden
our ztisrm bdtcuo zojgtrz -> the silver knight studies
Now, decrypt the following text: orhqurm gtzqwsrmz hxwsr qhzoir",teacher discovers above castle,Text Encryption,"I identify this as a letter substitution cipher. I build a mapping from the examples, verify it, then decrypt the target word by word. I use the fixed answer vocabulary when the examples do not cover every letter. I ignore the flavor-text wrapper.

LEN
TGT:""orhqurm gtzqwsrmz hxwsr qhzoir""
W1:7 W2:9 W3:5 W4:6

TABLE
EX1:""our hdqtrdo qho gmhpz""->""the ancient cat draws"" [11] o=t,u=h,r=e,h=a,d=n,q=c,t=i,g=d,m=r,p=w,z=s
EX2:""our zomhdcr ojmoir gmrhnz""->""the strange turtle dreams"" [4] c=g,j=u,i=l,n=m
EX3:""btdc phoqurz hxwsr tzihdg""->""king watches above island"" [4] b=k,x=b,w=o,s=v
EX4:""ojmoir quhzrz our nhctqhi chmgrd""->""turtle chases the magical garden"" [0] none
EX5:""our ztisrm bdtcuo zojgtrz""->""the silver knight studies"" [0] none
TOTAL:19/26

VOCAB_FILL
(no gaps; examples covered all target letters)

VER
CROSS:5/5 examples decrypt with final table

DECRYPT
W1: orhqurm
 o->t
 r->e
 h->a
 q->c
 u->h
 r->e
 m->r
 = teacher
W2: gtzqwsrmz
 g->d
 t->i
 z->s
 q->c (W1)
 w->o
 s->v
 r->e (W1)
 m->r (W1)
 z->s
 = discovers
W3: hxwsr
 h->a (W1)
 x->b
 w->o (W2)
 s->v (W2)
 r->e (W1)
 = above
W4: qhzoir
 q->c (W1)
 h->a (W1)
 z->s (W2)
 o->t (W1)
 i->l
 r->e (W1)
 = castle

CHECK
W1:""teacher"" len=7Y alpha=Y vocab=Y gaps=N PASS
W2:""discovers"" len=9Y alpha=Y vocab=Y gaps=N PASS
W3:""above"" len=5Y alpha=Y vocab=Y gaps=N PASS
W4:""castle"" len=6Y alpha=Y vocab=Y gaps=N PASS
ALL:PASS 4/4 words

ANS=teacher discovers above castle

\boxed{teacher discovers above castle}"
1654bd39,"In Alice's Wonderland, secret encryption rules are used on text. Here are some examples:
ihf ulnlympn ipyinf tybifz -> the colorful turtle writes
tbgqyd boqebrfz wliblr -> wizard imagines potion
zipdfri fcwnlyfz brzbdf tlrdfynqrd -> student explores inside wonderland
olpzf mlprd br nbayqyk -> mouse found in library
Now, decrypt the following text: uqi mlnnltz afklrd eqydfr",cat follows beyond garden,Text Encryption,"I identify this as a letter substitution cipher. I build a mapping from the examples, verify it, then decrypt the target word by word. I use the fixed answer vocabulary when the examples do not cover every letter. I ignore the flavor-text wrapper.

LEN
TGT:""uqi mlnnltz afklrd eqydfr""
W1:3 W2:7 W3:6 W4:6

TABLE
EX1:""ihf ulnlympn ipyinf tybifz""->""the colorful turtle writes"" [12] i=t,h=h,f=e,u=c,l=o,n=l,y=r,m=f,p=u,t=w,b=i,z=s
EX2:""tbgqyd boqebrfz wliblr""->""wizard imagines potion"" [7] g=z,q=a,d=d,o=m,e=g,r=n,w=p
EX3:""zipdfri fcwnlyfz brzbdf tlrdfynqrd""->""student explores inside wonderland"" [1] c=x
EX4:""olpzf mlprd br nbayqyk""->""mouse found in library"" [2] a=b,k=y
TOTAL:22/26

VOCAB_FILL
(no gaps; examples covered all target letters)

VER
CROSS:4/4 examples decrypt with final table

DECRYPT
W1: uqi
 u->c
 q->a
 i->t
 = cat
W2: mlnnltz
 m->f
 l->o
 n->l
 n->l
 l->o
 t->w
 z->s
 = follows
W3: afklrd
 a->b
 f->e
 k->y
 l->o (W2)
 r->n
 d->d
 = beyond
W4: eqydfr
 e->g
 q->a (W1)
 y->r
 d->d (W3)
 f->e (W3)
 r->n (W3)
 = garden

CHECK
W1:""cat"" len=3Y alpha=Y vocab=Y gaps=N PASS
W2:""follows"" len=7Y alpha=Y vocab=Y gaps=N PASS
W3:""beyond"" len=6Y alpha=Y vocab=Y gaps=N PASS
W4:""garden"" len=6Y alpha=Y vocab=Y gaps=N PASS
ALL:PASS 4/4 words

ANS=cat follows beyond garden

\boxed{cat follows beyond garden}"
165df245,"In Alice's Wonderland, secret encryption rules are used on text. Here are some examples:
ylppia gzkkzhu fwxia zdilw -> hatter follows under ocean
pyi dzkzagfk heblax gzkkzhu -> the colorful wizard follows
pyi ueknia qeax ailxu -> the silver bird reads
Now, decrypt the following text: dlp xalhu mlaxiw",cat draws garden,Text Encryption,"I identify this as a letter substitution cipher. I build a mapping from the examples, verify it, then decrypt the target word by word. I use the fixed answer vocabulary when the examples do not cover every letter. I ignore the flavor-text wrapper.

LEN
TGT:""dlp xalhu mlaxiw""
W1:3 W2:5 W3:6

TABLE
EX1:""ylppia gzkkzhu fwxia zdilw""->""hatter follows under ocean"" [14] y=h,l=a,p=t,i=e,a=r,g=f,z=o,k=l,h=w,u=s,f=u,w=n,x=d,d=c
EX2:""pyi dzkzagfk heblax gzkkzhu""->""the colorful wizard follows"" [2] e=i,b=z
EX3:""pyi ueknia qeax ailxu""->""the silver bird reads"" [2] n=v,q=b
TOTAL:18/26

VOCAB_FILL
W3:mlaxiw pattern ?arden -> LOCK ""garden"" (candidates: garden)

VER
CROSS:3/3 examples decrypt with final table

DECRYPT
W1: dlp
 d->c
 l->a
 p->t
 = cat
W2: xalhu
 x->d
 a->r
 l->a (W1)
 h->w
 u->s
 = draws
W3: mlaxiw
 m->g
 l->a (W1)
 a->r (W2)
 x->d (W2)
 i->e
 w->n
 = garden

CHECK
W1:""cat"" len=3Y alpha=Y vocab=Y gaps=N PASS
W2:""draws"" len=5Y alpha=Y vocab=Y gaps=N PASS
W3:""garden"" len=6Y alpha=Y vocab=Y gaps=N PASS
ALL:PASS 3/3 words

ANS=cat draws garden

\boxed{cat draws garden}"
16642d10,"In Alice's Wonderland, secret encryption rules are used on text. Here are some examples:
nbap jssj gdaotyd jidoof -> bird sees through school
gds iofoamtf dkggsa rkgidsj -> the colorful hatter watches
rbwkap rkgidsj bq ykapsq -> wizard watches in garden
Now, decrypt the following text: xbqy motqp bq ekffsv",king found in valley,Text Encryption,"I identify this as a letter substitution cipher. I build a mapping from the examples, verify it, then decrypt the target word by word. I use the fixed answer vocabulary when the examples do not cover every letter. I ignore the flavor-text wrapper.

LEN
TGT:""xbqy motqp bq ekffsv""
W1:4 W2:5 W3:2 W4:6

TABLE
EX1:""nbap jssj gdaotyd jidoof""->""bird sees through school"" [13] n=b,b=i,a=r,p=d,j=s,s=e,g=t,d=h,o=o,t=u,y=g,i=c,f=l
EX2:""gds iofoamtf dkggsa rkgidsj""->""the colorful hatter watches"" [3] m=f,k=a,r=w
EX3:""rbwkap rkgidsj bq ykapsq""->""wizard watches in garden"" [2] w=z,q=n
TOTAL:18/26

VOCAB_FILL
W1:xbqy pattern ?ing -> LOCK ""king"" (candidates: king)
W4:ekffsv pattern ?alle? -> LOCK ""valley"" (candidates: valley)

VER
CROSS:3/3 examples decrypt with final table

DECRYPT
W1: xbqy
 x->k
 b->i
 q->n
 y->g
 = king
W2: motqp
 m->f
 o->o
 t->u
 q->n (W1)
 p->d
 = found
W3: bq
 b->i (W1)
 q->n (W1)
 = in
W4: ekffsv
 e->v
 k->a
 f->l
 f->l
 s->e
 v->y
 = valley

CHECK
W1:""king"" len=4Y alpha=Y vocab=Y gaps=N PASS
W2:""found"" len=5Y alpha=Y vocab=Y gaps=N PASS
W3:""in"" len=2Y alpha=Y vocab=Y gaps=N PASS
W4:""valley"" len=6Y alpha=Y vocab=Y gaps=N PASS
ALL:PASS 4/4 words

ANS=king found in valley

\boxed{king found in valley}"
168b5071,"In Alice's Wonderland, secret encryption rules are used on text. Here are some examples:
cwenva tdowu gldxy sgxy -> knight found above cave
jdofy ejgnewyf jgz -> mouse imagines map
faouywa hpeayf avy jmfaypedof sgfaiy -> student writes the mysterious castle
qoyyw ejgnewyf gpdowu sgxy -> queen imagines around cave
lepu yrzidpyf ngpuyw -> bird explores garden
Now, decrypt the following text: avy ugpc aopaiy hpeayf",the dark turtle writes,Text Encryption,"I identify this as a letter substitution cipher. I build a mapping from the examples, verify it, then decrypt the target word by word. I use the fixed answer vocabulary when the examples do not cover every letter. I ignore the flavor-text wrapper.

LEN
TGT:""avy ugpc aopaiy hpeayf""
W1:3 W2:4 W3:6 W4:6

TABLE
EX1:""cwenva tdowu gldxy sgxy""->""knight found above cave"" [15] c=k,w=n,e=i,n=g,v=h,a=t,t=f,d=o,o=u,u=d,g=a,l=b,x=v,y=e,s=c
EX2:""jdofy ejgnewyf jgz""->""mouse imagines map"" [3] j=m,f=s,z=p
EX3:""faouywa hpeayf avy jmfaypedof sgfaiy""->""student writes the mysterious castle"" [4] h=w,p=r,m=y,i=l
EX4:""qoyyw ejgnewyf gpdowu sgxy""->""queen imagines around cave"" [1] q=q
EX5:""lepu yrzidpyf ngpuyw""->""bird explores garden"" [1] r=x
TOTAL:24/26

VOCAB_FILL
(no gaps; examples covered all target letters)

VER
CROSS:5/5 examples decrypt with final table

DECRYPT
W1: avy
 a->t
 v->h
 y->e
 = the
W2: ugpc
 u->d
 g->a
 p->r
 c->k
 = dark
W3: aopaiy
 a->t (W1)
 o->u
 p->r (W2)
 a->t (W1)
 i->l
 y->e (W1)
 = turtle
W4: hpeayf
 h->w
 p->r (W2)
 e->i
 a->t (W1)
 y->e (W1)
 f->s
 = writes

CHECK
W1:""the"" len=3Y alpha=Y vocab=Y gaps=N PASS
W2:""dark"" len=4Y alpha=Y vocab=Y gaps=N PASS
W3:""turtle"" len=6Y alpha=Y vocab=Y gaps=N PASS
W4:""writes"" len=6Y alpha=Y vocab=Y gaps=N PASS
ALL:PASS 4/4 words

ANS=the dark turtle writes

\boxed{the dark turtle writes}"
1723747c,"In Alice's Wonderland, secret encryption rules are used on text. Here are some examples:
mdrktdx uyggynv qrw -> teacher follows map
wxabkdvv djwgyxdv abvaid qyfbmrab -> princess explores inside mountain
ixrcyb vmfiadv uyxdvm -> dragon studies forest
wxabkdvv nxamdv hdeybi gahxrxe -> princess writes beyond library
mtd hxactm ixrcyb ixdrqv -> the bright dragon dreams
Now, decrypt the following text: mtd vmxrbcd mdrktdx iavkysdxv",the strange teacher discovers,Text Encryption,"I identify this as a letter substitution cipher. I build a mapping from the examples, verify it, then decrypt the target word by word. I use the fixed answer vocabulary when the examples do not cover every letter. I ignore the flavor-text wrapper.

LEN
TGT:""mtd vmxrbcd mdrktdx iavkysdxv""
W1:3 W2:7 W3:7 W4:9

TABLE
EX1:""mdrktdx uyggynv qrw""->""teacher follows map"" [13] m=t,d=e,r=a,k=c,t=h,x=r,u=f,y=o,g=l,n=w,v=s,q=m,w=p
EX2:""wxabkdvv djwgyxdv abvaid qyfbmrab""->""princess explores inside mountain"" [5] a=i,b=n,j=x,i=d,f=u
EX3:""ixrcyb vmfiadv uyxdvm""->""dragon studies forest"" [1] c=g
EX4:""wxabkdvv nxamdv hdeybi gahxrxe""->""princess writes beyond library"" [2] h=b,e=y
EX5:""mtd hxactm ixrcyb ixdrqv""->""the bright dragon dreams"" [0] none
TOTAL:21/26

VOCAB_FILL
W4:iavkysdxv pattern disco?ers -> LOCK ""discovers"" (candidates: discovers)

VER
CROSS:5/5 examples decrypt with final table

DECRYPT
W1: mtd
 m->t
 t->h
 d->e
 = the
W2: vmxrbcd
 v->s
 m->t (W1)
 x->r
 r->a
 b->n
 c->g
 d->e (W1)
 = strange
W3: mdrktdx
 m->t (W1)
 d->e (W1)
 r->a (W2)
 k->c
 t->h (W1)
 d->e (W1)
 x->r (W2)
 = teacher
W4: iavkysdxv
 i->d
 a->i
 v->s (W2)
 k->c (W3)
 y->o
 s->v
 d->e (W1)
 x->r (W2)
 v->s (W2)
 = discovers

CHECK
W1:""the"" len=3Y alpha=Y vocab=Y gaps=N PASS
W2:""strange"" len=7Y alpha=Y vocab=Y gaps=N PASS
W3:""teacher"" len=7Y alpha=Y vocab=Y gaps=N PASS
W4:""discovers"" len=9Y alpha=Y vocab=Y gaps=N PASS
ALL:PASS 4/4 words

ANS=the strange teacher discovers

\boxed{the strange teacher discovers}"
1741e260,"In Alice's Wonderland, secret encryption rules are used on text. Here are some examples:
upssxh fhpjc sux dhvqus mohxcs -> hatter draws the bright forest
cszfxts jpsauxc sux ptavxts apcsgx -> student watches the ancient castle
dvhf moztf sux azhvozc apcsgx -> bird found the curious castle
sux dhvqus jvkphf fhxpec -> the bright wizard dreams
izxxt fhxpec sux cxahxs exccpqx -> queen dreams the secret message
Now, decrypt the following text: szhsgx moggojc sux dhvqus mohxcs",turtle follows the bright forest,Text Encryption,"I identify this as a letter substitution cipher. I build a mapping from the examples, verify it, then decrypt the target word by word. I use the fixed answer vocabulary when the examples do not cover every letter. I ignore the flavor-text wrapper.

LEN
TGT:""szhsgx moggojc sux dhvqus mohxcs""
W1:6 W2:7 W3:3 W4:6 W5:6

TABLE
EX1:""upssxh fhpjc sux dhvqus mohxcs""->""hatter draws the bright forest"" [13] u=h,p=a,s=t,x=e,h=r,f=d,j=w,c=s,d=b,v=i,q=g,m=f,o=o
EX2:""cszfxts jpsauxc sux ptavxts apcsgx""->""student watches the ancient castle"" [4] z=u,t=n,a=c,g=l
EX3:""dvhf moztf sux azhvozc apcsgx""->""bird found the curious castle"" [0] none
EX4:""sux dhvqus jvkphf fhxpec""->""the bright wizard dreams"" [2] k=z,e=m
EX5:""izxxt fhxpec sux cxahxs exccpqx""->""queen dreams the secret message"" [1] i=q
TOTAL:20/26

VOCAB_FILL
(no gaps; examples covered all target letters)

VER
CROSS:5/5 examples decrypt with final table

DECRYPT
W1: szhsgx
 s->t
 z->u
 h->r
 s->t
 g->l
 x->e
 = turtle
W2: moggojc
 m->f
 o->o
 g->l (W1)
 g->l (W1)
 o->o
 j->w
 c->s
 = follows
W3: sux
 s->t (W1)
 u->h
 x->e (W1)
 = the
W4: dhvqus
 d->b
 h->r (W1)
 v->i
 q->g
 u->h (W3)
 s->t (W1)
 = bright
W5: mohxcs
 m->f (W2)
 o->o (W2)
 h->r (W1)
 x->e (W1)
 c->s (W2)
 s->t (W1)
 = forest

CHECK
W1:""turtle"" len=6Y alpha=Y vocab=Y gaps=N PASS
W2:""follows"" len=7Y alpha=Y vocab=Y gaps=N PASS
W3:""the"" len=3Y alpha=Y vocab=Y gaps=N PASS
W4:""bright"" len=6Y alpha=Y vocab=Y gaps=N PASS
W5:""forest"" len=6Y alpha=Y vocab=Y gaps=N PASS
ALL:PASS 5/5 words

ANS=turtle follows the bright forest

\boxed{turtle follows the bright forest}"
17479d8b,"In Alice's Wonderland, secret encryption rules are used on text. Here are some examples:
mwqz xpfdl rjpyls -> king draws forest
sbpsay rjaajdl qyfp lhkjja -> turtle follows near school
lsbxyqs ygeajpyl sky ipwzks lyhpys -> student explores the bright secret
iwpx dfshkyl sky fqhwyqs hflsay -> bird watches the ancient castle
Now, decrypt the following text: sky lwauyp fawhy ygeajpyl",the silver alice explores,Text Encryption,"I identify this as a letter substitution cipher. I build a mapping from the examples, verify it, then decrypt the target word by word. I use the fixed answer vocabulary when the examples do not cover every letter. I ignore the flavor-text wrapper.

LEN
TGT:""sky lwauyp fawhy ygeajpyl""
W1:3 W2:6 W3:5 W4:8

TABLE
EX1:""mwqz xpfdl rjpyls""->""king draws forest"" [13] m=k,w=i,q=n,z=g,x=d,p=r,f=a,d=w,l=s,r=f,j=o,y=e,s=t
EX2:""sbpsay rjaajdl qyfp lhkjja""->""turtle follows near school"" [4] b=u,a=l,h=c,k=h
EX3:""lsbxyqs ygeajpyl sky ipwzks lyhpys""->""student explores the bright secret"" [3] g=x,e=p,i=b
EX4:""iwpx dfshkyl sky fqhwyqs hflsay""->""bird watches the ancient castle"" [0] none
TOTAL:20/26

VOCAB_FILL
W2:lwauyp pattern sil?er -> LOCK ""silver"" (candidates: silver)

VER
CROSS:4/4 examples decrypt with final table

DECRYPT
W1: sky
 s->t
 k->h
 y->e
 = the
W2: lwauyp
 l->s
 w->i
 a->l
 u->v
 y->e (W1)
 p->r
 = silver
W3: fawhy
 f->a
 a->l (W2)
 w->i (W2)
 h->c
 y->e (W1)
 = alice
W4: ygeajpyl
 y->e (W1)
 g->x
 e->p
 a->l (W2)
 j->o
 p->r (W2)
 y->e (W1)
 l->s (W2)
 = explores

CHECK
W1:""the"" len=3Y alpha=Y vocab=Y gaps=N PASS
W2:""silver"" len=6Y alpha=Y vocab=Y gaps=N PASS
W3:""alice"" len=5Y alpha=Y vocab=Y gaps=N PASS
W4:""explores"" len=8Y alpha=Y vocab=Y gaps=N PASS
ALL:PASS 4/4 words

ANS=the silver alice explores

\boxed{the silver alice explores}"
175345c2,"In Alice's Wonderland, secret encryption rules are used on text. Here are some examples:
wbx skiwxuerci lumdrq gmwtbxi -> the mysterious dragon watches
ocxxq guewxi murcql wrgxu -> queen writes around tower
maetx guewxi tukiwma -> alice writes crystal
gefmul iwclexi wbx ixtuxw jxk -> wizard studies the secret key
iwclxqw lumgi lrru -> student draws door
Now, decrypt the following text: wxmtbxu luxmsi wbx ieavxu lrru",teacher dreams the silver door,Text Encryption,"I identify this as a letter substitution cipher. I build a mapping from the examples, verify it, then decrypt the target word by word. I use the fixed answer vocabulary when the examples do not cover every letter. I ignore the flavor-text wrapper.

LEN
TGT:""wxmtbxu luxmsi wbx ieavxu lrru""
W1:7 W2:6 W3:3 W4:6 W5:4

TABLE
EX1:""wbx skiwxuerci lumdrq gmwtbxi""->""the mysterious dragon watches"" [16] w=t,b=h,x=e,s=m,k=y,i=s,u=r,e=i,r=o,c=u,l=d,m=a,d=g,q=n,g=w,t=c
EX2:""ocxxq guewxi murcql wrgxu""->""queen writes around tower"" [1] o=q
EX3:""maetx guewxi tukiwma""->""alice writes crystal"" [1] a=l
EX4:""gefmul iwclexi wbx ixtuxw jxk""->""wizard studies the secret key"" [2] f=z,j=k
EX5:""iwclxqw lumgi lrru""->""student draws door"" [0] none
TOTAL:20/26

VOCAB_FILL
W4:ieavxu pattern sil?er -> LOCK ""silver"" (candidates: silver)

VER
CROSS:5/5 examples decrypt with final table

DECRYPT
W1: wxmtbxu
 w->t
 x->e
 m->a
 t->c
 b->h
 x->e
 u->r
 = teacher
W2: luxmsi
 l->d
 u->r (W1)
 x->e (W1)
 m->a (W1)
 s->m
 i->s
 = dreams
W3: wbx
 w->t (W1)
 b->h (W1)
 x->e (W1)
 = the
W4: ieavxu
 i->s (W2)
 e->i
 a->l
 v->v
 x->e (W1)
 u->r (W1)
 = silver
W5: lrru
 l->d (W2)
 r->o
 r->o
 u->r (W1)
 = door

CHECK
W1:""teacher"" len=7Y alpha=Y vocab=Y gaps=N PASS
W2:""dreams"" len=6Y alpha=Y vocab=Y gaps=N PASS
W3:""the"" len=3Y alpha=Y vocab=Y gaps=N PASS
W4:""silver"" len=6Y alpha=Y vocab=Y gaps=N PASS
W5:""door"" len=4Y alpha=Y vocab=Y gaps=N PASS
ALL:PASS 5/5 words

ANS=teacher dreams the silver door

\boxed{teacher dreams the silver door}"
183e90da,"In Alice's Wonderland, secret encryption rules are used on text. Here are some examples:
qcrztcf mfeqcu uczfcq -> teacher writes secret
zrq zfcrqcu qtc kfegtq kjjp -> cat creates the bright book
frkkeq uccu qtfjdgt aekfrfl -> rabbit sees through library
frkkeq ztrucu hcuurgc -> rabbit chases message
Now, decrypt the following text: hjduc xjdbn grfncb",mouse found garden,Text Encryption,"I identify this as a letter substitution cipher. I build a mapping from the examples, verify it, then decrypt the target word by word. I use the fixed answer vocabulary when the examples do not cover every letter. I ignore the flavor-text wrapper.

LEN
TGT:""hjduc xjdbn grfncb""
W1:5 W2:5 W3:6

TABLE
EX1:""qcrztcf mfeqcu uczfcq""->""teacher writes secret"" [9] q=t,c=e,r=a,z=c,t=h,f=r,m=w,e=i,u=s
EX2:""zrq zfcrqcu qtc kfegtq kjjp""->""cat creates the bright book"" [4] k=b,g=g,j=o,p=k
EX3:""frkkeq uccu qtfjdgt aekfrfl""->""rabbit sees through library"" [3] d=u,a=l,l=y
EX4:""frkkeq ztrucu hcuurgc""->""rabbit chases message"" [1] h=m
TOTAL:17/26

VOCAB_FILL
W2:xjdbn pattern ?ou?? -> LOCK ""found"" (candidates: found,mouse)
W3:grfncb pattern gar?e? -> LOCK ""garden"" (candidates: garden)

VER
CROSS:4/4 examples decrypt with final table

DECRYPT
W1: hjduc
 h->m
 j->o
 d->u
 u->s
 c->e
 = mouse
W2: xjdbn
 x->f
 j->o (W1)
 d->u (W1)
 b->n
 n->d
 = found
W3: grfncb
 g->g
 r->a
 f->r
 n->d (W2)
 c->e (W1)
 b->n (W2)
 = garden

CHECK
W1:""mouse"" len=5Y alpha=Y vocab=Y gaps=N PASS
W2:""found"" len=5Y alpha=Y vocab=Y gaps=N PASS
W3:""garden"" len=6Y alpha=Y vocab=Y gaps=N PASS
ALL:PASS 3/3 words

ANS=mouse found garden

\boxed{mouse found garden}"
183f27ca,"In Alice's Wonderland, secret encryption rules are used on text. Here are some examples:
riw gfunwx ycr txfrwg -> the silver cat writes
riw ykxfbkg rkxruw efgybnwxg -> the curious turtle discovers
hkwwp xwceg qwdbpe rbtwx -> queen reads beyond tower
cufyw yicgwg vwd -> alice chases key
vpfoir tcryiwg ocxewp -> knight watches garden
Now, decrypt the following text: axfpywgg wzaubxwg aklluw",princess explores puzzle,Text Encryption,"I identify this as a letter substitution cipher. I build a mapping from the examples, verify it, then decrypt the target word by word. I use the fixed answer vocabulary when the examples do not cover every letter. I ignore the flavor-text wrapper.

LEN
TGT:""axfpywgg wzaubxwg aklluw""
W1:8 W2:8 W3:6

TABLE
EX1:""riw gfunwx ycr txfrwg""->""the silver cat writes"" [11] r=t,i=h,w=e,g=s,f=i,u=l,n=v,x=r,y=c,c=a,t=w
EX2:""riw ykxfbkg rkxruw efgybnwxg""->""the curious turtle discovers"" [3] k=u,b=o,e=d
EX3:""hkwwp xwceg qwdbpe rbtwx""->""queen reads beyond tower"" [4] h=q,p=n,q=b,d=y
EX4:""cufyw yicgwg vwd""->""alice chases key"" [1] v=k
EX5:""vpfoir tcryiwg ocxewp""->""knight watches garden"" [1] o=g
TOTAL:20/26

VOCAB_FILL
W1:axfpywgg pattern ?rincess -> LOCK ""princess"" (candidates: princess)
W2:wzaubxwg pattern e??lores -> LOCK ""explores"" (candidates: explores)
W3:aklluw pattern ?u??le -> LOCK ""puzzle"" (candidates: turtle,puzzle)

VER
CROSS:5/5 examples decrypt with final table

DECRYPT
W1: axfpywgg
 a->p
 x->r
 f->i
 p->n
 y->c
 w->e
 g->s
 g->s
 = princess
W2: wzaubxwg
 w->e (W1)
 z->x
 a->p (W1)
 u->l
 b->o
 x->r (W1)
 w->e (W1)
 g->s (W1)
 = explores
W3: aklluw
 a->p (W1)
 k->u
 l->z
 l->z
 u->l (W2)
 w->e (W1)
 = puzzle

CHECK
W1:""princess"" len=8Y alpha=Y vocab=Y gaps=N PASS
W2:""explores"" len=8Y alpha=Y vocab=Y gaps=N PASS
W3:""puzzle"" len=6Y alpha=Y vocab=Y gaps=N PASS
ALL:PASS 3/3 words

ANS=princess explores puzzle

\boxed{princess explores puzzle}"
188111de,"In Alice's Wonderland, secret encryption rules are used on text. Here are some examples:
qfeoadf qfeowaq zykqfhg -> student studies crystal
twlhyo qfeowaq qfbyk -> wizard studies story
vywdzaqq oyhtq wd ihggak -> princess draws in valley
vywdzaqq qaaq wdqwoa qzpbbg -> princess sees inside school
Now, decrypt the following text: vywdzaqq thfzpaq fpybeup uhyoad",princess watches through garden,Text Encryption,"I identify this as a letter substitution cipher. I build a mapping from the examples, verify it, then decrypt the target word by word. I use the fixed answer vocabulary when the examples do not cover every letter. I ignore the flavor-text wrapper.

LEN
TGT:""vywdzaqq thfzpaq fpybeup uhyoad""
W1:8 W2:7 W3:7 W4:6

TABLE
EX1:""qfeoadf qfeowaq zykqfhg""->""student studies crystal"" [12] q=s,f=t,e=u,o=d,a=e,d=n,w=i,z=c,y=r,k=y,h=a,g=l
EX2:""twlhyo qfeowaq qfbyk""->""wizard studies story"" [3] t=w,l=z,b=o
EX3:""vywdzaqq oyhtq wd ihggak""->""princess draws in valley"" [2] v=p,i=v
EX4:""vywdzaqq qaaq wdqwoa qzpbbg""->""princess sees inside school"" [1] p=h
TOTAL:18/26

VOCAB_FILL
W3:fpybeup pattern throu?h -> LOCK ""through"" (candidates: through)
W4:uhyoad pattern ?arden -> LOCK ""garden"" (candidates: garden)

VER
CROSS:4/4 examples decrypt with final table

DECRYPT
W1: vywdzaqq
 v->p
 y->r
 w->i
 d->n
 z->c
 a->e
 q->s
 q->s
 = princess
W2: thfzpaq
 t->w
 h->a
 f->t
 z->c (W1)
 p->h
 a->e (W1)
 q->s (W1)
 = watches
W3: fpybeup
 f->t (W2)
 p->h (W2)
 y->r (W1)
 b->o
 e->u
 u->g
 p->h (W2)
 = through
W4: uhyoad
 u->g (W3)
 h->a (W2)
 y->r (W1)
 o->d
 a->e (W1)
 d->n (W1)
 = garden

CHECK
W1:""princess"" len=8Y alpha=Y vocab=Y gaps=N PASS
W2:""watches"" len=7Y alpha=Y vocab=Y gaps=N PASS
W3:""through"" len=7Y alpha=Y vocab=Y gaps=N PASS
W4:""garden"" len=6Y alpha=Y vocab=Y gaps=N PASS
ALL:PASS 4/4 words

ANS=princess watches through garden

\boxed{princess watches through garden}"
188615db,"In Alice's Wonderland, secret encryption rules are used on text. Here are some examples:
sbq alhyqm isuyqms clumy -> the golden student found
xluiq isuyvqi vm aowyqm -> mouse studies in garden
sbq xoavzoh xluiq vxoavmqi -> the magical mouse imagines
ohvzq ywoki gllp -> alice draws book
kvrowy wqoyi gqjlmy eohozq -> wizard reads beyond palace
Now, decrypt the following text: ewvmzqii wqoyi xqiioaq",princess reads message,Text Encryption,"I identify this as a letter substitution cipher. I build a mapping from the examples, verify it, then decrypt the target word by word. I use the fixed answer vocabulary when the examples do not cover every letter. I ignore the flavor-text wrapper.

LEN
TGT:""ewvmzqii wqoyi xqiioaq""
W1:8 W2:5 W3:7

TABLE
EX1:""sbq alhyqm isuyqms clumy""->""the golden student found"" [11] s=t,b=h,q=e,a=g,l=o,h=l,y=d,m=n,i=s,u=u,c=f
EX2:""xluiq isuyvqi vm aowyqm""->""mouse studies in garden"" [4] x=m,v=i,o=a,w=r
EX3:""sbq xoavzoh xluiq vxoavmqi""->""the magical mouse imagines"" [1] z=c
EX4:""ohvzq ywoki gllp""->""alice draws book"" [3] k=w,g=b,p=k
EX5:""kvrowy wqoyi gqjlmy eohozq""->""wizard reads beyond palace"" [3] r=z,j=y,e=p
TOTAL:22/26

VOCAB_FILL
(no gaps; examples covered all target letters)

VER
CROSS:5/5 examples decrypt with final table

DECRYPT
W1: ewvmzqii
 e->p
 w->r
 v->i
 m->n
 z->c
 q->e
 i->s
 i->s
 = princess
W2: wqoyi
 w->r (W1)
 q->e (W1)
 o->a
 y->d
 i->s (W1)
 = reads
W3: xqiioaq
 x->m
 q->e (W1)
 i->s (W1)
 i->s (W1)
 o->a (W2)
 a->g
 q->e (W1)
 = message

CHECK
W1:""princess"" len=8Y alpha=Y vocab=Y gaps=N PASS
W2:""reads"" len=5Y alpha=Y vocab=Y gaps=N PASS
W3:""message"" len=7Y alpha=Y vocab=Y gaps=N PASS
ALL:PASS 3/3 words

ANS=princess reads message

\boxed{princess reads message}"
18962913,"In Alice's Wonderland, secret encryption rules are used on text. Here are some examples:
htdbqx mzjfa ltmsz apqoog -> knight draws under school
jgdps koggofa aspzsx -> alice follows secret
mzjbot scngozsa dtadms ijggse -> dragon explores inside valley
mzjbot koggofa vjn -> dragon follows map
Now, decrypt the following text: pjx fjxpqsa xqs vjbdpjg pjaxgs",cat watches the magical castle,Text Encryption,"I identify this as a letter substitution cipher. I build a mapping from the examples, verify it, then decrypt the target word by word. I use the fixed answer vocabulary when the examples do not cover every letter. I ignore the flavor-text wrapper.

LEN
TGT:""pjx fjxpqsa xqs vjbdpjg pjaxgs""
W1:3 W2:7 W3:3 W4:7 W5:6

TABLE
EX1:""htdbqx mzjfa ltmsz apqoog""->""knight draws under school"" [16] h=k,t=n,d=i,b=g,q=h,x=t,m=d,z=r,j=a,f=w,a=s,l=u,s=e,p=c,o=o,g=l
EX2:""jgdps koggofa aspzsx""->""alice follows secret"" [1] k=f
EX3:""mzjbot scngozsa dtadms ijggse""->""dragon explores inside valley"" [4] c=x,n=p,i=v,e=y
EX4:""mzjbot koggofa vjn""->""dragon follows map"" [1] v=m
TOTAL:22/26

VOCAB_FILL
(no gaps; examples covered all target letters)

VER
CROSS:4/4 examples decrypt with final table

DECRYPT
W1: pjx
 p->c
 j->a
 x->t
 = cat
W2: fjxpqsa
 f->w
 j->a (W1)
 x->t (W1)
 p->c (W1)
 q->h
 s->e
 a->s
 = watches
W3: xqs
 x->t (W1)
 q->h (W2)
 s->e (W2)
 = the
W4: vjbdpjg
 v->m
 j->a (W1)
 b->g
 d->i
 p->c (W1)
 j->a (W1)
 g->l
 = magical
W5: pjaxgs
 p->c (W1)
 j->a (W1)
 a->s (W2)
 x->t (W1)
 g->l (W4)
 s->e (W2)
 = castle

CHECK
W1:""cat"" len=3Y alpha=Y vocab=Y gaps=N PASS
W2:""watches"" len=7Y alpha=Y vocab=Y gaps=N PASS
W3:""the"" len=3Y alpha=Y vocab=Y gaps=N PASS
W4:""magical"" len=7Y alpha=Y vocab=Y gaps=N PASS
W5:""castle"" len=6Y alpha=Y vocab=Y gaps=N PASS
ALL:PASS 5/5 words

ANS=cat watches the magical castle

\boxed{cat watches the magical castle}"
18cdf0fa,"In Alice's Wonderland, secret encryption rules are used on text. Here are some examples:
mjxekq nrwhsp hrlgjn slgjqhxj -> knight dreams around mountain
qkw arxekq qgrquw rwhnp -> the bright turtle reads
mxje brxqwp qkw vuwtwr nllr -> king writes the clever door
qwhvkwr nrwhsp xj slgjqhxj -> teacher dreams in mountain
Now, decrypt the following text: qgrquw vkhpwp swpphew",turtle chases message,Text Encryption,"I identify this as a letter substitution cipher. I build a mapping from the examples, verify it, then decrypt the target word by word. I use the fixed answer vocabulary when the examples do not cover every letter. I ignore the flavor-text wrapper.

LEN
TGT:""qgrquw vkhpwp swpphew""
W1:6 W2:6 W3:7

TABLE
EX1:""mjxekq nrwhsp hrlgjn slgjqhxj""->""knight dreams around mountain"" [14] m=k,j=n,x=i,e=g,k=h,q=t,n=d,r=r,w=e,h=a,s=m,p=s,l=o,g=u
EX2:""qkw arxekq qgrquw rwhnp""->""the bright turtle reads"" [2] a=b,u=l
EX3:""mxje brxqwp qkw vuwtwr nllr""->""king writes the clever door"" [3] b=w,v=c,t=v
EX4:""qwhvkwr nrwhsp xj slgjqhxj""->""teacher dreams in mountain"" [0] none
TOTAL:19/26

VOCAB_FILL
(no gaps; examples covered all target letters)

VER
CROSS:4/4 examples decrypt with final table

DECRYPT
W1: qgrquw
 q->t
 g->u
 r->r
 q->t
 u->l
 w->e
 = turtle
W2: vkhpwp
 v->c
 k->h
 h->a
 p->s
 w->e (W1)
 p->s
 = chases
W3: swpphew
 s->m
 w->e (W1)
 p->s (W2)
 p->s (W2)
 h->a (W2)
 e->g
 w->e (W1)
 = message

CHECK
W1:""turtle"" len=6Y alpha=Y vocab=Y gaps=N PASS
W2:""chases"" len=6Y alpha=Y vocab=Y gaps=N PASS
W3:""message"" len=7Y alpha=Y vocab=Y gaps=N PASS
ALL:PASS 3/3 words

ANS=turtle chases message

\boxed{turtle chases message}"
190b9dad,"In Alice's Wonderland, secret encryption rules are used on text. Here are some examples:
zuv mjyavjz ojaluz dmzyuvn -> the ancient knight watches
gkvvj aemlajvn yhxnzmq -> queen imagines crystal
dasmhf dhazvn aj lmhfvj -> wizard writes in garden
Now, decrypt the following text: hmbbaz nzkfavn zuv ycqchtkq yhxnzmq",rabbit studies the colorful crystal,Text Encryption,"I identify this as a letter substitution cipher. I build a mapping from the examples, verify it, then decrypt the target word by word. I use the fixed answer vocabulary when the examples do not cover every letter. I ignore the flavor-text wrapper.

LEN
TGT:""hmbbaz nzkfavn zuv ycqchtkq yhxnzmq""
W1:6 W2:7 W3:3 W4:8 W5:7

TABLE
EX1:""zuv mjyavjz ojaluz dmzyuvn""->""the ancient knight watches"" [11] z=t,u=h,v=e,m=a,j=n,y=c,a=i,o=k,l=g,d=w,n=s
EX2:""gkvvj aemlajvn yhxnzmq""->""queen imagines crystal"" [6] g=q,k=u,e=m,h=r,x=y,q=l
EX3:""dasmhf dhazvn aj lmhfvj""->""wizard writes in garden"" [2] s=z,f=d
TOTAL:19/26

VOCAB_FILL
W1:hmbbaz pattern ra??it -> LOCK ""rabbit"" (candidates: rabbit)
W4:ycqchtkq pattern c?l?r?ul -> LOCK ""colorful"" (candidates: colorful)

VER
CROSS:3/3 examples decrypt with final table

DECRYPT
W1: hmbbaz
 h->r
 m->a
 b->b
 b->b
 a->i
 z->t
 = rabbit
W2: nzkfavn
 n->s
 z->t (W1)
 k->u
 f->d
 a->i (W1)
 v->e
 n->s
 = studies
W3: zuv
 z->t (W1)
 u->h
 v->e (W2)
 = the
W4: ycqchtkq
 y->c
 c->o
 q->l
 c->o
 h->r (W1)
 t->f
 k->u (W2)
 q->l
 = colorful
W5: yhxnzmq
 y->c (W4)
 h->r (W1)
 x->y
 n->s (W2)
 z->t (W1)
 m->a (W1)
 q->l (W4)
 = crystal

CHECK
W1:""rabbit"" len=6Y alpha=Y vocab=Y gaps=N PASS
W2:""studies"" len=7Y alpha=Y vocab=Y gaps=N PASS
W3:""the"" len=3Y alpha=Y vocab=Y gaps=N PASS
W4:""colorful"" len=8Y alpha=Y vocab=Y gaps=N PASS
W5:""crystal"" len=7Y alpha=Y vocab=Y gaps=N PASS
ALL:PASS 5/5 words

ANS=rabbit studies the colorful crystal

\boxed{rabbit studies the colorful crystal}"
190c6205,"In Alice's Wonderland, secret encryption rules are used on text. Here are some examples:
sbtocx cpoxh zpfqkx ebzcocf -> wizard reads beyond library
nup zcbmun nicnep scbnph -> the bright turtle writes
nup zcbmun xcomqk gcponph -> the bright dragon creates
Now, decrypt the following text: nup hbedpc uonnpc hpph",the silver hatter sees,Text Encryption,"I identify this as a letter substitution cipher. I build a mapping from the examples, verify it, then decrypt the target word by word. I use the fixed answer vocabulary when the examples do not cover every letter. I ignore the flavor-text wrapper.

LEN
TGT:""nup hbedpc uonnpc hpph""
W1:3 W2:6 W3:6 W4:4

TABLE
EX1:""sbtocx cpoxh zpfqkx ebzcocf""->""wizard reads beyond library"" [13] s=w,b=i,t=z,o=a,c=r,x=d,p=e,h=s,z=b,f=y,q=o,k=n,e=l
EX2:""nup zcbmun nicnep scbnph""->""the bright turtle writes"" [4] n=t,u=h,m=g,i=u
EX3:""nup zcbmun xcomqk gcponph""->""the bright dragon creates"" [1] g=c
TOTAL:18/26

VOCAB_FILL
W2:hbedpc pattern sil?er -> LOCK ""silver"" (candidates: silver)

VER
CROSS:3/3 examples decrypt with final table

DECRYPT
W1: nup
 n->t
 u->h
 p->e
 = the
W2: hbedpc
 h->s
 b->i
 e->l
 d->v
 p->e (W1)
 c->r
 = silver
W3: uonnpc
 u->h (W1)
 o->a
 n->t (W1)
 n->t (W1)
 p->e (W1)
 c->r (W2)
 = hatter
W4: hpph
 h->s (W2)
 p->e (W1)
 p->e (W1)
 h->s (W2)
 = sees

CHECK
W1:""the"" len=3Y alpha=Y vocab=Y gaps=N PASS
W2:""silver"" len=6Y alpha=Y vocab=Y gaps=N PASS
W3:""hatter"" len=6Y alpha=Y vocab=Y gaps=N PASS
W4:""sees"" len=4Y alpha=Y vocab=Y gaps=N PASS
ALL:PASS 4/4 words

ANS=the silver hatter sees

\boxed{the silver hatter sees}"
192c5984,"In Alice's Wonderland, secret encryption rules are used on text. Here are some examples:
xyf nttn xynfst -> cat sees castle
fwt ntxdtf dyzzif mussukn -> the secret rabbit follows
fwt wieetc wyfftd kdiftn -> the hidden hatter writes
wyfftd muace gyl -> hatter found map
fwt xstqtd ftyxwtd nttn -> the clever teacher sees
Now, decrypt the following text: xyf xdtyftn euud",cat creates door,Text Encryption,"I identify this as a letter substitution cipher. I build a mapping from the examples, verify it, then decrypt the target word by word. I use the fixed answer vocabulary when the examples do not cover every letter. I ignore the flavor-text wrapper.

LEN
TGT:""xyf xdtyftn euud""
W1:3 W2:7 W3:4

TABLE
EX1:""xyf nttn xynfst""->""cat sees castle"" [6] x=c,y=a,f=t,n=s,t=e,s=l
EX2:""fwt ntxdtf dyzzif mussukn""->""the secret rabbit follows"" [7] w=h,d=r,z=b,i=i,m=f,u=o,k=w
EX3:""fwt wieetc wyfftd kdiftn""->""the hidden hatter writes"" [2] e=d,c=n
EX4:""wyfftd muace gyl""->""hatter found map"" [3] a=u,g=m,l=p
EX5:""fwt xstqtd ftyxwtd nttn""->""the clever teacher sees"" [1] q=v
TOTAL:19/26

VOCAB_FILL
(no gaps; examples covered all target letters)

VER
CROSS:5/5 examples decrypt with final table

DECRYPT
W1: xyf
 x->c
 y->a
 f->t
 = cat
W2: xdtyftn
 x->c (W1)
 d->r
 t->e
 y->a (W1)
 f->t (W1)
 t->e
 n->s
 = creates
W3: euud
 e->d
 u->o
 u->o
 d->r (W2)
 = door

CHECK
W1:""cat"" len=3Y alpha=Y vocab=Y gaps=N PASS
W2:""creates"" len=7Y alpha=Y vocab=Y gaps=N PASS
W3:""door"" len=4Y alpha=Y vocab=Y gaps=N PASS
ALL:PASS 3/3 words

ANS=cat creates door

\boxed{cat creates door}"
193cf3fa,"In Alice's Wonderland, secret encryption rules are used on text. Here are some examples:
zaojui iujzn pauuqu -> wizard draws mirror
taui rqddqzn gjnhdm -> bird follows castle
nhwimvh iujzn nmgumh -> student draws secret
ujttah rqddqzn fmy -> rabbit follows key
Now, decrypt the following text: hem ijuf zaojui iujzn",the dark wizard draws,Text Encryption,"I identify this as a letter substitution cipher. I build a mapping from the examples, verify it, then decrypt the target word by word. I use the fixed answer vocabulary when the examples do not cover every letter. I ignore the flavor-text wrapper.

LEN
TGT:""hem ijuf zaojui iujzn""
W1:3 W2:4 W3:6 W4:5

TABLE
EX1:""zaojui iujzn pauuqu""->""wizard draws mirror"" [9] z=w,a=i,o=z,j=a,u=r,i=d,n=s,p=m,q=o
EX2:""taui rqddqzn gjnhdm""->""bird follows castle"" [6] t=b,r=f,d=l,g=c,h=t,m=e
EX3:""nhwimvh iujzn nmgumh""->""student draws secret"" [2] w=u,v=n
EX4:""ujttah rqddqzn fmy""->""rabbit follows key"" [2] f=k,y=y
TOTAL:19/26

VOCAB_FILL
W1:hem pattern t?e -> LOCK ""the"" (candidates: the)

VER
CROSS:4/4 examples decrypt with final table

DECRYPT
W1: hem
 h->t
 e->h
 m->e
 = the
W2: ijuf
 i->d
 j->a
 u->r
 f->k
 = dark
W3: zaojui
 z->w
 a->i
 o->z
 j->a (W2)
 u->r (W2)
 i->d (W2)
 = wizard
W4: iujzn
 i->d (W2)
 u->r (W2)
 j->a (W2)
 z->w (W3)
 n->s
 = draws

CHECK
W1:""the"" len=3Y alpha=Y vocab=Y gaps=N PASS
W2:""dark"" len=4Y alpha=Y vocab=Y gaps=N PASS
W3:""wizard"" len=6Y alpha=Y vocab=Y gaps=N PASS
W4:""draws"" len=5Y alpha=Y vocab=Y gaps=N PASS
ALL:PASS 4/4 words

ANS=the dark wizard draws

\boxed{the dark wizard draws}"
1950808e,"In Alice's Wonderland, secret encryption rules are used on text. Here are some examples:
axvfrb axvnh ibatx krxthm -> dragon draws under forest
met qvfdpvc mtvpetx xtvah -> the magical teacher reads
sdbf nvmpeth otzrba qribmvdb -> king watches beyond mountain
sdbf kriba dbhdat jdccvft -> king found inside village
Now, decrypt the following text: mixmct hmiadth btvx dhcvba",turtle studies near island,Text Encryption,"I identify this as a letter substitution cipher. I build a mapping from the examples, verify it, then decrypt the target word by word. I use the fixed answer vocabulary when the examples do not cover every letter. I ignore the flavor-text wrapper.

LEN
TGT:""mixmct hmiadth btvx dhcvba""
W1:6 W2:7 W3:4 W4:6

TABLE
EX1:""axvfrb axvnh ibatx krxthm""->""dragon draws under forest"" [12] a=d,x=r,v=a,f=g,r=o,b=n,n=w,h=s,i=u,t=e,k=f,m=t
EX2:""met qvfdpvc mtvpetx xtvah""->""the magical teacher reads"" [5] e=h,q=m,d=i,p=c,c=l
EX3:""sdbf nvmpeth otzrba qribmvdb""->""king watches beyond mountain"" [3] s=k,o=b,z=y
EX4:""sdbf kriba dbhdat jdccvft""->""king found inside village"" [1] j=v
TOTAL:21/26

VOCAB_FILL
(no gaps; examples covered all target letters)

VER
CROSS:4/4 examples decrypt with final table

DECRYPT
W1: mixmct
 m->t
 i->u
 x->r
 m->t
 c->l
 t->e
 = turtle
W2: hmiadth
 h->s
 m->t (W1)
 i->u (W1)
 a->d
 d->i
 t->e (W1)
 h->s
 = studies
W3: btvx
 b->n
 t->e (W1)
 v->a
 x->r (W1)
 = near
W4: dhcvba
 d->i (W2)
 h->s (W2)
 c->l (W1)
 v->a (W3)
 b->n (W3)
 a->d (W2)
 = island

CHECK
W1:""turtle"" len=6Y alpha=Y vocab=Y gaps=N PASS
W2:""studies"" len=7Y alpha=Y vocab=Y gaps=N PASS
W3:""near"" len=4Y alpha=Y vocab=Y gaps=N PASS
W4:""island"" len=6Y alpha=Y vocab=Y gaps=N PASS
ALL:PASS 4/4 words

ANS=turtle studies near island

\boxed{turtle studies near island}"
19d26998,"In Alice's Wonderland, secret encryption rules are used on text. Here are some examples:
canyxta ljnty adx vkcx yjje -> student found the wise door
adx wnekjnc itkpda canykxc -> the curious knight studies
adx ymei wma ljqqjvc -> the dark cat follows
axmwdxe ljnty adx vkcx wmcaqx -> teacher found the wise castle
Now, decrypt the following text: sektwxcc wdmcxc ums",princess chases map,Text Encryption,"I identify this as a letter substitution cipher. I build a mapping from the examples, verify it, then decrypt the target word by word. I use the fixed answer vocabulary when the examples do not cover every letter. I ignore the flavor-text wrapper.

LEN
TGT:""sektwxcc wdmcxc ums""
W1:8 W2:6 W3:3

TABLE
EX1:""canyxta ljnty adx vkcx yjje""->""student found the wise door"" [12] c=s,a=t,n=u,y=d,x=e,t=n,l=f,j=o,d=h,v=w,k=i,e=r
EX2:""adx wnekjnc itkpda canykxc""->""the curious knight studies"" [3] w=c,i=k,p=g
EX3:""adx ymei wma ljqqjvc""->""the dark cat follows"" [2] m=a,q=l
EX4:""axmwdxe ljnty adx vkcx wmcaqx""->""teacher found the wise castle"" [0] none
TOTAL:17/26

VOCAB_FILL
W1:sektwxcc pattern ?rincess -> LOCK ""princess"" (candidates: princess)
W3:ums pattern ?a? -> LOCK ""map"" (candidates: cat,map)

VER
CROSS:4/4 examples decrypt with final table

DECRYPT
W1: sektwxcc
 s->p
 e->r
 k->i
 t->n
 w->c
 x->e
 c->s
 c->s
 = princess
W2: wdmcxc
 w->c (W1)
 d->h
 m->a
 c->s (W1)
 x->e (W1)
 c->s (W1)
 = chases
W3: ums
 u->m
 m->a (W2)
 s->p (W1)
 = map

CHECK
W1:""princess"" len=8Y alpha=Y vocab=Y gaps=N PASS
W2:""chases"" len=6Y alpha=Y vocab=Y gaps=N PASS
W3:""map"" len=3Y alpha=Y vocab=Y gaps=N PASS
ALL:PASS 3/3 words

ANS=princess chases map

\boxed{princess chases map}"
19fdeffb,"In Alice's Wonderland, secret encryption rules are used on text. Here are some examples:
roqdt vtlkd ms optls -> mouse reads in ocean
zmalvk mrlcmstd pvidnlj -> wizard imagines crystal
net lspmtsn nqvnjt kvlzd -> the ancient turtle draws
elnntv zlnpetd lvoqsk roqsnlms -> hatter watches around mountain
Now, decrypt the following text: net rlcmplj uvmsptdd zlnpetd",the magical princess watches,Text Encryption,"I identify this as a letter substitution cipher. I build a mapping from the examples, verify it, then decrypt the target word by word. I use the fixed answer vocabulary when the examples do not cover every letter. I ignore the flavor-text wrapper.

LEN
TGT:""net rlcmplj uvmsptdd zlnpetd""
W1:3 W2:7 W3:8 W4:7

TABLE
EX1:""roqdt vtlkd ms optls""->""mouse reads in ocean"" [11] r=m,o=o,q=u,d=s,t=e,v=r,l=a,k=d,m=i,s=n,p=c
EX2:""zmalvk mrlcmstd pvidnlj""->""wizard imagines crystal"" [6] z=w,a=z,c=g,i=y,n=t,j=l
EX3:""net lspmtsn nqvnjt kvlzd""->""the ancient turtle draws"" [1] e=h
EX4:""elnntv zlnpetd lvoqsk roqsnlms""->""hatter watches around mountain"" [0] none
TOTAL:18/26

VOCAB_FILL
W3:uvmsptdd pattern ?rincess -> LOCK ""princess"" (candidates: princess)

VER
CROSS:4/4 examples decrypt with final table

DECRYPT
W1: net
 n->t
 e->h
 t->e
 = the
W2: rlcmplj
 r->m
 l->a
 c->g
 m->i
 p->c
 l->a
 j->l
 = magical
W3: uvmsptdd
 u->p
 v->r
 m->i (W2)
 s->n
 p->c (W2)
 t->e (W1)
 d->s
 d->s
 = princess
W4: zlnpetd
 z->w
 l->a (W2)
 n->t (W1)
 p->c (W2)
 e->h (W1)
 t->e (W1)
 d->s (W3)
 = watches

CHECK
W1:""the"" len=3Y alpha=Y vocab=Y gaps=N PASS
W2:""magical"" len=7Y alpha=Y vocab=Y gaps=N PASS
W3:""princess"" len=8Y alpha=Y vocab=Y gaps=N PASS
W4:""watches"" len=7Y alpha=Y vocab=Y gaps=N PASS
ALL:PASS 4/4 words

ANS=the magical princess watches

\boxed{the magical princess watches}"
1a0adb89,"In Alice's Wonderland, secret encryption rules are used on text. Here are some examples:
jgl wlaxlj aqj brkve -> the secret cat found
ivfzgj agqwlw errx -> knight chases door
jgl atlslx jkxjtl efwarslxw -> the clever turtle discovers
jgl akxfrkw jlqaglx brttruw -> the curious teacher follows
mrkwl uxfjlw yrjfrv -> mouse writes potion
Now, decrypt the following text: ckllv exlqmw wjrxn",queen dreams story,Text Encryption,"I identify this as a letter substitution cipher. I build a mapping from the examples, verify it, then decrypt the target word by word. I use the fixed answer vocabulary when the examples do not cover every letter. I ignore the flavor-text wrapper.

LEN
TGT:""ckllv exlqmw wjrxn""
W1:5 W2:6 W3:5

TABLE
EX1:""jgl wlaxlj aqj brkve""->""the secret cat found"" [12] j=t,g=h,l=e,w=s,a=c,x=r,q=a,b=f,r=o,k=u,v=n,e=d
EX2:""ivfzgj agqwlw errx""->""knight chases door"" [3] i=k,f=i,z=g
EX3:""jgl atlslx jkxjtl efwarslxw""->""the clever turtle discovers"" [2] t=l,s=v
EX4:""jgl akxfrkw jlqaglx brttruw""->""the curious teacher follows"" [1] u=w
EX5:""mrkwl uxfjlw yrjfrv""->""mouse writes potion"" [2] m=m,y=p
TOTAL:20/26

VOCAB_FILL
W1:ckllv pattern ?ueen -> LOCK ""queen"" (candidates: queen)
W3:wjrxn pattern stor? -> LOCK ""story"" (candidates: story)

VER
CROSS:5/5 examples decrypt with final table

DECRYPT
W1: ckllv
 c->q
 k->u
 l->e
 l->e
 v->n
 = queen
W2: exlqmw
 e->d
 x->r
 l->e (W1)
 q->a
 m->m
 w->s
 = dreams
W3: wjrxn
 w->s (W2)
 j->t
 r->o
 x->r (W2)
 n->y
 = story

CHECK
W1:""queen"" len=5Y alpha=Y vocab=Y gaps=N PASS
W2:""dreams"" len=6Y alpha=Y vocab=Y gaps=N PASS
W3:""story"" len=5Y alpha=Y vocab=Y gaps=N PASS
ALL:PASS 3/3 words

ANS=queen dreams story

\boxed{queen dreams story}"
1a5fa647,"In Alice's Wonderland, secret encryption rules are used on text. Here are some examples:
xvz qyrdvx vmxxzy eyrxzl -> the bright hatter writes
uymdgc emxsvzl xvygjdv egcuzykmcu -> dragon watches through wonderland
fjzzc svmlzl xvz sjyrgjl lzsyzx -> queen chases the curious secret
Now, decrypt the following text: ircd svmlzl mygjcu lsvggk",king chases around school,Text Encryption,"I identify this as a letter substitution cipher. I build a mapping from the examples, verify it, then decrypt the target word by word. I use the fixed answer vocabulary when the examples do not cover every letter. I ignore the flavor-text wrapper.

LEN
TGT:""ircd svmlzl mygjcu lsvggk""
W1:4 W2:6 W3:6 W4:6

TABLE
EX1:""xvz qyrdvx vmxxzy eyrxzl""->""the bright hatter writes"" [10] x=t,v=h,z=e,q=b,y=r,r=i,d=g,m=a,e=w,l=s
EX2:""uymdgc emxsvzl xvygjdv egcuzykmcu""->""dragon watches through wonderland"" [6] u=d,g=o,c=n,s=c,j=u,k=l
EX3:""fjzzc svmlzl xvz sjyrgjl lzsyzx""->""queen chases the curious secret"" [1] f=q
TOTAL:17/26

VOCAB_FILL
W1:ircd pattern ?ing -> LOCK ""king"" (candidates: king)

VER
CROSS:3/3 examples decrypt with final table

DECRYPT
W1: ircd
 i->k
 r->i
 c->n
 d->g
 = king
W2: svmlzl
 s->c
 v->h
 m->a
 l->s
 z->e
 l->s
 = chases
W3: mygjcu
 m->a (W2)
 y->r
 g->o
 j->u
 c->n (W1)
 u->d
 = around
W4: lsvggk
 l->s (W2)
 s->c (W2)
 v->h (W2)
 g->o (W3)
 g->o (W3)
 k->l
 = school

CHECK
W1:""king"" len=4Y alpha=Y vocab=Y gaps=N PASS
W2:""chases"" len=6Y alpha=Y vocab=Y gaps=N PASS
W3:""around"" len=6Y alpha=Y vocab=Y gaps=N PASS
W4:""school"" len=6Y alpha=Y vocab=Y gaps=N PASS
ALL:PASS 4/4 words

ANS=king chases around school

\boxed{king chases around school}"
1a7a041f,"In Alice's Wonderland, secret encryption rules are used on text. Here are some examples:
goj afjyjr gjcaojr tjjt -> the clever teacher sees
mpjjv xhffhut vjcr ybffckj -> queen follows near village
ubzcrw wbtahyjrt cihyj ghujr -> wizard discovers above tower
ibrw ucgaojt pvwjr ehpvgcbv -> bird watches under mountain
Now, decrypt the following text: acg urbgjt xhrjtg",cat writes forest,Text Encryption,"I identify this as a letter substitution cipher. I build a mapping from the examples, verify it, then decrypt the target word by word. I use the fixed answer vocabulary when the examples do not cover every letter. I ignore the flavor-text wrapper.

LEN
TGT:""acg urbgjt xhrjtg""
W1:3 W2:6 W3:6

TABLE
EX1:""goj afjyjr gjcaojr tjjt""->""the clever teacher sees"" [9] g=t,o=h,j=e,a=c,f=l,y=v,r=r,c=a,t=s
EX2:""mpjjv xhffhut vjcr ybffckj""->""queen follows near village"" [8] m=q,p=u,v=n,x=f,h=o,u=w,b=i,k=g
EX3:""ubzcrw wbtahyjrt cihyj ghujr""->""wizard discovers above tower"" [3] z=z,w=d,i=b
EX4:""ibrw ucgaojt pvwjr ehpvgcbv""->""bird watches under mountain"" [1] e=m
TOTAL:21/26

VOCAB_FILL
(no gaps; examples covered all target letters)

VER
CROSS:4/4 examples decrypt with final table

DECRYPT
W1: acg
 a->c
 c->a
 g->t
 = cat
W2: urbgjt
 u->w
 r->r
 b->i
 g->t (W1)
 j->e
 t->s
 = writes
W3: xhrjtg
 x->f
 h->o
 r->r (W2)
 j->e (W2)
 t->s (W2)
 g->t (W1)
 = forest

CHECK
W1:""cat"" len=3Y alpha=Y vocab=Y gaps=N PASS
W2:""writes"" len=6Y alpha=Y vocab=Y gaps=N PASS
W3:""forest"" len=6Y alpha=Y vocab=Y gaps=N PASS
ALL:PASS 3/3 words

ANS=cat writes forest

\boxed{cat writes forest}"
1a7f4579,"In Alice's Wonderland, secret encryption rules are used on text. Here are some examples:
aukkrn zlvxi nme trpdea bvggpe -> rabbit found the silver puzzle
nvanpe wunfmet nme flplazvp naeutvae -> turtle watches the colorful treasure
tnviexn wunfmet yraala -> student watches mirror
Now, decrypt the following text: nvanpe wunfmet tnlaq",turtle watches story,Text Encryption,"I identify this as a letter substitution cipher. I build a mapping from the examples, verify it, then decrypt the target word by word. I use the fixed answer vocabulary when the examples do not cover every letter. I ignore the flavor-text wrapper.

LEN
TGT:""nvanpe wunfmet tnlaq""
W1:6 W2:7 W3:5

TABLE
EX1:""aukkrn zlvxi nme trpdea bvggpe""->""rabbit found the silver puzzle"" [17] a=r,u=a,k=b,r=i,n=t,z=f,l=o,v=u,x=n,i=d,m=h,e=e,t=s,p=l,d=v,b=p,g=z
EX2:""nvanpe wunfmet nme flplazvp naeutvae""->""turtle watches the colorful treasure"" [2] w=w,f=c
EX3:""tnviexn wunfmet yraala""->""student watches mirror"" [1] y=m
TOTAL:20/26

VOCAB_FILL
W3:tnlaq pattern stor? -> LOCK ""story"" (candidates: story)

VER
CROSS:3/3 examples decrypt with final table

DECRYPT
W1: nvanpe
 n->t
 v->u
 a->r
 n->t
 p->l
 e->e
 = turtle
W2: wunfmet
 w->w
 u->a
 n->t (W1)
 f->c
 m->h
 e->e (W1)
 t->s
 = watches
W3: tnlaq
 t->s (W2)
 n->t (W1)
 l->o
 a->r (W1)
 q->y
 = story

CHECK
W1:""turtle"" len=6Y alpha=Y vocab=Y gaps=N PASS
W2:""watches"" len=7Y alpha=Y vocab=Y gaps=N PASS
W3:""story"" len=5Y alpha=Y vocab=Y gaps=N PASS
ALL:PASS 3/3 words

ANS=turtle watches story

\boxed{turtle watches story}"
1aa75658,"In Alice's Wonderland, secret encryption rules are used on text. Here are some examples:
upzroc urnqikj ylnplf -> wizard watches potion
xvkkf jkkj wlokjn -> queen sees forest
nik qvoplvj dpfs okrcj -> the curious king reads
dfpsin kbyelokj nik hopsin try -> knight explores the bright map
repqk wlvfc fkro yrerqk -> alice found near palace
Now, decrypt the following text: irnnko qirjkj nokrjvok",hatter chases treasure,Text Encryption,"I identify this as a letter substitution cipher. I build a mapping from the examples, verify it, then decrypt the target word by word. I use the fixed answer vocabulary when the examples do not cover every letter. I ignore the flavor-text wrapper.

LEN
TGT:""irnnko qirjkj nokrjvok""
W1:6 W2:6 W3:8

TABLE
EX1:""upzroc urnqikj ylnplf""->""wizard watches potion"" [14] u=w,p=i,z=z,r=a,o=r,c=d,n=t,q=c,i=h,k=e,j=s,y=p,l=o,f=n
EX2:""xvkkf jkkj wlokjn""->""queen sees forest"" [3] x=q,v=u,w=f
EX3:""nik qvoplvj dpfs okrcj""->""the curious king reads"" [2] d=k,s=g
EX4:""dfpsin kbyelokj nik hopsin try""->""knight explores the bright map"" [4] b=x,e=l,h=b,t=m
EX5:""repqk wlvfc fkro yrerqk""->""alice found near palace"" [0] none
TOTAL:23/26

VOCAB_FILL
(no gaps; examples covered all target letters)

VER
CROSS:5/5 examples decrypt with final table

DECRYPT
W1: irnnko
 i->h
 r->a
 n->t
 n->t
 k->e
 o->r
 = hatter
W2: qirjkj
 q->c
 i->h (W1)
 r->a (W1)
 j->s
 k->e (W1)
 j->s
 = chases
W3: nokrjvok
 n->t (W1)
 o->r (W1)
 k->e (W1)
 r->a (W1)
 j->s (W2)
 v->u
 o->r (W1)
 k->e (W1)
 = treasure

CHECK
W1:""hatter"" len=6Y alpha=Y vocab=Y gaps=N PASS
W2:""chases"" len=6Y alpha=Y vocab=Y gaps=N PASS
W3:""treasure"" len=8Y alpha=Y vocab=Y gaps=N PASS
ALL:PASS 3/3 words

ANS=hatter chases treasure

\boxed{hatter chases treasure}"
1ab7444c,"In Alice's Wonderland, secret encryption rules are used on text. Here are some examples:
dzgviez vbdpcliyd rcyidz -> student discovers forest
zimpkiy qmzpkid tguuhi -> teacher watches puzzle
zki dbhliy xebnkz vbdpcliyd -> the silver knight discovers
Now, decrypt the following text: vymnce rchhcqd geviy dpkcch",dragon follows under school,Text Encryption,"I identify this as a letter substitution cipher. I build a mapping from the examples, verify it, then decrypt the target word by word. I use the fixed answer vocabulary when the examples do not cover every letter. I ignore the flavor-text wrapper.

LEN
TGT:""vymnce rchhcqd geviy dpkcch""
W1:6 W2:7 W3:5 W4:6

TABLE
EX1:""dzgviez vbdpcliyd rcyidz""->""student discovers forest"" [12] d=s,z=t,g=u,v=d,i=e,e=n,b=i,p=c,c=o,l=v,y=r,r=f
EX2:""zimpkiy qmzpkid tguuhi""->""teacher watches puzzle"" [6] m=a,k=h,q=w,t=p,u=z,h=l
EX3:""zki dbhliy xebnkz vbdpcliyd""->""the silver knight discovers"" [2] x=k,n=g
TOTAL:20/26

VOCAB_FILL
(no gaps; examples covered all target letters)

VER
CROSS:3/3 examples decrypt with final table

DECRYPT
W1: vymnce
 v->d
 y->r
 m->a
 n->g
 c->o
 e->n
 = dragon
W2: rchhcqd
 r->f
 c->o (W1)
 h->l
 h->l
 c->o (W1)
 q->w
 d->s
 = follows
W3: geviy
 g->u
 e->n (W1)
 v->d (W1)
 i->e
 y->r (W1)
 = under
W4: dpkcch
 d->s (W2)
 p->c
 k->h
 c->o (W1)
 c->o (W1)
 h->l (W2)
 = school

CHECK
W1:""dragon"" len=6Y alpha=Y vocab=Y gaps=N PASS
W2:""follows"" len=7Y alpha=Y vocab=Y gaps=N PASS
W3:""under"" len=5Y alpha=Y vocab=Y gaps=N PASS
W4:""school"" len=6Y alpha=Y vocab=Y gaps=N PASS
ALL:PASS 4/4 words

ANS=dragon follows under school

\boxed{dragon follows under school}"
1b3891f3,"In Alice's Wonderland, secret encryption rules are used on text. Here are some examples:
cpr tyxig rmz cxqbyxd vzk -> cat found the curious key
jbqg tyxig rmz picbzir cpdrlz -> bird found the ancient castle
cpr qzpgd rmz cylyqtxl jyyv -> cat reads the colorful book
uqbiczdd qzpgd bi ryezq -> princess reads in tower
ebnpqg gqzpad gyyq -> wizard dreams door
Now, decrypt the following text: rmz clzhzq mprrzq bapobizd",the clever hatter imagines,Text Encryption,"I identify this as a letter substitution cipher. I build a mapping from the examples, verify it, then decrypt the target word by word. I use the fixed answer vocabulary when the examples do not cover every letter. I ignore the flavor-text wrapper.

LEN
TGT:""rmz clzhzq mprrzq bapobizd""
W1:3 W2:6 W3:6 W4:8

TABLE
EX1:""cpr tyxig rmz cxqbyxd vzk""->""cat found the curious key"" [15] c=c,p=a,r=t,t=f,y=o,x=u,i=n,g=d,m=h,z=e,q=r,b=i,d=s,v=k,k=y
EX2:""jbqg tyxig rmz picbzir cpdrlz""->""bird found the ancient castle"" [2] j=b,l=l
EX3:""cpr qzpgd rmz cylyqtxl jyyv""->""cat reads the colorful book"" [0] none
EX4:""uqbiczdd qzpgd bi ryezq""->""princess reads in tower"" [2] u=p,e=w
EX5:""ebnpqg gqzpad gyyq""->""wizard dreams door"" [2] n=z,a=m
TOTAL:21/26

VOCAB_FILL
W2:clzhzq pattern cle?er -> LOCK ""clever"" (candidates: clever)
W4:bapobizd pattern ima?ines -> LOCK ""imagines"" (candidates: imagines)

VER
CROSS:5/5 examples decrypt with final table

DECRYPT
W1: rmz
 r->t
 m->h
 z->e
 = the
W2: clzhzq
 c->c
 l->l
 z->e (W1)
 h->v
 z->e (W1)
 q->r
 = clever
W3: mprrzq
 m->h (W1)
 p->a
 r->t (W1)
 r->t (W1)
 z->e (W1)
 q->r (W2)
 = hatter
W4: bapobizd
 b->i
 a->m
 p->a (W3)
 o->g
 b->i
 i->n
 z->e (W1)
 d->s
 = imagines

CHECK
W1:""the"" len=3Y alpha=Y vocab=Y gaps=N PASS
W2:""clever"" len=6Y alpha=Y vocab=Y gaps=N PASS
W3:""hatter"" len=6Y alpha=Y vocab=Y gaps=N PASS
W4:""imagines"" len=8Y alpha=Y vocab=Y gaps=N PASS
ALL:PASS 4/4 words

ANS=the clever hatter imagines

\boxed{the clever hatter imagines}"
1b5a086b,"In Alice's Wonderland, secret encryption rules are used on text. Here are some examples:
paylvhjj rquvihj uahqjgah -> princess watches treasure
paylvhjj nyjvswhaj uih mayxiu msse -> princess discovers the bright book
iquuha naqrj uih vohwha jhvahu -> hatter draws the clever secret
qoyvh tsgln mhfsln vqjuoh -> alice found beyond castle
Now, decrypt the following text: vqu tsoosrj qasgln bsgluqyl",cat follows around mountain,Text Encryption,"I identify this as a letter substitution cipher. I build a mapping from the examples, verify it, then decrypt the target word by word. I use the fixed answer vocabulary when the examples do not cover every letter. I ignore the flavor-text wrapper.

LEN
TGT:""vqu tsoosrj qasgln bsgluqyl""
W1:3 W2:7 W3:6 W4:8

TABLE
EX1:""paylvhjj rquvihj uahqjgah""->""princess watches treasure"" [12] p=p,a=r,y=i,l=n,v=c,h=e,j=s,r=w,q=a,u=t,i=h,g=u
EX2:""paylvhjj nyjvswhaj uih mayxiu msse""->""princess discovers the bright book"" [6] n=d,s=o,w=v,m=b,x=g,e=k
EX3:""iquuha naqrj uih vohwha jhvahu""->""hatter draws the clever secret"" [1] o=l
EX4:""qoyvh tsgln mhfsln vqjuoh""->""alice found beyond castle"" [2] t=f,f=y
TOTAL:21/26

VOCAB_FILL
W4:bsgluqyl pattern ?ountain -> LOCK ""mountain"" (candidates: mountain)

VER
CROSS:4/4 examples decrypt with final table

DECRYPT
W1: vqu
 v->c
 q->a
 u->t
 = cat
W2: tsoosrj
 t->f
 s->o
 o->l
 o->l
 s->o
 r->w
 j->s
 = follows
W3: qasgln
 q->a (W1)
 a->r
 s->o (W2)
 g->u
 l->n
 n->d
 = around
W4: bsgluqyl
 b->m
 s->o (W2)
 g->u (W3)
 l->n (W3)
 u->t (W1)
 q->a (W1)
 y->i
 l->n (W3)
 = mountain

CHECK
W1:""cat"" len=3Y alpha=Y vocab=Y gaps=N PASS
W2:""follows"" len=7Y alpha=Y vocab=Y gaps=N PASS
W3:""around"" len=6Y alpha=Y vocab=Y gaps=N PASS
W4:""mountain"" len=8Y alpha=Y vocab=Y gaps=N PASS
ALL:PASS 4/4 words

ANS=cat follows around mountain

\boxed{cat follows around mountain}"
1b5cab20,"In Alice's Wonderland, secret encryption rules are used on text. Here are some examples:
vlqnjgl nxabv lwj bfvj hjvvacj -> student draws the wise message
xammfl nxabv axyqgn zfmxaxt -> rabbit draws around library
lwj eyzyxpqz kxfgejvv pyqgn -> the colorful princess found
azfej pyzzybv lwj mxfcwl extvlaz -> alice follows the bright crystal
rqjjg xjanv lwj vlxagcj kylfyg -> queen reads the strange potion
Now, decrypt the following text: ofgc ewavjv mjtygn eavlzj",king chases beyond castle,Text Encryption,"I identify this as a letter substitution cipher. I build a mapping from the examples, verify it, then decrypt the target word by word. I use the fixed answer vocabulary when the examples do not cover every letter. I ignore the flavor-text wrapper.

LEN
TGT:""ofgc ewavjv mjtygn eavlzj""
W1:4 W2:6 W3:6 W4:6

TABLE
EX1:""vlqnjgl nxabv lwj bfvj hjvvacj""->""student draws the wise message"" [13] v=s,l=t,q=u,n=d,j=e,g=n,x=r,a=a,b=w,w=h,f=i,h=m,c=g
EX2:""xammfl nxabv axyqgn zfmxaxt""->""rabbit draws around library"" [4] m=b,y=o,z=l,t=y
EX3:""lwj eyzyxpqz kxfgejvv pyqgn""->""the colorful princess found"" [3] e=c,p=f,k=p
EX4:""azfej pyzzybv lwj mxfcwl extvlaz""->""alice follows the bright crystal"" [0] none
EX5:""rqjjg xjanv lwj vlxagcj kylfyg""->""queen reads the strange potion"" [1] r=q
TOTAL:21/26

VOCAB_FILL
W1:ofgc pattern ?ing -> LOCK ""king"" (candidates: king)

VER
CROSS:5/5 examples decrypt with final table

DECRYPT
W1: ofgc
 o->k
 f->i
 g->n
 c->g
 = king
W2: ewavjv
 e->c
 w->h
 a->a
 v->s
 j->e
 v->s
 = chases
W3: mjtygn
 m->b
 j->e (W2)
 t->y
 y->o
 g->n (W1)
 n->d
 = beyond
W4: eavlzj
 e->c (W2)
 a->a (W2)
 v->s (W2)
 l->t
 z->l
 j->e (W2)
 = castle

CHECK
W1:""king"" len=4Y alpha=Y vocab=Y gaps=N PASS
W2:""chases"" len=6Y alpha=Y vocab=Y gaps=N PASS
W3:""beyond"" len=6Y alpha=Y vocab=Y gaps=N PASS
W4:""castle"" len=6Y alpha=Y vocab=Y gaps=N PASS
ALL:PASS 4/4 words

ANS=king chases beyond castle

\boxed{king chases beyond castle}"
1b616202,"In Alice's Wonderland, secret encryption rules are used on text. Here are some examples:
srn infcns fvs lawep -> the secret cat found
vzofn gvsfrni taau -> alice watches book
srn fwcoawi ueomrs fcnvsni -> the curious knight creates
fvs lazzagi envc sagnc -> cat follows near tower
srn infcns snvfrnc frvini -> the secret teacher chases
Now, decrypt the following text: srn iscvemn cvttos poifaynci",the strange rabbit discovers,Text Encryption,"I identify this as a letter substitution cipher. I build a mapping from the examples, verify it, then decrypt the target word by word. I use the fixed answer vocabulary when the examples do not cover every letter. I ignore the flavor-text wrapper.

LEN
TGT:""srn iscvemn cvttos poifaynci""
W1:3 W2:7 W3:6 W4:9

TABLE
EX1:""srn infcns fvs lawep""->""the secret cat found"" [12] s=t,r=h,n=e,i=s,f=c,c=r,v=a,l=f,a=o,w=u,e=n,p=d
EX2:""vzofn gvsfrni taau""->""alice watches book"" [5] z=l,o=i,g=w,t=b,u=k
EX3:""srn fwcoawi ueomrs fcnvsni""->""the curious knight creates"" [1] m=g
EX4:""fvs lazzagi envc sagnc""->""cat follows near tower"" [0] none
EX5:""srn infcns snvfrnc frvini""->""the secret teacher chases"" [0] none
TOTAL:18/26

VOCAB_FILL
W4:poifaynci pattern disco?ers -> LOCK ""discovers"" (candidates: discovers)

VER
CROSS:5/5 examples decrypt with final table

DECRYPT
W1: srn
 s->t
 r->h
 n->e
 = the
W2: iscvemn
 i->s
 s->t (W1)
 c->r
 v->a
 e->n
 m->g
 n->e (W1)
 = strange
W3: cvttos
 c->r (W2)
 v->a (W2)
 t->b
 t->b
 o->i
 s->t (W1)
 = rabbit
W4: poifaynci
 p->d
 o->i (W3)
 i->s (W2)
 f->c
 a->o
 y->v
 n->e (W1)
 c->r (W2)
 i->s (W2)
 = discovers

CHECK
W1:""the"" len=3Y alpha=Y vocab=Y gaps=N PASS
W2:""strange"" len=7Y alpha=Y vocab=Y gaps=N PASS
W3:""rabbit"" len=6Y alpha=Y vocab=Y gaps=N PASS
W4:""discovers"" len=9Y alpha=Y vocab=Y gaps=N PASS
ALL:PASS 4/4 words

ANS=the strange rabbit discovers

\boxed{the strange rabbit discovers}"
1b7e17d4,"In Alice's Wonderland, secret encryption rules are used on text. Here are some examples:
spc ohxhunvx svusxc cmlxhucj -> the colorful turtle explores
fuyiha opyjcj spc ohxhunvx kyl -> dragon chases the colorful map
waeips jccj oubjsyx -> knight sees crystal
scyopcu nhvaf kyl -> teacher found map
lueaocjj opyjcj spc kbjscuehvj keuuhu -> princess chases the mysterious mirror
Now, decrypt the following text: zedyuf nhxxhzj spuhvip oygc",wizard follows through cave,Text Encryption,"I identify this as a letter substitution cipher. I build a mapping from the examples, verify it, then decrypt the target word by word. I use the fixed answer vocabulary when the examples do not cover every letter. I ignore the flavor-text wrapper.

LEN
TGT:""zedyuf nhxxhzj spuhvip oygc""
W1:6 W2:7 W3:7 W4:4

TABLE
EX1:""spc ohxhunvx svusxc cmlxhucj""->""the colorful turtle explores"" [12] s=t,p=h,c=e,o=c,h=o,x=l,u=r,n=f,v=u,m=x,l=p,j=s
EX2:""fuyiha opyjcj spc ohxhunvx kyl""->""dragon chases the colorful map"" [5] f=d,y=a,i=g,a=n,k=m
EX3:""waeips jccj oubjsyx""->""knight sees crystal"" [3] w=k,e=i,b=y
EX4:""scyopcu nhvaf kyl""->""teacher found map"" [0] none
EX5:""lueaocjj opyjcj spc kbjscuehvj keuuhu""->""princess chases the mysterious mirror"" [0] none
TOTAL:20/26

VOCAB_FILL
W1:zedyuf pattern ?i?ard -> LOCK ""wizard"" (candidates: wizard)
W2:nhxxhzj pattern follo?s -> LOCK ""follows"" (candidates: follows)
W4:oygc pattern ca?e -> LOCK ""cave"" (candidates: cave)

VER
CROSS:5/5 examples decrypt with final table

DECRYPT
W1: zedyuf
 z->w
 e->i
 d->z
 y->a
 u->r
 f->d
 = wizard
W2: nhxxhzj
 n->f
 h->o
 x->l
 x->l
 h->o
 z->w (W1)
 j->s
 = follows
W3: spuhvip
 s->t
 p->h
 u->r (W1)
 h->o (W2)
 v->u
 i->g
 p->h
 = through
W4: oygc
 o->c
 y->a (W1)
 g->v
 c->e
 = cave

CHECK
W1:""wizard"" len=6Y alpha=Y vocab=Y gaps=N PASS
W2:""follows"" len=7Y alpha=Y vocab=Y gaps=N PASS
W3:""through"" len=7Y alpha=Y vocab=Y gaps=N PASS
W4:""cave"" len=4Y alpha=Y vocab=Y gaps=N PASS
ALL:PASS 4/4 words

ANS=wizard follows through cave

\boxed{wizard follows through cave}"
1bc458f8,"In Alice's Wonderland, secret encryption rules are used on text. Here are some examples:
brjedrw lcjnlfrx zvvw -> teacher imagines door
jmler zlxevirwx bdr zjwq oykkmr -> alice discovers the dark puzzle
cvyxr rhomvwrx srtvfz ijmmrt -> mouse explores beyond valley
Now, decrypt the following text: wjsslb rhomvwrx jwvyfz mlswjwt",rabbit explores around library,Text Encryption,"I identify this as a letter substitution cipher. I build a mapping from the examples, verify it, then decrypt the target word by word. I use the fixed answer vocabulary when the examples do not cover every letter. I ignore the flavor-text wrapper.

LEN
TGT:""wjsslb rhomvwrx jwvyfz mlswjwt""
W1:6 W2:8 W3:6 W4:7

TABLE
EX1:""brjedrw lcjnlfrx zvvw""->""teacher imagines door"" [13] b=t,r=e,j=a,e=c,d=h,w=r,l=i,c=m,n=g,f=n,x=s,z=d,v=o
EX2:""jmler zlxevirwx bdr zjwq oykkmr""->""alice discovers the dark puzzle"" [6] m=l,i=v,q=k,o=p,y=u,k=z
EX3:""cvyxr rhomvwrx srtvfz ijmmrt""->""mouse explores beyond valley"" [3] h=x,s=b,t=y
TOTAL:22/26

VOCAB_FILL
(no gaps; examples covered all target letters)

VER
CROSS:3/3 examples decrypt with final table

DECRYPT
W1: wjsslb
 w->r
 j->a
 s->b
 s->b
 l->i
 b->t
 = rabbit
W2: rhomvwrx
 r->e
 h->x
 o->p
 m->l
 v->o
 w->r (W1)
 r->e
 x->s
 = explores
W3: jwvyfz
 j->a (W1)
 w->r (W1)
 v->o (W2)
 y->u
 f->n
 z->d
 = around
W4: mlswjwt
 m->l (W2)
 l->i (W1)
 s->b (W1)
 w->r (W1)
 j->a (W1)
 w->r (W1)
 t->y
 = library

CHECK
W1:""rabbit"" len=6Y alpha=Y vocab=Y gaps=N PASS
W2:""explores"" len=8Y alpha=Y vocab=Y gaps=N PASS
W3:""around"" len=6Y alpha=Y vocab=Y gaps=N PASS
W4:""library"" len=7Y alpha=Y vocab=Y gaps=N PASS
ALL:PASS 4/4 words

ANS=rabbit explores around library

\boxed{rabbit explores around library}"
1bd77a66,"In Alice's Wonderland, secret encryption rules are used on text. Here are some examples:
ohdrnegg ebojtheg reah naie -> princess explores near cave
mkeer utjjtqg pvhtkfv qtrcehjarc -> queen follows through wonderland
gpkcerp qhdpeg pvhtkfv fahcer -> student writes through garden
pve zhdfvp hazzdp qapnveg -> the bright rabbit watches
pve gdjieh stkge geeg -> the silver mouse sees
Now, decrypt the following text: qdxahc chaqg pve vdccer ztty",wizard draws the hidden book,Text Encryption,"I identify this as a letter substitution cipher. I build a mapping from the examples, verify it, then decrypt the target word by word. I use the fixed answer vocabulary when the examples do not cover every letter. I ignore the flavor-text wrapper.

LEN
TGT:""qdxahc chaqg pve vdccer ztty""
W1:6 W2:5 W3:3 W4:6 W5:4

TABLE
EX1:""ohdrnegg ebojtheg reah naie""->""princess explores near cave"" [12] o=p,h=r,d=i,r=n,n=c,e=e,g=s,b=x,j=l,t=o,a=a,i=v
EX2:""mkeer utjjtqg pvhtkfv qtrcehjarc""->""queen follows through wonderland"" [8] m=q,k=u,u=f,q=w,p=t,v=h,f=g,c=d
EX3:""gpkcerp qhdpeg pvhtkfv fahcer""->""student writes through garden"" [0] none
EX4:""pve zhdfvp hazzdp qapnveg""->""the bright rabbit watches"" [1] z=b
EX5:""pve gdjieh stkge geeg""->""the silver mouse sees"" [1] s=m
TOTAL:22/26

VOCAB_FILL
W1:qdxahc pattern wi?ard -> LOCK ""wizard"" (candidates: wizard)
W5:ztty pattern boo? -> LOCK ""book"" (candidates: book)

VER
CROSS:5/5 examples decrypt with final table

DECRYPT
W1: qdxahc
 q->w
 d->i
 x->z
 a->a
 h->r
 c->d
 = wizard
W2: chaqg
 c->d (W1)
 h->r (W1)
 a->a (W1)
 q->w (W1)
 g->s
 = draws
W3: pve
 p->t
 v->h
 e->e
 = the
W4: vdccer
 v->h (W3)
 d->i (W1)
 c->d (W1)
 c->d (W1)
 e->e (W3)
 r->n
 = hidden
W5: ztty
 z->b
 t->o
 t->o
 y->k
 = book

CHECK
W1:""wizard"" len=6Y alpha=Y vocab=Y gaps=N PASS
W2:""draws"" len=5Y alpha=Y vocab=Y gaps=N PASS
W3:""the"" len=3Y alpha=Y vocab=Y gaps=N PASS
W4:""hidden"" len=6Y alpha=Y vocab=Y gaps=N PASS
W5:""book"" len=4Y alpha=Y vocab=Y gaps=N PASS
ALL:PASS 5/5 words

ANS=wizard draws the hidden book

\boxed{wizard draws the hidden book}"
1c163ca8,"In Alice's Wonderland, secret encryption rules are used on text. Here are some examples:
dtylps spldv ohm jiqipwcq vmjpmo -> wizard draws the colorful secret
uicvm wiqqidv ohm zptbho voipa -> mouse follows the bright story
dtylps wiqqidv cnsmp jlvoqm -> wizard follows under castle
kntbho vocstmv siip -> knight studies door
splbin spldv ziik -> dragon draws book
Now, decrypt the following text: ocpoqm spldv ohm jqmrmp utppip",turtle draws the clever mirror,Text Encryption,"I identify this as a letter substitution cipher. I build a mapping from the examples, verify it, then decrypt the target word by word. I use the fixed answer vocabulary when the examples do not cover every letter. I ignore the flavor-text wrapper.

LEN
TGT:""ocpoqm spldv ohm jqmrmp utppip""
W1:6 W2:5 W3:3 W4:6 W5:6

TABLE
EX1:""dtylps spldv ohm jiqipwcq vmjpmo""->""wizard draws the colorful secret"" [15] d=w,t=i,y=z,l=a,p=r,s=d,v=s,o=t,h=h,m=e,j=c,i=o,q=l,w=f,c=u
EX2:""uicvm wiqqidv ohm zptbho voipa""->""mouse follows the bright story"" [4] u=m,z=b,b=g,a=y
EX3:""dtylps wiqqidv cnsmp jlvoqm""->""wizard follows under castle"" [1] n=n
EX4:""kntbho vocstmv siip""->""knight studies door"" [1] k=k
EX5:""splbin spldv ziik""->""dragon draws book"" [0] none
TOTAL:21/26

VOCAB_FILL
W4:jqmrmp pattern cle?er -> LOCK ""clever"" (candidates: clever)

VER
CROSS:5/5 examples decrypt with final table

DECRYPT
W1: ocpoqm
 o->t
 c->u
 p->r
 o->t
 q->l
 m->e
 = turtle
W2: spldv
 s->d
 p->r (W1)
 l->a
 d->w
 v->s
 = draws
W3: ohm
 o->t (W1)
 h->h
 m->e (W1)
 = the
W4: jqmrmp
 j->c
 q->l (W1)
 m->e (W1)
 r->v
 m->e (W1)
 p->r (W1)
 = clever
W5: utppip
 u->m
 t->i
 p->r (W1)
 p->r (W1)
 i->o
 p->r (W1)
 = mirror

CHECK
W1:""turtle"" len=6Y alpha=Y vocab=Y gaps=N PASS
W2:""draws"" len=5Y alpha=Y vocab=Y gaps=N PASS
W3:""the"" len=3Y alpha=Y vocab=Y gaps=N PASS
W4:""clever"" len=6Y alpha=Y vocab=Y gaps=N PASS
W5:""mirror"" len=6Y alpha=Y vocab=Y gaps=N PASS
ALL:PASS 5/5 words

ANS=turtle draws the clever mirror

\boxed{turtle draws the clever mirror}"
1c3752f1,"In Alice's Wonderland, secret encryption rules are used on text. Here are some examples:
bqw xsdlvsm qobbwd mbsulwm -> the curious hatter studies
evsmw xqomwm eot -> mouse chases map
ilzodu idlbwm odvsnu evsnboln -> wizard writes around mountain
doaalb iobxqwm kwp -> rabbit watches key
Now, decrypt the following text: bqw adlcqb tdlnxwmm ulmxvrwdm",the bright princess discovers,Text Encryption,"I identify this as a letter substitution cipher. I build a mapping from the examples, verify it, then decrypt the target word by word. I use the fixed answer vocabulary when the examples do not cover every letter. I ignore the flavor-text wrapper.

LEN
TGT:""bqw adlcqb tdlnxwmm ulmxvrwdm""
W1:3 W2:6 W3:8 W4:9

TABLE
EX1:""bqw xsdlvsm qobbwd mbsulwm""->""the curious hatter studies"" [11] b=t,q=h,w=e,x=c,s=u,d=r,l=i,v=o,m=s,o=a,u=d
EX2:""evsmw xqomwm eot""->""mouse chases map"" [2] e=m,t=p
EX3:""ilzodu idlbwm odvsnu evsnboln""->""wizard writes around mountain"" [3] i=w,z=z,n=n
EX4:""doaalb iobxqwm kwp""->""rabbit watches key"" [3] a=b,k=k,p=y
TOTAL:19/26

VOCAB_FILL
W2:adlcqb pattern bri?ht -> LOCK ""bright"" (candidates: bright)
W4:ulmxvrwdm pattern disco?ers -> LOCK ""discovers"" (candidates: discovers)

VER
CROSS:4/4 examples decrypt with final table

DECRYPT
W1: bqw
 b->t
 q->h
 w->e
 = the
W2: adlcqb
 a->b
 d->r
 l->i
 c->g
 q->h (W1)
 b->t (W1)
 = bright
W3: tdlnxwmm
 t->p
 d->r (W2)
 l->i (W2)
 n->n
 x->c
 w->e (W1)
 m->s
 m->s
 = princess
W4: ulmxvrwdm
 u->d
 l->i (W2)
 m->s (W3)
 x->c (W3)
 v->o
 r->v
 w->e (W1)
 d->r (W2)
 m->s (W3)
 = discovers

CHECK
W1:""the"" len=3Y alpha=Y vocab=Y gaps=N PASS
W2:""bright"" len=6Y alpha=Y vocab=Y gaps=N PASS
W3:""princess"" len=8Y alpha=Y vocab=Y gaps=N PASS
W4:""discovers"" len=9Y alpha=Y vocab=Y gaps=N PASS
ALL:PASS 4/4 words

ANS=the bright princess discovers

\boxed{the bright princess discovers}"
1c4ac945,"In Alice's Wonderland, secret encryption rules are used on text. Here are some examples:
bknnpv hvynpf nbp fnvkxzp ciiv -> hatter writes the strange door
vkttyn dirrihf wxcpv fobiir -> rabbit follows under school
mwppx cvpkqf tpjixc nihpv -> queen dreams beyond tower
hygkvc hvynpf yx nihpv -> wizard writes in tower
nwvnrp cvpkqf tpjixc okfnrp -> turtle dreams beyond castle
Now, decrypt the following text: mwppx fppf tpjixc lyrrkzp",queen sees beyond village,Text Encryption,"I identify this as a letter substitution cipher. I build a mapping from the examples, verify it, then decrypt the target word by word. I use the fixed answer vocabulary when the examples do not cover every letter. I ignore the flavor-text wrapper.

LEN
TGT:""mwppx fppf tpjixc lyrrkzp""
W1:5 W2:4 W3:6 W4:7

TABLE
EX1:""bknnpv hvynpf nbp fnvkxzp ciiv""->""hatter writes the strange door"" [12] b=h,k=a,n=t,p=e,v=r,h=w,y=i,f=s,x=n,z=g,c=d,i=o
EX2:""vkttyn dirrihf wxcpv fobiir""->""rabbit follows under school"" [5] t=b,d=f,r=l,w=u,o=c
EX3:""mwppx cvpkqf tpjixc nihpv""->""queen dreams beyond tower"" [3] m=q,q=m,j=y
EX4:""hygkvc hvynpf yx nihpv""->""wizard writes in tower"" [1] g=z
EX5:""nwvnrp cvpkqf tpjixc okfnrp""->""turtle dreams beyond castle"" [0] none
TOTAL:21/26

VOCAB_FILL
W4:lyrrkzp pattern ?illage -> LOCK ""village"" (candidates: village)

VER
CROSS:5/5 examples decrypt with final table

DECRYPT
W1: mwppx
 m->q
 w->u
 p->e
 p->e
 x->n
 = queen
W2: fppf
 f->s
 p->e (W1)
 p->e (W1)
 f->s
 = sees
W3: tpjixc
 t->b
 p->e (W1)
 j->y
 i->o
 x->n (W1)
 c->d
 = beyond
W4: lyrrkzp
 l->v
 y->i
 r->l
 r->l
 k->a
 z->g
 p->e (W1)
 = village

CHECK
W1:""queen"" len=5Y alpha=Y vocab=Y gaps=N PASS
W2:""sees"" len=4Y alpha=Y vocab=Y gaps=N PASS
W3:""beyond"" len=6Y alpha=Y vocab=Y gaps=N PASS
W4:""village"" len=7Y alpha=Y vocab=Y gaps=N PASS
ALL:PASS 4/4 words

ANS=queen sees beyond village

\boxed{queen sees beyond village}"
1c5a5098,"In Alice's Wonderland, secret encryption rules are used on text. Here are some examples:
rqb jeisqr rbyxqbe aebyzo -> the bright teacher dreams
zwgob izysitbo rqb obxebr mwriwt -> mouse imagines the secret potion
aeyswt aioxwdbeo rqb qiaabt awwe -> dragon discovers the hidden door
xyr obbo jblwta dyhhbl -> cat sees beyond valley
Now, decrypt the following text: aeyswt bkmhwebo yjwdb dihhysb",dragon explores above village,Text Encryption,"I identify this as a letter substitution cipher. I build a mapping from the examples, verify it, then decrypt the target word by word. I use the fixed answer vocabulary when the examples do not cover every letter. I ignore the flavor-text wrapper.

LEN
TGT:""aeyswt bkmhwebo yjwdb dihhysb""
W1:6 W2:8 W3:5 W4:7

TABLE
EX1:""rqb jeisqr rbyxqbe aebyzo""->""the bright teacher dreams"" [12] r=t,q=h,b=e,j=b,e=r,i=i,s=g,y=a,x=c,a=d,z=m,o=s
EX2:""zwgob izysitbo rqb obxebr mwriwt""->""mouse imagines the secret potion"" [4] w=o,g=u,t=n,m=p
EX3:""aeyswt aioxwdbeo rqb qiaabt awwe""->""dragon discovers the hidden door"" [1] d=v
EX4:""xyr obbo jblwta dyhhbl""->""cat sees beyond valley"" [2] l=y,h=l
TOTAL:19/26

VOCAB_FILL
W2:bkmhwebo pattern e?plores -> LOCK ""explores"" (candidates: explores)

VER
CROSS:4/4 examples decrypt with final table

DECRYPT
W1: aeyswt
 a->d
 e->r
 y->a
 s->g
 w->o
 t->n
 = dragon
W2: bkmhwebo
 b->e
 k->x
 m->p
 h->l
 w->o (W1)
 e->r (W1)
 b->e
 o->s
 = explores
W3: yjwdb
 y->a (W1)
 j->b
 w->o (W1)
 d->v
 b->e (W2)
 = above
W4: dihhysb
 d->v (W3)
 i->i
 h->l (W2)
 h->l (W2)
 y->a (W1)
 s->g (W1)
 b->e (W2)
 = village

CHECK
W1:""dragon"" len=6Y alpha=Y vocab=Y gaps=N PASS
W2:""explores"" len=8Y alpha=Y vocab=Y gaps=N PASS
W3:""above"" len=5Y alpha=Y vocab=Y gaps=N PASS
W4:""village"" len=7Y alpha=Y vocab=Y gaps=N PASS
ALL:PASS 4/4 words

ANS=dragon explores above village

\boxed{dragon explores above village}"
1d32e66f,"In Alice's Wonderland, secret encryption rules are used on text. Here are some examples:
tjnsba hpph tpe -> knight sees key
vnmf cuqquxh wphhgsp -> bird follows message
mgvvna nwgsnjph ampghzmp -> rabbit imagines treasure
Now, decrypt the following text: bgaapm cuzjf nj onqqgsp",hatter found in village,Text Encryption,"I identify this as a letter substitution cipher. I build a mapping from the examples, verify it, then decrypt the target word by word. I use the fixed answer vocabulary when the examples do not cover every letter. I ignore the flavor-text wrapper.

LEN
TGT:""bgaapm cuzjf nj onqqgsp""
W1:6 W2:5 W3:2 W4:7

TABLE
EX1:""tjnsba hpph tpe""->""knight sees key"" [9] t=k,j=n,n=i,s=g,b=h,a=t,h=s,p=e,e=y
EX2:""vnmf cuqquxh wphhgsp""->""bird follows message"" [9] v=b,m=r,f=d,c=f,u=o,q=l,x=w,w=m,g=a
EX3:""mgvvna nwgsnjph ampghzmp""->""rabbit imagines treasure"" [1] z=u
TOTAL:19/26

VOCAB_FILL
W4:onqqgsp pattern ?illage -> LOCK ""village"" (candidates: village)

VER
CROSS:3/3 examples decrypt with final table

DECRYPT
W1: bgaapm
 b->h
 g->a
 a->t
 a->t
 p->e
 m->r
 = hatter
W2: cuzjf
 c->f
 u->o
 z->u
 j->n
 f->d
 = found
W3: nj
 n->i
 j->n (W2)
 = in
W4: onqqgsp
 o->v
 n->i (W3)
 q->l
 q->l
 g->a (W1)
 s->g
 p->e (W1)
 = village

CHECK
W1:""hatter"" len=6Y alpha=Y vocab=Y gaps=N PASS
W2:""found"" len=5Y alpha=Y vocab=Y gaps=N PASS
W3:""in"" len=2Y alpha=Y vocab=Y gaps=N PASS
W4:""village"" len=7Y alpha=Y vocab=Y gaps=N PASS
ALL:PASS 4/4 words

ANS=hatter found in village

\boxed{hatter found in village}"
1d79fe85,"In Alice's Wonderland, secret encryption rules are used on text. Here are some examples:
xgbbdc hznuljdcn bxd qvnbdczlfn qdnngod -> hatter discovers the mysterious message
bxd ulylcefy izko elfkh -> the colorful king found
bxd xzhhdk xgbbdc hcdgqn -> the hidden hatter dreams
xgbbdc hcdgqn tlli -> hatter dreams book
Now, decrypt the following text: cgttzb uxgndn zk ogchdk",rabbit chases in garden,Text Encryption,"I identify this as a letter substitution cipher. I build a mapping from the examples, verify it, then decrypt the target word by word. I use the fixed answer vocabulary when the examples do not cover every letter. I ignore the flavor-text wrapper.

LEN
TGT:""cgttzb uxgndn zk ogchdk""
W1:6 W2:6 W3:2 W4:6

TABLE
EX1:""xgbbdc hznuljdcn bxd qvnbdczlfn qdnngod""->""hatter discovers the mysterious message"" [15] x=h,g=a,b=t,d=e,c=r,h=d,z=i,n=s,u=c,l=o,j=v,q=m,v=y,f=u,o=g
EX2:""bxd ulylcefy izko elfkh""->""the colorful king found"" [4] y=l,e=f,i=k,k=n
EX3:""bxd xzhhdk xgbbdc hcdgqn""->""the hidden hatter dreams"" [0] none
EX4:""xgbbdc hcdgqn tlli""->""hatter dreams book"" [1] t=b
TOTAL:20/26

VOCAB_FILL
(no gaps; examples covered all target letters)

VER
CROSS:4/4 examples decrypt with final table

DECRYPT
W1: cgttzb
 c->r
 g->a
 t->b
 t->b
 z->i
 b->t
 = rabbit
W2: uxgndn
 u->c
 x->h
 g->a (W1)
 n->s
 d->e
 n->s
 = chases
W3: zk
 z->i (W1)
 k->n
 = in
W4: ogchdk
 o->g
 g->a (W1)
 c->r (W1)
 h->d
 d->e (W2)
 k->n (W3)
 = garden

CHECK
W1:""rabbit"" len=6Y alpha=Y vocab=Y gaps=N PASS
W2:""chases"" len=6Y alpha=Y vocab=Y gaps=N PASS
W3:""in"" len=2Y alpha=Y vocab=Y gaps=N PASS
W4:""garden"" len=6Y alpha=Y vocab=Y gaps=N PASS
ALL:PASS 4/4 words

ANS=rabbit chases in garden

\boxed{rabbit chases in garden}"
1d99a2ac,"In Alice's Wonderland, secret encryption rules are used on text. Here are some examples:
btzzwj owruvkhbr jgh qtswutl jbhtrdbh -> rabbit discovers the magical treasure
jgh svlohf zwbo obhtqr -> the golden bird dreams
jdbjlh rhhr xvjwvf -> turtle sees potion
rjdohfj ubhtjhr wfrwoh mvbhrj -> student creates inside forest
Now, decrypt the following text: jgh uvlvbmdl obtsvf obtir",the colorful dragon draws,Text Encryption,"I identify this as a letter substitution cipher. I build a mapping from the examples, verify it, then decrypt the target word by word. I use the fixed answer vocabulary when the examples do not cover every letter. I ignore the flavor-text wrapper.

LEN
TGT:""jgh uvlvbmdl obtsvf obtir""
W1:3 W2:8 W3:6 W4:5

TABLE
EX1:""btzzwj owruvkhbr jgh qtswutl jbhtrdbh""->""rabbit discovers the magical treasure"" [16] b=r,t=a,z=b,w=i,j=t,o=d,r=s,u=c,v=o,k=v,h=e,g=h,q=m,s=g,l=l,d=u
EX2:""jgh svlohf zwbo obhtqr""->""the golden bird dreams"" [1] f=n
EX3:""jdbjlh rhhr xvjwvf""->""turtle sees potion"" [1] x=p
EX4:""rjdohfj ubhtjhr wfrwoh mvbhrj""->""student creates inside forest"" [1] m=f
TOTAL:19/26

VOCAB_FILL
W4:obtir pattern dra?s -> LOCK ""draws"" (candidates: draws)

VER
CROSS:4/4 examples decrypt with final table

DECRYPT
W1: jgh
 j->t
 g->h
 h->e
 = the
W2: uvlvbmdl
 u->c
 v->o
 l->l
 v->o
 b->r
 m->f
 d->u
 l->l
 = colorful
W3: obtsvf
 o->d
 b->r (W2)
 t->a
 s->g
 v->o (W2)
 f->n
 = dragon
W4: obtir
 o->d (W3)
 b->r (W2)
 t->a (W3)
 i->w
 r->s
 = draws

CHECK
W1:""the"" len=3Y alpha=Y vocab=Y gaps=N PASS
W2:""colorful"" len=8Y alpha=Y vocab=Y gaps=N PASS
W3:""dragon"" len=6Y alpha=Y vocab=Y gaps=N PASS
W4:""draws"" len=5Y alpha=Y vocab=Y gaps=N PASS
ALL:PASS 4/4 words

ANS=the colorful dragon draws

\boxed{the colorful dragon draws}"
1dbcad28,"In Alice's Wonderland, secret encryption rules are used on text. Here are some examples:
remhzo vwbuobq ebuw mqluen -> knight creates near island
ulmvb wbunq fssr -> alice reads book
vuo wbunq qbvwbo -> cat reads secret
Now, decrypt the following text: wuffmo yuovzbq psomse",rabbit watches potion,Text Encryption,"I identify this as a letter substitution cipher. I build a mapping from the examples, verify it, then decrypt the target word by word. I use the fixed answer vocabulary when the examples do not cover every letter. I ignore the flavor-text wrapper.

LEN
TGT:""wuffmo yuovzbq psomse""
W1:6 W2:7 W3:6

TABLE
EX1:""remhzo vwbuobq ebuw mqluen""->""knight creates near island"" [13] r=k,e=n,m=i,h=g,z=h,o=t,v=c,w=r,b=e,u=a,q=s,l=l,n=d
EX2:""ulmvb wbunq fssr""->""alice reads book"" [2] f=b,s=o
EX3:""vuo wbunq qbvwbo""->""cat reads secret"" [0] none
TOTAL:15/26

VOCAB_FILL
W2:yuovzbq pattern ?atches -> LOCK ""watches"" (candidates: watches)
W3:psomse pattern ?otion -> LOCK ""potion"" (candidates: potion)

VER
CROSS:3/3 examples decrypt with final table

DECRYPT
W1: wuffmo
 w->r
 u->a
 f->b
 f->b
 m->i
 o->t
 = rabbit
W2: yuovzbq
 y->w
 u->a (W1)
 o->t (W1)
 v->c
 z->h
 b->e
 q->s
 = watches
W3: psomse
 p->p
 s->o
 o->t (W1)
 m->i (W1)
 s->o
 e->n
 = potion

CHECK
W1:""rabbit"" len=6Y alpha=Y vocab=Y gaps=N PASS
W2:""watches"" len=7Y alpha=Y vocab=Y gaps=N PASS
W3:""potion"" len=6Y alpha=Y vocab=Y gaps=N PASS
ALL:PASS 3/3 words

ANS=rabbit watches potion

\boxed{rabbit watches potion}"
1dd697e1,"In Alice's Wonderland, secret encryption rules are used on text. Here are some examples:
rib txyxskey tzr lsprbn -> the colorful cat writes
rib tybvbs zyptb tsbzrbn -> the clever alice creates
msphtbnn kxyyxln rib tespxen mxrpxh -> princess follows the curious potion
dhpgir oszln rib wzgptzy qxxd -> knight draws the magical book
Now, decrypt the following text: rib tespxen qpso tsbzrbn",the curious bird creates,Text Encryption,"I identify this as a letter substitution cipher. I build a mapping from the examples, verify it, then decrypt the target word by word. I use the fixed answer vocabulary when the examples do not cover every letter. I ignore the flavor-text wrapper.

LEN
TGT:""rib tespxen qpso tsbzrbn""
W1:3 W2:7 W3:4 W4:7

TABLE
EX1:""rib txyxskey tzr lsprbn""->""the colorful cat writes"" [13] r=t,i=h,b=e,t=c,x=o,y=l,s=r,k=f,e=u,z=a,l=w,p=i,n=s
EX2:""rib tybvbs zyptb tsbzrbn""->""the clever alice creates"" [1] v=v
EX3:""msphtbnn kxyyxln rib tespxen mxrpxh""->""princess follows the curious potion"" [2] m=p,h=n
EX4:""dhpgir oszln rib wzgptzy qxxd""->""knight draws the magical book"" [5] d=k,g=g,o=d,w=m,q=b
TOTAL:21/26

VOCAB_FILL
(no gaps; examples covered all target letters)

VER
CROSS:4/4 examples decrypt with final table

DECRYPT
W1: rib
 r->t
 i->h
 b->e
 = the
W2: tespxen
 t->c
 e->u
 s->r
 p->i
 x->o
 e->u
 n->s
 = curious
W3: qpso
 q->b
 p->i (W2)
 s->r (W2)
 o->d
 = bird
W4: tsbzrbn
 t->c (W2)
 s->r (W2)
 b->e (W1)
 z->a
 r->t (W1)
 b->e (W1)
 n->s (W2)
 = creates

CHECK
W1:""the"" len=3Y alpha=Y vocab=Y gaps=N PASS
W2:""curious"" len=7Y alpha=Y vocab=Y gaps=N PASS
W3:""bird"" len=4Y alpha=Y vocab=Y gaps=N PASS
W4:""creates"" len=7Y alpha=Y vocab=Y gaps=N PASS
ALL:PASS 4/4 words

ANS=the curious bird creates

\boxed{the curious bird creates}"
1df17458,"In Alice's Wonderland, secret encryption rules are used on text. Here are some examples:
zeqhol usikd lon wsqhol midljn -> knight draws the bright castle
lnimons moidnd lon dlsiehn cnddihn -> teacher chases the strange message
lon masqpad zeqhol sniud -> the curious knight reads
lon dqjfns tsqemndd nxtjpsnd -> the silver princess explores
Now, decrypt the following text: cpadn kilmond cnddihn",mouse watches message,Text Encryption,"I identify this as a letter substitution cipher. I build a mapping from the examples, verify it, then decrypt the target word by word. I use the fixed answer vocabulary when the examples do not cover every letter. I ignore the flavor-text wrapper.

LEN
TGT:""cpadn kilmond cnddihn""
W1:5 W2:7 W3:7

TABLE
EX1:""zeqhol usikd lon wsqhol midljn""->""knight draws the bright castle"" [15] z=k,e=n,q=i,h=g,o=h,l=t,u=d,s=r,i=a,k=w,d=s,n=e,w=b,m=c,j=l
EX2:""lnimons moidnd lon dlsiehn cnddihn""->""teacher chases the strange message"" [1] c=m
EX3:""lon masqpad zeqhol sniud""->""the curious knight reads"" [2] a=u,p=o
EX4:""lon dqjfns tsqemndd nxtjpsnd""->""the silver princess explores"" [3] f=v,t=p,x=x
TOTAL:21/26

VOCAB_FILL
(no gaps; examples covered all target letters)

VER
CROSS:4/4 examples decrypt with final table

DECRYPT
W1: cpadn
 c->m
 p->o
 a->u
 d->s
 n->e
 = mouse
W2: kilmond
 k->w
 i->a
 l->t
 m->c
 o->h
 n->e (W1)
 d->s (W1)
 = watches
W3: cnddihn
 c->m (W1)
 n->e (W1)
 d->s (W1)
 d->s (W1)
 i->a (W2)
 h->g
 n->e (W1)
 = message

CHECK
W1:""mouse"" len=5Y alpha=Y vocab=Y gaps=N PASS
W2:""watches"" len=7Y alpha=Y vocab=Y gaps=N PASS
W3:""message"" len=7Y alpha=Y vocab=Y gaps=N PASS
ALL:PASS 3/3 words

ANS=mouse watches message

\boxed{mouse watches message}"
1df786ed,"In Alice's Wonderland, secret encryption rules are used on text. Here are some examples:
wlmg telpzc ymhze aboozj -> king writes under valley
ibppze czzc rleene -> hatter sees mirror
cpyhzmp zxsonezc piz czfezp czfezp -> student explores the secret secret
qyzzm fibczc lm fbaz -> queen chases in cave
Now, decrypt the following text: piz rbglfbo cpyhzmp hebtc",the magical student draws,Text Encryption,"I identify this as a letter substitution cipher. I build a mapping from the examples, verify it, then decrypt the target word by word. I use the fixed answer vocabulary when the examples do not cover every letter. I ignore the flavor-text wrapper.

LEN
TGT:""piz rbglfbo cpyhzmp hebtc""
W1:3 W2:7 W3:7 W4:5

TABLE
EX1:""wlmg telpzc ymhze aboozj""->""king writes under valley"" [15] w=k,l=i,m=n,g=g,t=w,e=r,p=t,z=e,c=s,y=u,h=d,a=v,b=a,o=l,j=y
EX2:""ibppze czzc rleene""->""hatter sees mirror"" [3] i=h,r=m,n=o
EX3:""cpyhzmp zxsonezc piz czfezp czfezp""->""student explores the secret secret"" [3] x=x,s=p,f=c
EX4:""qyzzm fibczc lm fbaz""->""queen chases in cave"" [1] q=q
TOTAL:22/26

VOCAB_FILL
(no gaps; examples covered all target letters)

VER
CROSS:4/4 examples decrypt with final table

DECRYPT
W1: piz
 p->t
 i->h
 z->e
 = the
W2: rbglfbo
 r->m
 b->a
 g->g
 l->i
 f->c
 b->a
 o->l
 = magical
W3: cpyhzmp
 c->s
 p->t (W1)
 y->u
 h->d
 z->e (W1)
 m->n
 p->t (W1)
 = student
W4: hebtc
 h->d (W3)
 e->r
 b->a (W2)
 t->w
 c->s (W3)
 = draws

CHECK
W1:""the"" len=3Y alpha=Y vocab=Y gaps=N PASS
W2:""magical"" len=7Y alpha=Y vocab=Y gaps=N PASS
W3:""student"" len=7Y alpha=Y vocab=Y gaps=N PASS
W4:""draws"" len=5Y alpha=Y vocab=Y gaps=N PASS
ALL:PASS 4/4 words

ANS=the magical student draws

\boxed{the magical student draws}"
1e18df16,"In Alice's Wonderland, secret encryption rules are used on text. Here are some examples:
bcl onljlw bvwbnl xdhrxtlp -> the clever turtle imagines
gwhrit khboclp xt qiwlpb -> dragon watches in forest
ohb xdhrxtlp bcl onljlw ohpbnl -> cat imagines the clever castle
mxtr gwlhdp dxwwiw -> king dreams mirror
Now, decrypt the following text: pbvgltb qinnikp owzpbhn",student follows crystal,Text Encryption,"I identify this as a letter substitution cipher. I build a mapping from the examples, verify it, then decrypt the target word by word. I use the fixed answer vocabulary when the examples do not cover every letter. I ignore the flavor-text wrapper.

LEN
TGT:""pbvgltb qinnikp owzpbhn""
W1:7 W2:7 W3:7

TABLE
EX1:""bcl onljlw bvwbnl xdhrxtlp""->""the clever turtle imagines"" [14] b=t,c=h,l=e,o=c,n=l,j=v,w=r,v=u,x=i,d=m,h=a,r=g,t=n,p=s
EX2:""gwhrit khboclp xt qiwlpb""->""dragon watches in forest"" [4] g=d,i=o,k=w,q=f
EX3:""ohb xdhrxtlp bcl onljlw ohpbnl""->""cat imagines the clever castle"" [0] none
EX4:""mxtr gwlhdp dxwwiw""->""king dreams mirror"" [1] m=k
TOTAL:19/26

VOCAB_FILL
W3:owzpbhn pattern cr?stal -> LOCK ""crystal"" (candidates: crystal)

VER
CROSS:4/4 examples decrypt with final table

DECRYPT
W1: pbvgltb
 p->s
 b->t
 v->u
 g->d
 l->e
 t->n
 b->t
 = student
W2: qinnikp
 q->f
 i->o
 n->l
 n->l
 i->o
 k->w
 p->s (W1)
 = follows
W3: owzpbhn
 o->c
 w->r
 z->y
 p->s (W1)
 b->t (W1)
 h->a
 n->l (W2)
 = crystal

CHECK
W1:""student"" len=7Y alpha=Y vocab=Y gaps=N PASS
W2:""follows"" len=7Y alpha=Y vocab=Y gaps=N PASS
W3:""crystal"" len=7Y alpha=Y vocab=Y gaps=N PASS
ALL:PASS 3/3 words

ANS=student follows crystal

\boxed{student follows crystal}"
1e378206,"In Alice's Wonderland, secret encryption rules are used on text. Here are some examples:
pkcbrv hxbygy bjzng ebwbhg -> wizard chases above palace
tskqxf vrbpy fxg jrkqxf jzzt -> knight draws the bright book
yflvgsf kabqksgy fxg yfrbsqg hroyfbw -> student imagines the strange crystal
fxg yghrgf tskqxf uzwwzpy -> the secret knight follows
xbffgr vrbpy jgozsv pzsvgrwbsv -> hatter draws beyond wonderland
Now, decrypt the following text: fxg hlrkzly bwkhg vrbpy",the curious alice draws,Text Encryption,"I identify this as a letter substitution cipher. I build a mapping from the examples, verify it, then decrypt the target word by word. I use the fixed answer vocabulary when the examples do not cover every letter. I ignore the flavor-text wrapper.

LEN
TGT:""fxg hlrkzly bwkhg vrbpy""
W1:3 W2:7 W3:5 W4:5

TABLE
EX1:""pkcbrv hxbygy bjzng ebwbhg""->""wizard chases above palace"" [15] p=w,k=i,c=z,b=a,r=r,v=d,h=c,x=h,y=s,g=e,j=b,z=o,n=v,e=p,w=l
EX2:""tskqxf vrbpy fxg jrkqxf jzzt""->""knight draws the bright book"" [4] t=k,s=n,q=g,f=t
EX3:""yflvgsf kabqksgy fxg yfrbsqg hroyfbw""->""student imagines the strange crystal"" [3] l=u,a=m,o=y
EX4:""fxg yghrgf tskqxf uzwwzpy""->""the secret knight follows"" [1] u=f
EX5:""xbffgr vrbpy jgozsv pzsvgrwbsv""->""hatter draws beyond wonderland"" [0] none
TOTAL:23/26

VOCAB_FILL
(no gaps; examples covered all target letters)

VER
CROSS:5/5 examples decrypt with final table

DECRYPT
W1: fxg
 f->t
 x->h
 g->e
 = the
W2: hlrkzly
 h->c
 l->u
 r->r
 k->i
 z->o
 l->u
 y->s
 = curious
W3: bwkhg
 b->a
 w->l
 k->i (W2)
 h->c (W2)
 g->e (W1)
 = alice
W4: vrbpy
 v->d
 r->r (W2)
 b->a (W3)
 p->w
 y->s (W2)
 = draws

CHECK
W1:""the"" len=3Y alpha=Y vocab=Y gaps=N PASS
W2:""curious"" len=7Y alpha=Y vocab=Y gaps=N PASS
W3:""alice"" len=5Y alpha=Y vocab=Y gaps=N PASS
W4:""draws"" len=5Y alpha=Y vocab=Y gaps=N PASS
ALL:PASS 4/4 words

ANS=the curious alice draws

\boxed{the curious alice draws}"
1e3e930a,"In Alice's Wonderland, secret encryption rules are used on text. Here are some examples:
avd tnjcdna vtaadl depwhldb -> the ancient hatter explores
yltrhn yltxb bdjlda -> dragon draws secret
avd ytlm aflawd citrcndb -> the dark turtle imagines
avd jhwhlgfw twcjd xlcadb -> the colorful alice writes
Now, decrypt the following text: yltrhn jldtadb phachn",dragon creates potion,Text Encryption,"I identify this as a letter substitution cipher. I build a mapping from the examples, verify it, then decrypt the target word by word. I use the fixed answer vocabulary when the examples do not cover every letter. I ignore the flavor-text wrapper.

LEN
TGT:""yltrhn jldtadb phachn""
W1:6 W2:7 W3:6

TABLE
EX1:""avd tnjcdna vtaadl depwhldb""->""the ancient hatter explores"" [13] a=t,v=h,d=e,t=a,n=n,j=c,c=i,l=r,e=x,p=p,w=l,h=o,b=s
EX2:""yltrhn yltxb bdjlda""->""dragon draws secret"" [3] y=d,r=g,x=w
EX3:""avd ytlm aflawd citrcndb""->""the dark turtle imagines"" [3] m=k,f=u,i=m
EX4:""avd jhwhlgfw twcjd xlcadb""->""the colorful alice writes"" [1] g=f
TOTAL:20/26

VOCAB_FILL
(no gaps; examples covered all target letters)

VER
CROSS:4/4 examples decrypt with final table

DECRYPT
W1: yltrhn
 y->d
 l->r
 t->a
 r->g
 h->o
 n->n
 = dragon
W2: jldtadb
 j->c
 l->r (W1)
 d->e
 t->a (W1)
 a->t
 d->e
 b->s
 = creates
W3: phachn
 p->p
 h->o (W1)
 a->t (W2)
 c->i
 h->o (W1)
 n->n (W1)
 = potion

CHECK
W1:""dragon"" len=6Y alpha=Y vocab=Y gaps=N PASS
W2:""creates"" len=7Y alpha=Y vocab=Y gaps=N PASS
W3:""potion"" len=6Y alpha=Y vocab=Y gaps=N PASS
ALL:PASS 3/3 words

ANS=dragon creates potion

\boxed{dragon creates potion}"
1e5aeac7,"In Alice's Wonderland, secret encryption rules are used on text. Here are some examples:
kxakes hasvksf idkbdn -> turtle creates potion
kus hdedayxe zbnt lbfhdjsaf -> the colorful king discovers
lavtdn asvlf kus mcfksabdxf idkbdn -> dragon reads the mysterious potion
kus lvaz kxakes fssf -> the dark turtle sees
avoobk ydxnl ldda -> rabbit found door
Now, decrypt the following text: avoobk hasvksf kus rbfs ixgges",rabbit creates the wise puzzle,Text Encryption,"I identify this as a letter substitution cipher. I build a mapping from the examples, verify it, then decrypt the target word by word. I use the fixed answer vocabulary when the examples do not cover every letter. I ignore the flavor-text wrapper.

LEN
TGT:""avoobk hasvksf kus rbfs ixgges""
W1:6 W2:7 W3:3 W4:4 W5:6

TABLE
EX1:""kxakes hasvksf idkbdn""->""turtle creates potion"" [12] k=t,x=u,a=r,e=l,s=e,h=c,v=a,f=s,i=p,d=o,b=i,n=n
EX2:""kus hdedayxe zbnt lbfhdjsaf""->""the colorful king discovers"" [6] u=h,y=f,z=k,t=g,l=d,j=v
EX3:""lavtdn asvlf kus mcfksabdxf idkbdn""->""dragon reads the mysterious potion"" [2] m=m,c=y
EX4:""kus lvaz kxakes fssf""->""the dark turtle sees"" [0] none
EX5:""avoobk ydxnl ldda""->""rabbit found door"" [1] o=b
TOTAL:21/26

VOCAB_FILL
W4:rbfs pattern ?ise -> LOCK ""wise"" (candidates: wise)
W5:ixgges pattern pu??le -> LOCK ""puzzle"" (candidates: puzzle)

VER
CROSS:5/5 examples decrypt with final table

DECRYPT
W1: avoobk
 a->r
 v->a
 o->b
 o->b
 b->i
 k->t
 = rabbit
W2: hasvksf
 h->c
 a->r (W1)
 s->e
 v->a (W1)
 k->t (W1)
 s->e
 f->s
 = creates
W3: kus
 k->t (W1)
 u->h
 s->e (W2)
 = the
W4: rbfs
 r->w
 b->i (W1)
 f->s (W2)
 s->e (W2)
 = wise
W5: ixgges
 i->p
 x->u
 g->z
 g->z
 e->l
 s->e (W2)
 = puzzle

CHECK
W1:""rabbit"" len=6Y alpha=Y vocab=Y gaps=N PASS
W2:""creates"" len=7Y alpha=Y vocab=Y gaps=N PASS
W3:""the"" len=3Y alpha=Y vocab=Y gaps=N PASS
W4:""wise"" len=4Y alpha=Y vocab=Y gaps=N PASS
W5:""puzzle"" len=6Y alpha=Y vocab=Y gaps=N PASS
ALL:PASS 5/5 words

ANS=rabbit creates the wise puzzle

\boxed{rabbit creates the wise puzzle}"
1e9308a9,"In Alice's Wonderland, secret encryption rules are used on text. Here are some examples:
opz hzeazo cmyhz hoyfgzh -> the secret mouse studies
opz eyagmyh tgaf xloepzh -> the curious bird watches
falumw nmywf gwhgfz xmwfzavlwf -> dragon found inside wonderland
Now, decrypt the following text: opz flai iwgupo falxh",the dark knight draws,Text Encryption,"I identify this as a letter substitution cipher. I build a mapping from the examples, verify it, then decrypt the target word by word. I use the fixed answer vocabulary when the examples do not cover every letter. I ignore the flavor-text wrapper.

LEN
TGT:""opz flai iwgupo falxh""
W1:3 W2:4 W3:6 W4:5

TABLE
EX1:""opz hzeazo cmyhz hoyfgzh""->""the secret mouse studies"" [11] o=t,p=h,z=e,h=s,e=c,a=r,c=m,m=o,y=u,f=d,g=i
EX2:""opz eyagmyh tgaf xloepzh""->""the curious bird watches"" [3] t=b,x=w,l=a
EX3:""falumw nmywf gwhgfz xmwfzavlwf""->""dragon found inside wonderland"" [4] u=g,w=n,n=f,v=l
TOTAL:18/26

VOCAB_FILL
W2:flai pattern dar? -> LOCK ""dark"" (candidates: dark)
W3:iwgupo pattern ?night -> LOCK ""knight"" (candidates: knight)

VER
CROSS:3/3 examples decrypt with final table

DECRYPT
W1: opz
 o->t
 p->h
 z->e
 = the
W2: flai
 f->d
 l->a
 a->r
 i->k
 = dark
W3: iwgupo
 i->k (W2)
 w->n
 g->i
 u->g
 p->h (W1)
 o->t (W1)
 = knight
W4: falxh
 f->d (W2)
 a->r (W2)
 l->a (W2)
 x->w
 h->s
 = draws

CHECK
W1:""the"" len=3Y alpha=Y vocab=Y gaps=N PASS
W2:""dark"" len=4Y alpha=Y vocab=Y gaps=N PASS
W3:""knight"" len=6Y alpha=Y vocab=Y gaps=N PASS
W4:""draws"" len=5Y alpha=Y vocab=Y gaps=N PASS
ALL:PASS 4/4 words

ANS=the dark knight draws

\boxed{the dark knight draws}"
1eb16797,"In Alice's Wonderland, secret encryption rules are used on text. Here are some examples:
lzhg udjqv yxpzxh -> king reads potion
prd rzqqdh pdjordu vddv -> the hidden teacher sees
nzbjuq vddv vpxuf -> wizard sees story
Now, decrypt the following text: jszod qudjav jkxcd gjuqdh",alice dreams above garden,Text Encryption,"I identify this as a letter substitution cipher. I build a mapping from the examples, verify it, then decrypt the target word by word. I use the fixed answer vocabulary when the examples do not cover every letter. I ignore the flavor-text wrapper.

LEN
TGT:""jszod qudjav jkxcd gjuqdh""
W1:5 W2:6 W3:5 W4:6

TABLE
EX1:""lzhg udjqv yxpzxh""->""king reads potion"" [12] l=k,z=i,h=n,g=g,u=r,d=e,j=a,q=d,v=s,y=p,x=o,p=t
EX2:""prd rzqqdh pdjordu vddv""->""the hidden teacher sees"" [2] r=h,o=c
EX3:""nzbjuq vddv vpxuf""->""wizard sees story"" [3] n=w,b=z,f=y
TOTAL:17/26

VOCAB_FILL
W1:jszod pattern a?ice -> LOCK ""alice"" (candidates: alice)
W2:qudjav pattern drea?s -> LOCK ""dreams"" (candidates: dreams)
W3:jkxcd pattern a?o?e -> LOCK ""above"" (candidates: above)

VER
CROSS:3/3 examples decrypt with final table

DECRYPT
W1: jszod
 j->a
 s->l
 z->i
 o->c
 d->e
 = alice
W2: qudjav
 q->d
 u->r
 d->e (W1)
 j->a (W1)
 a->m
 v->s
 = dreams
W3: jkxcd
 j->a (W1)
 k->b
 x->o
 c->v
 d->e (W1)
 = above
W4: gjuqdh
 g->g
 j->a (W1)
 u->r (W2)
 q->d (W2)
 d->e (W1)
 h->n
 = garden

CHECK
W1:""alice"" len=5Y alpha=Y vocab=Y gaps=N PASS
W2:""dreams"" len=6Y alpha=Y vocab=Y gaps=N PASS
W3:""above"" len=5Y alpha=Y vocab=Y gaps=N PASS
W4:""garden"" len=6Y alpha=Y vocab=Y gaps=N PASS
ALL:PASS 4/4 words

ANS=alice dreams above garden

\boxed{alice dreams above garden}"
1ed2944a,"In Alice's Wonderland, secret encryption rules are used on text. Here are some examples:
zlwt ryepbp vssa -> king chases door
nyb rsfsaqmf jlieav qsmwv -> the colorful wizard found
nyb hgpnbalsmp hsmpb ryepbp -> the mysterious mouse chases
jlieav qsffsjp xbgswv reob -> wizard follows beyond cave
Now, decrypt the following text: nyb veaz vaetsw vlprsobap",the dark dragon discovers,Text Encryption,"I identify this as a letter substitution cipher. I build a mapping from the examples, verify it, then decrypt the target word by word. I use the fixed answer vocabulary when the examples do not cover every letter. I ignore the flavor-text wrapper.

LEN
TGT:""nyb veaz vaetsw vlprsobap""
W1:3 W2:4 W3:6 W4:9

TABLE
EX1:""zlwt ryepbp vssa""->""king chases door"" [12] z=k,l=i,w=n,t=g,r=c,y=h,e=a,p=s,b=e,v=d,s=o,a=r
EX2:""nyb rsfsaqmf jlieav qsmwv""->""the colorful wizard found"" [6] n=t,f=l,q=f,m=u,j=w,i=z
EX3:""nyb hgpnbalsmp hsmpb ryepbp""->""the mysterious mouse chases"" [2] h=m,g=y
EX4:""jlieav qsffsjp xbgswv reob""->""wizard follows beyond cave"" [2] x=b,o=v
TOTAL:22/26

VOCAB_FILL
(no gaps; examples covered all target letters)

VER
CROSS:4/4 examples decrypt with final table

DECRYPT
W1: nyb
 n->t
 y->h
 b->e
 = the
W2: veaz
 v->d
 e->a
 a->r
 z->k
 = dark
W3: vaetsw
 v->d (W2)
 a->r (W2)
 e->a (W2)
 t->g
 s->o
 w->n
 = dragon
W4: vlprsobap
 v->d (W2)
 l->i
 p->s
 r->c
 s->o (W3)
 o->v
 b->e (W1)
 a->r (W2)
 p->s
 = discovers

CHECK
W1:""the"" len=3Y alpha=Y vocab=Y gaps=N PASS
W2:""dark"" len=4Y alpha=Y vocab=Y gaps=N PASS
W3:""dragon"" len=6Y alpha=Y vocab=Y gaps=N PASS
W4:""discovers"" len=9Y alpha=Y vocab=Y gaps=N PASS
ALL:PASS 4/4 words

ANS=the dark dragon discovers

\boxed{the dark dragon discovers}"
1ee26ca9,"In Alice's Wonderland, secret encryption rules are used on text. Here are some examples:
ufotng nvtgd lyv dlntibv lnvtdwnv -> wizard reads the strange treasure
ntxxfl vkrjsnvd qtr -> rabbit explores map
lyv tihfvil dlwgvil dvvd -> the ancient student sees
Now, decrypt the following text: lyv hsjsnewj qswdv unflvd",the colorful mouse writes,Text Encryption,"I identify this as a letter substitution cipher. I build a mapping from the examples, verify it, then decrypt the target word by word. I use the fixed answer vocabulary when the examples do not cover every letter. I ignore the flavor-text wrapper.

LEN
TGT:""lyv hsjsnewj qswdv unflvd""
W1:3 W2:8 W3:5 W4:6

TABLE
EX1:""ufotng nvtgd lyv dlntibv lnvtdwnv""->""wizard reads the strange treasure"" [13] u=w,f=i,o=z,t=a,n=r,g=d,v=e,d=s,l=t,y=h,i=n,b=g,w=u
EX2:""ntxxfl vkrjsnvd qtr""->""rabbit explores map"" [6] x=b,k=x,r=p,j=l,s=o,q=m
EX3:""lyv tihfvil dlwgvil dvvd""->""the ancient student sees"" [1] h=c
TOTAL:20/26

VOCAB_FILL
W2:hsjsnewj pattern color?ul -> LOCK ""colorful"" (candidates: colorful)

VER
CROSS:3/3 examples decrypt with final table

DECRYPT
W1: lyv
 l->t
 y->h
 v->e
 = the
W2: hsjsnewj
 h->c
 s->o
 j->l
 s->o
 n->r
 e->f
 w->u
 j->l
 = colorful
W3: qswdv
 q->m
 s->o (W2)
 w->u (W2)
 d->s
 v->e (W1)
 = mouse
W4: unflvd
 u->w
 n->r (W2)
 f->i
 l->t (W1)
 v->e (W1)
 d->s (W3)
 = writes

CHECK
W1:""the"" len=3Y alpha=Y vocab=Y gaps=N PASS
W2:""colorful"" len=8Y alpha=Y vocab=Y gaps=N PASS
W3:""mouse"" len=5Y alpha=Y vocab=Y gaps=N PASS
W4:""writes"" len=6Y alpha=Y vocab=Y gaps=N PASS
ALL:PASS 4/4 words

ANS=the colorful mouse writes

\boxed{the colorful mouse writes}"
1ef44724,"In Alice's Wonderland, secret encryption rules are used on text. Here are some examples:
wvg azyyzpf sqfsno wvjo -> cat follows inside cave
cvggoi stvdsqof gco fowiog toffvdo -> hatter imagines the secret message
guigyo pisgof gco dzynoq fgzil -> turtle writes the golden story
Now, decrypt the following text: tzufo wiovgof gco risdcg aziofg",mouse creates the bright forest,Text Encryption,"I identify this as a letter substitution cipher. I build a mapping from the examples, verify it, then decrypt the target word by word. I use the fixed answer vocabulary when the examples do not cover every letter. I ignore the flavor-text wrapper.

LEN
TGT:""tzufo wiovgof gco risdcg aziofg""
W1:5 W2:7 W3:3 W4:6 W5:6

TABLE
EX1:""wvg azyyzpf sqfsno wvjo""->""cat follows inside cave"" [13] w=c,v=a,g=t,a=f,z=o,y=l,p=w,f=s,s=i,q=n,n=d,o=e,j=v
EX2:""cvggoi stvdsqof gco fowiog toffvdo""->""hatter imagines the secret message"" [4] c=h,i=r,t=m,d=g
EX3:""guigyo pisgof gco dzynoq fgzil""->""turtle writes the golden story"" [2] u=u,l=y
TOTAL:19/26

VOCAB_FILL
W4:risdcg pattern ?right -> LOCK ""bright"" (candidates: bright)

VER
CROSS:3/3 examples decrypt with final table

DECRYPT
W1: tzufo
 t->m
 z->o
 u->u
 f->s
 o->e
 = mouse
W2: wiovgof
 w->c
 i->r
 o->e (W1)
 v->a
 g->t
 o->e (W1)
 f->s (W1)
 = creates
W3: gco
 g->t (W2)
 c->h
 o->e (W1)
 = the
W4: risdcg
 r->b
 i->r (W2)
 s->i
 d->g
 c->h (W3)
 g->t (W2)
 = bright
W5: aziofg
 a->f
 z->o (W1)
 i->r (W2)
 o->e (W1)
 f->s (W1)
 g->t (W2)
 = forest

CHECK
W1:""mouse"" len=5Y alpha=Y vocab=Y gaps=N PASS
W2:""creates"" len=7Y alpha=Y vocab=Y gaps=N PASS
W3:""the"" len=3Y alpha=Y vocab=Y gaps=N PASS
W4:""bright"" len=6Y alpha=Y vocab=Y gaps=N PASS
W5:""forest"" len=6Y alpha=Y vocab=Y gaps=N PASS
ALL:PASS 5/5 words

ANS=mouse creates the bright forest

\boxed{mouse creates the bright forest}"
1f226652,"In Alice's Wonderland, secret encryption rules are used on text. Here are some examples:
ibkkvp lczhgild pel absvrbh alddbsl -> rabbit explores the magical message
pel rmivgmd rbp oghhgfd -> the curious cat follows
tibsgy oghhgfd rbdphl -> dragon follows castle
pel byrvlyp qvys rebdld -> the ancient king chases
ebppli vabsvyld alddbsl -> hatter imagines message
Now, decrypt the following text: ibkkvp fbpreld pel evttly kggq",rabbit watches the hidden book,Text Encryption,"I identify this as a letter substitution cipher. I build a mapping from the examples, verify it, then decrypt the target word by word. I use the fixed answer vocabulary when the examples do not cover every letter. I ignore the flavor-text wrapper.

LEN
TGT:""ibkkvp fbpreld pel evttly kggq""
W1:6 W2:7 W3:3 W4:6 W5:4

TABLE
EX1:""ibkkvp lczhgild pel absvrbh alddbsl""->""rabbit explores the magical message"" [15] i=r,b=a,k=b,v=i,p=t,l=e,c=x,z=p,h=l,g=o,d=s,e=h,a=m,s=g,r=c
EX2:""pel rmivgmd rbp oghhgfd""->""the curious cat follows"" [3] m=u,o=f,f=w
EX3:""tibsgy oghhgfd rbdphl""->""dragon follows castle"" [2] t=d,y=n
EX4:""pel byrvlyp qvys rebdld""->""the ancient king chases"" [1] q=k
EX5:""ebppli vabsvyld alddbsl""->""hatter imagines message"" [0] none
TOTAL:21/26

VOCAB_FILL
(no gaps; examples covered all target letters)

VER
CROSS:5/5 examples decrypt with final table

DECRYPT
W1: ibkkvp
 i->r
 b->a
 k->b
 k->b
 v->i
 p->t
 = rabbit
W2: fbpreld
 f->w
 b->a (W1)
 p->t (W1)
 r->c
 e->h
 l->e
 d->s
 = watches
W3: pel
 p->t (W1)
 e->h (W2)
 l->e (W2)
 = the
W4: evttly
 e->h (W2)
 v->i (W1)
 t->d
 t->d
 l->e (W2)
 y->n
 = hidden
W5: kggq
 k->b (W1)
 g->o
 g->o
 q->k
 = book

CHECK
W1:""rabbit"" len=6Y alpha=Y vocab=Y gaps=N PASS
W2:""watches"" len=7Y alpha=Y vocab=Y gaps=N PASS
W3:""the"" len=3Y alpha=Y vocab=Y gaps=N PASS
W4:""hidden"" len=6Y alpha=Y vocab=Y gaps=N PASS
W5:""book"" len=4Y alpha=Y vocab=Y gaps=N PASS
ALL:PASS 5/5 words

ANS=rabbit watches the hidden book

\boxed{rabbit watches the hidden book}"
1f4a566c,"In Alice's Wonderland, secret encryption rules are used on text. Here are some examples:
hgqm lecxm agqqeq -> bird found mirror
vtuujq mgkneojqk atz -> hatter discovers map
uvj hqgpvu rxgpvu yqgujk -> the bright knight writes
uvj hqgpvu ygwtqm kucmgjk -> the bright wizard studies
kucmjxu lecxm kueqs -> student found story
Now, decrypt the following text: uvj pedmjx qthhgu mqjtak",the golden rabbit dreams,Text Encryption,"I identify this as a letter substitution cipher. I build a mapping from the examples, verify it, then decrypt the target word by word. I use the fixed answer vocabulary when the examples do not cover every letter. I ignore the flavor-text wrapper.

LEN
TGT:""uvj pedmjx qthhgu mqjtak""
W1:3 W2:6 W3:6 W4:6

TABLE
EX1:""hgqm lecxm agqqeq""->""bird found mirror"" [9] h=b,g=i,q=r,m=d,l=f,e=o,c=u,x=n,a=m
EX2:""vtuujq mgkneojqk atz""->""hatter discovers map"" [8] v=h,t=a,u=t,j=e,k=s,n=c,o=v,z=p
EX3:""uvj hqgpvu rxgpvu yqgujk""->""the bright knight writes"" [3] p=g,r=k,y=w
EX4:""uvj hqgpvu ygwtqm kucmgjk""->""the bright wizard studies"" [1] w=z
EX5:""kucmjxu lecxm kueqs""->""student found story"" [1] s=y
TOTAL:22/26

VOCAB_FILL
W2:pedmjx pattern go?den -> LOCK ""golden"" (candidates: golden)

VER
CROSS:5/5 examples decrypt with final table

DECRYPT
W1: uvj
 u->t
 v->h
 j->e
 = the
W2: pedmjx
 p->g
 e->o
 d->l
 m->d
 j->e (W1)
 x->n
 = golden
W3: qthhgu
 q->r
 t->a
 h->b
 h->b
 g->i
 u->t (W1)
 = rabbit
W4: mqjtak
 m->d (W2)
 q->r (W3)
 j->e (W1)
 t->a (W3)
 a->m
 k->s
 = dreams

CHECK
W1:""the"" len=3Y alpha=Y vocab=Y gaps=N PASS
W2:""golden"" len=6Y alpha=Y vocab=Y gaps=N PASS
W3:""rabbit"" len=6Y alpha=Y vocab=Y gaps=N PASS
W4:""dreams"" len=6Y alpha=Y vocab=Y gaps=N PASS
ALL:PASS 4/4 words

ANS=the golden rabbit dreams

\boxed{the golden rabbit dreams}"
1f8b6b98,"In Alice's Wonderland, secret encryption rules are used on text. Here are some examples:
fesw lhaahoi es ydpq -> king follows in cave
bqdyzqj ojebqi djhrst wdjtqs -> teacher writes around garden
mhriq yzdiqi es ydpq -> mouse chases in cave
zdbbqj ibrteqi bzq oeiq mqiidwq -> hatter studies the wise message
Now, decrypt the following text: bqdyzqj lhrst vhbehs",teacher found potion,Text Encryption,"I identify this as a letter substitution cipher. I build a mapping from the examples, verify it, then decrypt the target word by word. I use the fixed answer vocabulary when the examples do not cover every letter. I ignore the flavor-text wrapper.

LEN
TGT:""bqdyzqj lhrst vhbehs""
W1:7 W2:5 W3:6

TABLE
EX1:""fesw lhaahoi es ydpq""->""king follows in cave"" [13] f=k,e=i,s=n,w=g,l=f,h=o,a=l,o=w,i=s,y=c,d=a,p=v,q=e
EX2:""bqdyzqj ojebqi djhrst wdjtqs""->""teacher writes around garden"" [5] b=t,z=h,j=r,r=u,t=d
EX3:""mhriq yzdiqi es ydpq""->""mouse chases in cave"" [1] m=m
EX4:""zdbbqj ibrteqi bzq oeiq mqiidwq""->""hatter studies the wise message"" [0] none
TOTAL:19/26

VOCAB_FILL
W3:vhbehs pattern ?otion -> LOCK ""potion"" (candidates: potion)

VER
CROSS:4/4 examples decrypt with final table

DECRYPT
W1: bqdyzqj
 b->t
 q->e
 d->a
 y->c
 z->h
 q->e
 j->r
 = teacher
W2: lhrst
 l->f
 h->o
 r->u
 s->n
 t->d
 = found
W3: vhbehs
 v->p
 h->o (W2)
 b->t (W1)
 e->i
 h->o (W2)
 s->n (W2)
 = potion

CHECK
W1:""teacher"" len=7Y alpha=Y vocab=Y gaps=N PASS
W2:""found"" len=5Y alpha=Y vocab=Y gaps=N PASS
W3:""potion"" len=6Y alpha=Y vocab=Y gaps=N PASS
ALL:PASS 3/3 words

ANS=teacher found potion

\boxed{teacher found potion}"
1fa37461,"In Alice's Wonderland, secret encryption rules are used on text. Here are some examples:
lniz sinvjd vbj zkim laam -> bird writes the dark book
bkvvji dvfznjd vbiafeb unlikiq -> hatter studies through library
zikeat djjd cjddkej -> dragon sees message
Now, decrypt the following text: dvfzjtv ijkzd vbj eauzjt vijkdfij",student reads the golden treasure,Text Encryption,"I identify this as a letter substitution cipher. I build a mapping from the examples, verify it, then decrypt the target word by word. I use the fixed answer vocabulary when the examples do not cover every letter. I ignore the flavor-text wrapper.

LEN
TGT:""dvfzjtv ijkzd vbj eauzjt vijkdfij""
W1:7 W2:5 W3:3 W4:6 W5:8

TABLE
EX1:""lniz sinvjd vbj zkim laam""->""bird writes the dark book"" [12] l=b,n=i,i=r,z=d,s=w,v=t,j=e,d=s,b=h,k=a,m=k,a=o
EX2:""bkvvji dvfznjd vbiafeb unlikiq""->""hatter studies through library"" [4] f=u,e=g,u=l,q=y
EX3:""zikeat djjd cjddkej""->""dragon sees message"" [2] t=n,c=m
TOTAL:18/26

VOCAB_FILL
(no gaps; examples covered all target letters)

VER
CROSS:3/3 examples decrypt with final table

DECRYPT
W1: dvfzjtv
 d->s
 v->t
 f->u
 z->d
 j->e
 t->n
 v->t
 = student
W2: ijkzd
 i->r
 j->e (W1)
 k->a
 z->d (W1)
 d->s (W1)
 = reads
W3: vbj
 v->t (W1)
 b->h
 j->e (W1)
 = the
W4: eauzjt
 e->g
 a->o
 u->l
 z->d (W1)
 j->e (W1)
 t->n (W1)
 = golden
W5: vijkdfij
 v->t (W1)
 i->r (W2)
 j->e (W1)
 k->a (W2)
 d->s (W1)
 f->u (W1)
 i->r (W2)
 j->e (W1)
 = treasure

CHECK
W1:""student"" len=7Y alpha=Y vocab=Y gaps=N PASS
W2:""reads"" len=5Y alpha=Y vocab=Y gaps=N PASS
W3:""the"" len=3Y alpha=Y vocab=Y gaps=N PASS
W4:""golden"" len=6Y alpha=Y vocab=Y gaps=N PASS
W5:""treasure"" len=8Y alpha=Y vocab=Y gaps=N PASS
ALL:PASS 5/5 words

ANS=student reads the golden treasure

\boxed{student reads the golden treasure}"
1fbfca5d,"In Alice's Wonderland, secret encryption rules are used on text. Here are some examples:
rzmpnjss fwkngjs nwsklj -> princess watches castle
zwiimk azwfs iddu -> rabbit draws book
zwiimk nzjwkjs kzjwsezj -> rabbit creates treasure
kjwngjz azwfs ujc -> teacher draws key
kezklj zjwas ijcdpa owzajp -> turtle reads beyond garden
Now, decrypt the following text: imza qdepa vwr",bird found map,Text Encryption,"I identify this as a letter substitution cipher. I build a mapping from the examples, verify it, then decrypt the target word by word. I use the fixed answer vocabulary when the examples do not cover every letter. I ignore the flavor-text wrapper.

LEN
TGT:""imza qdepa vwr""
W1:4 W2:5 W3:3

TABLE
EX1:""rzmpnjss fwkngjs nwsklj""->""princess watches castle"" [12] r=p,z=r,m=i,p=n,n=c,j=e,s=s,f=w,w=a,k=t,g=h,l=l
EX2:""zwiimk azwfs iddu""->""rabbit draws book"" [4] i=b,a=d,d=o,u=k
EX3:""zwiimk nzjwkjs kzjwsezj""->""rabbit creates treasure"" [1] e=u
EX4:""kjwngjz azwfs ujc""->""teacher draws key"" [1] c=y
EX5:""kezklj zjwas ijcdpa owzajp""->""turtle reads beyond garden"" [1] o=g
TOTAL:19/26

VOCAB_FILL
W2:qdepa pattern ?ound -> LOCK ""found"" (candidates: found)
W3:vwr pattern ?ap -> LOCK ""map"" (candidates: map)

VER
CROSS:5/5 examples decrypt with final table

DECRYPT
W1: imza
 i->b
 m->i
 z->r
 a->d
 = bird
W2: qdepa
 q->f
 d->o
 e->u
 p->n
 a->d (W1)
 = found
W3: vwr
 v->m
 w->a
 r->p
 = map

CHECK
W1:""bird"" len=4Y alpha=Y vocab=Y gaps=N PASS
W2:""found"" len=5Y alpha=Y vocab=Y gaps=N PASS
W3:""map"" len=3Y alpha=Y vocab=Y gaps=N PASS
ALL:PASS 3/3 words

ANS=bird found map

\boxed{bird found map}"
1fcbbb93,"In Alice's Wonderland, secret encryption rules are used on text. Here are some examples:
dfckxs sfgevonxg lnkx venkl -> wizard discovers near ocean
xkjjfb sxnkag lnkx qfjxkxh -> rabbit dreams near library
ukbbnx eukgng lnkx wvxngb -> hatter chases near forest
zxflengg xnksg bun gfqonx exhgbkq -> princess reads the silver crystal
bun eqnonx sxkpvl dkbeung -> the clever dragon watches
Now, decrypt the following text: dfckxs exnkbng lnkx avrlbkfl",wizard creates near mountain,Text Encryption,"I identify this as a letter substitution cipher. I build a mapping from the examples, verify it, then decrypt the target word by word. I use the fixed answer vocabulary when the examples do not cover every letter. I ignore the flavor-text wrapper.

LEN
TGT:""dfckxs exnkbng lnkx avrlbkfl""
W1:6 W2:7 W3:4 W4:8

TABLE
EX1:""dfckxs sfgevonxg lnkx venkl""->""wizard discovers near ocean"" [12] d=w,f=i,c=z,k=a,x=r,s=d,g=s,e=c,v=o,o=v,n=e,l=n
EX2:""xkjjfb sxnkag lnkx qfjxkxh""->""rabbit dreams near library"" [5] j=b,b=t,a=m,q=l,h=y
EX3:""ukbbnx eukgng lnkx wvxngb""->""hatter chases near forest"" [2] u=h,w=f
EX4:""zxflengg xnksg bun gfqonx exhgbkq""->""princess reads the silver crystal"" [1] z=p
EX5:""bun eqnonx sxkpvl dkbeung""->""the clever dragon watches"" [1] p=g
TOTAL:21/26

VOCAB_FILL
W4:avrlbkfl pattern mo?ntain -> LOCK ""mountain"" (candidates: mountain)

VER
CROSS:5/5 examples decrypt with final table

DECRYPT
W1: dfckxs
 d->w
 f->i
 c->z
 k->a
 x->r
 s->d
 = wizard
W2: exnkbng
 e->c
 x->r (W1)
 n->e
 k->a (W1)
 b->t
 n->e
 g->s
 = creates
W3: lnkx
 l->n
 n->e (W2)
 k->a (W1)
 x->r (W1)
 = near
W4: avrlbkfl
 a->m
 v->o
 r->u
 l->n (W3)
 b->t (W2)
 k->a (W1)
 f->i (W1)
 l->n (W3)
 = mountain

CHECK
W1:""wizard"" len=6Y alpha=Y vocab=Y gaps=N PASS
W2:""creates"" len=7Y alpha=Y vocab=Y gaps=N PASS
W3:""near"" len=4Y alpha=Y vocab=Y gaps=N PASS
W4:""mountain"" len=8Y alpha=Y vocab=Y gaps=N PASS
ALL:PASS 4/4 words

ANS=wizard creates near mountain

\boxed{wizard creates near mountain}"
201255d5,"In Alice's Wonderland, secret encryption rules are used on text. Here are some examples:
btnfz mtnoi pswfdja -> mouse found crystal
qeog iszjbf drz pazyzs mtszfd -> king dreams the clever forest
dnsdaz fzzf bjh -> turtle sees map
Now, decrypt the following text: drz feayzs sjuued iefptyzsf",the silver rabbit discovers,Text Encryption,"I identify this as a letter substitution cipher. I build a mapping from the examples, verify it, then decrypt the target word by word. I use the fixed answer vocabulary when the examples do not cover every letter. I ignore the flavor-text wrapper.

LEN
TGT:""drz feayzs sjuued iefptyzsf""
W1:3 W2:6 W3:6 W4:9

TABLE
EX1:""btnfz mtnoi pswfdja""->""mouse found crystal"" [14] b=m,t=o,n=u,f=s,z=e,m=f,o=n,i=d,p=c,s=r,w=y,d=t,j=a,a=l
EX2:""qeog iszjbf drz pazyzs mtszfd""->""king dreams the clever forest"" [5] q=k,e=i,g=g,r=h,y=v
EX3:""dnsdaz fzzf bjh""->""turtle sees map"" [1] h=p
TOTAL:20/26

VOCAB_FILL
W3:sjuued pattern ra??it -> LOCK ""rabbit"" (candidates: rabbit)

VER
CROSS:3/3 examples decrypt with final table

DECRYPT
W1: drz
 d->t
 r->h
 z->e
 = the
W2: feayzs
 f->s
 e->i
 a->l
 y->v
 z->e (W1)
 s->r
 = silver
W3: sjuued
 s->r (W2)
 j->a
 u->b
 u->b
 e->i (W2)
 d->t (W1)
 = rabbit
W4: iefptyzsf
 i->d
 e->i (W2)
 f->s (W2)
 p->c
 t->o
 y->v (W2)
 z->e (W1)
 s->r (W2)
 f->s (W2)
 = discovers

CHECK
W1:""the"" len=3Y alpha=Y vocab=Y gaps=N PASS
W2:""silver"" len=6Y alpha=Y vocab=Y gaps=N PASS
W3:""rabbit"" len=6Y alpha=Y vocab=Y gaps=N PASS
W4:""discovers"" len=9Y alpha=Y vocab=Y gaps=N PASS
ALL:PASS 4/4 words

ANS=the silver rabbit discovers

\boxed{the silver rabbit discovers}"
20326646,"In Alice's Wonderland, secret encryption rules are used on text. Here are some examples:
uslfar qtpem rat jyqlcym hybbgt -> knight reads the curious puzzle
rat olmt xcymt eqpom -> the wise mouse draws
ryqrgt lxpflstm mrcqw -> turtle imagines story
Now, decrypt the following text: jpr qtpem eccq",cat reads door,Text Encryption,"I identify this as a letter substitution cipher. I build a mapping from the examples, verify it, then decrypt the target word by word. I use the fixed answer vocabulary when the examples do not cover every letter. I ignore the flavor-text wrapper.

LEN
TGT:""jpr qtpem eccq""
W1:3 W2:5 W3:4

TABLE
EX1:""uslfar qtpem rat jyqlcym hybbgt""->""knight reads the curious puzzle"" [17] u=k,s=n,l=i,f=g,a=h,r=t,q=r,t=e,p=a,e=d,m=s,j=c,y=u,c=o,h=p,b=z,g=l
EX2:""rat olmt xcymt eqpom""->""the wise mouse draws"" [2] o=w,x=m
EX3:""ryqrgt lxpflstm mrcqw""->""turtle imagines story"" [1] w=y
TOTAL:20/26

VOCAB_FILL
(no gaps; examples covered all target letters)

VER
CROSS:3/3 examples decrypt with final table

DECRYPT
W1: jpr
 j->c
 p->a
 r->t
 = cat
W2: qtpem
 q->r
 t->e
 p->a (W1)
 e->d
 m->s
 = reads
W3: eccq
 e->d (W2)
 c->o
 c->o
 q->r (W2)
 = door

CHECK
W1:""cat"" len=3Y alpha=Y vocab=Y gaps=N PASS
W2:""reads"" len=5Y alpha=Y vocab=Y gaps=N PASS
W3:""door"" len=4Y alpha=Y vocab=Y gaps=N PASS
ALL:PASS 3/3 words

ANS=cat reads door

\boxed{cat reads door}"
203576de,"In Alice's Wonderland, secret encryption rules are used on text. Here are some examples:
dtxhl idohaly oal ylhmlo rccm -> alice watches the secret door
oal htlelm bxmr wcgfr -> the clever bird found
hdo hadyly oal yxtelm klq -> cat chases the silver key
oal yxtelm dtxhl lzstcmly -> the silver alice explores
Now, decrypt the following text: bxmr hadyly oal rdmk klq",bird chases the dark key,Text Encryption,"I identify this as a letter substitution cipher. I build a mapping from the examples, verify it, then decrypt the target word by word. I use the fixed answer vocabulary when the examples do not cover every letter. I ignore the flavor-text wrapper.

LEN
TGT:""bxmr hadyly oal rdmk klq""
W1:4 W2:6 W3:3 W4:4 W5:3

TABLE
EX1:""dtxhl idohaly oal ylhmlo rccm""->""alice watches the secret door"" [12] d=a,t=l,x=i,h=c,l=e,i=w,o=t,a=h,y=s,m=r,r=d,c=o
EX2:""oal htlelm bxmr wcgfr""->""the clever bird found"" [5] e=v,b=b,w=f,g=u,f=n
EX3:""hdo hadyly oal yxtelm klq""->""cat chases the silver key"" [2] k=k,q=y
EX4:""oal yxtelm dtxhl lzstcmly""->""the silver alice explores"" [2] z=x,s=p
TOTAL:21/26

VOCAB_FILL
(no gaps; examples covered all target letters)

VER
CROSS:4/4 examples decrypt with final table

DECRYPT
W1: bxmr
 b->b
 x->i
 m->r
 r->d
 = bird
W2: hadyly
 h->c
 a->h
 d->a
 y->s
 l->e
 y->s
 = chases
W3: oal
 o->t
 a->h (W2)
 l->e (W2)
 = the
W4: rdmk
 r->d (W1)
 d->a (W2)
 m->r (W1)
 k->k
 = dark
W5: klq
 k->k (W4)
 l->e (W2)
 q->y
 = key

CHECK
W1:""bird"" len=4Y alpha=Y vocab=Y gaps=N PASS
W2:""chases"" len=6Y alpha=Y vocab=Y gaps=N PASS
W3:""the"" len=3Y alpha=Y vocab=Y gaps=N PASS
W4:""dark"" len=4Y alpha=Y vocab=Y gaps=N PASS
W5:""key"" len=3Y alpha=Y vocab=Y gaps=N PASS
ALL:PASS 5/5 words

ANS=bird chases the dark key

\boxed{bird chases the dark key}"
20744ce8,"In Alice's Wonderland, secret encryption rules are used on text. Here are some examples:
crupnkr vmlcnc renlcuen -> student chases treasure
rmn lkvdnkr wdkq flrvmnc -> the ancient king watches
rmn vhshezus iunnk venlrnc -> the colorful queen creates
rmn qhspnk vlr crupdnc -> the golden cat studies
Now, decrypt the following text: fdylep venlrnc rmn qhspnk vebcrls",wizard creates the golden crystal,Text Encryption,"I identify this as a letter substitution cipher. I build a mapping from the examples, verify it, then decrypt the target word by word. I use the fixed answer vocabulary when the examples do not cover every letter. I ignore the flavor-text wrapper.

LEN
TGT:""fdylep venlrnc rmn qhspnk vebcrls""
W1:6 W2:7 W3:3 W4:6 W5:7

TABLE
EX1:""crupnkr vmlcnc renlcuen""->""student chases treasure"" [10] c=s,r=t,u=u,p=d,n=e,k=n,v=c,m=h,l=a,e=r
EX2:""rmn lkvdnkr wdkq flrvmnc""->""the ancient king watches"" [4] d=i,w=k,q=g,f=w
EX3:""rmn vhshezus iunnk venlrnc""->""the colorful queen creates"" [4] h=o,s=l,z=f,i=q
EX4:""rmn qhspnk vlr crupdnc""->""the golden cat studies"" [0] none
TOTAL:18/26

VOCAB_FILL
W1:fdylep pattern wi?ard -> LOCK ""wizard"" (candidates: wizard)
W5:vebcrls pattern cr?stal -> LOCK ""crystal"" (candidates: crystal)

VER
CROSS:4/4 examples decrypt with final table

DECRYPT
W1: fdylep
 f->w
 d->i
 y->z
 l->a
 e->r
 p->d
 = wizard
W2: venlrnc
 v->c
 e->r (W1)
 n->e
 l->a (W1)
 r->t
 n->e
 c->s
 = creates
W3: rmn
 r->t (W2)
 m->h
 n->e (W2)
 = the
W4: qhspnk
 q->g
 h->o
 s->l
 p->d (W1)
 n->e (W2)
 k->n
 = golden
W5: vebcrls
 v->c (W2)
 e->r (W1)
 b->y
 c->s (W2)
 r->t (W2)
 l->a (W1)
 s->l (W4)
 = crystal

CHECK
W1:""wizard"" len=6Y alpha=Y vocab=Y gaps=N PASS
W2:""creates"" len=7Y alpha=Y vocab=Y gaps=N PASS
W3:""the"" len=3Y alpha=Y vocab=Y gaps=N PASS
W4:""golden"" len=6Y alpha=Y vocab=Y gaps=N PASS
W5:""crystal"" len=7Y alpha=Y vocab=Y gaps=N PASS
ALL:PASS 5/5 words

ANS=wizard creates the golden crystal

\boxed{wizard creates the golden crystal}"
2077d3da,"In Alice's Wonderland, secret encryption rules are used on text. Here are some examples:
hiea ypbvq sbw -> king draws map
pbttij ypfbsq yoop -> rabbit dreams door
jkf benifej jfbnkfp qjryifq -> the ancient teacher studies
jfbnkfp ypbvq wojioe -> teacher draws potion
tipy vbjnkfq efbp nbqjcf -> bird watches near castle
Now, decrypt the following text: hiea lorey sippop",king found mirror,Text Encryption,"I identify this as a letter substitution cipher. I build a mapping from the examples, verify it, then decrypt the target word by word. I use the fixed answer vocabulary when the examples do not cover every letter. I ignore the flavor-text wrapper.

LEN
TGT:""hiea lorey sippop""
W1:4 W2:5 W3:6

TABLE
EX1:""hiea ypbvq sbw""->""king draws map"" [11] h=k,i=i,e=n,a=g,y=d,p=r,b=a,v=w,q=s,s=m,w=p
EX2:""pbttij ypfbsq yoop""->""rabbit dreams door"" [4] t=b,j=t,f=e,o=o
EX3:""jkf benifej jfbnkfp qjryifq""->""the ancient teacher studies"" [3] k=h,n=c,r=u
EX4:""jfbnkfp ypbvq wojioe""->""teacher draws potion"" [0] none
EX5:""tipy vbjnkfq efbp nbqjcf""->""bird watches near castle"" [1] c=l
TOTAL:19/26

VOCAB_FILL
W2:lorey pattern ?ound -> LOCK ""found"" (candidates: found)

VER
CROSS:5/5 examples decrypt with final table

DECRYPT
W1: hiea
 h->k
 i->i
 e->n
 a->g
 = king
W2: lorey
 l->f
 o->o
 r->u
 e->n (W1)
 y->d
 = found
W3: sippop
 s->m
 i->i (W1)
 p->r
 p->r
 o->o (W2)
 p->r
 = mirror

CHECK
W1:""king"" len=4Y alpha=Y vocab=Y gaps=N PASS
W2:""found"" len=5Y alpha=Y vocab=Y gaps=N PASS
W3:""mirror"" len=6Y alpha=Y vocab=Y gaps=N PASS
ALL:PASS 3/3 words

ANS=king found mirror

\boxed{king found mirror}"
20a537e6,"In Alice's Wonderland, secret encryption rules are used on text. Here are some examples:
dplqy xplcm iny haqy daggpg -> mouse found the wise mirror
jgacvyqq xplcm ekpsy dplcieac -> princess found above mountain
ilgiry mgyedq veqiry -> turtle dreams castle
Now, decrypt the following text: hauegm mgehq ingpltn vesy",wizard draws through cave,Text Encryption,"I identify this as a letter substitution cipher. I build a mapping from the examples, verify it, then decrypt the target word by word. I use the fixed answer vocabulary when the examples do not cover every letter. I ignore the flavor-text wrapper.

LEN
TGT:""hauegm mgehq ingpltn vesy""
W1:6 W2:5 W3:7 W4:4

TABLE
EX1:""dplqy xplcm iny haqy daggpg""->""mouse found the wise mirror"" [13] d=m,p=o,l=u,q=s,y=e,x=f,c=n,m=d,i=t,n=h,h=w,a=i,g=r
EX2:""jgacvyqq xplcm ekpsy dplcieac""->""princess found above mountain"" [5] j=p,v=c,e=a,k=b,s=v
EX3:""ilgiry mgyedq veqiry""->""turtle dreams castle"" [1] r=l
TOTAL:19/26

VOCAB_FILL
W1:hauegm pattern wi?ard -> LOCK ""wizard"" (candidates: wizard)
W3:ingpltn pattern throu?h -> LOCK ""through"" (candidates: through)

VER
CROSS:3/3 examples decrypt with final table

DECRYPT
W1: hauegm
 h->w
 a->i
 u->z
 e->a
 g->r
 m->d
 = wizard
W2: mgehq
 m->d (W1)
 g->r (W1)
 e->a (W1)
 h->w (W1)
 q->s
 = draws
W3: ingpltn
 i->t
 n->h
 g->r (W1)
 p->o
 l->u
 t->g
 n->h
 = through
W4: vesy
 v->c
 e->a (W1)
 s->v
 y->e
 = cave

CHECK
W1:""wizard"" len=6Y alpha=Y vocab=Y gaps=N PASS
W2:""draws"" len=5Y alpha=Y vocab=Y gaps=N PASS
W3:""through"" len=7Y alpha=Y vocab=Y gaps=N PASS
W4:""cave"" len=4Y alpha=Y vocab=Y gaps=N PASS
ALL:PASS 4/4 words

ANS=wizard draws through cave

\boxed{wizard draws through cave}"
20d3e997,"In Alice's Wonderland, secret encryption rules are used on text. Here are some examples:
dre xczzcui ept dczcvxgz dvwierz -> cat follows the colorful crystal
preetv itti rqcjt jrzztw -> hatter sees above valley
ept mczota vrqqne dvtreti -> the golden rabbit creates
ept dczcvxgz hcgit ovtrhi -> the colorful mouse dreams
preetv onidcjtvi dvwierz -> hatter discovers crystal
Now, decrypt the following text: vrqqne ovtrhi ept pnoota hrf",rabbit dreams the hidden map,Text Encryption,"I identify this as a letter substitution cipher. I build a mapping from the examples, verify it, then decrypt the target word by word. I use the fixed answer vocabulary when the examples do not cover every letter. I ignore the flavor-text wrapper.

LEN
TGT:""vrqqne ovtrhi ept pnoota hrf""
W1:6 W2:6 W3:3 W4:6 W5:3

TABLE
EX1:""dre xczzcui ept dczcvxgz dvwierz""->""cat follows the colorful crystal"" [13] d=c,r=a,e=t,x=f,c=o,z=l,u=w,i=s,p=h,t=e,v=r,g=u,w=y
EX2:""preetv itti rqcjt jrzztw""->""hatter sees above valley"" [2] q=b,j=v
EX3:""ept mczota vrqqne dvtreti""->""the golden rabbit creates"" [4] m=g,o=d,a=n,n=i
EX4:""ept dczcvxgz hcgit ovtrhi""->""the colorful mouse dreams"" [1] h=m
EX5:""preetv onidcjtvi dvwierz""->""hatter discovers crystal"" [0] none
TOTAL:20/26

VOCAB_FILL
W5:hrf pattern ma? -> LOCK ""map"" (candidates: map)

VER
CROSS:5/5 examples decrypt with final table

DECRYPT
W1: vrqqne
 v->r
 r->a
 q->b
 q->b
 n->i
 e->t
 = rabbit
W2: ovtrhi
 o->d
 v->r (W1)
 t->e
 r->a (W1)
 h->m
 i->s
 = dreams
W3: ept
 e->t (W1)
 p->h
 t->e (W2)
 = the
W4: pnoota
 p->h (W3)
 n->i (W1)
 o->d (W2)
 o->d (W2)
 t->e (W2)
 a->n
 = hidden
W5: hrf
 h->m (W2)
 r->a (W1)
 f->p
 = map

CHECK
W1:""rabbit"" len=6Y alpha=Y vocab=Y gaps=N PASS
W2:""dreams"" len=6Y alpha=Y vocab=Y gaps=N PASS
W3:""the"" len=3Y alpha=Y vocab=Y gaps=N PASS
W4:""hidden"" len=6Y alpha=Y vocab=Y gaps=N PASS
W5:""map"" len=3Y alpha=Y vocab=Y gaps=N PASS
ALL:PASS 5/5 words

ANS=rabbit dreams the hidden map

\boxed{rabbit dreams the hidden map}"
215edb1a,"In Alice's Wonderland, secret encryption rules are used on text. Here are some examples:
pks ldbnjdo pdbpfs svrfjbso -> the curious turtle explores
psylksb tbyho pks lfsesb lbmopyf -> teacher draws the clever crystal
hnzybt bsyto nxonts ijbsop -> wizard reads inside forest
Now, decrypt the following text: pks ljfjbidf rbnxlsoo tbsywo",the colorful princess dreams,Text Encryption,"I identify this as a letter substitution cipher. I build a mapping from the examples, verify it, then decrypt the target word by word. I use the fixed answer vocabulary when the examples do not cover every letter. I ignore the flavor-text wrapper.

LEN
TGT:""pks ljfjbidf rbnxlsoo tbsywo""
W1:3 W2:8 W3:8 W4:6

TABLE
EX1:""pks ldbnjdo pdbpfs svrfjbso""->""the curious turtle explores"" [12] p=t,k=h,s=e,l=c,d=u,b=r,n=i,j=o,o=s,f=l,v=x,r=p
EX2:""psylksb tbyho pks lfsesb lbmopyf""->""teacher draws the clever crystal"" [5] y=a,t=d,h=w,e=v,m=y
EX3:""hnzybt bsyto nxonts ijbsop""->""wizard reads inside forest"" [3] z=z,x=n,i=f
TOTAL:20/26

VOCAB_FILL
W4:tbsywo pattern drea?s -> LOCK ""dreams"" (candidates: dreams)

VER
CROSS:3/3 examples decrypt with final table

DECRYPT
W1: pks
 p->t
 k->h
 s->e
 = the
W2: ljfjbidf
 l->c
 j->o
 f->l
 j->o
 b->r
 i->f
 d->u
 f->l
 = colorful
W3: rbnxlsoo
 r->p
 b->r (W2)
 n->i
 x->n
 l->c (W2)
 s->e (W1)
 o->s
 o->s
 = princess
W4: tbsywo
 t->d
 b->r (W2)
 s->e (W1)
 y->a
 w->m
 o->s (W3)
 = dreams

CHECK
W1:""the"" len=3Y alpha=Y vocab=Y gaps=N PASS
W2:""colorful"" len=8Y alpha=Y vocab=Y gaps=N PASS
W3:""princess"" len=8Y alpha=Y vocab=Y gaps=N PASS
W4:""dreams"" len=6Y alpha=Y vocab=Y gaps=N PASS
ALL:PASS 4/4 words

ANS=the colorful princess dreams

\boxed{the colorful princess dreams}"
21bd1251,"In Alice's Wonderland, secret encryption rules are used on text. Here are some examples:
amxbg idxpgq pcg ixqg wsdgqp -> alice writes the wise forest
ysjqg iapbcgq ygqqafg -> mouse watches message
pgabcgd gtemsdgq adsjlz eamabg -> teacher explores around palace
pgabcgd dgazq adsjlz baqpmg -> teacher reads around castle
ixkadz bcaqgq hgnslz xqmalz -> wizard chases beyond island
Now, decrypt the following text: pjdpmg zxqbsrgdq ejkkmg",turtle discovers puzzle,Text Encryption,"I identify this as a letter substitution cipher. I build a mapping from the examples, verify it, then decrypt the target word by word. I use the fixed answer vocabulary when the examples do not cover every letter. I ignore the flavor-text wrapper.

LEN
TGT:""pjdpmg zxqbsrgdq ejkkmg""
W1:6 W2:9 W3:6

TABLE
EX1:""amxbg idxpgq pcg ixqg wsdgqp""->""alice writes the wise forest"" [12] a=a,m=l,x=i,b=c,g=e,i=w,d=r,p=t,q=s,c=h,w=f,s=o
EX2:""ysjqg iapbcgq ygqqafg""->""mouse watches message"" [3] y=m,j=u,f=g
EX3:""pgabcgd gtemsdgq adsjlz eamabg""->""teacher explores around palace"" [4] t=x,e=p,l=n,z=d
EX4:""pgabcgd dgazq adsjlz baqpmg""->""teacher reads around castle"" [0] none
EX5:""ixkadz bcaqgq hgnslz xqmalz""->""wizard chases beyond island"" [3] k=z,h=b,n=y
TOTAL:22/26

VOCAB_FILL
W2:zxqbsrgdq pattern disco?ers -> LOCK ""discovers"" (candidates: discovers)

VER
CROSS:5/5 examples decrypt with final table

DECRYPT
W1: pjdpmg
 p->t
 j->u
 d->r
 p->t
 m->l
 g->e
 = turtle
W2: zxqbsrgdq
 z->d
 x->i
 q->s
 b->c
 s->o
 r->v
 g->e (W1)
 d->r (W1)
 q->s
 = discovers
W3: ejkkmg
 e->p
 j->u (W1)
 k->z
 k->z
 m->l (W1)
 g->e (W1)
 = puzzle

CHECK
W1:""turtle"" len=6Y alpha=Y vocab=Y gaps=N PASS
W2:""discovers"" len=9Y alpha=Y vocab=Y gaps=N PASS
W3:""puzzle"" len=6Y alpha=Y vocab=Y gaps=N PASS
ALL:PASS 3/3 words

ANS=turtle discovers puzzle

\boxed{turtle discovers puzzle}"
21d4018f,"In Alice's Wonderland, secret encryption rules are used on text. Here are some examples:
iqeewf xflewa eiw mqfp efwqajfw -> hatter writes the dark treasure
ejfegw lrqclbwa eiw chgmwb cqfmwb -> turtle imagines the golden garden
aejmwbe mfwqra eifhjci atihhg -> student dreams through school
rhjaw uhgghxa eiw xlaw pwk -> mouse follows the wise key
eiw rkaewflhja tqe tiqawa -> the mysterious cat chases
Now, decrypt the following text: xlvqfm uhjbm yhelhb",wizard found potion,Text Encryption,"I identify this as a letter substitution cipher. I build a mapping from the examples, verify it, then decrypt the target word by word. I use the fixed answer vocabulary when the examples do not cover every letter. I ignore the flavor-text wrapper.

LEN
TGT:""xlvqfm uhjbm yhelhb""
W1:6 W2:5 W3:6

TABLE
EX1:""iqeewf xflewa eiw mqfp efwqajfw""->""hatter writes the dark treasure"" [11] i=h,q=a,e=t,w=e,f=r,x=w,l=i,a=s,m=d,p=k,j=u
EX2:""ejfegw lrqclbwa eiw chgmwb cqfmwb""->""turtle imagines the golden garden"" [5] g=l,r=m,c=g,b=n,h=o
EX3:""aejmwbe mfwqra eifhjci atihhg""->""student dreams through school"" [1] t=c
EX4:""rhjaw uhgghxa eiw xlaw pwk""->""mouse follows the wise key"" [2] u=f,k=y
EX5:""eiw rkaewflhja tqe tiqawa""->""the mysterious cat chases"" [0] none
TOTAL:19/26

VOCAB_FILL
W1:xlvqfm pattern wi?ard -> LOCK ""wizard"" (candidates: wizard)
W3:yhelhb pattern ?otion -> LOCK ""potion"" (candidates: potion)

VER
CROSS:5/5 examples decrypt with final table

DECRYPT
W1: xlvqfm
 x->w
 l->i
 v->z
 q->a
 f->r
 m->d
 = wizard
W2: uhjbm
 u->f
 h->o
 j->u
 b->n
 m->d (W1)
 = found
W3: yhelhb
 y->p
 h->o (W2)
 e->t
 l->i (W1)
 h->o (W2)
 b->n (W2)
 = potion

CHECK
W1:""wizard"" len=6Y alpha=Y vocab=Y gaps=N PASS
W2:""found"" len=5Y alpha=Y vocab=Y gaps=N PASS
W3:""potion"" len=6Y alpha=Y vocab=Y gaps=N PASS
ALL:PASS 3/3 words

ANS=wizard found potion

\boxed{wizard found potion}"
22045c05,"In Alice's Wonderland, secret encryption rules are used on text. Here are some examples:
utlfmo ztklqkw wqmtx -> dragon creates story
anof wqiunkw ummt -> king studies door
qdk etnfdq qklzdkt kycsmtkw -> the bright teacher explores
Now, decrypt the following text: pikko vmiou akx",queen found key,Text Encryption,"I identify this as a letter substitution cipher. I build a mapping from the examples, verify it, then decrypt the target word by word. I use the fixed answer vocabulary when the examples do not cover every letter. I ignore the flavor-text wrapper.

LEN
TGT:""pikko vmiou akx""
W1:5 W2:5 W3:3

TABLE
EX1:""utlfmo ztklqkw wqmtx""->""dragon creates story"" [11] u=d,t=r,l=a,f=g,m=o,o=n,z=c,k=e,q=t,w=s,x=y
EX2:""anof wqiunkw ummt""->""king studies door"" [3] a=k,n=i,i=u
EX3:""qdk etnfdq qklzdkt kycsmtkw""->""the bright teacher explores"" [5] d=h,e=b,y=x,c=p,s=l
TOTAL:19/26

VOCAB_FILL
W1:pikko pattern ?ueen -> LOCK ""queen"" (candidates: queen)
W2:vmiou pattern ?ound -> LOCK ""found"" (candidates: found)

VER
CROSS:3/3 examples decrypt with final table

DECRYPT
W1: pikko
 p->q
 i->u
 k->e
 k->e
 o->n
 = queen
W2: vmiou
 v->f
 m->o
 i->u (W1)
 o->n (W1)
 u->d
 = found
W3: akx
 a->k
 k->e (W1)
 x->y
 = key

CHECK
W1:""queen"" len=5Y alpha=Y vocab=Y gaps=N PASS
W2:""found"" len=5Y alpha=Y vocab=Y gaps=N PASS
W3:""key"" len=3Y alpha=Y vocab=Y gaps=N PASS
ALL:PASS 3/3 words

ANS=queen found key

\boxed{queen found key}"
221798d9,"In Alice's Wonderland, secret encryption rules are used on text. Here are some examples:
ahj xawecuj mkwd jgiqlwjx -> the strange bird explores
ahj yeukveq abwaqj nwkajx -> the magical turtle writes
tbjjc neavhjx ahj yeukveq awjexbwj -> queen watches the magical treasure
Now, decrypt the following text: ahj vlqlwzbq mkwd vwjeajx",the colorful bird creates,Text Encryption,"I identify this as a letter substitution cipher. I build a mapping from the examples, verify it, then decrypt the target word by word. I use the fixed answer vocabulary when the examples do not cover every letter. I ignore the flavor-text wrapper.

LEN
TGT:""ahj vlqlwzbq mkwd vwjeajx""
W1:3 W2:8 W3:4 W4:7

TABLE
EX1:""ahj xawecuj mkwd jgiqlwjx""->""the strange bird explores"" [15] a=t,h=h,j=e,x=s,w=r,e=a,c=n,u=g,m=b,k=i,d=d,g=x,i=p,q=l,l=o
EX2:""ahj yeukveq abwaqj nwkajx""->""the magical turtle writes"" [4] y=m,v=c,b=u,n=w
EX3:""tbjjc neavhjx ahj yeukveq awjexbwj""->""queen watches the magical treasure"" [1] t=q
TOTAL:20/26

VOCAB_FILL
W2:vlqlwzbq pattern color?ul -> LOCK ""colorful"" (candidates: colorful)

VER
CROSS:3/3 examples decrypt with final table

DECRYPT
W1: ahj
 a->t
 h->h
 j->e
 = the
W2: vlqlwzbq
 v->c
 l->o
 q->l
 l->o
 w->r
 z->f
 b->u
 q->l
 = colorful
W3: mkwd
 m->b
 k->i
 w->r (W2)
 d->d
 = bird
W4: vwjeajx
 v->c (W2)
 w->r (W2)
 j->e (W1)
 e->a
 a->t (W1)
 j->e (W1)
 x->s
 = creates

CHECK
W1:""the"" len=3Y alpha=Y vocab=Y gaps=N PASS
W2:""colorful"" len=8Y alpha=Y vocab=Y gaps=N PASS
W3:""bird"" len=4Y alpha=Y vocab=Y gaps=N PASS
W4:""creates"" len=7Y alpha=Y vocab=Y gaps=N PASS
ALL:PASS 4/4 words

ANS=the colorful bird creates

\boxed{the colorful bird creates}"
22844f06,"In Alice's Wonderland, secret encryption rules are used on text. Here are some examples:
nofnij xfjgnjd mbfjdn -> turtle creates forest
nofnij mbose ntj qwdj vwffbf -> turtle found the wise mirror
lwsp wvgpwsjd ntj vgpwxgi vwffbf -> king imagines the magical mirror
Now, decrypt the following text: qwugfe mbose vwffbf",wizard found mirror,Text Encryption,"I identify this as a letter substitution cipher. I build a mapping from the examples, verify it, then decrypt the target word by word. I use the fixed answer vocabulary when the examples do not cover every letter. I ignore the flavor-text wrapper.

LEN
TGT:""qwugfe mbose vwffbf""
W1:6 W2:5 W3:6

TABLE
EX1:""nofnij xfjgnjd mbfjdn""->""turtle creates forest"" [10] n=t,o=u,f=r,i=l,j=e,x=c,g=a,d=s,m=f,b=o
EX2:""nofnij mbose ntj qwdj vwffbf""->""turtle found the wise mirror"" [6] s=n,e=d,t=h,q=w,w=i,v=m
EX3:""lwsp wvgpwsjd ntj vgpwxgi vwffbf""->""king imagines the magical mirror"" [2] l=k,p=g
TOTAL:18/26

VOCAB_FILL
W1:qwugfe pattern wi?ard -> LOCK ""wizard"" (candidates: wizard)

VER
CROSS:3/3 examples decrypt with final table

DECRYPT
W1: qwugfe
 q->w
 w->i
 u->z
 g->a
 f->r
 e->d
 = wizard
W2: mbose
 m->f
 b->o
 o->u
 s->n
 e->d (W1)
 = found
W3: vwffbf
 v->m
 w->i (W1)
 f->r (W1)
 f->r (W1)
 b->o (W2)
 f->r (W1)
 = mirror

CHECK
W1:""wizard"" len=6Y alpha=Y vocab=Y gaps=N PASS
W2:""found"" len=5Y alpha=Y vocab=Y gaps=N PASS
W3:""mirror"" len=6Y alpha=Y vocab=Y gaps=N PASS
ALL:PASS 3/3 words

ANS=wizard found mirror

\boxed{wizard found mirror}"
2293bcf7,"In Alice's Wonderland, secret encryption rules are used on text. Here are some examples:
xzuxnj hqzcl hqujmx -> turtle found forest
gndwj hqzcl guqzcl wgij -> alice found around cave
xej wzudqzm fzjjc hqnnqom -> the curious queen follows
Now, decrypt the following text: rqzmj wujgxjm zclju xqoju",mouse creates under tower,Text Encryption,"I identify this as a letter substitution cipher. I build a mapping from the examples, verify it, then decrypt the target word by word. I use the fixed answer vocabulary when the examples do not cover every letter. I ignore the flavor-text wrapper.

LEN
TGT:""rqzmj wujgxjm zclju xqoju""
W1:5 W2:7 W3:5 W4:5

TABLE
EX1:""xzuxnj hqzcl hqujmx""->""turtle found forest"" [10] x=t,z=u,u=r,n=l,j=e,h=f,q=o,c=n,l=d,m=s
EX2:""gndwj hqzcl guqzcl wgij""->""alice found around cave"" [4] g=a,d=i,w=c,i=v
EX3:""xej wzudqzm fzjjc hqnnqom""->""the curious queen follows"" [3] e=h,f=q,o=w
TOTAL:17/26

VOCAB_FILL
W1:rqzmj pattern ?ouse -> LOCK ""mouse"" (candidates: mouse)

VER
CROSS:3/3 examples decrypt with final table

DECRYPT
W1: rqzmj
 r->m
 q->o
 z->u
 m->s
 j->e
 = mouse
W2: wujgxjm
 w->c
 u->r
 j->e (W1)
 g->a
 x->t
 j->e (W1)
 m->s (W1)
 = creates
W3: zclju
 z->u (W1)
 c->n
 l->d
 j->e (W1)
 u->r (W2)
 = under
W4: xqoju
 x->t (W2)
 q->o (W1)
 o->w
 j->e (W1)
 u->r (W2)
 = tower

CHECK
W1:""mouse"" len=5Y alpha=Y vocab=Y gaps=N PASS
W2:""creates"" len=7Y alpha=Y vocab=Y gaps=N PASS
W3:""under"" len=5Y alpha=Y vocab=Y gaps=N PASS
W4:""tower"" len=5Y alpha=Y vocab=Y gaps=N PASS
ALL:PASS 4/4 words

ANS=mouse creates under tower

\boxed{mouse creates under tower}"
22d94427,"In Alice's Wonderland, secret encryption rules are used on text. Here are some examples:
qxjdacbb sreaucb axgberk -> princess watches crystal
sjyrxo znkknsb axgberk -> wizard follows crystal
hnfbc axcrecb trxocd -> mouse creates garden
Now, decrypt the following text: xrvvje jhrtjdcb onnx",rabbit imagines door,Text Encryption,"I identify this as a letter substitution cipher. I build a mapping from the examples, verify it, then decrypt the target word by word. I use the fixed answer vocabulary when the examples do not cover every letter. I ignore the flavor-text wrapper.

LEN
TGT:""xrvvje jhrtjdcb onnx""
W1:6 W2:8 W3:4

TABLE
EX1:""qxjdacbb sreaucb axgberk""->""princess watches crystal"" [13] q=p,x=r,j=i,d=n,a=c,c=e,b=s,s=w,r=a,e=t,u=h,g=y,k=l
EX2:""sjyrxo znkknsb axgberk""->""wizard follows crystal"" [4] y=z,o=d,z=f,n=o
EX3:""hnfbc axcrecb trxocd""->""mouse creates garden"" [3] h=m,f=u,t=g
TOTAL:20/26

VOCAB_FILL
W1:xrvvje pattern ra??it -> LOCK ""rabbit"" (candidates: rabbit)

VER
CROSS:3/3 examples decrypt with final table

DECRYPT
W1: xrvvje
 x->r
 r->a
 v->b
 v->b
 j->i
 e->t
 = rabbit
W2: jhrtjdcb
 j->i (W1)
 h->m
 r->a (W1)
 t->g
 j->i (W1)
 d->n
 c->e
 b->s
 = imagines
W3: onnx
 o->d
 n->o
 n->o
 x->r (W1)
 = door

CHECK
W1:""rabbit"" len=6Y alpha=Y vocab=Y gaps=N PASS
W2:""imagines"" len=8Y alpha=Y vocab=Y gaps=N PASS
W3:""door"" len=4Y alpha=Y vocab=Y gaps=N PASS
ALL:PASS 3/3 words

ANS=rabbit imagines door

\boxed{rabbit imagines door}"
231a83b6,"In Alice's Wonderland, secret encryption rules are used on text. Here are some examples:
nzfasze clwamqzew nsz slcczx pmnlmx -> teacher discovers the hidden potion
pelxazww cefyw nsz ylwz aeownfk -> princess draws the wise crystal
gmjwz cezfgw jxcze umezwn -> mouse dreams under forest
nsz amkmeujk wnjczxn aezfnzw -> the colorful student creates
Now, decrypt the following text: hjzzx yfnaszw jxcze mazfx",queen watches under ocean,Text Encryption,"I identify this as a letter substitution cipher. I build a mapping from the examples, verify it, then decrypt the target word by word. I use the fixed answer vocabulary when the examples do not cover every letter. I ignore the flavor-text wrapper.

LEN
TGT:""hjzzx yfnaszw jxcze mazfx""
W1:5 W2:7 W3:5 W4:5

TABLE
EX1:""nzfasze clwamqzew nsz slcczx pmnlmx""->""teacher discovers the hidden potion"" [13] n=t,z=e,f=a,a=c,s=h,e=r,c=d,l=i,w=s,m=o,q=v,x=n,p=p
EX2:""pelxazww cefyw nsz ylwz aeownfk""->""princess draws the wise crystal"" [3] y=w,o=y,k=l
EX3:""gmjwz cezfgw jxcze umezwn""->""mouse dreams under forest"" [3] g=m,j=u,u=f
EX4:""nsz amkmeujk wnjczxn aezfnzw""->""the colorful student creates"" [0] none
TOTAL:19/26

VOCAB_FILL
W1:hjzzx pattern ?ueen -> LOCK ""queen"" (candidates: queen)

VER
CROSS:4/4 examples decrypt with final table

DECRYPT
W1: hjzzx
 h->q
 j->u
 z->e
 z->e
 x->n
 = queen
W2: yfnaszw
 y->w
 f->a
 n->t
 a->c
 s->h
 z->e (W1)
 w->s
 = watches
W3: jxcze
 j->u (W1)
 x->n (W1)
 c->d
 z->e (W1)
 e->r
 = under
W4: mazfx
 m->o
 a->c (W2)
 z->e (W1)
 f->a (W2)
 x->n (W1)
 = ocean

CHECK
W1:""queen"" len=5Y alpha=Y vocab=Y gaps=N PASS
W2:""watches"" len=7Y alpha=Y vocab=Y gaps=N PASS
W3:""under"" len=5Y alpha=Y vocab=Y gaps=N PASS
W4:""ocean"" len=5Y alpha=Y vocab=Y gaps=N PASS
ALL:PASS 4/4 words

ANS=queen watches under ocean

\boxed{queen watches under ocean}"
23b839d8,"In Alice's Wonderland, secret encryption rules are used on text. Here are some examples:
dzhitez nphei zat xpbpmnhb dzpmf -> student found the colorful story
xqz nphei ke pxtqe -> cat found in ocean
qbkxt ikdxpjtmd xmfdzqb -> alice discovers crystal
Now, decrypt the following text: dzhitez xaqdtd zat xhmkphd uppo",student chases the curious book,Text Encryption,"I identify this as a letter substitution cipher. I build a mapping from the examples, verify it, then decrypt the target word by word. I use the fixed answer vocabulary when the examples do not cover every letter. I ignore the flavor-text wrapper.

LEN
TGT:""dzhitez xaqdtd zat xhmkphd uppo""
W1:7 W2:6 W3:3 W4:7 W5:4

TABLE
EX1:""dzhitez nphei zat xpbpmnhb dzpmf""->""student found the colorful story"" [13] d=s,z=t,h=u,i=d,t=e,e=n,n=f,p=o,a=h,x=c,b=l,m=r,f=y
EX2:""xqz nphei ke pxtqe""->""cat found in ocean"" [2] q=a,k=i
EX3:""qbkxt ikdxpjtmd xmfdzqb""->""alice discovers crystal"" [1] j=v
TOTAL:16/26

VOCAB_FILL
W5:uppo pattern ?oo? -> LOCK ""book"" (candidates: book,door)

VER
CROSS:3/3 examples decrypt with final table

DECRYPT
W1: dzhitez
 d->s
 z->t
 h->u
 i->d
 t->e
 e->n
 z->t
 = student
W2: xaqdtd
 x->c
 a->h
 q->a
 d->s (W1)
 t->e (W1)
 d->s (W1)
 = chases
W3: zat
 z->t (W1)
 a->h (W2)
 t->e (W1)
 = the
W4: xhmkphd
 x->c (W2)
 h->u (W1)
 m->r
 k->i
 p->o
 h->u (W1)
 d->s (W1)
 = curious
W5: uppo
 u->b
 p->o (W4)
 p->o (W4)
 o->k
 = book

CHECK
W1:""student"" len=7Y alpha=Y vocab=Y gaps=N PASS
W2:""chases"" len=6Y alpha=Y vocab=Y gaps=N PASS
W3:""the"" len=3Y alpha=Y vocab=Y gaps=N PASS
W4:""curious"" len=7Y alpha=Y vocab=Y gaps=N PASS
W5:""book"" len=4Y alpha=Y vocab=Y gaps=N PASS
ALL:PASS 5/5 words

ANS=student chases the curious book

\boxed{student chases the curious book}"
23d9e764,"In Alice's Wonderland, secret encryption rules are used on text. Here are some examples:
ljmkhu bmpqdnr agwwen -> dragon watches puzzle
ajvuqnrr qjnmpnr snx -> princess creates key
svuk zheehbr rphjx -> king follows story
Now, decrypt the following text: rpglnup qjnmpnr vu yveemkn",student creates in village,Text Encryption,"I identify this as a letter substitution cipher. I build a mapping from the examples, verify it, then decrypt the target word by word. I use the fixed answer vocabulary when the examples do not cover every letter. I ignore the flavor-text wrapper.

LEN
TGT:""rpglnup qjnmpnr vu yveemkn""
W1:7 W2:7 W3:2 W4:7

TABLE
EX1:""ljmkhu bmpqdnr agwwen""->""dragon watches puzzle"" [16] l=d,j=r,m=a,k=g,h=o,u=n,b=w,p=t,q=c,d=h,n=e,r=s,a=p,g=u,w=z,e=l
EX2:""ajvuqnrr qjnmpnr snx""->""princess creates key"" [3] v=i,s=k,x=y
EX3:""svuk zheehbr rphjx""->""king follows story"" [1] z=f
TOTAL:20/26

VOCAB_FILL
W4:yveemkn pattern ?illage -> LOCK ""village"" (candidates: village)

VER
CROSS:3/3 examples decrypt with final table

DECRYPT
W1: rpglnup
 r->s
 p->t
 g->u
 l->d
 n->e
 u->n
 p->t
 = student
W2: qjnmpnr
 q->c
 j->r
 n->e (W1)
 m->a
 p->t (W1)
 n->e (W1)
 r->s (W1)
 = creates
W3: vu
 v->i
 u->n (W1)
 = in
W4: yveemkn
 y->v
 v->i (W3)
 e->l
 e->l
 m->a (W2)
 k->g
 n->e (W1)
 = village

CHECK
W1:""student"" len=7Y alpha=Y vocab=Y gaps=N PASS
W2:""creates"" len=7Y alpha=Y vocab=Y gaps=N PASS
W3:""in"" len=2Y alpha=Y vocab=Y gaps=N PASS
W4:""village"" len=7Y alpha=Y vocab=Y gaps=N PASS
ALL:PASS 4/4 words

ANS=student creates in village

\boxed{student creates in village}"
23eca41d,"In Alice's Wonderland, secret encryption rules are used on text. Here are some examples:
osxdbh ebwdtwp lwdb fsvvdkw -> wizard creates near village
udttwb srdkslwp tuw ejvjbngv njbwpt -> hatter imagines the colorful forest
qlskut odteuwp lwdb idvdew -> knight watches near palace
ibslewpp srdkslwp ptjby -> princess imagines story
Now, decrypt the following text: zgwwl njglh qwy",queen found key,Text Encryption,"I identify this as a letter substitution cipher. I build a mapping from the examples, verify it, then decrypt the target word by word. I use the fixed answer vocabulary when the examples do not cover every letter. I ignore the flavor-text wrapper.

LEN
TGT:""zgwwl njglh qwy""
W1:5 W2:5 W3:3

TABLE
EX1:""osxdbh ebwdtwp lwdb fsvvdkw""->""wizard creates near village"" [14] o=w,s=i,x=z,d=a,b=r,h=d,e=c,w=e,t=t,p=s,l=n,f=v,v=l,k=g
EX2:""udttwb srdkslwp tuw ejvjbngv njbwpt""->""hatter imagines the colorful forest"" [5] u=h,r=m,j=o,n=f,g=u
EX3:""qlskut odteuwp lwdb idvdew""->""knight watches near palace"" [2] q=k,i=p
EX4:""ibslewpp srdkslwp ptjby""->""princess imagines story"" [1] y=y
TOTAL:22/26

VOCAB_FILL
W1:zgwwl pattern ?ueen -> LOCK ""queen"" (candidates: queen)

VER
CROSS:4/4 examples decrypt with final table

DECRYPT
W1: zgwwl
 z->q
 g->u
 w->e
 w->e
 l->n
 = queen
W2: njglh
 n->f
 j->o
 g->u (W1)
 l->n (W1)
 h->d
 = found
W3: qwy
 q->k
 w->e (W1)
 y->y
 = key

CHECK
W1:""queen"" len=5Y alpha=Y vocab=Y gaps=N PASS
W2:""found"" len=5Y alpha=Y vocab=Y gaps=N PASS
W3:""key"" len=3Y alpha=Y vocab=Y gaps=N PASS
ALL:PASS 3/3 words

ANS=queen found key

\boxed{queen found key}"
2411f83a,"In Alice's Wonderland, secret encryption rules are used on text. Here are some examples:
vquurh gvrhxt uxfcza wcmzhqrz -> rabbit writes beyond mountain
ivrzjxtt vxqat rz iqdqjx -> princess reads in palace
hnx trdexv thmaxzh gqhjnxt -> the silver student watches
hnx uvrlnh urva jnqtxt -> the bright bird chases
Now, decrypt the following text: grpqva xoidcvxt uccy",wizard explores book,Text Encryption,"I identify this as a letter substitution cipher. I build a mapping from the examples, verify it, then decrypt the target word by word. I use the fixed answer vocabulary when the examples do not cover every letter. I ignore the flavor-text wrapper.

LEN
TGT:""grpqva xoidcvxt uccy""
W1:6 W2:8 W3:4

TABLE
EX1:""vquurh gvrhxt uxfcza wcmzhqrz""->""rabbit writes beyond mountain"" [14] v=r,q=a,u=b,r=i,h=t,g=w,x=e,t=s,f=y,c=o,z=n,a=d,w=m,m=u
EX2:""ivrzjxtt vxqat rz iqdqjx""->""princess reads in palace"" [3] i=p,j=c,d=l
EX3:""hnx trdexv thmaxzh gqhjnxt""->""the silver student watches"" [2] n=h,e=v
EX4:""hnx uvrlnh urva jnqtxt""->""the bright bird chases"" [1] l=g
TOTAL:20/26

VOCAB_FILL
W1:grpqva pattern wi?ard -> LOCK ""wizard"" (candidates: wizard)
W2:xoidcvxt pattern e?plores -> LOCK ""explores"" (candidates: explores)
W3:uccy pattern boo? -> LOCK ""book"" (candidates: book)

VER
CROSS:4/4 examples decrypt with final table

DECRYPT
W1: grpqva
 g->w
 r->i
 p->z
 q->a
 v->r
 a->d
 = wizard
W2: xoidcvxt
 x->e
 o->x
 i->p
 d->l
 c->o
 v->r (W1)
 x->e
 t->s
 = explores
W3: uccy
 u->b
 c->o (W2)
 c->o (W2)
 y->k
 = book

CHECK
W1:""wizard"" len=6Y alpha=Y vocab=Y gaps=N PASS
W2:""explores"" len=8Y alpha=Y vocab=Y gaps=N PASS
W3:""book"" len=4Y alpha=Y vocab=Y gaps=N PASS
ALL:PASS 3/3 words

ANS=wizard explores book

\boxed{wizard explores book}"
24419159,"In Alice's Wonderland, secret encryption rules are used on text. Here are some examples:
kmbqowm ztlpzwok mao ybrzsbk yrgkmlv -> student imagines the curious crystal
mao azqqow fwzpam oexvsrok -> the hidden knight explores
mbrmvo irzmok lrsbwq ylco -> turtle writes around cave
fwzpam ilmyaok plrqow -> knight watches garden
dboow rolqk mao azqqow plrqow -> queen reads the hidden garden
Now, decrypt the following text: fzwp yalkok mao azqqow xbhhvo",king chases the hidden puzzle,Text Encryption,"I identify this as a letter substitution cipher. I build a mapping from the examples, verify it, then decrypt the target word by word. I use the fixed answer vocabulary when the examples do not cover every letter. I ignore the flavor-text wrapper.

LEN
TGT:""fzwp yalkok mao azqqow xbhhvo""
W1:4 W2:6 W3:3 W4:6 W5:6

TABLE
EX1:""kmbqowm ztlpzwok mao ybrzsbk yrgkmlv""->""student imagines the curious crystal"" [16] k=s,m=t,b=u,q=d,o=e,w=n,z=i,t=m,l=a,p=g,a=h,y=c,r=r,s=o,g=y,v=l
EX2:""mao azqqow fwzpam oexvsrok""->""the hidden knight explores"" [3] f=k,e=x,x=p
EX3:""mbrmvo irzmok lrsbwq ylco""->""turtle writes around cave"" [2] i=w,c=v
EX4:""fwzpam ilmyaok plrqow""->""knight watches garden"" [0] none
EX5:""dboow rolqk mao azqqow plrqow""->""queen reads the hidden garden"" [1] d=q
TOTAL:22/26

VOCAB_FILL
W5:xbhhvo pattern pu??le -> LOCK ""puzzle"" (candidates: puzzle)

VER
CROSS:5/5 examples decrypt with final table

DECRYPT
W1: fzwp
 f->k
 z->i
 w->n
 p->g
 = king
W2: yalkok
 y->c
 a->h
 l->a
 k->s
 o->e
 k->s
 = chases
W3: mao
 m->t
 a->h (W2)
 o->e (W2)
 = the
W4: azqqow
 a->h (W2)
 z->i (W1)
 q->d
 q->d
 o->e (W2)
 w->n (W1)
 = hidden
W5: xbhhvo
 x->p
 b->u
 h->z
 h->z
 v->l
 o->e (W2)
 = puzzle

CHECK
W1:""king"" len=4Y alpha=Y vocab=Y gaps=N PASS
W2:""chases"" len=6Y alpha=Y vocab=Y gaps=N PASS
W3:""the"" len=3Y alpha=Y vocab=Y gaps=N PASS
W4:""hidden"" len=6Y alpha=Y vocab=Y gaps=N PASS
W5:""puzzle"" len=6Y alpha=Y vocab=Y gaps=N PASS
ALL:PASS 5/5 words

ANS=king chases the hidden puzzle

\boxed{king chases the hidden puzzle}"
248cb850,"In Alice's Wonderland, secret encryption rules are used on text. Here are some examples:
stijebgg wtbokg uab gidpbt guztf -> princess dreams the silver story
urtudb ntiubg otzrjw nzjwbtdojw -> turtle writes around wonderland
toyyiu wtbokg jbot eogudb -> rabbit dreams near castle
kzrgb mzrjw uab gidpbt yzzc -> mouse found the silver book
wtoxzj gbbg yzzc -> dragon sees book
Now, decrypt the following text: uab ertizrg gurwbju gbbg",the curious student sees,Text Encryption,"I identify this as a letter substitution cipher. I build a mapping from the examples, verify it, then decrypt the target word by word. I use the fixed answer vocabulary when the examples do not cover every letter. I ignore the flavor-text wrapper.

LEN
TGT:""uab ertizrg gurwbju gbbg""
W1:3 W2:7 W3:7 W4:4

TABLE
EX1:""stijebgg wtbokg uab gidpbt guztf""->""princess dreams the silver story"" [16] s=p,t=r,i=i,j=n,e=c,b=e,g=s,w=d,o=a,k=m,u=t,a=h,d=l,p=v,z=o,f=y
EX2:""urtudb ntiubg otzrjw nzjwbtdojw""->""turtle writes around wonderland"" [2] r=u,n=w
EX3:""toyyiu wtbokg jbot eogudb""->""rabbit dreams near castle"" [1] y=b
EX4:""kzrgb mzrjw uab gidpbt yzzc""->""mouse found the silver book"" [2] m=f,c=k
EX5:""wtoxzj gbbg yzzc""->""dragon sees book"" [1] x=g
TOTAL:22/26

VOCAB_FILL
(no gaps; examples covered all target letters)

VER
CROSS:5/5 examples decrypt with final table

DECRYPT
W1: uab
 u->t
 a->h
 b->e
 = the
W2: ertizrg
 e->c
 r->u
 t->r
 i->i
 z->o
 r->u
 g->s
 = curious
W3: gurwbju
 g->s (W2)
 u->t (W1)
 r->u (W2)
 w->d
 b->e (W1)
 j->n
 u->t (W1)
 = student
W4: gbbg
 g->s (W2)
 b->e (W1)
 b->e (W1)
 g->s (W2)
 = sees

CHECK
W1:""the"" len=3Y alpha=Y vocab=Y gaps=N PASS
W2:""curious"" len=7Y alpha=Y vocab=Y gaps=N PASS
W3:""student"" len=7Y alpha=Y vocab=Y gaps=N PASS
W4:""sees"" len=4Y alpha=Y vocab=Y gaps=N PASS
ALL:PASS 4/4 words

ANS=the curious student sees

\boxed{the curious student sees}"
249b5a58,"In Alice's Wonderland, secret encryption rules are used on text. Here are some examples:
gijmzui mhgelnzcg ibz ejchljg iczsgjcz -> student discovers the curious treasure
bsiizc gijmhzg iczsgjcz -> hatter studies treasure
ibz gzeczi achuezgg tsiebzg -> the secret princess watches
ibz suehzui csqqhi xlkkltg -> the ancient rabbit follows
rhuv xlkkltg gzeczi -> king follows secret
Now, decrypt the following text: ruhvbi hosvhuzg ibz vlkmzu ecwgisk",knight imagines the golden crystal,Text Encryption,"I identify this as a letter substitution cipher. I build a mapping from the examples, verify it, then decrypt the target word by word. I use the fixed answer vocabulary when the examples do not cover every letter. I ignore the flavor-text wrapper.

LEN
TGT:""ruhvbi hosvhuzg ibz vlkmzu ecwgisk""
W1:6 W2:8 W3:3 W4:6 W5:7

TABLE
EX1:""gijmzui mhgelnzcg ibz ejchljg iczsgjcz""->""student discovers the curious treasure"" [13] g=s,i=t,j=u,m=d,z=e,u=n,h=i,e=c,l=o,n=v,c=r,b=h,s=a
EX2:""bsiizc gijmhzg iczsgjcz""->""hatter studies treasure"" [0] none
EX3:""ibz gzeczi achuezgg tsiebzg""->""the secret princess watches"" [2] a=p,t=w
EX4:""ibz suehzui csqqhi xlkkltg""->""the ancient rabbit follows"" [3] q=b,x=f,k=l
EX5:""rhuv xlkkltg gzeczi""->""king follows secret"" [2] r=k,v=g
TOTAL:20/26

VOCAB_FILL
W2:hosvhuzg pattern i?agines -> LOCK ""imagines"" (candidates: imagines)
W5:ecwgisk pattern cr?stal -> LOCK ""crystal"" (candidates: crystal)

VER
CROSS:5/5 examples decrypt with final table

DECRYPT
W1: ruhvbi
 r->k
 u->n
 h->i
 v->g
 b->h
 i->t
 = knight
W2: hosvhuzg
 h->i (W1)
 o->m
 s->a
 v->g (W1)
 h->i (W1)
 u->n (W1)
 z->e
 g->s
 = imagines
W3: ibz
 i->t (W1)
 b->h (W1)
 z->e (W2)
 = the
W4: vlkmzu
 v->g (W1)
 l->o
 k->l
 m->d
 z->e (W2)
 u->n (W1)
 = golden
W5: ecwgisk
 e->c
 c->r
 w->y
 g->s (W2)
 i->t (W1)
 s->a (W2)
 k->l (W4)
 = crystal

CHECK
W1:""knight"" len=6Y alpha=Y vocab=Y gaps=N PASS
W2:""imagines"" len=8Y alpha=Y vocab=Y gaps=N PASS
W3:""the"" len=3Y alpha=Y vocab=Y gaps=N PASS
W4:""golden"" len=6Y alpha=Y vocab=Y gaps=N PASS
W5:""crystal"" len=7Y alpha=Y vocab=Y gaps=N PASS
ALL:PASS 5/5 words

ANS=knight imagines the golden crystal

\boxed{knight imagines the golden crystal}"
249ec418,"In Alice's Wonderland, secret encryption rules are used on text. Here are some examples:
rvl qtvxqbgj lng jqwcgm lmgvjomg -> cat imagines the silver treasure
nvllgm mgvuj hoffwg -> hatter reads puzzle
vwqrg umgvtj rmdjlvw -> alice dreams crystal
Now, decrypt the following text: lng iqjg lgvrngm mgvuj",the wise teacher reads,Text Encryption,"I identify this as a letter substitution cipher. I build a mapping from the examples, verify it, then decrypt the target word by word. I use the fixed answer vocabulary when the examples do not cover every letter. I ignore the flavor-text wrapper.

LEN
TGT:""lng iqjg lgvrngm mgvuj""
W1:3 W2:4 W3:7 W4:5

TABLE
EX1:""rvl qtvxqbgj lng jqwcgm lmgvjomg""->""cat imagines the silver treasure"" [14] r=c,v=a,l=t,q=i,t=m,x=g,b=n,g=e,j=s,n=h,w=l,c=v,m=r,o=u
EX2:""nvllgm mgvuj hoffwg""->""hatter reads puzzle"" [3] u=d,h=p,f=z
EX3:""vwqrg umgvtj rmdjlvw""->""alice dreams crystal"" [1] d=y
TOTAL:18/26

VOCAB_FILL
W2:iqjg pattern ?ise -> LOCK ""wise"" (candidates: wise)

VER
CROSS:3/3 examples decrypt with final table

DECRYPT
W1: lng
 l->t
 n->h
 g->e
 = the
W2: iqjg
 i->w
 q->i
 j->s
 g->e (W1)
 = wise
W3: lgvrngm
 l->t (W1)
 g->e (W1)
 v->a
 r->c
 n->h (W1)
 g->e (W1)
 m->r
 = teacher
W4: mgvuj
 m->r (W3)
 g->e (W1)
 v->a (W3)
 u->d
 j->s (W2)
 = reads

CHECK
W1:""the"" len=3Y alpha=Y vocab=Y gaps=N PASS
W2:""wise"" len=4Y alpha=Y vocab=Y gaps=N PASS
W3:""teacher"" len=7Y alpha=Y vocab=Y gaps=N PASS
W4:""reads"" len=5Y alpha=Y vocab=Y gaps=N PASS
ALL:PASS 4/4 words

ANS=the wise teacher reads

\boxed{the wise teacher reads}"
24d5d3da,"In Alice's Wonderland, secret encryption rules are used on text. Here are some examples:
fuq lcqpqm kjyimg kifluqr -> the clever wizard watches
ozarq gmqior rqlmqf -> mouse dreams secret
middjf gmikr vqim nimgqv -> rabbit draws near garden
saqqv rfagjqr fuq dmjnuf tzmqrf -> queen studies the bright forest
Now, decrypt the following text: fqiluqm gmqior fuq dmjnuf eayycq",teacher dreams the bright puzzle,Text Encryption,"I identify this as a letter substitution cipher. I build a mapping from the examples, verify it, then decrypt the target word by word. I use the fixed answer vocabulary when the examples do not cover every letter. I ignore the flavor-text wrapper.

LEN
TGT:""fqiluqm gmqior fuq dmjnuf eayycq""
W1:7 W2:6 W3:3 W4:6 W5:6

TABLE
EX1:""fuq lcqpqm kjyimg kifluqr""->""the clever wizard watches"" [13] f=t,u=h,q=e,l=c,c=l,p=v,m=r,k=w,j=i,y=z,i=a,g=d,r=s
EX2:""ozarq gmqior rqlmqf""->""mouse dreams secret"" [3] o=m,z=o,a=u
EX3:""middjf gmikr vqim nimgqv""->""rabbit draws near garden"" [3] d=b,v=n,n=g
EX4:""saqqv rfagjqr fuq dmjnuf tzmqrf""->""queen studies the bright forest"" [2] s=q,t=f
TOTAL:21/26

VOCAB_FILL
W5:eayycq pattern ?uzzle -> LOCK ""puzzle"" (candidates: puzzle)

VER
CROSS:4/4 examples decrypt with final table

DECRYPT
W1: fqiluqm
 f->t
 q->e
 i->a
 l->c
 u->h
 q->e
 m->r
 = teacher
W2: gmqior
 g->d
 m->r (W1)
 q->e (W1)
 i->a (W1)
 o->m
 r->s
 = dreams
W3: fuq
 f->t (W1)
 u->h (W1)
 q->e (W1)
 = the
W4: dmjnuf
 d->b
 m->r (W1)
 j->i
 n->g
 u->h (W1)
 f->t (W1)
 = bright
W5: eayycq
 e->p
 a->u
 y->z
 y->z
 c->l
 q->e (W1)
 = puzzle

CHECK
W1:""teacher"" len=7Y alpha=Y vocab=Y gaps=N PASS
W2:""dreams"" len=6Y alpha=Y vocab=Y gaps=N PASS
W3:""the"" len=3Y alpha=Y vocab=Y gaps=N PASS
W4:""bright"" len=6Y alpha=Y vocab=Y gaps=N PASS
W5:""puzzle"" len=6Y alpha=Y vocab=Y gaps=N PASS
ALL:PASS 5/5 words

ANS=teacher dreams the bright puzzle

\boxed{teacher dreams the bright puzzle}"
2506adc3,"In Alice's Wonderland, secret encryption rules are used on text. Here are some examples:
webx frnlyl fbolint -> bird chases crystal
gbesfyll frnlyl iry fatabdpt fnlity -> princess chases the colorful castle
iry unmefnt lipxysi xbynul -> the magical student dreams
csemri xbynul synb gntnfy -> knight dreams near palace
Now, decrypt the following text: lipxysi eunmesyl fbolint",student imagines crystal,Text Encryption,"I identify this as a letter substitution cipher. I build a mapping from the examples, verify it, then decrypt the target word by word. I use the fixed answer vocabulary when the examples do not cover every letter. I ignore the flavor-text wrapper.

LEN
TGT:""lipxysi eunmesyl fbolint""
W1:7 W2:8 W3:7

TABLE
EX1:""webx frnlyl fbolint""->""bird chases crystal"" [12] w=b,e=i,b=r,x=d,f=c,r=h,n=a,l=s,y=e,o=y,i=t,t=l
EX2:""gbesfyll frnlyl iry fatabdpt fnlity""->""princess chases the colorful castle"" [5] g=p,s=n,a=o,d=f,p=u
EX3:""iry unmefnt lipxysi xbynul""->""the magical student dreams"" [2] u=m,m=g
EX4:""csemri xbynul synb gntnfy""->""knight dreams near palace"" [1] c=k
TOTAL:20/26

VOCAB_FILL
(no gaps; examples covered all target letters)

VER
CROSS:4/4 examples decrypt with final table

DECRYPT
W1: lipxysi
 l->s
 i->t
 p->u
 x->d
 y->e
 s->n
 i->t
 = student
W2: eunmesyl
 e->i
 u->m
 n->a
 m->g
 e->i
 s->n (W1)
 y->e (W1)
 l->s (W1)
 = imagines
W3: fbolint
 f->c
 b->r
 o->y
 l->s (W1)
 i->t (W1)
 n->a (W2)
 t->l
 = crystal

CHECK
W1:""student"" len=7Y alpha=Y vocab=Y gaps=N PASS
W2:""imagines"" len=8Y alpha=Y vocab=Y gaps=N PASS
W3:""crystal"" len=7Y alpha=Y vocab=Y gaps=N PASS
ALL:PASS 3/3 words

ANS=student imagines crystal

\boxed{student imagines crystal}"
25259b91,"In Alice's Wonderland, secret encryption rules are used on text. Here are some examples:
vyuufd qmbhp kyjunf -> hatter found castle
iahe qmnnmtj jumdz -> king follows story
vyuufd pdytj uvf pydi wmuamh -> hatter draws the dark potion
wdahkfjj jubpafj uvf janrfd eydpfh -> princess studies the silver garden
uvf vappfh vyuufd jubpafj -> the hidden hatter studies
Now, decrypt the following text: uvf tajf wdahkfjj kvyjfj",the wise princess chases,Text Encryption,"I identify this as a letter substitution cipher. I build a mapping from the examples, verify it, then decrypt the target word by word. I use the fixed answer vocabulary when the examples do not cover every letter. I ignore the flavor-text wrapper.

LEN
TGT:""uvf tajf wdahkfjj kvyjfj""
W1:3 W2:4 W3:8 W4:6

TABLE
EX1:""vyuufd qmbhp kyjunf""->""hatter found castle"" [13] v=h,y=a,u=t,f=e,d=r,q=f,m=o,b=u,h=n,p=d,k=c,j=s,n=l
EX2:""iahe qmnnmtj jumdz""->""king follows story"" [5] i=k,a=i,e=g,t=w,z=y
EX3:""vyuufd pdytj uvf pydi wmuamh""->""hatter draws the dark potion"" [1] w=p
EX4:""wdahkfjj jubpafj uvf janrfd eydpfh""->""princess studies the silver garden"" [1] r=v
EX5:""uvf vappfh vyuufd jubpafj""->""the hidden hatter studies"" [0] none
TOTAL:20/26

VOCAB_FILL
(no gaps; examples covered all target letters)

VER
CROSS:5/5 examples decrypt with final table

DECRYPT
W1: uvf
 u->t
 v->h
 f->e
 = the
W2: tajf
 t->w
 a->i
 j->s
 f->e (W1)
 = wise
W3: wdahkfjj
 w->p
 d->r
 a->i (W2)
 h->n
 k->c
 f->e (W1)
 j->s (W2)
 j->s (W2)
 = princess
W4: kvyjfj
 k->c (W3)
 v->h (W1)
 y->a
 j->s (W2)
 f->e (W1)
 j->s (W2)
 = chases

CHECK
W1:""the"" len=3Y alpha=Y vocab=Y gaps=N PASS
W2:""wise"" len=4Y alpha=Y vocab=Y gaps=N PASS
W3:""princess"" len=8Y alpha=Y vocab=Y gaps=N PASS
W4:""chases"" len=6Y alpha=Y vocab=Y gaps=N PASS
ALL:PASS 4/4 words

ANS=the wise princess chases

\boxed{the wise princess chases}"
254f9885,"In Alice's Wonderland, secret encryption rules are used on text. Here are some examples:
fummbk xknmbt mfb huenzuo yavvob -> hatter writes the magical puzzle
yknqzbtt blyockbt qbuk ntouqj -> princess explores near island
yknqzbtt tbbt mfb zakncat yavvob -> princess sees the curious puzzle
gnkj dcaqj mkbutakb -> bird found treasure
makmob kbujt ugcrb ruoobw -> turtle reads above valley
Now, decrypt the following text: mfb tbzkbm mbuzfbk tbbt",the secret teacher sees,Text Encryption,"I identify this as a letter substitution cipher. I build a mapping from the examples, verify it, then decrypt the target word by word. I use the fixed answer vocabulary when the examples do not cover every letter. I ignore the flavor-text wrapper.

LEN
TGT:""mfb tbzkbm mbuzfbk tbbt""
W1:3 W2:6 W3:7 W4:4

TABLE
EX1:""fummbk xknmbt mfb huenzuo yavvob""->""hatter writes the magical puzzle"" [15] f=h,u=a,m=t,b=e,k=r,x=w,n=i,t=s,h=m,e=g,z=c,o=l,y=p,a=u,v=z
EX2:""yknqzbtt blyockbt qbuk ntouqj""->""princess explores near island"" [4] q=n,l=x,c=o,j=d
EX3:""yknqzbtt tbbt mfb zakncat yavvob""->""princess sees the curious puzzle"" [0] none
EX4:""gnkj dcaqj mkbutakb""->""bird found treasure"" [2] g=b,d=f
EX5:""makmob kbujt ugcrb ruoobw""->""turtle reads above valley"" [2] r=v,w=y
TOTAL:23/26

VOCAB_FILL
(no gaps; examples covered all target letters)

VER
CROSS:5/5 examples decrypt with final table

DECRYPT
W1: mfb
 m->t
 f->h
 b->e
 = the
W2: tbzkbm
 t->s
 b->e (W1)
 z->c
 k->r
 b->e (W1)
 m->t (W1)
 = secret
W3: mbuzfbk
 m->t (W1)
 b->e (W1)
 u->a
 z->c (W2)
 f->h (W1)
 b->e (W1)
 k->r (W2)
 = teacher
W4: tbbt
 t->s (W2)
 b->e (W1)
 b->e (W1)
 t->s (W2)
 = sees

CHECK
W1:""the"" len=3Y alpha=Y vocab=Y gaps=N PASS
W2:""secret"" len=6Y alpha=Y vocab=Y gaps=N PASS
W3:""teacher"" len=7Y alpha=Y vocab=Y gaps=N PASS
W4:""sees"" len=4Y alpha=Y vocab=Y gaps=N PASS
ALL:PASS 4/4 words

ANS=the secret teacher sees

\boxed{the secret teacher sees}"
255ec836,"In Alice's Wonderland, secret encryption rules are used on text. Here are some examples:
gnffd bofiaj wmf idtxfdw bzzo -> queen dreams the ancient door
wmf jwoidhf wfitmfo czndb -> the strange teacher found
wfitmfo czeezpj wmoznhm wzpfo -> teacher follows through tower
Now, decrypt the following text: pxliob tofiwfj wmoznhm pzdbfoeidb",wizard creates through wonderland,Text Encryption,"I identify this as a letter substitution cipher. I build a mapping from the examples, verify it, then decrypt the target word by word. I use the fixed answer vocabulary when the examples do not cover every letter. I ignore the flavor-text wrapper.

LEN
TGT:""pxliob tofiwfj wmoznhm pzdbfoeidb""
W1:6 W2:7 W3:7 W4:10

TABLE
EX1:""gnffd bofiaj wmf idtxfdw bzzo""->""queen dreams the ancient door"" [14] g=q,n=u,f=e,d=n,b=d,o=r,i=a,a=m,j=s,w=t,m=h,t=c,x=i,z=o
EX2:""wmf jwoidhf wfitmfo czndb""->""the strange teacher found"" [2] h=g,c=f
EX3:""wfitmfo czeezpj wmoznhm wzpfo""->""teacher follows through tower"" [2] e=l,p=w
TOTAL:18/26

VOCAB_FILL
W1:pxliob pattern wi?ard -> LOCK ""wizard"" (candidates: wizard)

VER
CROSS:3/3 examples decrypt with final table

DECRYPT
W1: pxliob
 p->w
 x->i
 l->z
 i->a
 o->r
 b->d
 = wizard
W2: tofiwfj
 t->c
 o->r (W1)
 f->e
 i->a (W1)
 w->t
 f->e
 j->s
 = creates
W3: wmoznhm
 w->t (W2)
 m->h
 o->r (W1)
 z->o
 n->u
 h->g
 m->h
 = through
W4: pzdbfoeidb
 p->w (W1)
 z->o (W3)
 d->n
 b->d (W1)
 f->e (W2)
 o->r (W1)
 e->l
 i->a (W1)
 d->n
 b->d (W1)
 = wonderland

CHECK
W1:""wizard"" len=6Y alpha=Y vocab=Y gaps=N PASS
W2:""creates"" len=7Y alpha=Y vocab=Y gaps=N PASS
W3:""through"" len=7Y alpha=Y vocab=Y gaps=N PASS
W4:""wonderland"" len=10Y alpha=Y vocab=Y gaps=N PASS
ALL:PASS 4/4 words

ANS=wizard creates through wonderland

\boxed{wizard creates through wonderland}"
25bdf5be,"In Alice's Wonderland, secret encryption rules are used on text. Here are some examples:
squcxojj qovaj xvjtio -> princess reads castle
tovxzoq xzvjoj tzqlewz xvbo -> teacher chases through cave
viuxo aqovgj wvqaoc -> alice dreams garden
rcuwzt ugvwucoj vqleca mlcaoqivca -> knight imagines around wonderland
tovxzoq qovaj tzo avqr sltulc -> teacher reads the dark potion
Now, decrypt the following text: qvnnut pliilmj tzo avqr wvqaoc",rabbit follows the dark garden,Text Encryption,"I identify this as a letter substitution cipher. I build a mapping from the examples, verify it, then decrypt the target word by word. I use the fixed answer vocabulary when the examples do not cover every letter. I ignore the flavor-text wrapper.

LEN
TGT:""qvnnut pliilmj tzo avqr wvqaoc""
W1:6 W2:7 W3:3 W4:4 W5:6

TABLE
EX1:""squcxojj qovaj xvjtio""->""princess reads castle"" [11] s=p,q=r,u=i,c=n,x=c,o=e,j=s,v=a,a=d,t=t,i=l
EX2:""tovxzoq xzvjoj tzqlewz xvbo""->""teacher chases through cave"" [5] z=h,l=o,e=u,w=g,b=v
EX3:""viuxo aqovgj wvqaoc""->""alice dreams garden"" [1] g=m
EX4:""rcuwzt ugvwucoj vqleca mlcaoqivca""->""knight imagines around wonderland"" [2] r=k,m=w
EX5:""tovxzoq qovaj tzo avqr sltulc""->""teacher reads the dark potion"" [0] none
TOTAL:19/26

VOCAB_FILL
W1:qvnnut pattern ra??it -> LOCK ""rabbit"" (candidates: rabbit)
W2:pliilmj pattern ?ollows -> LOCK ""follows"" (candidates: follows)

VER
CROSS:5/5 examples decrypt with final table

DECRYPT
W1: qvnnut
 q->r
 v->a
 n->b
 n->b
 u->i
 t->t
 = rabbit
W2: pliilmj
 p->f
 l->o
 i->l
 i->l
 l->o
 m->w
 j->s
 = follows
W3: tzo
 t->t (W1)
 z->h
 o->e
 = the
W4: avqr
 a->d
 v->a (W1)
 q->r (W1)
 r->k
 = dark
W5: wvqaoc
 w->g
 v->a (W1)
 q->r (W1)
 a->d (W4)
 o->e (W3)
 c->n
 = garden

CHECK
W1:""rabbit"" len=6Y alpha=Y vocab=Y gaps=N PASS
W2:""follows"" len=7Y alpha=Y vocab=Y gaps=N PASS
W3:""the"" len=3Y alpha=Y vocab=Y gaps=N PASS
W4:""dark"" len=4Y alpha=Y vocab=Y gaps=N PASS
W5:""garden"" len=6Y alpha=Y vocab=Y gaps=N PASS
ALL:PASS 5/5 words

ANS=rabbit follows the dark garden

\boxed{rabbit follows the dark garden}"
25cd4dab,"In Alice's Wonderland, secret encryption rules are used on text. Here are some examples:
ejq zsrqxc jdthx mrdsjsn -> cat writes above library
qwsqmx krcethxsc oxjs qtzxs -> turtle discovers near tower
qvx dsrpvq utwcx atwok -> the bright mouse found
Now, decrypt the following text: iorpvq sxjkc qvx ptmkxo ywggmx",knight reads the golden puzzle,Text Encryption,"I identify this as a letter substitution cipher. I build a mapping from the examples, verify it, then decrypt the target word by word. I use the fixed answer vocabulary when the examples do not cover every letter. I ignore the flavor-text wrapper.

LEN
TGT:""iorpvq sxjkc qvx ptmkxo ywggmx""
W1:6 W2:5 W3:3 W4:6 W5:6

TABLE
EX1:""ejq zsrqxc jdthx mrdsjsn""->""cat writes above library"" [13] e=c,j=a,q=t,z=w,s=r,r=i,x=e,c=s,d=b,t=o,h=v,m=l,n=y
EX2:""qwsqmx krcethxsc oxjs qtzxs""->""turtle discovers near tower"" [3] w=u,k=d,o=n
EX3:""qvx dsrpvq utwcx atwok""->""the bright mouse found"" [4] v=h,p=g,u=m,a=f
TOTAL:20/26

VOCAB_FILL
W1:iorpvq pattern ?night -> LOCK ""knight"" (candidates: knight)
W5:ywggmx pattern ?u??le -> LOCK ""puzzle"" (candidates: turtle,puzzle)

VER
CROSS:3/3 examples decrypt with final table

DECRYPT
W1: iorpvq
 i->k
 o->n
 r->i
 p->g
 v->h
 q->t
 = knight
W2: sxjkc
 s->r
 x->e
 j->a
 k->d
 c->s
 = reads
W3: qvx
 q->t (W1)
 v->h (W1)
 x->e (W2)
 = the
W4: ptmkxo
 p->g (W1)
 t->o
 m->l
 k->d (W2)
 x->e (W2)
 o->n (W1)
 = golden
W5: ywggmx
 y->p
 w->u
 g->z
 g->z
 m->l (W4)
 x->e (W2)
 = puzzle

CHECK
W1:""knight"" len=6Y alpha=Y vocab=Y gaps=N PASS
W2:""reads"" len=5Y alpha=Y vocab=Y gaps=N PASS
W3:""the"" len=3Y alpha=Y vocab=Y gaps=N PASS
W4:""golden"" len=6Y alpha=Y vocab=Y gaps=N PASS
W5:""puzzle"" len=6Y alpha=Y vocab=Y gaps=N PASS
ALL:PASS 5/5 words

ANS=knight reads the golden puzzle

\boxed{knight reads the golden puzzle}"
25e5f165,"In Alice's Wonderland, secret encryption rules are used on text. Here are some examples:
ahobmhg xgfahi ryys -> teacher writes book
sflk dfibyqhgi iaygc -> king discovers story
moaahg bghoahi flifdh ybhol -> hatter creates inside ocean
ahobmhg zyvld amh kypdhl dyyg -> teacher found the golden door
amh kypdhl rfgd xoabmhi -> the golden bird watches
Now, decrypt the following text: ahobmhg bghoahi iaygc",teacher creates story,Text Encryption,"I identify this as a letter substitution cipher. I build a mapping from the examples, verify it, then decrypt the target word by word. I use the fixed answer vocabulary when the examples do not cover every letter. I ignore the flavor-text wrapper.

LEN
TGT:""ahobmhg bghoahi iaygc""
W1:7 W2:7 W3:5

TABLE
EX1:""ahobmhg xgfahi ryys""->""teacher writes book"" [12] a=t,h=e,o=a,b=c,m=h,g=r,x=w,f=i,i=s,r=b,y=o,s=k
EX2:""sflk dfibyqhgi iaygc""->""king discovers story"" [5] l=n,k=g,d=d,q=v,c=y
EX3:""moaahg bghoahi flifdh ybhol""->""hatter creates inside ocean"" [0] none
EX4:""ahobmhg zyvld amh kypdhl dyyg""->""teacher found the golden door"" [3] z=f,v=u,p=l
EX5:""amh kypdhl rfgd xoabmhi""->""the golden bird watches"" [0] none
TOTAL:20/26

VOCAB_FILL
(no gaps; examples covered all target letters)

VER
CROSS:5/5 examples decrypt with final table

DECRYPT
W1: ahobmhg
 a->t
 h->e
 o->a
 b->c
 m->h
 h->e
 g->r
 = teacher
W2: bghoahi
 b->c (W1)
 g->r (W1)
 h->e (W1)
 o->a (W1)
 a->t (W1)
 h->e (W1)
 i->s
 = creates
W3: iaygc
 i->s (W2)
 a->t (W1)
 y->o
 g->r (W1)
 c->y
 = story

CHECK
W1:""teacher"" len=7Y alpha=Y vocab=Y gaps=N PASS
W2:""creates"" len=7Y alpha=Y vocab=Y gaps=N PASS
W3:""story"" len=5Y alpha=Y vocab=Y gaps=N PASS
ALL:PASS 3/3 words

ANS=teacher creates story

\boxed{teacher creates story}"
25fcf241,"In Alice's Wonderland, secret encryption rules are used on text. Here are some examples:
swf lrveurj qrffg lvfosfj -> the curious queen creates
kegp murgy ovurgy povyfg -> king found around garden
aveglfjj fzabuvfj arxxbf -> princess explores puzzle
kegp yvfodj jflvfs -> king dreams secret
durjf yvfodj swf jflvfs lvtjsob -> mouse dreams the secret crystal
Now, decrypt the following text: wossfv lvfosfj egjeyf povyfg",hatter creates inside garden,Text Encryption,"I identify this as a letter substitution cipher. I build a mapping from the examples, verify it, then decrypt the target word by word. I use the fixed answer vocabulary when the examples do not cover every letter. I ignore the flavor-text wrapper.

LEN
TGT:""wossfv lvfosfj egjeyf povyfg""
W1:6 W2:7 W3:6 W4:6

TABLE
EX1:""swf lrveurj qrffg lvfosfj""->""the curious queen creates"" [12] s=t,w=h,f=e,l=c,r=u,v=r,e=i,u=o,j=s,q=q,g=n,o=a
EX2:""kegp murgy ovurgy povyfg""->""king found around garden"" [4] k=k,p=g,m=f,y=d
EX3:""aveglfjj fzabuvfj arxxbf""->""princess explores puzzle"" [4] a=p,z=x,b=l,x=z
EX4:""kegp yvfodj jflvfs""->""king dreams secret"" [1] d=m
EX5:""durjf yvfodj swf jflvfs lvtjsob""->""mouse dreams the secret crystal"" [1] t=y
TOTAL:22/26

VOCAB_FILL
(no gaps; examples covered all target letters)

VER
CROSS:5/5 examples decrypt with final table

DECRYPT
W1: wossfv
 w->h
 o->a
 s->t
 s->t
 f->e
 v->r
 = hatter
W2: lvfosfj
 l->c
 v->r (W1)
 f->e (W1)
 o->a (W1)
 s->t (W1)
 f->e (W1)
 j->s
 = creates
W3: egjeyf
 e->i
 g->n
 j->s (W2)
 e->i
 y->d
 f->e (W1)
 = inside
W4: povyfg
 p->g
 o->a (W1)
 v->r (W1)
 y->d (W3)
 f->e (W1)
 g->n (W3)
 = garden

CHECK
W1:""hatter"" len=6Y alpha=Y vocab=Y gaps=N PASS
W2:""creates"" len=7Y alpha=Y vocab=Y gaps=N PASS
W3:""inside"" len=6Y alpha=Y vocab=Y gaps=N PASS
W4:""garden"" len=6Y alpha=Y vocab=Y gaps=N PASS
ALL:PASS 4/4 words

ANS=hatter creates inside garden

\boxed{hatter creates inside garden}"
26420933,"In Alice's Wonderland, secret encryption rules are used on text. Here are some examples:
qzkpj nkvpfrjlv xqlnjw -> alice discovers garden
qzkpj nlqmv ysj mkvj nffl -> alice draws the wise door
ewkxsy afzzfmv kwvknj vpsffz -> knight follows inside school
ysj xfznjw vydnjwy nljqcv -> the golden student dreams
ysj glkxsy qzkpj vydnkjv -> the bright alice studies
Now, decrypt the following text: pqy nlqmv kwvknj vpsffz",cat draws inside school,Text Encryption,"I identify this as a letter substitution cipher. I build a mapping from the examples, verify it, then decrypt the target word by word. I use the fixed answer vocabulary when the examples do not cover every letter. I ignore the flavor-text wrapper.

LEN
TGT:""pqy nlqmv kwvknj vpsffz""
W1:3 W2:5 W3:6 W4:6

TABLE
EX1:""qzkpj nkvpfrjlv xqlnjw""->""alice discovers garden"" [12] q=a,z=l,k=i,p=c,j=e,n=d,v=s,f=o,r=v,l=r,x=g,w=n
EX2:""qzkpj nlqmv ysj mkvj nffl""->""alice draws the wise door"" [3] m=w,y=t,s=h
EX3:""ewkxsy afzzfmv kwvknj vpsffz""->""knight follows inside school"" [2] e=k,a=f
EX4:""ysj xfznjw vydnjwy nljqcv""->""the golden student dreams"" [2] d=u,c=m
EX5:""ysj glkxsy qzkpj vydnkjv""->""the bright alice studies"" [1] g=b
TOTAL:20/26

VOCAB_FILL
(no gaps; examples covered all target letters)

VER
CROSS:5/5 examples decrypt with final table

DECRYPT
W1: pqy
 p->c
 q->a
 y->t
 = cat
W2: nlqmv
 n->d
 l->r
 q->a (W1)
 m->w
 v->s
 = draws
W3: kwvknj
 k->i
 w->n
 v->s (W2)
 k->i
 n->d (W2)
 j->e
 = inside
W4: vpsffz
 v->s (W2)
 p->c (W1)
 s->h
 f->o
 f->o
 z->l
 = school

CHECK
W1:""cat"" len=3Y alpha=Y vocab=Y gaps=N PASS
W2:""draws"" len=5Y alpha=Y vocab=Y gaps=N PASS
W3:""inside"" len=6Y alpha=Y vocab=Y gaps=N PASS
W4:""school"" len=6Y alpha=Y vocab=Y gaps=N PASS
ALL:PASS 4/4 words

ANS=cat draws inside school

\boxed{cat draws inside school}"
26e5d2f9,"In Alice's Wonderland, secret encryption rules are used on text. Here are some examples:
dexxas maqtnpidq tdzqseo -> rabbit discovers crystal
uessid mdiewq teqsoi -> hatter dreams castle
xadm maqtnpidq ak teqsoi -> bird discovers in castle
sfdsoi qiiq xiznkm hndiqs -> turtle sees beyond forest
Now, decrypt the following text: sietuid ilvondiq teqsoi",teacher explores castle,Text Encryption,"I identify this as a letter substitution cipher. I build a mapping from the examples, verify it, then decrypt the target word by word. I use the fixed answer vocabulary when the examples do not cover every letter. I ignore the flavor-text wrapper.

LEN
TGT:""sietuid ilvondiq teqsoi""
W1:7 W2:8 W3:6

TABLE
EX1:""dexxas maqtnpidq tdzqseo""->""rabbit discovers crystal"" [13] d=r,e=a,x=b,a=i,s=t,m=d,q=s,t=c,n=o,p=v,i=e,z=y,o=l
EX2:""uessid mdiewq teqsoi""->""hatter dreams castle"" [2] u=h,w=m
EX3:""xadm maqtnpidq ak teqsoi""->""bird discovers in castle"" [1] k=n
EX4:""sfdsoi qiiq xiznkm hndiqs""->""turtle sees beyond forest"" [2] f=u,h=f
TOTAL:18/26

VOCAB_FILL
W2:ilvondiq pattern e??lores -> LOCK ""explores"" (candidates: explores)

VER
CROSS:4/4 examples decrypt with final table

DECRYPT
W1: sietuid
 s->t
 i->e
 e->a
 t->c
 u->h
 i->e
 d->r
 = teacher
W2: ilvondiq
 i->e (W1)
 l->x
 v->p
 o->l
 n->o
 d->r (W1)
 i->e (W1)
 q->s
 = explores
W3: teqsoi
 t->c (W1)
 e->a (W1)
 q->s (W2)
 s->t (W1)
 o->l (W2)
 i->e (W1)
 = castle

CHECK
W1:""teacher"" len=7Y alpha=Y vocab=Y gaps=N PASS
W2:""explores"" len=8Y alpha=Y vocab=Y gaps=N PASS
W3:""castle"" len=6Y alpha=Y vocab=Y gaps=N PASS
ALL:PASS 3/3 words

ANS=teacher explores castle

\boxed{teacher explores castle}"
26f0f445,"In Alice's Wonderland, secret encryption rules are used on text. Here are some examples:
bhsje agwzj oke ugxlko pgdjowc -> mouse draws the bright crystal
fgxmpejj pgewoej fsiice -> princess creates puzzle
zxiwga xbwlxmej qed -> wizard imagines key
Now, decrypt the following text: josaemo etfchgej oke jepgeo fsiice",student explores the secret puzzle,Text Encryption,"I identify this as a letter substitution cipher. I build a mapping from the examples, verify it, then decrypt the target word by word. I use the fixed answer vocabulary when the examples do not cover every letter. I ignore the flavor-text wrapper.

LEN
TGT:""josaemo etfchgej oke jepgeo fsiice""
W1:7 W2:8 W3:3 W4:6 W5:6

TABLE
EX1:""bhsje agwzj oke ugxlko pgdjowc""->""mouse draws the bright crystal"" [17] b=m,h=o,s=u,j=s,e=e,a=d,g=r,w=a,z=w,o=t,k=h,u=b,x=i,l=g,p=c,d=y,c=l
EX2:""fgxmpejj pgewoej fsiice""->""princess creates puzzle"" [3] f=p,m=n,i=z
EX3:""zxiwga xbwlxmej qed""->""wizard imagines key"" [1] q=k
TOTAL:21/26

VOCAB_FILL
W2:etfchgej pattern e?plores -> LOCK ""explores"" (candidates: explores)

VER
CROSS:3/3 examples decrypt with final table

DECRYPT
W1: josaemo
 j->s
 o->t
 s->u
 a->d
 e->e
 m->n
 o->t
 = student
W2: etfchgej
 e->e (W1)
 t->x
 f->p
 c->l
 h->o
 g->r
 e->e (W1)
 j->s (W1)
 = explores
W3: oke
 o->t (W1)
 k->h
 e->e (W1)
 = the
W4: jepgeo
 j->s (W1)
 e->e (W1)
 p->c
 g->r (W2)
 e->e (W1)
 o->t (W1)
 = secret
W5: fsiice
 f->p (W2)
 s->u (W1)
 i->z
 i->z
 c->l (W2)
 e->e (W1)
 = puzzle

CHECK
W1:""student"" len=7Y alpha=Y vocab=Y gaps=N PASS
W2:""explores"" len=8Y alpha=Y vocab=Y gaps=N PASS
W3:""the"" len=3Y alpha=Y vocab=Y gaps=N PASS
W4:""secret"" len=6Y alpha=Y vocab=Y gaps=N PASS
W5:""puzzle"" len=6Y alpha=Y vocab=Y gaps=N PASS
ALL:PASS 5/5 words

ANS=student explores the secret puzzle

\boxed{student explores the secret puzzle}"
26fe52a0,"In Alice's Wonderland, secret encryption rules are used on text. Here are some examples:
ofrrmn bague rxqaue zmrofoq -> rabbit found beyond library
dfn bazzajw rxqaue baoxwn -> cat follows beyond forest
fzmdx doxfnxw nkx tfcmdfz txwwfcx -> alice creates the magical message
nkx romckn wngexun xvlzaoxw -> the bright student explores
nkx tqwnxomagw ygxxu bazzajw -> the mysterious queen follows
Now, decrypt the following text: fzmdx dkfwxw nkx dgomagw dfwnzx",alice chases the curious castle,Text Encryption,"I identify this as a letter substitution cipher. I build a mapping from the examples, verify it, then decrypt the target word by word. I use the fixed answer vocabulary when the examples do not cover every letter. I ignore the flavor-text wrapper.

LEN
TGT:""fzmdx dkfwxw nkx dgomagw dfwnzx""
W1:5 W2:6 W3:3 W4:7 W5:6

TABLE
EX1:""ofrrmn bague rxqaue zmrofoq""->""rabbit found beyond library"" [13] o=r,f=a,r=b,m=i,n=t,b=f,a=o,g=u,u=n,e=d,x=e,q=y,z=l
EX2:""dfn bazzajw rxqaue baoxwn""->""cat follows beyond forest"" [3] d=c,j=w,w=s
EX3:""fzmdx doxfnxw nkx tfcmdfz txwwfcx""->""alice creates the magical message"" [3] k=h,t=m,c=g
EX4:""nkx romckn wngexun xvlzaoxw""->""the bright student explores"" [2] v=x,l=p
EX5:""nkx tqwnxomagw ygxxu bazzajw""->""the mysterious queen follows"" [1] y=q
TOTAL:22/26

VOCAB_FILL
(no gaps; examples covered all target letters)

VER
CROSS:5/5 examples decrypt with final table

DECRYPT
W1: fzmdx
 f->a
 z->l
 m->i
 d->c
 x->e
 = alice
W2: dkfwxw
 d->c (W1)
 k->h
 f->a (W1)
 w->s
 x->e (W1)
 w->s
 = chases
W3: nkx
 n->t
 k->h (W2)
 x->e (W1)
 = the
W4: dgomagw
 d->c (W1)
 g->u
 o->r
 m->i (W1)
 a->o
 g->u
 w->s (W2)
 = curious
W5: dfwnzx
 d->c (W1)
 f->a (W1)
 w->s (W2)
 n->t (W3)
 z->l (W1)
 x->e (W1)
 = castle

CHECK
W1:""alice"" len=5Y alpha=Y vocab=Y gaps=N PASS
W2:""chases"" len=6Y alpha=Y vocab=Y gaps=N PASS
W3:""the"" len=3Y alpha=Y vocab=Y gaps=N PASS
W4:""curious"" len=7Y alpha=Y vocab=Y gaps=N PASS
W5:""castle"" len=6Y alpha=Y vocab=Y gaps=N PASS
ALL:PASS 5/5 words

ANS=alice chases the curious castle

\boxed{alice chases the curious castle}"
27140c09,"In Alice's Wonderland, secret encryption rules are used on text. Here are some examples:
hnmkjwll nwgcl yqw lmvfwn xwe -> princess reads the silver key
xkmsqy wdhvtnwl yqw inmsqy ittx -> knight explores the bright book
uowwk cmljtfwnl okcwn tjwgk -> queen discovers under ocean
xkmsqy cnwgpl jglyvw -> knight dreams castle
Now, decrypt the following text: uowwk lyocmwl iwetkc atnwly",queen studies beyond forest,Text Encryption,"I identify this as a letter substitution cipher. I build a mapping from the examples, verify it, then decrypt the target word by word. I use the fixed answer vocabulary when the examples do not cover every letter. I ignore the flavor-text wrapper.

LEN
TGT:""uowwk lyocmwl iwetkc atnwly""
W1:5 W2:7 W3:6 W4:6

TABLE
EX1:""hnmkjwll nwgcl yqw lmvfwn xwe""->""princess reads the silver key"" [15] h=p,n=r,m=i,k=n,j=c,w=e,l=s,g=a,c=d,y=t,q=h,v=l,f=v,x=k,e=y
EX2:""xkmsqy wdhvtnwl yqw inmsqy ittx""->""knight explores the bright book"" [4] s=g,d=x,t=o,i=b
EX3:""uowwk cmljtfwnl okcwn tjwgk""->""queen discovers under ocean"" [2] u=q,o=u
EX4:""xkmsqy cnwgpl jglyvw""->""knight dreams castle"" [1] p=m
TOTAL:22/26

VOCAB_FILL
W4:atnwly pattern ?orest -> LOCK ""forest"" (candidates: forest)

VER
CROSS:4/4 examples decrypt with final table

DECRYPT
W1: uowwk
 u->q
 o->u
 w->e
 w->e
 k->n
 = queen
W2: lyocmwl
 l->s
 y->t
 o->u (W1)
 c->d
 m->i
 w->e (W1)
 l->s
 = studies
W3: iwetkc
 i->b
 w->e (W1)
 e->y
 t->o
 k->n (W1)
 c->d (W2)
 = beyond
W4: atnwly
 a->f
 t->o (W3)
 n->r
 w->e (W1)
 l->s (W2)
 y->t (W2)
 = forest

CHECK
W1:""queen"" len=5Y alpha=Y vocab=Y gaps=N PASS
W2:""studies"" len=7Y alpha=Y vocab=Y gaps=N PASS
W3:""beyond"" len=6Y alpha=Y vocab=Y gaps=N PASS
W4:""forest"" len=6Y alpha=Y vocab=Y gaps=N PASS
ALL:PASS 4/4 words

ANS=queen studies beyond forest

\boxed{queen studies beyond forest}"
2739a748,"In Alice's Wonderland, secret encryption rules are used on text. Here are some examples:
wdmyj cdxxdoy bmiixj -> mouse follows puzzle
smasxj yjjy ysdap -> turtle sees story
ouifav uwfkunjy hapysfx -> wizard imagines crystal
ysmvjns oausjy sqj vfag kfavjn -> student writes the dark garden
Now, decrypt the following text: sqj yuxlja qfssja yjjy",the silver hatter sees,Text Encryption,"I identify this as a letter substitution cipher. I build a mapping from the examples, verify it, then decrypt the target word by word. I use the fixed answer vocabulary when the examples do not cover every letter. I ignore the flavor-text wrapper.

LEN
TGT:""sqj yuxlja qfssja yjjy""
W1:3 W2:6 W3:6 W4:4

TABLE
EX1:""wdmyj cdxxdoy bmiixj""->""mouse follows puzzle"" [10] w=m,d=o,m=u,y=s,j=e,c=f,x=l,o=w,b=p,i=z
EX2:""smasxj yjjy ysdap""->""turtle sees story"" [3] s=t,a=r,p=y
EX3:""ouifav uwfkunjy hapysfx""->""wizard imagines crystal"" [6] u=i,f=a,v=d,k=g,n=n,h=c
EX4:""ysmvjns oausjy sqj vfag kfavjn""->""student writes the dark garden"" [2] q=h,g=k
TOTAL:21/26

VOCAB_FILL
W2:yuxlja pattern sil?er -> LOCK ""silver"" (candidates: silver)

VER
CROSS:4/4 examples decrypt with final table

DECRYPT
W1: sqj
 s->t
 q->h
 j->e
 = the
W2: yuxlja
 y->s
 u->i
 x->l
 l->v
 j->e (W1)
 a->r
 = silver
W3: qfssja
 q->h (W1)
 f->a
 s->t (W1)
 s->t (W1)
 j->e (W1)
 a->r (W2)
 = hatter
W4: yjjy
 y->s (W2)
 j->e (W1)
 j->e (W1)
 y->s (W2)
 = sees

CHECK
W1:""the"" len=3Y alpha=Y vocab=Y gaps=N PASS
W2:""silver"" len=6Y alpha=Y vocab=Y gaps=N PASS
W3:""hatter"" len=6Y alpha=Y vocab=Y gaps=N PASS
W4:""sees"" len=4Y alpha=Y vocab=Y gaps=N PASS
ALL:PASS 4/4 words

ANS=the silver hatter sees

\boxed{the silver hatter sees}"
2764222d,"In Alice's Wonderland, secret encryption rules are used on text. Here are some examples:
awxxo jfiqzuxti sdr -> queen discovers map
khx iktdovx qdk ikwjfxi -> the strange cat studies
lfov ndkqhxi khtzwvh nzojxtmdoj -> king watches through wonderland
kwtkmx ixxi rzkfzo -> turtle sees potion
Now, decrypt the following text: eftj jtdni khx nfix ikztc",bird draws the wise story,Text Encryption,"I identify this as a letter substitution cipher. I build a mapping from the examples, verify it, then decrypt the target word by word. I use the fixed answer vocabulary when the examples do not cover every letter. I ignore the flavor-text wrapper.

LEN
TGT:""eftj jtdni khx nfix ikztc""
W1:4 W2:5 W3:3 W4:4 W5:5

TABLE
EX1:""awxxo jfiqzuxti sdr""->""queen discovers map"" [14] a=q,w=u,x=e,o=n,j=d,f=i,i=s,q=c,z=o,u=v,t=r,s=m,d=a,r=p
EX2:""khx iktdovx qdk ikwjfxi""->""the strange cat studies"" [3] k=t,h=h,v=g
EX3:""lfov ndkqhxi khtzwvh nzojxtmdoj""->""king watches through wonderland"" [3] l=k,n=w,m=l
EX4:""kwtkmx ixxi rzkfzo""->""turtle sees potion"" [0] none
TOTAL:20/26

VOCAB_FILL
W1:eftj pattern ?ird -> LOCK ""bird"" (candidates: bird)
W5:ikztc pattern stor? -> LOCK ""story"" (candidates: story)

VER
CROSS:4/4 examples decrypt with final table

DECRYPT
W1: eftj
 e->b
 f->i
 t->r
 j->d
 = bird
W2: jtdni
 j->d (W1)
 t->r (W1)
 d->a
 n->w
 i->s
 = draws
W3: khx
 k->t
 h->h
 x->e
 = the
W4: nfix
 n->w (W2)
 f->i (W1)
 i->s (W2)
 x->e (W3)
 = wise
W5: ikztc
 i->s (W2)
 k->t (W3)
 z->o
 t->r (W1)
 c->y
 = story

CHECK
W1:""bird"" len=4Y alpha=Y vocab=Y gaps=N PASS
W2:""draws"" len=5Y alpha=Y vocab=Y gaps=N PASS
W3:""the"" len=3Y alpha=Y vocab=Y gaps=N PASS
W4:""wise"" len=4Y alpha=Y vocab=Y gaps=N PASS
W5:""story"" len=5Y alpha=Y vocab=Y gaps=N PASS
ALL:PASS 5/5 words

ANS=bird draws the wise story

\boxed{bird draws the wise story}"
276f6cc6,"In Alice's Wonderland, secret encryption rules are used on text. Here are some examples:
uhrqfl ajgnw wzyjzl -> knight draws secret
vicwz rvgqrhzw siiu -> mouse imagines book
ygl arwyidzjw ygwlez -> cat discovers castle
Now, decrypt the following text: nrmgja tieeinw wzyjzl",wizard follows secret,Text Encryption,"I identify this as a letter substitution cipher. I build a mapping from the examples, verify it, then decrypt the target word by word. I use the fixed answer vocabulary when the examples do not cover every letter. I ignore the flavor-text wrapper.

LEN
TGT:""nrmgja tieeinw wzyjzl""
W1:6 W2:7 W3:6

TABLE
EX1:""uhrqfl ajgnw wzyjzl""->""knight draws secret"" [13] u=k,h=n,r=i,q=g,f=h,l=t,a=d,j=r,g=a,n=w,w=s,z=e,y=c
EX2:""vicwz rvgqrhzw siiu""->""mouse imagines book"" [4] v=m,i=o,c=u,s=b
EX3:""ygl arwyidzjw ygwlez""->""cat discovers castle"" [2] d=v,e=l
TOTAL:19/26

VOCAB_FILL
W1:nrmgja pattern wi?ard -> LOCK ""wizard"" (candidates: wizard)
W2:tieeinw pattern ?ollows -> LOCK ""follows"" (candidates: follows)

VER
CROSS:3/3 examples decrypt with final table

DECRYPT
W1: nrmgja
 n->w
 r->i
 m->z
 g->a
 j->r
 a->d
 = wizard
W2: tieeinw
 t->f
 i->o
 e->l
 e->l
 i->o
 n->w (W1)
 w->s
 = follows
W3: wzyjzl
 w->s (W2)
 z->e
 y->c
 j->r (W1)
 z->e
 l->t
 = secret

CHECK
W1:""wizard"" len=6Y alpha=Y vocab=Y gaps=N PASS
W2:""follows"" len=7Y alpha=Y vocab=Y gaps=N PASS
W3:""secret"" len=6Y alpha=Y vocab=Y gaps=N PASS
ALL:PASS 3/3 words

ANS=wizard follows secret

\boxed{wizard follows secret}"
2792186b,"In Alice's Wonderland, secret encryption rules are used on text. Here are some examples:
omx wzeq cervjxtt wexzlt -> the dark princess dreams
qrvp txxt zedivw nruezea -> king sees around library
qvrpmo fdivw rvtrwx hdvwxenzvw -> knight found inside wonderland
Now, decrypt the following text: ezuuro heroxt lzc",rabbit writes map,Text Encryption,"I identify this as a letter substitution cipher. I build a mapping from the examples, verify it, then decrypt the target word by word. I use the fixed answer vocabulary when the examples do not cover every letter. I ignore the flavor-text wrapper.

LEN
TGT:""ezuuro heroxt lzc""
W1:6 W2:6 W3:3

TABLE
EX1:""omx wzeq cervjxtt wexzlt""->""the dark princess dreams"" [13] o=t,m=h,x=e,w=d,z=a,e=r,q=k,c=p,r=i,v=n,j=c,t=s,l=m
EX2:""qrvp txxt zedivw nruezea""->""king sees around library"" [6] p=g,d=o,i=u,n=l,u=b,a=y
EX3:""qvrpmo fdivw rvtrwx hdvwxenzvw""->""knight found inside wonderland"" [2] f=f,h=w
TOTAL:21/26

VOCAB_FILL
(no gaps; examples covered all target letters)

VER
CROSS:3/3 examples decrypt with final table

DECRYPT
W1: ezuuro
 e->r
 z->a
 u->b
 u->b
 r->i
 o->t
 = rabbit
W2: heroxt
 h->w
 e->r (W1)
 r->i (W1)
 o->t (W1)
 x->e
 t->s
 = writes
W3: lzc
 l->m
 z->a (W1)
 c->p
 = map

CHECK
W1:""rabbit"" len=6Y alpha=Y vocab=Y gaps=N PASS
W2:""writes"" len=6Y alpha=Y vocab=Y gaps=N PASS
W3:""map"" len=3Y alpha=Y vocab=Y gaps=N PASS
ALL:PASS 3/3 words

ANS=rabbit writes map

\boxed{rabbit writes map}"
279d4423,"In Alice's Wonderland, secret encryption rules are used on text. Here are some examples:
znque bjhoqeb jie zauqeaj fzv -> alice studies the ancient map
izjjey qfzkqaeb febbzke -> hatter imagines message
rqak yezob febbzke -> king reads message
Now, decrypt the following text: yzmmqj cgnngsb jie beuyej vgjqga",rabbit follows the secret potion,Text Encryption,"I identify this as a letter substitution cipher. I build a mapping from the examples, verify it, then decrypt the target word by word. I use the fixed answer vocabulary when the examples do not cover every letter. I ignore the flavor-text wrapper.

LEN
TGT:""yzmmqj cgnngsb jie beuyej vgjqga""
W1:6 W2:7 W3:3 W4:6 W5:6

TABLE
EX1:""znque bjhoqeb jie zauqeaj fzv""->""alice studies the ancient map"" [13] z=a,n=l,q=i,u=c,e=e,b=s,j=t,h=u,o=d,i=h,a=n,f=m,v=p
EX2:""izjjey qfzkqaeb febbzke""->""hatter imagines message"" [2] y=r,k=g
EX3:""rqak yezob febbzke""->""king reads message"" [1] r=k
TOTAL:16/26

VOCAB_FILL
W1:yzmmqj pattern ra??it -> LOCK ""rabbit"" (candidates: rabbit)
W2:cgnngsb pattern ??ll??s -> LOCK ""follows"" (candidates: follows)
W5:vgjqga pattern p?ti?n -> LOCK ""potion"" (candidates: potion)

VER
CROSS:3/3 examples decrypt with final table

DECRYPT
W1: yzmmqj
 y->r
 z->a
 m->b
 m->b
 q->i
 j->t
 = rabbit
W2: cgnngsb
 c->f
 g->o
 n->l
 n->l
 g->o
 s->w
 b->s
 = follows
W3: jie
 j->t (W1)
 i->h
 e->e
 = the
W4: beuyej
 b->s (W2)
 e->e (W3)
 u->c
 y->r (W1)
 e->e (W3)
 j->t (W1)
 = secret
W5: vgjqga
 v->p
 g->o (W2)
 j->t (W1)
 q->i (W1)
 g->o (W2)
 a->n
 = potion

CHECK
W1:""rabbit"" len=6Y alpha=Y vocab=Y gaps=N PASS
W2:""follows"" len=7Y alpha=Y vocab=Y gaps=N PASS
W3:""the"" len=3Y alpha=Y vocab=Y gaps=N PASS
W4:""secret"" len=6Y alpha=Y vocab=Y gaps=N PASS
W5:""potion"" len=6Y alpha=Y vocab=Y gaps=N PASS
ALL:PASS 5/5 words

ANS=rabbit follows the secret potion

\boxed{rabbit follows the secret potion}"
279e83b8,"In Alice's Wonderland, secret encryption rules are used on text. Here are some examples:
ibkkfs madlt bkapx pbvvxr -> rabbit found above valley
cdxxl mavvahz yfiiai -> queen follows mirror
sxbegxi hifsxz ybo -> teacher writes map
Now, decrypt the following text: qlfngs ixbtz sgx tbiq odjjvx",knight reads the dark puzzle,Text Encryption,"I identify this as a letter substitution cipher. I build a mapping from the examples, verify it, then decrypt the target word by word. I use the fixed answer vocabulary when the examples do not cover every letter. I ignore the flavor-text wrapper.

LEN
TGT:""qlfngs ixbtz sgx tbiq odjjvx""
W1:6 W2:5 W3:3 W4:4 W5:6

TABLE
EX1:""ibkkfs madlt bkapx pbvvxr""->""rabbit found above valley"" [14] i=r,b=a,k=b,f=i,s=t,m=f,a=o,d=u,l=n,t=d,p=v,x=e,v=l,r=y
EX2:""cdxxl mavvahz yfiiai""->""queen follows mirror"" [4] c=q,h=w,z=s,y=m
EX3:""sxbegxi hifsxz ybo""->""teacher writes map"" [3] e=c,g=h,o=p
TOTAL:21/26

VOCAB_FILL
W1:qlfngs pattern ?ni?ht -> LOCK ""knight"" (candidates: knight)
W4:tbiq pattern dar? -> LOCK ""dark"" (candidates: dark)
W5:odjjvx pattern pu??le -> LOCK ""puzzle"" (candidates: puzzle)

VER
CROSS:3/3 examples decrypt with final table

DECRYPT
W1: qlfngs
 q->k
 l->n
 f->i
 n->g
 g->h
 s->t
 = knight
W2: ixbtz
 i->r
 x->e
 b->a
 t->d
 z->s
 = reads
W3: sgx
 s->t (W1)
 g->h (W1)
 x->e (W2)
 = the
W4: tbiq
 t->d (W2)
 b->a (W2)
 i->r (W2)
 q->k (W1)
 = dark
W5: odjjvx
 o->p
 d->u
 j->z
 j->z
 v->l
 x->e (W2)
 = puzzle

CHECK
W1:""knight"" len=6Y alpha=Y vocab=Y gaps=N PASS
W2:""reads"" len=5Y alpha=Y vocab=Y gaps=N PASS
W3:""the"" len=3Y alpha=Y vocab=Y gaps=N PASS
W4:""dark"" len=4Y alpha=Y vocab=Y gaps=N PASS
W5:""puzzle"" len=6Y alpha=Y vocab=Y gaps=N PASS
ALL:PASS 5/5 words

ANS=knight reads the dark puzzle

\boxed{knight reads the dark puzzle}"
27f3491e,"In Alice's Wonderland, secret encryption rules are used on text. Here are some examples:
jfejbl ordypvled jul dlyelj wpeldj -> turtle discovers the secret forest
jul acdjlerpfd djfolgj oeliad -> the mysterious student dreams
tergyldd yuidld tpjrpg -> princess chases potion
eimmrj dlld oppe -> rabbit sees door
Now, decrypt the following text: jfejbl yelijld jul dlyelj ait",turtle creates the secret map,Text Encryption,"I identify this as a letter substitution cipher. I build a mapping from the examples, verify it, then decrypt the target word by word. I use the fixed answer vocabulary when the examples do not cover every letter. I ignore the flavor-text wrapper.

LEN
TGT:""jfejbl yelijld jul dlyelj ait""
W1:6 W2:7 W3:3 W4:6 W5:3

TABLE
EX1:""jfejbl ordypvled jul dlyelj wpeldj""->""turtle discovers the secret forest"" [13] j=t,f=u,e=r,b=l,l=e,o=d,r=i,d=s,y=c,p=o,v=v,u=h,w=f
EX2:""jul acdjlerpfd djfolgj oeliad""->""the mysterious student dreams"" [4] a=m,c=y,g=n,i=a
EX3:""tergyldd yuidld tpjrpg""->""princess chases potion"" [1] t=p
EX4:""eimmrj dlld oppe""->""rabbit sees door"" [1] m=b
TOTAL:19/26

VOCAB_FILL
(no gaps; examples covered all target letters)

VER
CROSS:4/4 examples decrypt with final table

DECRYPT
W1: jfejbl
 j->t
 f->u
 e->r
 j->t
 b->l
 l->e
 = turtle
W2: yelijld
 y->c
 e->r (W1)
 l->e (W1)
 i->a
 j->t (W1)
 l->e (W1)
 d->s
 = creates
W3: jul
 j->t (W1)
 u->h
 l->e (W1)
 = the
W4: dlyelj
 d->s (W2)
 l->e (W1)
 y->c (W2)
 e->r (W1)
 l->e (W1)
 j->t (W1)
 = secret
W5: ait
 a->m
 i->a (W2)
 t->p
 = map

CHECK
W1:""turtle"" len=6Y alpha=Y vocab=Y gaps=N PASS
W2:""creates"" len=7Y alpha=Y vocab=Y gaps=N PASS
W3:""the"" len=3Y alpha=Y vocab=Y gaps=N PASS
W4:""secret"" len=6Y alpha=Y vocab=Y gaps=N PASS
W5:""map"" len=3Y alpha=Y vocab=Y gaps=N PASS
ALL:PASS 5/5 words

ANS=turtle creates the secret map

\boxed{turtle creates the secret map}"
282bae35,"In Alice's Wonderland, secret encryption rules are used on text. Here are some examples:
ndhbiod bxnztwikn dkisnhki -> student discovers treasure
dhkdvi zkisdin uhggvi -> turtle creates puzzle
dji fkxljd roxljd kisbn -> the bright knight reads
ukxozinn zkisdin qtkind -> princess creates forest
Now, decrypt the following text: dji nxvwik rxol xyslxoin",the silver king imagines,Text Encryption,"I identify this as a letter substitution cipher. I build a mapping from the examples, verify it, then decrypt the target word by word. I use the fixed answer vocabulary when the examples do not cover every letter. I ignore the flavor-text wrapper.

LEN
TGT:""dji nxvwik rxol xyslxoin""
W1:3 W2:6 W3:4 W4:8

TABLE
EX1:""ndhbiod bxnztwikn dkisnhki""->""student discovers treasure"" [12] n=s,d=t,h=u,b=d,i=e,o=n,x=i,z=c,t=o,w=v,k=r,s=a
EX2:""dhkdvi zkisdin uhggvi""->""turtle creates puzzle"" [3] v=l,u=p,g=z
EX3:""dji fkxljd roxljd kisbn""->""the bright knight reads"" [4] j=h,f=b,l=g,r=k
EX4:""ukxozinn zkisdin qtkind""->""princess creates forest"" [1] q=f
TOTAL:20/26

VOCAB_FILL
W4:xyslxoin pattern i?agines -> LOCK ""imagines"" (candidates: imagines)

VER
CROSS:4/4 examples decrypt with final table

DECRYPT
W1: dji
 d->t
 j->h
 i->e
 = the
W2: nxvwik
 n->s
 x->i
 v->l
 w->v
 i->e (W1)
 k->r
 = silver
W3: rxol
 r->k
 x->i (W2)
 o->n
 l->g
 = king
W4: xyslxoin
 x->i (W2)
 y->m
 s->a
 l->g (W3)
 x->i (W2)
 o->n (W3)
 i->e (W1)
 n->s (W2)
 = imagines

CHECK
W1:""the"" len=3Y alpha=Y vocab=Y gaps=N PASS
W2:""silver"" len=6Y alpha=Y vocab=Y gaps=N PASS
W3:""king"" len=4Y alpha=Y vocab=Y gaps=N PASS
W4:""imagines"" len=8Y alpha=Y vocab=Y gaps=N PASS
ALL:PASS 4/4 words

ANS=the silver king imagines

\boxed{the silver king imagines}"
2891395e,"In Alice's Wonderland, secret encryption rules are used on text. Here are some examples:
fmi gqhy hqvvcf ghiqsn -> the dark rabbit dreams
qkczi ixekjhin sqe -> alice explores map
fmi zkiwih fphfki hiqgn -> the clever turtle reads
Now, decrypt the following text: fiqzmih hiqgn schhjh",teacher reads mirror,Text Encryption,"I identify this as a letter substitution cipher. I build a mapping from the examples, verify it, then decrypt the target word by word. I use the fixed answer vocabulary when the examples do not cover every letter. I ignore the flavor-text wrapper.

LEN
TGT:""fiqzmih hiqgn schhjh""
W1:7 W2:5 W3:6

TABLE
EX1:""fmi gqhy hqvvcf ghiqsn""->""the dark rabbit dreams"" [11] f=t,m=h,i=e,g=d,q=a,h=r,y=k,v=b,c=i,s=m,n=s
EX2:""qkczi ixekjhin sqe""->""alice explores map"" [5] k=l,z=c,x=x,e=p,j=o
EX3:""fmi zkiwih fphfki hiqgn""->""the clever turtle reads"" [2] w=v,p=u
TOTAL:18/26

VOCAB_FILL
(no gaps; examples covered all target letters)

VER
CROSS:3/3 examples decrypt with final table

DECRYPT
W1: fiqzmih
 f->t
 i->e
 q->a
 z->c
 m->h
 i->e
 h->r
 = teacher
W2: hiqgn
 h->r (W1)
 i->e (W1)
 q->a (W1)
 g->d
 n->s
 = reads
W3: schhjh
 s->m
 c->i
 h->r (W1)
 h->r (W1)
 j->o
 h->r (W1)
 = mirror

CHECK
W1:""teacher"" len=7Y alpha=Y vocab=Y gaps=N PASS
W2:""reads"" len=5Y alpha=Y vocab=Y gaps=N PASS
W3:""mirror"" len=6Y alpha=Y vocab=Y gaps=N PASS
ALL:PASS 3/3 words

ANS=teacher reads mirror

\boxed{teacher reads mirror}"
290cc78d,"In Alice's Wonderland, secret encryption rules are used on text. Here are some examples:
gjt fcnd lnsaptoo pntcgto -> the dark princess creates
ncwwsg znsgto atcn uyntog -> rabbit writes near forest
gjt capstag pcg znsgto -> the ancient cat writes
gtcpjtn ogbfsto pnkogci -> teacher studies crystal
Now, decrypt the following text: gtcpjtn fnczo gjnybmj pcogit",teacher draws through castle,Text Encryption,"I identify this as a letter substitution cipher. I build a mapping from the examples, verify it, then decrypt the target word by word. I use the fixed answer vocabulary when the examples do not cover every letter. I ignore the flavor-text wrapper.

LEN
TGT:""gtcpjtn fnczo gjnybmj pcogit""
W1:7 W2:5 W3:7 W4:6

TABLE
EX1:""gjt fcnd lnsaptoo pntcgto""->""the dark princess creates"" [12] g=t,j=h,t=e,f=d,c=a,n=r,d=k,l=p,s=i,a=n,p=c,o=s
EX2:""ncwwsg znsgto atcn uyntog""->""rabbit writes near forest"" [4] w=b,z=w,u=f,y=o
EX3:""gjt capstag pcg znsgto""->""the ancient cat writes"" [0] none
EX4:""gtcpjtn ogbfsto pnkogci""->""teacher studies crystal"" [3] b=u,k=y,i=l
TOTAL:19/26

VOCAB_FILL
W3:gjnybmj pattern throu?h -> LOCK ""through"" (candidates: through)

VER
CROSS:4/4 examples decrypt with final table

DECRYPT
W1: gtcpjtn
 g->t
 t->e
 c->a
 p->c
 j->h
 t->e
 n->r
 = teacher
W2: fnczo
 f->d
 n->r (W1)
 c->a (W1)
 z->w
 o->s
 = draws
W3: gjnybmj
 g->t (W1)
 j->h (W1)
 n->r (W1)
 y->o
 b->u
 m->g
 j->h (W1)
 = through
W4: pcogit
 p->c (W1)
 c->a (W1)
 o->s (W2)
 g->t (W1)
 i->l
 t->e (W1)
 = castle

CHECK
W1:""teacher"" len=7Y alpha=Y vocab=Y gaps=N PASS
W2:""draws"" len=5Y alpha=Y vocab=Y gaps=N PASS
W3:""through"" len=7Y alpha=Y vocab=Y gaps=N PASS
W4:""castle"" len=6Y alpha=Y vocab=Y gaps=N PASS
ALL:PASS 4/4 words

ANS=teacher draws through castle

\boxed{teacher draws through castle}"
29164786,"In Alice's Wonderland, secret encryption rules are used on text. Here are some examples:
faiidp bpdaids krrp -> hatter creates door
clgofi hrvlk ifd sdbpdi krrp -> knight found the secret door
ifd albgdli ivpijd sivkgds -> the ancient turtle studies
qvddl hrjjrxs wau -> queen follows map
upglbdss kpaxs ifd fgkkdl basijd -> princess draws the hidden castle
Now, decrypt the following text: kpaorl xaibfds trrc",dragon watches book,Text Encryption,"I identify this as a letter substitution cipher. I build a mapping from the examples, verify it, then decrypt the target word by word. I use the fixed answer vocabulary when the examples do not cover every letter. I ignore the flavor-text wrapper.

LEN
TGT:""kpaorl xaibfds trrc""
W1:6 W2:7 W3:4

TABLE
EX1:""faiidp bpdaids krrp""->""hatter creates door"" [9] f=h,a=a,i=t,d=e,p=r,b=c,s=s,k=d,r=o
EX2:""clgofi hrvlk ifd sdbpdi krrp""->""knight found the secret door"" [6] c=k,l=n,g=i,o=g,h=f,v=u
EX3:""ifd albgdli ivpijd sivkgds""->""the ancient turtle studies"" [1] j=l
EX4:""qvddl hrjjrxs wau""->""queen follows map"" [4] q=q,x=w,w=m,u=p
EX5:""upglbdss kpaxs ifd fgkkdl basijd""->""princess draws the hidden castle"" [0] none
TOTAL:20/26

VOCAB_FILL
W3:trrc pattern ?ook -> LOCK ""book"" (candidates: book)

VER
CROSS:5/5 examples decrypt with final table

DECRYPT
W1: kpaorl
 k->d
 p->r
 a->a
 o->g
 r->o
 l->n
 = dragon
W2: xaibfds
 x->w
 a->a (W1)
 i->t
 b->c
 f->h
 d->e
 s->s
 = watches
W3: trrc
 t->b
 r->o (W1)
 r->o (W1)
 c->k
 = book

CHECK
W1:""dragon"" len=6Y alpha=Y vocab=Y gaps=N PASS
W2:""watches"" len=7Y alpha=Y vocab=Y gaps=N PASS
W3:""book"" len=4Y alpha=Y vocab=Y gaps=N PASS
ALL:PASS 3/3 words

ANS=dragon watches book

\boxed{dragon watches book}"
293e76a6,"In Alice's Wonderland, secret encryption rules are used on text. Here are some examples:
vrohzb mnnm hfycn iywakhra -> wizard sees above mountain
bzhjya mnnm kgn jypbna mndznk -> dragon sees the golden secret
kgn iemknzrywm zhffrk rihjranm -> the mysterious rabbit imagines
mkwbnak dghmnm kgn ihjrdhp mndznk -> student chases the magical secret
sarjgk tywab kgn mndznk ihu -> knight found the secret map
Now, decrypt the following text: kgn dypyztwp sarjgk brmdycnzm",the colorful knight discovers,Text Encryption,"I identify this as a letter substitution cipher. I build a mapping from the examples, verify it, then decrypt the target word by word. I use the fixed answer vocabulary when the examples do not cover every letter. I ignore the flavor-text wrapper.

LEN
TGT:""kgn dypyztwp sarjgk brmdycnzm""
W1:3 W2:8 W3:6 W4:9

TABLE
EX1:""vrohzb mnnm hfycn iywakhra""->""wizard sees above mountain"" [15] v=w,r=i,o=z,h=a,z=r,b=d,m=s,n=e,f=b,y=o,c=v,i=m,w=u,a=n,k=t
EX2:""bzhjya mnnm kgn jypbna mndznk""->""dragon sees the golden secret"" [4] j=g,g=h,p=l,d=c
EX3:""kgn iemknzrywm zhffrk rihjranm""->""the mysterious rabbit imagines"" [1] e=y
EX4:""mkwbnak dghmnm kgn ihjrdhp mndznk""->""student chases the magical secret"" [0] none
EX5:""sarjgk tywab kgn mndznk ihu""->""knight found the secret map"" [3] s=k,t=f,u=p
TOTAL:23/26

VOCAB_FILL
(no gaps; examples covered all target letters)

VER
CROSS:5/5 examples decrypt with final table

DECRYPT
W1: kgn
 k->t
 g->h
 n->e
 = the
W2: dypyztwp
 d->c
 y->o
 p->l
 y->o
 z->r
 t->f
 w->u
 p->l
 = colorful
W3: sarjgk
 s->k
 a->n
 r->i
 j->g
 g->h (W1)
 k->t (W1)
 = knight
W4: brmdycnzm
 b->d
 r->i (W3)
 m->s
 d->c (W2)
 y->o (W2)
 c->v
 n->e (W1)
 z->r (W2)
 m->s
 = discovers

CHECK
W1:""the"" len=3Y alpha=Y vocab=Y gaps=N PASS
W2:""colorful"" len=8Y alpha=Y vocab=Y gaps=N PASS
W3:""knight"" len=6Y alpha=Y vocab=Y gaps=N PASS
W4:""discovers"" len=9Y alpha=Y vocab=Y gaps=N PASS
ALL:PASS 4/4 words

ANS=the colorful knight discovers

\boxed{the colorful knight discovers}"
297c5a69,"In Alice's Wonderland, secret encryption rules are used on text. Here are some examples:
uhrrj xihbkrx xrvzri -> queen studies secret
irgvcrz rqmwnzrx yrt -> teacher explores key
bzgenj rqmwnzrx icr xrvzri xrvzri -> dragon explores the secret secret
mzkjvrxx bzrgpx mniknj -> princess dreams potion
Now, decrypt the following text: uhrrj xrrx icr xizgjer bnnz",queen sees the strange door,Text Encryption,"I identify this as a letter substitution cipher. I build a mapping from the examples, verify it, then decrypt the target word by word. I use the fixed answer vocabulary when the examples do not cover every letter. I ignore the flavor-text wrapper.

LEN
TGT:""uhrrj xrrx icr xizgjer bnnz""
W1:5 W2:4 W3:3 W4:7 W5:4

TABLE
EX1:""uhrrj xihbkrx xrvzri""->""queen studies secret"" [10] u=q,h=u,r=e,j=n,x=s,i=t,b=d,k=i,v=c,z=r
EX2:""irgvcrz rqmwnzrx yrt""->""teacher explores key"" [8] g=a,c=h,q=x,m=p,w=l,n=o,y=k,t=y
EX3:""bzgenj rqmwnzrx icr xrvzri xrvzri""->""dragon explores the secret secret"" [1] e=g
EX4:""mzkjvrxx bzrgpx mniknj""->""princess dreams potion"" [1] p=m
TOTAL:20/26

VOCAB_FILL
(no gaps; examples covered all target letters)

VER
CROSS:4/4 examples decrypt with final table

DECRYPT
W1: uhrrj
 u->q
 h->u
 r->e
 r->e
 j->n
 = queen
W2: xrrx
 x->s
 r->e (W1)
 r->e (W1)
 x->s
 = sees
W3: icr
 i->t
 c->h
 r->e (W1)
 = the
W4: xizgjer
 x->s (W2)
 i->t (W3)
 z->r
 g->a
 j->n (W1)
 e->g
 r->e (W1)
 = strange
W5: bnnz
 b->d
 n->o
 n->o
 z->r (W4)
 = door

CHECK
W1:""queen"" len=5Y alpha=Y vocab=Y gaps=N PASS
W2:""sees"" len=4Y alpha=Y vocab=Y gaps=N PASS
W3:""the"" len=3Y alpha=Y vocab=Y gaps=N PASS
W4:""strange"" len=7Y alpha=Y vocab=Y gaps=N PASS
W5:""door"" len=4Y alpha=Y vocab=Y gaps=N PASS
ALL:PASS 5/5 words

ANS=queen sees the strange door

\boxed{queen sees the strange door}"
299e9668,"In Alice's Wonderland, secret encryption rules are used on text. Here are some examples:
fso boimof ymqrtu moqyb -> the secret dragon reads
sqffom imoqfob qmtvuy iqbfpo -> hatter creates around castle
fso quigouf ngur ockptmob -> the ancient king explores
xgmy dmgfob iqbfpo -> bird writes castle
Now, decrypt the following text: mqxxgf etpptdb fsmtvrs iqbfpo",rabbit follows through castle,Text Encryption,"I identify this as a letter substitution cipher. I build a mapping from the examples, verify it, then decrypt the target word by word. I use the fixed answer vocabulary when the examples do not cover every letter. I ignore the flavor-text wrapper.

LEN
TGT:""mqxxgf etpptdb fsmtvrs iqbfpo""
W1:6 W2:7 W3:7 W4:6

TABLE
EX1:""fso boimof ymqrtu moqyb""->""the secret dragon reads"" [11] f=t,s=h,o=e,b=s,i=c,m=r,y=d,q=a,r=g,t=o,u=n
EX2:""sqffom imoqfob qmtvuy iqbfpo""->""hatter creates around castle"" [2] v=u,p=l
EX3:""fso quigouf ngur ockptmob""->""the ancient king explores"" [4] g=i,n=k,c=x,k=p
EX4:""xgmy dmgfob iqbfpo""->""bird writes castle"" [2] x=b,d=w
TOTAL:19/26

VOCAB_FILL
W2:etpptdb pattern ?ollows -> LOCK ""follows"" (candidates: follows)

VER
CROSS:4/4 examples decrypt with final table

DECRYPT
W1: mqxxgf
 m->r
 q->a
 x->b
 x->b
 g->i
 f->t
 = rabbit
W2: etpptdb
 e->f
 t->o
 p->l
 p->l
 t->o
 d->w
 b->s
 = follows
W3: fsmtvrs
 f->t (W1)
 s->h
 m->r (W1)
 t->o (W2)
 v->u
 r->g
 s->h
 = through
W4: iqbfpo
 i->c
 q->a (W1)
 b->s (W2)
 f->t (W1)
 p->l (W2)
 o->e
 = castle

CHECK
W1:""rabbit"" len=6Y alpha=Y vocab=Y gaps=N PASS
W2:""follows"" len=7Y alpha=Y vocab=Y gaps=N PASS
W3:""through"" len=7Y alpha=Y vocab=Y gaps=N PASS
W4:""castle"" len=6Y alpha=Y vocab=Y gaps=N PASS
ALL:PASS 4/4 words

ANS=rabbit follows through castle

\boxed{rabbit follows through castle}"
29ff0bff,"In Alice's Wonderland, secret encryption rules are used on text. Here are some examples:
fus uwttsv teolcv tesoma -> the hidden dragon dreams
kof srnicesa fus kcicejbi afceg -> cat explores the colorful story
qvwluf xofkusa wv hoiisg -> knight watches in valley
fus kcicejbi mcbas wmolwvsa -> the colorful mouse imagines
Now, decrypt the following text: uoffse xewfsa fuecblu mcbvfowv",hatter writes through mountain,Text Encryption,"I identify this as a letter substitution cipher. I build a mapping from the examples, verify it, then decrypt the target word by word. I use the fixed answer vocabulary when the examples do not cover every letter. I ignore the flavor-text wrapper.

LEN
TGT:""uoffse xewfsa fuecblu mcbvfowv""
W1:6 W2:6 W3:7 W4:8

TABLE
EX1:""fus uwttsv teolcv tesoma""->""the hidden dragon dreams"" [12] f=t,u=h,s=e,w=i,t=d,v=n,e=r,o=a,l=g,c=o,m=m,a=s
EX2:""kof srnicesa fus kcicejbi afceg""->""cat explores the colorful story"" [7] k=c,r=x,n=p,i=l,j=f,b=u,g=y
EX3:""qvwluf xofkusa wv hoiisg""->""knight watches in valley"" [3] q=k,x=w,h=v
EX4:""fus kcicejbi mcbas wmolwvsa""->""the colorful mouse imagines"" [0] none
TOTAL:22/26

VOCAB_FILL
(no gaps; examples covered all target letters)

VER
CROSS:4/4 examples decrypt with final table

DECRYPT
W1: uoffse
 u->h
 o->a
 f->t
 f->t
 s->e
 e->r
 = hatter
W2: xewfsa
 x->w
 e->r (W1)
 w->i
 f->t (W1)
 s->e (W1)
 a->s
 = writes
W3: fuecblu
 f->t (W1)
 u->h (W1)
 e->r (W1)
 c->o
 b->u
 l->g
 u->h (W1)
 = through
W4: mcbvfowv
 m->m
 c->o (W3)
 b->u (W3)
 v->n
 f->t (W1)
 o->a (W1)
 w->i (W2)
 v->n
 = mountain

CHECK
W1:""hatter"" len=6Y alpha=Y vocab=Y gaps=N PASS
W2:""writes"" len=6Y alpha=Y vocab=Y gaps=N PASS
W3:""through"" len=7Y alpha=Y vocab=Y gaps=N PASS
W4:""mountain"" len=8Y alpha=Y vocab=Y gaps=N PASS
ALL:PASS 4/4 words

ANS=hatter writes through mountain

\boxed{hatter writes through mountain}"
2a3f9108,"In Alice's Wonderland, secret encryption rules are used on text. Here are some examples:
zemqoy horqtrx tjr hioeuix srxxqwr -> wizard creates the curious message
tjr xtoqlwr airrl horqtrx -> the strange queen creates
vlewjt xtiyerx tjr xrhort xtuof -> knight studies the secret story
Now, decrypt the following text: yoqwul orqyx yuuo",dragon reads door,Text Encryption,"I identify this as a letter substitution cipher. I build a mapping from the examples, verify it, then decrypt the target word by word. I use the fixed answer vocabulary when the examples do not cover every letter. I ignore the flavor-text wrapper.

LEN
TGT:""yoqwul orqyx yuuo""
W1:6 W2:5 W3:4

TABLE
EX1:""zemqoy horqtrx tjr hioeuix srxxqwr""->""wizard creates the curious message"" [15] z=w,e=i,m=z,q=a,o=r,y=d,h=c,r=e,t=t,x=s,j=h,i=u,u=o,s=m,w=g
EX2:""tjr xtoqlwr airrl horqtrx""->""the strange queen creates"" [2] l=n,a=q
EX3:""vlewjt xtiyerx tjr xrhort xtuof""->""knight studies the secret story"" [2] v=k,f=y
TOTAL:19/26

VOCAB_FILL
(no gaps; examples covered all target letters)

VER
CROSS:3/3 examples decrypt with final table

DECRYPT
W1: yoqwul
 y->d
 o->r
 q->a
 w->g
 u->o
 l->n
 = dragon
W2: orqyx
 o->r (W1)
 r->e
 q->a (W1)
 y->d (W1)
 x->s
 = reads
W3: yuuo
 y->d (W1)
 u->o (W1)
 u->o (W1)
 o->r (W1)
 = door

CHECK
W1:""dragon"" len=6Y alpha=Y vocab=Y gaps=N PASS
W2:""reads"" len=5Y alpha=Y vocab=Y gaps=N PASS
W3:""door"" len=4Y alpha=Y vocab=Y gaps=N PASS
ALL:PASS 3/3 words

ANS=dragon reads door

\boxed{dragon reads door}"
2a6c343e,"In Alice's Wonderland, secret encryption rules are used on text. Here are some examples:
priiwy crynfbm riaxb caezbporez -> rabbit watches above wonderland
yfb cwmb fryybp myuzwbm -> the wise hatter studies
yupyob pbrzm vrh -> turtle reads map
yfb mbnpby myuzbey kaooacm -> the secret student follows
yfb nobxbp fryybp kauez -> the clever hatter found
Now, decrypt the following text: ybrnfbp pbrzm riaxb kapbmy",teacher reads above forest,Text Encryption,"I identify this as a letter substitution cipher. I build a mapping from the examples, verify it, then decrypt the target word by word. I use the fixed answer vocabulary when the examples do not cover every letter. I ignore the flavor-text wrapper.

LEN
TGT:""ybrnfbp pbrzm riaxb kapbmy""
W1:7 W2:5 W3:5 W4:6

TABLE
EX1:""priiwy crynfbm riaxb caezbporez""->""rabbit watches above wonderland"" [15] p=r,r=a,i=b,w=i,y=t,c=w,n=c,f=h,b=e,m=s,a=o,x=v,e=n,z=d,o=l
EX2:""yfb cwmb fryybp myuzwbm""->""the wise hatter studies"" [1] u=u
EX3:""yupyob pbrzm vrh""->""turtle reads map"" [2] v=m,h=p
EX4:""yfb mbnpby myuzbey kaooacm""->""the secret student follows"" [1] k=f
EX5:""yfb nobxbp fryybp kauez""->""the clever hatter found"" [0] none
TOTAL:19/26

VOCAB_FILL
(no gaps; examples covered all target letters)

VER
CROSS:5/5 examples decrypt with final table

DECRYPT
W1: ybrnfbp
 y->t
 b->e
 r->a
 n->c
 f->h
 b->e
 p->r
 = teacher
W2: pbrzm
 p->r (W1)
 b->e (W1)
 r->a (W1)
 z->d
 m->s
 = reads
W3: riaxb
 r->a (W1)
 i->b
 a->o
 x->v
 b->e (W1)
 = above
W4: kapbmy
 k->f
 a->o (W3)
 p->r (W1)
 b->e (W1)
 m->s (W2)
 y->t (W1)
 = forest

CHECK
W1:""teacher"" len=7Y alpha=Y vocab=Y gaps=N PASS
W2:""reads"" len=5Y alpha=Y vocab=Y gaps=N PASS
W3:""above"" len=5Y alpha=Y vocab=Y gaps=N PASS
W4:""forest"" len=6Y alpha=Y vocab=Y gaps=N PASS
ALL:PASS 4/4 words

ANS=teacher reads above forest

\boxed{teacher reads above forest}"
2a8957eb,"In Alice's Wonderland, secret encryption rules are used on text. Here are some examples:
dghoygi qimdgj dyg pfjdgimruj lrdmrk -> teacher writes the mysterious potion
cmkt gwlsrigj lueesg -> king explores puzzle
dghoygi vrssrqj dighjuig -> teacher follows treasure
Now, decrypt the following text: dghoygi mphtmkgj mkjmbg thibgk",teacher imagines inside garden,Text Encryption,"I identify this as a letter substitution cipher. I build a mapping from the examples, verify it, then decrypt the target word by word. I use the fixed answer vocabulary when the examples do not cover every letter. I ignore the flavor-text wrapper.

LEN
TGT:""dghoygi mphtmkgj mkjmbg thibgk""
W1:7 W2:8 W3:6 W4:6

TABLE
EX1:""dghoygi qimdgj dyg pfjdgimruj lrdmrk""->""teacher writes the mysterious potion"" [15] d=t,g=e,h=a,o=c,y=h,i=r,q=w,m=i,j=s,p=m,f=y,r=o,u=u,l=p,k=n
EX2:""cmkt gwlsrigj lueesg""->""king explores puzzle"" [5] c=k,t=g,w=x,s=l,e=z
EX3:""dghoygi vrssrqj dighjuig""->""teacher follows treasure"" [1] v=f
TOTAL:21/26

VOCAB_FILL
W3:mkjmbg pattern insi?e -> LOCK ""inside"" (candidates: inside)
W4:thibgk pattern gar?en -> LOCK ""garden"" (candidates: garden)

VER
CROSS:3/3 examples decrypt with final table

DECRYPT
W1: dghoygi
 d->t
 g->e
 h->a
 o->c
 y->h
 g->e
 i->r
 = teacher
W2: mphtmkgj
 m->i
 p->m
 h->a (W1)
 t->g
 m->i
 k->n
 g->e (W1)
 j->s
 = imagines
W3: mkjmbg
 m->i (W2)
 k->n (W2)
 j->s (W2)
 m->i (W2)
 b->d
 g->e (W1)
 = inside
W4: thibgk
 t->g (W2)
 h->a (W1)
 i->r (W1)
 b->d (W3)
 g->e (W1)
 k->n (W2)
 = garden

CHECK
W1:""teacher"" len=7Y alpha=Y vocab=Y gaps=N PASS
W2:""imagines"" len=8Y alpha=Y vocab=Y gaps=N PASS
W3:""inside"" len=6Y alpha=Y vocab=Y gaps=N PASS
W4:""garden"" len=6Y alpha=Y vocab=Y gaps=N PASS
ALL:PASS 4/4 words

ANS=teacher imagines inside garden

\boxed{teacher imagines inside garden}"
2aac7118,"In Alice's Wonderland, secret encryption rules are used on text. Here are some examples:
nwonuq snwaxqs ngq gxaaqb lqj -> turtle studies the hidden key
ozppxn xvzkxbqs hzsnuq -> rabbit imagines castle
ixrzoa sqqs ngq vzkxhzu cenxeb -> wizard sees the magical potion
coxbhqss ioxnqs zoewba hzfq -> princess writes around cave
ngq azol vewsq deuueis -> the dark mouse follows
Now, decrypt the following text: ngq vjsnqoxews pxoa hgzsqs",the mysterious bird chases,Text Encryption,"I identify this as a letter substitution cipher. I build a mapping from the examples, verify it, then decrypt the target word by word. I use the fixed answer vocabulary when the examples do not cover every letter. I ignore the flavor-text wrapper.

LEN
TGT:""ngq vjsnqoxews pxoa hgzsqs""
W1:3 W2:10 W3:4 W4:6

TABLE
EX1:""nwonuq snwaxqs ngq gxaaqb lqj""->""turtle studies the hidden key"" [12] n=t,w=u,o=r,u=l,q=e,s=s,a=d,x=i,g=h,b=n,l=k,j=y
EX2:""ozppxn xvzkxbqs hzsnuq""->""rabbit imagines castle"" [5] z=a,p=b,v=m,k=g,h=c
EX3:""ixrzoa sqqs ngq vzkxhzu cenxeb""->""wizard sees the magical potion"" [4] i=w,r=z,c=p,e=o
EX4:""coxbhqss ioxnqs zoewba hzfq""->""princess writes around cave"" [1] f=v
EX5:""ngq azol vewsq deuueis""->""the dark mouse follows"" [1] d=f
TOTAL:23/26

VOCAB_FILL
(no gaps; examples covered all target letters)

VER
CROSS:5/5 examples decrypt with final table

DECRYPT
W1: ngq
 n->t
 g->h
 q->e
 = the
W2: vjsnqoxews
 v->m
 j->y
 s->s
 n->t (W1)
 q->e (W1)
 o->r
 x->i
 e->o
 w->u
 s->s
 = mysterious
W3: pxoa
 p->b
 x->i (W2)
 o->r (W2)
 a->d
 = bird
W4: hgzsqs
 h->c
 g->h (W1)
 z->a
 s->s (W2)
 q->e (W1)
 s->s (W2)
 = chases

CHECK
W1:""the"" len=3Y alpha=Y vocab=Y gaps=N PASS
W2:""mysterious"" len=10Y alpha=Y vocab=Y gaps=N PASS
W3:""bird"" len=4Y alpha=Y vocab=Y gaps=N PASS
W4:""chases"" len=6Y alpha=Y vocab=Y gaps=N PASS
ALL:PASS 4/4 words

ANS=the mysterious bird chases

\boxed{the mysterious bird chases}"
2af11abc,"In Alice's Wonderland, secret encryption rules are used on text. Here are some examples:
zbgx iykevlic aui mdlbvdc tfk -> king explores the curious map
aui wlbxua zbgx jveevqc -> the bright king follows
lfwwba qfamuic aui tfxbmfe tfk -> rabbit watches the magical map
Now, decrypt the following text: cadhiga hlfqc aui mdlbvdc zir",student draws the curious key,Text Encryption,"I identify this as a letter substitution cipher. I build a mapping from the examples, verify it, then decrypt the target word by word. I use the fixed answer vocabulary when the examples do not cover every letter. I ignore the flavor-text wrapper.

LEN
TGT:""cadhiga hlfqc aui mdlbvdc zir""
W1:7 W2:5 W3:3 W4:7 W5:3

TABLE
EX1:""zbgx iykevlic aui mdlbvdc tfk""->""king explores the curious map"" [17] z=k,b=i,g=n,x=g,i=e,y=x,k=p,e=l,v=o,l=r,c=s,a=t,u=h,m=c,d=u,t=m,f=a
EX2:""aui wlbxua zbgx jveevqc""->""the bright king follows"" [3] w=b,j=f,q=w
EX3:""lfwwba qfamuic aui tfxbmfe tfk""->""rabbit watches the magical map"" [0] none
TOTAL:20/26

VOCAB_FILL
W1:cadhiga pattern stu?ent -> LOCK ""student"" (candidates: student)
W2:hlfqc pattern ?raws -> LOCK ""draws"" (candidates: draws)
W5:zir pattern ke? -> LOCK ""key"" (candidates: key)

VER
CROSS:3/3 examples decrypt with final table

DECRYPT
W1: cadhiga
 c->s
 a->t
 d->u
 h->d
 i->e
 g->n
 a->t
 = student
W2: hlfqc
 h->d (W1)
 l->r
 f->a
 q->w
 c->s (W1)
 = draws
W3: aui
 a->t (W1)
 u->h
 i->e (W1)
 = the
W4: mdlbvdc
 m->c
 d->u (W1)
 l->r (W2)
 b->i
 v->o
 d->u (W1)
 c->s (W1)
 = curious
W5: zir
 z->k
 i->e (W1)
 r->y
 = key

CHECK
W1:""student"" len=7Y alpha=Y vocab=Y gaps=N PASS
W2:""draws"" len=5Y alpha=Y vocab=Y gaps=N PASS
W3:""the"" len=3Y alpha=Y vocab=Y gaps=N PASS
W4:""curious"" len=7Y alpha=Y vocab=Y gaps=N PASS
W5:""key"" len=3Y alpha=Y vocab=Y gaps=N PASS
ALL:PASS 5/5 words

ANS=student draws the curious key

\boxed{student draws the curious key}"
2af69b67,"In Alice's Wonderland, secret encryption rules are used on text. Here are some examples:
jmr nuajrxowia ajifrcj bxryjra -> the mysterious student creates
gxocbraa twhhwqa jmr nuajrxowia nraayzr -> princess follows the mysterious message
jmr ajxyczr fxyzwc twhhwqa -> the strange dragon follows
Now, decrypt the following text: vcozmj twicf jmr lxozmj arbxrj",knight found the bright secret,Text Encryption,"I identify this as a letter substitution cipher. I build a mapping from the examples, verify it, then decrypt the target word by word. I use the fixed answer vocabulary when the examples do not cover every letter. I ignore the flavor-text wrapper.

LEN
TGT:""vcozmj twicf jmr lxozmj arbxrj""
W1:6 W2:5 W3:3 W4:6 W5:6

TABLE
EX1:""jmr nuajrxowia ajifrcj bxryjra""->""the mysterious student creates"" [14] j=t,m=h,r=e,n=m,u=y,a=s,x=r,o=i,w=o,i=u,f=d,c=n,b=c,y=a
EX2:""gxocbraa twhhwqa jmr nuajrxowia nraayzr""->""princess follows the mysterious message"" [5] g=p,t=f,h=l,q=w,z=g
EX3:""jmr ajxyczr fxyzwc twhhwqa""->""the strange dragon follows"" [0] none
TOTAL:19/26

VOCAB_FILL
W1:vcozmj pattern ?night -> LOCK ""knight"" (candidates: knight)
W4:lxozmj pattern ?right -> LOCK ""bright"" (candidates: bright)

VER
CROSS:3/3 examples decrypt with final table

DECRYPT
W1: vcozmj
 v->k
 c->n
 o->i
 z->g
 m->h
 j->t
 = knight
W2: twicf
 t->f
 w->o
 i->u
 c->n (W1)
 f->d
 = found
W3: jmr
 j->t (W1)
 m->h (W1)
 r->e
 = the
W4: lxozmj
 l->b
 x->r
 o->i (W1)
 z->g (W1)
 m->h (W1)
 j->t (W1)
 = bright
W5: arbxrj
 a->s
 r->e (W3)
 b->c
 x->r (W4)
 r->e (W3)
 j->t (W1)
 = secret

CHECK
W1:""knight"" len=6Y alpha=Y vocab=Y gaps=N PASS
W2:""found"" len=5Y alpha=Y vocab=Y gaps=N PASS
W3:""the"" len=3Y alpha=Y vocab=Y gaps=N PASS
W4:""bright"" len=6Y alpha=Y vocab=Y gaps=N PASS
W5:""secret"" len=6Y alpha=Y vocab=Y gaps=N PASS
ALL:PASS 5/5 words

ANS=knight found the bright secret

\boxed{knight found the bright secret}"
2b69a438,"In Alice's Wonderland, secret encryption rules are used on text. Here are some examples:
pqnhyfvv vffv mwf vnsofq vfyqfm -> princess sees the silver secret
zntaqj yqfamfv efvvaif -> wizard creates message
pqnhyfvv jqazv aqrchj mrzfq -> princess draws around tower
xhniwm zqnmfv yqkvmas -> knight writes crystal
Now, decrypt the following text: dcffh qfajv aqrchj erchmanh",queen reads around mountain,Text Encryption,"I identify this as a letter substitution cipher. I build a mapping from the examples, verify it, then decrypt the target word by word. I use the fixed answer vocabulary when the examples do not cover every letter. I ignore the flavor-text wrapper.

LEN
TGT:""dcffh qfajv aqrchj erchmanh""
W1:5 W2:5 W3:6 W4:8

TABLE
EX1:""pqnhyfvv vffv mwf vnsofq vfyqfm""->""princess sees the silver secret"" [11] p=p,q=r,n=i,h=n,y=c,f=e,v=s,m=t,w=h,s=l,o=v
EX2:""zntaqj yqfamfv efvvaif""->""wizard creates message"" [6] z=w,t=z,a=a,j=d,e=m,i=g
EX3:""pqnhyfvv jqazv aqrchj mrzfq""->""princess draws around tower"" [2] r=o,c=u
EX4:""xhniwm zqnmfv yqkvmas""->""knight writes crystal"" [2] x=k,k=y
TOTAL:21/26

VOCAB_FILL
W1:dcffh pattern ?ueen -> LOCK ""queen"" (candidates: queen)

VER
CROSS:4/4 examples decrypt with final table

DECRYPT
W1: dcffh
 d->q
 c->u
 f->e
 f->e
 h->n
 = queen
W2: qfajv
 q->r
 f->e (W1)
 a->a
 j->d
 v->s
 = reads
W3: aqrchj
 a->a (W2)
 q->r (W2)
 r->o
 c->u (W1)
 h->n (W1)
 j->d (W2)
 = around
W4: erchmanh
 e->m
 r->o (W3)
 c->u (W1)
 h->n (W1)
 m->t
 a->a (W2)
 n->i
 h->n (W1)
 = mountain

CHECK
W1:""queen"" len=5Y alpha=Y vocab=Y gaps=N PASS
W2:""reads"" len=5Y alpha=Y vocab=Y gaps=N PASS
W3:""around"" len=6Y alpha=Y vocab=Y gaps=N PASS
W4:""mountain"" len=8Y alpha=Y vocab=Y gaps=N PASS
ALL:PASS 4/4 words

ANS=queen reads around mountain

\boxed{queen reads around mountain}"
2b709308,"In Alice's Wonderland, secret encryption rules are used on text. Here are some examples:
zmuuw puosl gullobu -> queen reads message
gfmlu puosl keu evssuw cut -> mouse reads the hidden key
spobfw luul keu sopc luxpuk -> dragon sees the dark secret
ivps npvkul goh -> bird writes map
Now, decrypt the following text: gfmlu svlxfqupl sffp",mouse discovers door,Text Encryption,"I identify this as a letter substitution cipher. I build a mapping from the examples, verify it, then decrypt the target word by word. I use the fixed answer vocabulary when the examples do not cover every letter. I ignore the flavor-text wrapper.

LEN
TGT:""gfmlu svlxfqupl sffp""
W1:5 W2:9 W3:4

TABLE
EX1:""zmuuw puosl gullobu""->""queen reads message"" [10] z=q,m=u,u=e,w=n,p=r,o=a,s=d,l=s,g=m,b=g
EX2:""gfmlu puosl keu evssuw cut""->""mouse reads the hidden key"" [6] f=o,k=t,e=h,v=i,c=k,t=y
EX3:""spobfw luul keu sopc luxpuk""->""dragon sees the dark secret"" [1] x=c
EX4:""ivps npvkul goh""->""bird writes map"" [3] i=b,n=w,h=p
TOTAL:20/26

VOCAB_FILL
W2:svlxfqupl pattern disco?ers -> LOCK ""discovers"" (candidates: discovers)

VER
CROSS:4/4 examples decrypt with final table

DECRYPT
W1: gfmlu
 g->m
 f->o
 m->u
 l->s
 u->e
 = mouse
W2: svlxfqupl
 s->d
 v->i
 l->s (W1)
 x->c
 f->o (W1)
 q->v
 u->e (W1)
 p->r
 l->s (W1)
 = discovers
W3: sffp
 s->d (W2)
 f->o (W1)
 f->o (W1)
 p->r (W2)
 = door

CHECK
W1:""mouse"" len=5Y alpha=Y vocab=Y gaps=N PASS
W2:""discovers"" len=9Y alpha=Y vocab=Y gaps=N PASS
W3:""door"" len=4Y alpha=Y vocab=Y gaps=N PASS
ALL:PASS 3/3 words

ANS=mouse discovers door

\boxed{mouse discovers door}"
2b9561a1,"In Alice's Wonderland, secret encryption rules are used on text. Here are some examples:
ypeyoj tcpai ylecpwl nvookwj -> turtle found through village
ekggvy zejkyjr kgcnj ycqje -> rabbit creates above tower
ekggvy rjjr kecpai ycqje -> rabbit sees around tower
ylj wcoija ekggvy tcoocqr -> the golden rabbit follows
iekwca rypivjr hjrrkwj -> dragon studies message
Now, decrypt the following text: ylj zojnje mavwly jfdocejr",the clever knight explores,Text Encryption,"I identify this as a letter substitution cipher. I build a mapping from the examples, verify it, then decrypt the target word by word. I use the fixed answer vocabulary when the examples do not cover every letter. I ignore the flavor-text wrapper.

LEN
TGT:""ylj zojnje mavwly jfdocejr""
W1:3 W2:6 W3:6 W4:8

TABLE
EX1:""ypeyoj tcpai ylecpwl nvookwj""->""turtle found through village"" [14] y=t,p=u,e=r,o=l,j=e,t=f,c=o,a=n,i=d,l=h,w=g,n=v,v=i,k=a
EX2:""ekggvy zejkyjr kgcnj ycqje""->""rabbit creates above tower"" [4] g=b,z=c,r=s,q=w
EX3:""ekggvy rjjr kecpai ycqje""->""rabbit sees around tower"" [0] none
EX4:""ylj wcoija ekggvy tcoocqr""->""the golden rabbit follows"" [0] none
EX5:""iekwca rypivjr hjrrkwj""->""dragon studies message"" [1] h=m
TOTAL:19/26

VOCAB_FILL
W3:mavwly pattern ?night -> LOCK ""knight"" (candidates: knight)
W4:jfdocejr pattern e??lores -> LOCK ""explores"" (candidates: explores)

VER
CROSS:5/5 examples decrypt with final table

DECRYPT
W1: ylj
 y->t
 l->h
 j->e
 = the
W2: zojnje
 z->c
 o->l
 j->e (W1)
 n->v
 j->e (W1)
 e->r
 = clever
W3: mavwly
 m->k
 a->n
 v->i
 w->g
 l->h (W1)
 y->t (W1)
 = knight
W4: jfdocejr
 j->e (W1)
 f->x
 d->p
 o->l (W2)
 c->o
 e->r (W2)
 j->e (W1)
 r->s
 = explores

CHECK
W1:""the"" len=3Y alpha=Y vocab=Y gaps=N PASS
W2:""clever"" len=6Y alpha=Y vocab=Y gaps=N PASS
W3:""knight"" len=6Y alpha=Y vocab=Y gaps=N PASS
W4:""explores"" len=8Y alpha=Y vocab=Y gaps=N PASS
ALL:PASS 4/4 words

ANS=the clever knight explores

\boxed{the clever knight explores}"
2bd4edeb,"In Alice's Wonderland, secret encryption rules are used on text. Here are some examples:
fje qewnef nkvvpf wnekfeq -> the secret rabbit creates
kapwe xnekzq zkb -> alice dreams map
ftnfae wjkqeq pcqpxe dknxec -> turtle chases inside garden
rpcd goaaouq fje upqe bofpoc -> king follows the wise potion
Now, decrypt the following text: fje upqe jkffen xnkuq",the wise hatter draws,Text Encryption,"I identify this as a letter substitution cipher. I build a mapping from the examples, verify it, then decrypt the target word by word. I use the fixed answer vocabulary when the examples do not cover every letter. I ignore the flavor-text wrapper.

LEN
TGT:""fje upqe jkffen xnkuq""
W1:3 W2:4 W3:6 W4:5

TABLE
EX1:""fje qewnef nkvvpf wnekfeq""->""the secret rabbit creates"" [9] f=t,j=h,e=e,q=s,w=c,n=r,k=a,v=b,p=i
EX2:""kapwe xnekzq zkb""->""alice dreams map"" [4] a=l,x=d,z=m,b=p
EX3:""ftnfae wjkqeq pcqpxe dknxec""->""turtle chases inside garden"" [3] t=u,c=n,d=g
EX4:""rpcd goaaouq fje upqe bofpoc""->""king follows the wise potion"" [4] r=k,g=f,o=o,u=w
TOTAL:20/26

VOCAB_FILL
(no gaps; examples covered all target letters)

VER
CROSS:4/4 examples decrypt with final table

DECRYPT
W1: fje
 f->t
 j->h
 e->e
 = the
W2: upqe
 u->w
 p->i
 q->s
 e->e (W1)
 = wise
W3: jkffen
 j->h (W1)
 k->a
 f->t (W1)
 f->t (W1)
 e->e (W1)
 n->r
 = hatter
W4: xnkuq
 x->d
 n->r (W3)
 k->a (W3)
 u->w (W2)
 q->s (W2)
 = draws

CHECK
W1:""the"" len=3Y alpha=Y vocab=Y gaps=N PASS
W2:""wise"" len=4Y alpha=Y vocab=Y gaps=N PASS
W3:""hatter"" len=6Y alpha=Y vocab=Y gaps=N PASS
W4:""draws"" len=5Y alpha=Y vocab=Y gaps=N PASS
ALL:PASS 4/4 words

ANS=the wise hatter draws

\boxed{the wise hatter draws}"
2c3368cf,"In Alice's Wonderland, secret encryption rules are used on text. Here are some examples:
kwc qcxpck fphsxcqq xwbqcq -> the secret princess chases
mhpj jhqxodcpq kwc xonopivn qcxpck -> bird discovers the colorful secret
kwc xonopivn mhpj ionnorq -> the colorful bird follows
Now, decrypt the following text: xbk cyfnopcq joop",cat explores door,Text Encryption,"I identify this as a letter substitution cipher. I build a mapping from the examples, verify it, then decrypt the target word by word. I use the fixed answer vocabulary when the examples do not cover every letter. I ignore the flavor-text wrapper.

LEN
TGT:""xbk cyfnopcq joop""
W1:3 W2:8 W3:4

TABLE
EX1:""kwc qcxpck fphsxcqq xwbqcq""->""the secret princess chases"" [10] k=t,w=h,c=e,q=s,x=c,p=r,f=p,h=i,s=n,b=a
EX2:""mhpj jhqxodcpq kwc xonopivn qcxpck""->""bird discovers the colorful secret"" [7] m=b,j=d,o=o,d=v,n=l,i=f,v=u
EX3:""kwc xonopivn mhpj ionnorq""->""the colorful bird follows"" [1] r=w
TOTAL:18/26

VOCAB_FILL
W2:cyfnopcq pattern e?plores -> LOCK ""explores"" (candidates: explores)

VER
CROSS:3/3 examples decrypt with final table

DECRYPT
W1: xbk
 x->c
 b->a
 k->t
 = cat
W2: cyfnopcq
 c->e
 y->x
 f->p
 n->l
 o->o
 p->r
 c->e
 q->s
 = explores
W3: joop
 j->d
 o->o (W2)
 o->o (W2)
 p->r (W2)
 = door

CHECK
W1:""cat"" len=3Y alpha=Y vocab=Y gaps=N PASS
W2:""explores"" len=8Y alpha=Y vocab=Y gaps=N PASS
W3:""door"" len=4Y alpha=Y vocab=Y gaps=N PASS
ALL:PASS 3/3 words

ANS=cat explores door

\boxed{cat explores door}"
2c5372e8,"In Alice's Wonderland, secret encryption rules are used on text. Here are some examples:
nxivoy dsmxh usyisx -> knight found potion
yjfqojp pjfhw usyisx -> teacher reads potion
qfy hpjflw lippsp -> cat dreams mirror
Now, decrypt the following text: yoj vschjx nxivoy wymhijw",the golden knight studies,Text Encryption,"I identify this as a letter substitution cipher. I build a mapping from the examples, verify it, then decrypt the target word by word. I use the fixed answer vocabulary when the examples do not cover every letter. I ignore the flavor-text wrapper.

LEN
TGT:""yoj vschjx nxivoy wymhijw""
W1:3 W2:6 W3:6 W4:7

TABLE
EX1:""nxivoy dsmxh usyisx""->""knight found potion"" [11] n=k,x=n,i=i,v=g,o=h,y=t,d=f,s=o,m=u,h=d,u=p
EX2:""yjfqojp pjfhw usyisx""->""teacher reads potion"" [5] j=e,f=a,q=c,p=r,w=s
EX3:""qfy hpjflw lippsp""->""cat dreams mirror"" [1] l=m
TOTAL:17/26

VOCAB_FILL
W2:vschjx pattern go?den -> LOCK ""golden"" (candidates: golden)

VER
CROSS:3/3 examples decrypt with final table

DECRYPT
W1: yoj
 y->t
 o->h
 j->e
 = the
W2: vschjx
 v->g
 s->o
 c->l
 h->d
 j->e (W1)
 x->n
 = golden
W3: nxivoy
 n->k
 x->n (W2)
 i->i
 v->g (W2)
 o->h (W1)
 y->t (W1)
 = knight
W4: wymhijw
 w->s
 y->t (W1)
 m->u
 h->d (W2)
 i->i (W3)
 j->e (W1)
 w->s
 = studies

CHECK
W1:""the"" len=3Y alpha=Y vocab=Y gaps=N PASS
W2:""golden"" len=6Y alpha=Y vocab=Y gaps=N PASS
W3:""knight"" len=6Y alpha=Y vocab=Y gaps=N PASS
W4:""studies"" len=7Y alpha=Y vocab=Y gaps=N PASS
ALL:PASS 4/4 words

ANS=the golden knight studies

\boxed{the golden knight studies}"
2c680884,"In Alice's Wonderland, secret encryption rules are used on text. Here are some examples:
jmooda tolhcdt fdsxnh vcfamas -> hatter studies beyond library
tolhdno wxvvxqt ojd tdyado blggvd -> student follows the secret puzzle
plddn ckmicndt ojd yxvxawlv bxocxn -> queen imagines the colorful potion
Now, decrypt the following text: fcah ckmicndt ojd toamnid oadmtlad",bird imagines the strange treasure,Text Encryption,"I identify this as a letter substitution cipher. I build a mapping from the examples, verify it, then decrypt the target word by word. I use the fixed answer vocabulary when the examples do not cover every letter. I ignore the flavor-text wrapper.

LEN
TGT:""fcah ckmicndt ojd toamnid oadmtlad""
W1:4 W2:8 W3:3 W4:7 W5:8

TABLE
EX1:""jmooda tolhcdt fdsxnh vcfamas""->""hatter studies beyond library"" [14] j=h,m=a,o=t,d=e,a=r,t=s,l=u,h=d,c=i,f=b,s=y,x=o,n=n,v=l
EX2:""tolhdno wxvvxqt ojd tdyado blggvd""->""student follows the secret puzzle"" [5] w=f,q=w,y=c,b=p,g=z
EX3:""plddn ckmicndt ojd yxvxawlv bxocxn""->""queen imagines the colorful potion"" [3] p=q,k=m,i=g
TOTAL:22/26

VOCAB_FILL
(no gaps; examples covered all target letters)

VER
CROSS:3/3 examples decrypt with final table

DECRYPT
W1: fcah
 f->b
 c->i
 a->r
 h->d
 = bird
W2: ckmicndt
 c->i (W1)
 k->m
 m->a
 i->g
 c->i (W1)
 n->n
 d->e
 t->s
 = imagines
W3: ojd
 o->t
 j->h
 d->e (W2)
 = the
W4: toamnid
 t->s (W2)
 o->t (W3)
 a->r (W1)
 m->a (W2)
 n->n (W2)
 i->g (W2)
 d->e (W2)
 = strange
W5: oadmtlad
 o->t (W3)
 a->r (W1)
 d->e (W2)
 m->a (W2)
 t->s (W2)
 l->u
 a->r (W1)
 d->e (W2)
 = treasure

CHECK
W1:""bird"" len=4Y alpha=Y vocab=Y gaps=N PASS
W2:""imagines"" len=8Y alpha=Y vocab=Y gaps=N PASS
W3:""the"" len=3Y alpha=Y vocab=Y gaps=N PASS
W4:""strange"" len=7Y alpha=Y vocab=Y gaps=N PASS
W5:""treasure"" len=8Y alpha=Y vocab=Y gaps=N PASS
ALL:PASS 5/5 words

ANS=bird imagines the strange treasure

\boxed{bird imagines the strange treasure}"
2c987a57,"In Alice's Wonderland, secret encryption rules are used on text. Here are some examples:
idhfxdt tdhqa ftnaihp -> teacher reads crystal
thssgi vcppcwa adftdi -> rabbit follows secret
hpgfd adda ixd wgad sccy -> alice sees the wise book
yogzxi vcmoq zhtqdo -> knight found garden
Now, decrypt the following text: ygoz vcmoq fhaipd",king found castle,Text Encryption,"I identify this as a letter substitution cipher. I build a mapping from the examples, verify it, then decrypt the target word by word. I use the fixed answer vocabulary when the examples do not cover every letter. I ignore the flavor-text wrapper.

LEN
TGT:""ygoz vcmoq fhaipd""
W1:4 W2:5 W3:6

TABLE
EX1:""idhfxdt tdhqa ftnaihp""->""teacher reads crystal"" [10] i=t,d=e,h=a,f=c,x=h,t=r,q=d,a=s,n=y,p=l
EX2:""thssgi vcppcwa adftdi""->""rabbit follows secret"" [5] s=b,g=i,v=f,c=o,w=w
EX3:""hpgfd adda ixd wgad sccy""->""alice sees the wise book"" [1] y=k
EX4:""yogzxi vcmoq zhtqdo""->""knight found garden"" [3] o=n,z=g,m=u
TOTAL:19/26

VOCAB_FILL
(no gaps; examples covered all target letters)

VER
CROSS:4/4 examples decrypt with final table

DECRYPT
W1: ygoz
 y->k
 g->i
 o->n
 z->g
 = king
W2: vcmoq
 v->f
 c->o
 m->u
 o->n (W1)
 q->d
 = found
W3: fhaipd
 f->c
 h->a
 a->s
 i->t
 p->l
 d->e
 = castle

CHECK
W1:""king"" len=4Y alpha=Y vocab=Y gaps=N PASS
W2:""found"" len=5Y alpha=Y vocab=Y gaps=N PASS
W3:""castle"" len=6Y alpha=Y vocab=Y gaps=N PASS
ALL:PASS 3/3 words

ANS=king found castle

\boxed{king found castle}"
2d8c0e01,"In Alice's Wonderland, secret encryption rules are used on text. Here are some examples:
brqve yrddrzv peoc fovade -> mouse follows near castle
vaqjepa ehndrcev aie opfsepa bon -> student explores the ancient map
aie fdegec vaqjepa fiovev -> the clever student chases
lscj yrddrzv bsccrc -> bird follows mirror
aie jock ncspfevv yrddrzv -> the dark princess follows
Now, decrypt the following text: tqeep vaqjsev aie vacopwe jrrc",queen studies the strange door,Text Encryption,"I identify this as a letter substitution cipher. I build a mapping from the examples, verify it, then decrypt the target word by word. I use the fixed answer vocabulary when the examples do not cover every letter. I ignore the flavor-text wrapper.

LEN
TGT:""tqeep vaqjsev aie vacopwe jrrc""
W1:5 W2:7 W3:3 W4:7 W5:4

TABLE
EX1:""brqve yrddrzv peoc fovade""->""mouse follows near castle"" [13] b=m,r=o,q=u,v=s,e=e,y=f,d=l,z=w,p=n,o=a,c=r,f=c,a=t
EX2:""vaqjepa ehndrcev aie opfsepa bon""->""student explores the ancient map"" [5] j=d,h=x,n=p,i=h,s=i
EX3:""aie fdegec vaqjepa fiovev""->""the clever student chases"" [1] g=v
EX4:""lscj yrddrzv bsccrc""->""bird follows mirror"" [1] l=b
EX5:""aie jock ncspfevv yrddrzv""->""the dark princess follows"" [1] k=k
TOTAL:21/26

VOCAB_FILL
W1:tqeep pattern ?ueen -> LOCK ""queen"" (candidates: queen)
W4:vacopwe pattern stran?e -> LOCK ""strange"" (candidates: strange)

VER
CROSS:5/5 examples decrypt with final table

DECRYPT
W1: tqeep
 t->q
 q->u
 e->e
 e->e
 p->n
 = queen
W2: vaqjsev
 v->s
 a->t
 q->u (W1)
 j->d
 s->i
 e->e (W1)
 v->s
 = studies
W3: aie
 a->t (W2)
 i->h
 e->e (W1)
 = the
W4: vacopwe
 v->s (W2)
 a->t (W2)
 c->r
 o->a
 p->n (W1)
 w->g
 e->e (W1)
 = strange
W5: jrrc
 j->d (W2)
 r->o
 r->o
 c->r (W4)
 = door

CHECK
W1:""queen"" len=5Y alpha=Y vocab=Y gaps=N PASS
W2:""studies"" len=7Y alpha=Y vocab=Y gaps=N PASS
W3:""the"" len=3Y alpha=Y vocab=Y gaps=N PASS
W4:""strange"" len=7Y alpha=Y vocab=Y gaps=N PASS
W5:""door"" len=4Y alpha=Y vocab=Y gaps=N PASS
ALL:PASS 5/5 words

ANS=queen studies the strange door

\boxed{queen studies the strange door}"
2d92a92d,"In Alice's Wonderland, secret encryption rules are used on text. Here are some examples:
pgnz dbutz wyvnyo -> bird found secret
pgnz zgwvbsynw wyvnyo -> bird discovers secret
ncppgo zgwvbsynw tycn wvhbbf -> rabbit discovers near school
ohy acjgvcf hcooyn xngoyw -> the magical hatter writes
Now, decrypt the following text: ncppgo vnycoyw pyqbtz bvyct",rabbit creates beyond ocean,Text Encryption,"I identify this as a letter substitution cipher. I build a mapping from the examples, verify it, then decrypt the target word by word. I use the fixed answer vocabulary when the examples do not cover every letter. I ignore the flavor-text wrapper.

LEN
TGT:""ncppgo vnycoyw pyqbtz bvyct""
W1:6 W2:7 W3:6 W4:5

TABLE
EX1:""pgnz dbutz wyvnyo""->""bird found secret"" [12] p=b,g=i,n=r,z=d,d=f,b=o,u=u,t=n,w=s,y=e,v=c,o=t
EX2:""pgnz zgwvbsynw wyvnyo""->""bird discovers secret"" [1] s=v
EX3:""ncppgo zgwvbsynw tycn wvhbbf""->""rabbit discovers near school"" [3] c=a,h=h,f=l
EX4:""ohy acjgvcf hcooyn xngoyw""->""the magical hatter writes"" [3] a=m,j=g,x=w
TOTAL:19/26

VOCAB_FILL
W3:pyqbtz pattern be?ond -> LOCK ""beyond"" (candidates: beyond)

VER
CROSS:4/4 examples decrypt with final table

DECRYPT
W1: ncppgo
 n->r
 c->a
 p->b
 p->b
 g->i
 o->t
 = rabbit
W2: vnycoyw
 v->c
 n->r (W1)
 y->e
 c->a (W1)
 o->t (W1)
 y->e
 w->s
 = creates
W3: pyqbtz
 p->b (W1)
 y->e (W2)
 q->y
 b->o
 t->n
 z->d
 = beyond
W4: bvyct
 b->o (W3)
 v->c (W2)
 y->e (W2)
 c->a (W1)
 t->n (W3)
 = ocean

CHECK
W1:""rabbit"" len=6Y alpha=Y vocab=Y gaps=N PASS
W2:""creates"" len=7Y alpha=Y vocab=Y gaps=N PASS
W3:""beyond"" len=6Y alpha=Y vocab=Y gaps=N PASS
W4:""ocean"" len=5Y alpha=Y vocab=Y gaps=N PASS
ALL:PASS 4/4 words

ANS=rabbit creates beyond ocean

\boxed{rabbit creates beyond ocean}"
2dfe392a,"In Alice's Wonderland, secret encryption rules are used on text. Here are some examples:
hie zcpjel fwkze ulethez -> the silver mouse creates
zhkderh ythuiez hie fxzhelcwkz fezztne -> student watches the mysterious message
arcnih bwppwyz ftq -> knight follows map
Now, decrypt the following text: hie ycze ltmmch ythuiez",the wise rabbit watches,Text Encryption,"I identify this as a letter substitution cipher. I build a mapping from the examples, verify it, then decrypt the target word by word. I use the fixed answer vocabulary when the examples do not cover every letter. I ignore the flavor-text wrapper.

LEN
TGT:""hie ycze ltmmch ythuiez""
W1:3 W2:4 W3:6 W4:7

TABLE
EX1:""hie zcpjel fwkze ulethez""->""the silver mouse creates"" [13] h=t,i=h,e=e,z=s,c=i,p=l,j=v,l=r,f=m,w=o,k=u,u=c,t=a
EX2:""zhkderh ythuiez hie fxzhelcwkz fezztne""->""student watches the mysterious message"" [5] d=d,r=n,y=w,x=y,n=g
EX3:""arcnih bwppwyz ftq""->""knight follows map"" [3] a=k,b=f,q=p
TOTAL:21/26

VOCAB_FILL
W3:ltmmch pattern ra??it -> LOCK ""rabbit"" (candidates: rabbit)

VER
CROSS:3/3 examples decrypt with final table

DECRYPT
W1: hie
 h->t
 i->h
 e->e
 = the
W2: ycze
 y->w
 c->i
 z->s
 e->e (W1)
 = wise
W3: ltmmch
 l->r
 t->a
 m->b
 m->b
 c->i (W2)
 h->t (W1)
 = rabbit
W4: ythuiez
 y->w (W2)
 t->a (W3)
 h->t (W1)
 u->c
 i->h (W1)
 e->e (W1)
 z->s (W2)
 = watches

CHECK
W1:""the"" len=3Y alpha=Y vocab=Y gaps=N PASS
W2:""wise"" len=4Y alpha=Y vocab=Y gaps=N PASS
W3:""rabbit"" len=6Y alpha=Y vocab=Y gaps=N PASS
W4:""watches"" len=7Y alpha=Y vocab=Y gaps=N PASS
ALL:PASS 4/4 words

ANS=the wise rabbit watches

\boxed{the wise rabbit watches}"
2ec3127c,"In Alice's Wonderland, secret encryption rules are used on text. Here are some examples:
rks kujjsl drvjslr josicd -> the hidden student dreams
hvssl eoursd aszblj ybosdr -> queen writes beyond forest
rvorps judqbnsod dsqosr -> turtle discovers secret
kirrso ucimulsd vljso bqsil -> hatter imagines under ocean
Now, decrypt the following text: qir ybvlj rks jiog rosidvos",cat found the dark treasure,Text Encryption,"I identify this as a letter substitution cipher. I build a mapping from the examples, verify it, then decrypt the target word by word. I use the fixed answer vocabulary when the examples do not cover every letter. I ignore the flavor-text wrapper.

LEN
TGT:""qir ybvlj rks jiog rosidvos""
W1:3 W2:5 W3:3 W4:4 W5:8

TABLE
EX1:""rks kujjsl drvjslr josicd""->""the hidden student dreams"" [11] r=t,k=h,s=e,u=i,j=d,l=n,d=s,v=u,o=r,i=a,c=m
EX2:""hvssl eoursd aszblj ybosdr""->""queen writes beyond forest"" [6] h=q,e=w,a=b,z=y,b=o,y=f
EX3:""rvorps judqbnsod dsqosr""->""turtle discovers secret"" [3] p=l,q=c,n=v
EX4:""kirrso ucimulsd vljso bqsil""->""hatter imagines under ocean"" [1] m=g
TOTAL:21/26

VOCAB_FILL
W4:jiog pattern dar? -> LOCK ""dark"" (candidates: dark)

VER
CROSS:4/4 examples decrypt with final table

DECRYPT
W1: qir
 q->c
 i->a
 r->t
 = cat
W2: ybvlj
 y->f
 b->o
 v->u
 l->n
 j->d
 = found
W3: rks
 r->t (W1)
 k->h
 s->e
 = the
W4: jiog
 j->d (W2)
 i->a (W1)
 o->r
 g->k
 = dark
W5: rosidvos
 r->t (W1)
 o->r (W4)
 s->e (W3)
 i->a (W1)
 d->s
 v->u (W2)
 o->r (W4)
 s->e (W3)
 = treasure

CHECK
W1:""cat"" len=3Y alpha=Y vocab=Y gaps=N PASS
W2:""found"" len=5Y alpha=Y vocab=Y gaps=N PASS
W3:""the"" len=3Y alpha=Y vocab=Y gaps=N PASS
W4:""dark"" len=4Y alpha=Y vocab=Y gaps=N PASS
W5:""treasure"" len=8Y alpha=Y vocab=Y gaps=N PASS
ALL:PASS 5/5 words

ANS=cat found the dark treasure

\boxed{cat found the dark treasure}"
2f129e0e,"In Alice's Wonderland, secret encryption rules are used on text. Here are some examples:
ombtafqq xlgaifq gif apmbepq clmsft -> princess watches the curious garden
xbylms mflsq seem -> wizard reads door
ombtafqq xmbgfq alqgvf -> princess writes castle
dtbcig smlxq nlo -> knight draws map
Now, decrypt the following text: gif cevsft smlcet amflgfq",the golden dragon creates,Text Encryption,"I identify this as a letter substitution cipher. I build a mapping from the examples, verify it, then decrypt the target word by word. I use the fixed answer vocabulary when the examples do not cover every letter. I ignore the flavor-text wrapper.

LEN
TGT:""gif cevsft smlcet amflgfq""
W1:3 W2:6 W3:6 W4:7

TABLE
EX1:""ombtafqq xlgaifq gif apmbepq clmsft""->""princess watches the curious garden"" [15] o=p,m=r,b=i,t=n,a=c,f=e,q=s,x=w,l=a,g=t,i=h,p=u,e=o,c=g,s=d
EX2:""xbylms mflsq seem""->""wizard reads door"" [1] y=z
EX3:""ombtafqq xmbgfq alqgvf""->""princess writes castle"" [1] v=l
EX4:""dtbcig smlxq nlo""->""knight draws map"" [2] d=k,n=m
TOTAL:19/26

VOCAB_FILL
(no gaps; examples covered all target letters)

VER
CROSS:4/4 examples decrypt with final table

DECRYPT
W1: gif
 g->t
 i->h
 f->e
 = the
W2: cevsft
 c->g
 e->o
 v->l
 s->d
 f->e (W1)
 t->n
 = golden
W3: smlcet
 s->d (W2)
 m->r
 l->a
 c->g (W2)
 e->o (W2)
 t->n (W2)
 = dragon
W4: amflgfq
 a->c
 m->r (W3)
 f->e (W1)
 l->a (W3)
 g->t (W1)
 f->e (W1)
 q->s
 = creates

CHECK
W1:""the"" len=3Y alpha=Y vocab=Y gaps=N PASS
W2:""golden"" len=6Y alpha=Y vocab=Y gaps=N PASS
W3:""dragon"" len=6Y alpha=Y vocab=Y gaps=N PASS
W4:""creates"" len=7Y alpha=Y vocab=Y gaps=N PASS
ALL:PASS 4/4 words

ANS=the golden dragon creates

\boxed{the golden dragon creates}"
2f3ebe0b,"In Alice's Wonderland, secret encryption rules are used on text. Here are some examples:
hiaasr ofijnj qcvvgn -> rabbit chases puzzle
jrcznkr jrczsnj rfn ikosnkr qcvvgn -> student studies the ancient puzzle
rfn ochsxcj ucnnk ofijnj -> the curious queen chases
Now, decrypt the following text: rchrgn zsjoxynhj rfn zihl lnw",turtle discovers the dark key,Text Encryption,"I identify this as a letter substitution cipher. I build a mapping from the examples, verify it, then decrypt the target word by word. I use the fixed answer vocabulary when the examples do not cover every letter. I ignore the flavor-text wrapper.

LEN
TGT:""rchrgn zsjoxynhj rfn zihl lnw""
W1:6 W2:9 W3:3 W4:4 W5:3

TABLE
EX1:""hiaasr ofijnj qcvvgn""->""rabbit chases puzzle"" [13] h=r,i=a,a=b,s=i,r=t,o=c,f=h,j=s,n=e,q=p,c=u,v=z,g=l
EX2:""jrcznkr jrczsnj rfn ikosnkr qcvvgn""->""student studies the ancient puzzle"" [2] z=d,k=n
EX3:""rfn ochsxcj ucnnk ofijnj""->""the curious queen chases"" [2] x=o,u=q
TOTAL:17/26

VOCAB_FILL
W2:zsjoxynhj pattern disco?ers -> LOCK ""discovers"" (candidates: discovers)
W4:zihl pattern dar? -> LOCK ""dark"" (candidates: dark)
W5:lnw pattern ?e? -> LOCK ""key"" (candidates: key)

VER
CROSS:3/3 examples decrypt with final table

DECRYPT
W1: rchrgn
 r->t
 c->u
 h->r
 r->t
 g->l
 n->e
 = turtle
W2: zsjoxynhj
 z->d
 s->i
 j->s
 o->c
 x->o
 y->v
 n->e (W1)
 h->r (W1)
 j->s
 = discovers
W3: rfn
 r->t (W1)
 f->h
 n->e (W1)
 = the
W4: zihl
 z->d (W2)
 i->a
 h->r (W1)
 l->k
 = dark
W5: lnw
 l->k (W4)
 n->e (W1)
 w->y
 = key

CHECK
W1:""turtle"" len=6Y alpha=Y vocab=Y gaps=N PASS
W2:""discovers"" len=9Y alpha=Y vocab=Y gaps=N PASS
W3:""the"" len=3Y alpha=Y vocab=Y gaps=N PASS
W4:""dark"" len=4Y alpha=Y vocab=Y gaps=N PASS
W5:""key"" len=3Y alpha=Y vocab=Y gaps=N PASS
ALL:PASS 5/5 words

ANS=turtle discovers the dark key

\boxed{turtle discovers the dark key}"
2f47fe65,"In Alice's Wonderland, secret encryption rules are used on text. Here are some examples:
pumias kfwjqakt vnk nusskl eiaskl -> wizard explores the hidden garden
vnk siao hqrtk sakiht -> the dark mouse dreams
vravjk sutxqdkat iaqrls cqaktv -> turtle discovers around forest
waulxktt xakivkt igqdk jugaiay -> princess creates above library
Now, decrypt the following text: vnk hytvkauqrt nivvka sakiht",the mysterious hatter dreams,Text Encryption,"I identify this as a letter substitution cipher. I build a mapping from the examples, verify it, then decrypt the target word by word. I use the fixed answer vocabulary when the examples do not cover every letter. I ignore the flavor-text wrapper.

LEN
TGT:""vnk hytvkauqrt nivvka sakiht""
W1:3 W2:10 W3:6 W4:6

TABLE
EX1:""pumias kfwjqakt vnk nusskl eiaskl""->""wizard explores the hidden garden"" [16] p=w,u=i,m=z,i=a,a=r,s=d,k=e,f=x,w=p,j=l,q=o,t=s,v=t,n=h,l=n,e=g
EX2:""vnk siao hqrtk sakiht""->""the dark mouse dreams"" [3] o=k,h=m,r=u
EX3:""vravjk sutxqdkat iaqrls cqaktv""->""turtle discovers around forest"" [3] x=c,d=v,c=f
EX4:""waulxktt xakivkt igqdk jugaiay""->""princess creates above library"" [2] g=b,y=y
TOTAL:24/26

VOCAB_FILL
(no gaps; examples covered all target letters)

VER
CROSS:4/4 examples decrypt with final table

DECRYPT
W1: vnk
 v->t
 n->h
 k->e
 = the
W2: hytvkauqrt
 h->m
 y->y
 t->s
 v->t (W1)
 k->e (W1)
 a->r
 u->i
 q->o
 r->u
 t->s
 = mysterious
W3: nivvka
 n->h (W1)
 i->a
 v->t (W1)
 v->t (W1)
 k->e (W1)
 a->r (W2)
 = hatter
W4: sakiht
 s->d
 a->r (W2)
 k->e (W1)
 i->a (W3)
 h->m (W2)
 t->s (W2)
 = dreams

CHECK
W1:""the"" len=3Y alpha=Y vocab=Y gaps=N PASS
W2:""mysterious"" len=10Y alpha=Y vocab=Y gaps=N PASS
W3:""hatter"" len=6Y alpha=Y vocab=Y gaps=N PASS
W4:""dreams"" len=6Y alpha=Y vocab=Y gaps=N PASS
ALL:PASS 4/4 words

ANS=the mysterious hatter dreams

\boxed{the mysterious hatter dreams}"
2fa9d67f,"In Alice's Wonderland, secret encryption rules are used on text. Here are some examples:
orft vgpfb rfxrbl sgpfajrf -> king found inside mountain
kja xapbrlx ugargf -> cat studies potion
sgpxl biljsx kjxawl -> mouse dreams castle
Now, decrypt the following text: aml xlkila xapblfa niralx",the secret student writes,Text Encryption,"I identify this as a letter substitution cipher. I build a mapping from the examples, verify it, then decrypt the target word by word. I use the fixed answer vocabulary when the examples do not cover every letter. I ignore the flavor-text wrapper.

LEN
TGT:""aml xlkila xapblfa niralx""
W1:3 W2:6 W3:7 W4:6

TABLE
EX1:""orft vgpfb rfxrbl sgpfajrf""->""king found inside mountain"" [13] o=k,r=i,f=n,t=g,v=f,g=o,p=u,b=d,x=s,l=e,s=m,a=t,j=a
EX2:""kja xapbrlx ugargf""->""cat studies potion"" [2] k=c,u=p
EX3:""sgpxl biljsx kjxawl""->""mouse dreams castle"" [2] i=r,w=l
TOTAL:17/26

VOCAB_FILL
W1:aml pattern t?e -> LOCK ""the"" (candidates: the)
W4:niralx pattern ?rites -> LOCK ""writes"" (candidates: writes)

VER
CROSS:3/3 examples decrypt with final table

DECRYPT
W1: aml
 a->t
 m->h
 l->e
 = the
W2: xlkila
 x->s
 l->e (W1)
 k->c
 i->r
 l->e (W1)
 a->t (W1)
 = secret
W3: xapblfa
 x->s (W2)
 a->t (W1)
 p->u
 b->d
 l->e (W1)
 f->n
 a->t (W1)
 = student
W4: niralx
 n->w
 i->r (W2)
 r->i
 a->t (W1)
 l->e (W1)
 x->s (W2)
 = writes

CHECK
W1:""the"" len=3Y alpha=Y vocab=Y gaps=N PASS
W2:""secret"" len=6Y alpha=Y vocab=Y gaps=N PASS
W3:""student"" len=7Y alpha=Y vocab=Y gaps=N PASS
W4:""writes"" len=6Y alpha=Y vocab=Y gaps=N PASS
ALL:PASS 4/4 words

ANS=the secret student writes

\boxed{the secret student writes}"
3019f44e,"In Alice's Wonderland, secret encryption rules are used on text. Here are some examples:
dmceimu abnehkmun dim nmeumd ahhu -> teacher discovers the secret door
dmceimu abnehkmun dumcnyum -> teacher discovers treasure
dim nducprm dmceimu vhypa -> the strange teacher found
cxbem zubdmn ypamu kcxxmq -> alice writes under valley
dim oubrid zblcua zubdmn -> the bright wizard writes
Now, decrypt the following text: ucoobd ndyabmn bp hemcp",rabbit studies in ocean,Text Encryption,"I identify this as a letter substitution cipher. I build a mapping from the examples, verify it, then decrypt the target word by word. I use the fixed answer vocabulary when the examples do not cover every letter. I ignore the flavor-text wrapper.

LEN
TGT:""ucoobd ndyabmn bp hemcp""
W1:6 W2:7 W3:2 W4:5

TABLE
EX1:""dmceimu abnehkmun dim nmeumd ahhu""->""teacher discovers the secret door"" [11] d=t,m=e,c=a,e=c,i=h,u=r,a=d,b=i,n=s,h=o,k=v
EX2:""dmceimu abnehkmun dumcnyum""->""teacher discovers treasure"" [1] y=u
EX3:""dim nducprm dmceimu vhypa""->""the strange teacher found"" [3] p=n,r=g,v=f
EX4:""cxbem zubdmn ypamu kcxxmq""->""alice writes under valley"" [3] x=l,z=w,q=y
EX5:""dim oubrid zblcua zubdmn""->""the bright wizard writes"" [2] o=b,l=z
TOTAL:20/26

VOCAB_FILL
(no gaps; examples covered all target letters)

VER
CROSS:5/5 examples decrypt with final table

DECRYPT
W1: ucoobd
 u->r
 c->a
 o->b
 o->b
 b->i
 d->t
 = rabbit
W2: ndyabmn
 n->s
 d->t (W1)
 y->u
 a->d
 b->i (W1)
 m->e
 n->s
 = studies
W3: bp
 b->i (W1)
 p->n
 = in
W4: hemcp
 h->o
 e->c
 m->e (W2)
 c->a (W1)
 p->n (W3)
 = ocean

CHECK
W1:""rabbit"" len=6Y alpha=Y vocab=Y gaps=N PASS
W2:""studies"" len=7Y alpha=Y vocab=Y gaps=N PASS
W3:""in"" len=2Y alpha=Y vocab=Y gaps=N PASS
W4:""ocean"" len=5Y alpha=Y vocab=Y gaps=N PASS
ALL:PASS 4/4 words

ANS=rabbit studies in ocean

\boxed{rabbit studies in ocean}"
3051bffe,"In Alice's Wonderland, secret encryption rules are used on text. Here are some examples:
wyjjz hjmns faj lyhceys oefcez -> queen reads the curious potion
fyhftj bmflajs sjlhjf -> turtle watches secret
bcdmhn lhjmfjs faj nmhk oyddtj -> wizard creates the dark puzzle
lmf ncslexjhs zjmh lmxj -> cat discovers near cave
Now, decrypt the following text: amffjh geyzn lhusfmt",hatter found crystal,Text Encryption,"I identify this as a letter substitution cipher. I build a mapping from the examples, verify it, then decrypt the target word by word. I use the fixed answer vocabulary when the examples do not cover every letter. I ignore the flavor-text wrapper.

LEN
TGT:""amffjh geyzn lhusfmt""
W1:6 W2:5 W3:7

TABLE
EX1:""wyjjz hjmns faj lyhceys oefcez""->""queen reads the curious potion"" [14] w=q,y=u,j=e,z=n,h=r,m=a,n=d,s=s,f=t,a=h,l=c,c=i,e=o,o=p
EX2:""fyhftj bmflajs sjlhjf""->""turtle watches secret"" [2] t=l,b=w
EX3:""bcdmhn lhjmfjs faj nmhk oyddtj""->""wizard creates the dark puzzle"" [2] d=z,k=k
EX4:""lmf ncslexjhs zjmh lmxj""->""cat discovers near cave"" [1] x=v
TOTAL:19/26

VOCAB_FILL
W2:geyzn pattern ?ound -> LOCK ""found"" (candidates: found)
W3:lhusfmt pattern cr?stal -> LOCK ""crystal"" (candidates: crystal)

VER
CROSS:4/4 examples decrypt with final table

DECRYPT
W1: amffjh
 a->h
 m->a
 f->t
 f->t
 j->e
 h->r
 = hatter
W2: geyzn
 g->f
 e->o
 y->u
 z->n
 n->d
 = found
W3: lhusfmt
 l->c
 h->r (W1)
 u->y
 s->s
 f->t (W1)
 m->a (W1)
 t->l
 = crystal

CHECK
W1:""hatter"" len=6Y alpha=Y vocab=Y gaps=N PASS
W2:""found"" len=5Y alpha=Y vocab=Y gaps=N PASS
W3:""crystal"" len=7Y alpha=Y vocab=Y gaps=N PASS
ALL:PASS 3/3 words

ANS=hatter found crystal

\boxed{hatter found crystal}"
3066fcb2,"In Alice's Wonderland, secret encryption rules are used on text. Here are some examples:
mvnruigg giig mtbbxi -> princess sees puzzle
wai giuviw widuaiv gwtsnig -> the secret teacher studies
gwtsirw vidsg zffy -> student reads book
Now, decrypt the following text: gwtsirw jvnwig wai zvnkaw mtbbxi",student writes the bright puzzle,Text Encryption,"I identify this as a letter substitution cipher. I build a mapping from the examples, verify it, then decrypt the target word by word. I use the fixed answer vocabulary when the examples do not cover every letter. I ignore the flavor-text wrapper.

LEN
TGT:""gwtsirw jvnwig wai zvnkaw mtbbxi""
W1:7 W2:6 W3:3 W4:6 W5:6

TABLE
EX1:""mvnruigg giig mtbbxi""->""princess sees puzzle"" [10] m=p,v=r,n=i,r=n,u=c,i=e,g=s,t=u,b=z,x=l
EX2:""wai giuviw widuaiv gwtsnig""->""the secret teacher studies"" [4] w=t,a=h,d=a,s=d
EX3:""gwtsirw vidsg zffy""->""student reads book"" [3] z=b,f=o,y=k
TOTAL:17/26

VOCAB_FILL
W2:jvnwig pattern ?rites -> LOCK ""writes"" (candidates: writes)
W4:zvnkaw pattern bri?ht -> LOCK ""bright"" (candidates: bright)

VER
CROSS:3/3 examples decrypt with final table

DECRYPT
W1: gwtsirw
 g->s
 w->t
 t->u
 s->d
 i->e
 r->n
 w->t
 = student
W2: jvnwig
 j->w
 v->r
 n->i
 w->t (W1)
 i->e (W1)
 g->s (W1)
 = writes
W3: wai
 w->t (W1)
 a->h
 i->e (W1)
 = the
W4: zvnkaw
 z->b
 v->r (W2)
 n->i (W2)
 k->g
 a->h (W3)
 w->t (W1)
 = bright
W5: mtbbxi
 m->p
 t->u (W1)
 b->z
 b->z
 x->l
 i->e (W1)
 = puzzle

CHECK
W1:""student"" len=7Y alpha=Y vocab=Y gaps=N PASS
W2:""writes"" len=6Y alpha=Y vocab=Y gaps=N PASS
W3:""the"" len=3Y alpha=Y vocab=Y gaps=N PASS
W4:""bright"" len=6Y alpha=Y vocab=Y gaps=N PASS
W5:""puzzle"" len=6Y alpha=Y vocab=Y gaps=N PASS
ALL:PASS 5/5 words

ANS=student writes the bright puzzle

\boxed{student writes the bright puzzle}"
3094603c,"In Alice's Wonderland, secret encryption rules are used on text. Here are some examples:
dhrza pdoxpkaz zatvaj -> mouse imagines secret
upkx zaaz tvszjog -> king sees crystal
jya oktpakj zjrnakj zjrnpaz -> the ancient student studies
Now, decrypt the following text: dhrza npzthmavz kaov chknavgokn",mouse discovers near wonderland,Text Encryption,"I identify this as a letter substitution cipher. I build a mapping from the examples, verify it, then decrypt the target word by word. I use the fixed answer vocabulary when the examples do not cover every letter. I ignore the flavor-text wrapper.

LEN
TGT:""dhrza npzthmavz kaov chknavgokn""
W1:5 W2:9 W3:4 W4:10

TABLE
EX1:""dhrza pdoxpkaz zatvaj""->""mouse imagines secret"" [12] d=m,h=o,r=u,z=s,a=e,p=i,o=a,x=g,k=n,t=c,v=r,j=t
EX2:""upkx zaaz tvszjog""->""king sees crystal"" [3] u=k,s=y,g=l
EX3:""jya oktpakj zjrnakj zjrnpaz""->""the ancient student studies"" [2] y=h,n=d
TOTAL:17/26

VOCAB_FILL
W2:npzthmavz pattern disco?ers -> LOCK ""discovers"" (candidates: discovers)
W4:chknavgokn pattern ?onderland -> LOCK ""wonderland"" (candidates: wonderland)

VER
CROSS:3/3 examples decrypt with final table

DECRYPT
W1: dhrza
 d->m
 h->o
 r->u
 z->s
 a->e
 = mouse
W2: npzthmavz
 n->d
 p->i
 z->s (W1)
 t->c
 h->o (W1)
 m->v
 a->e (W1)
 v->r
 z->s (W1)
 = discovers
W3: kaov
 k->n
 a->e (W1)
 o->a
 v->r (W2)
 = near
W4: chknavgokn
 c->w
 h->o (W1)
 k->n (W3)
 n->d (W2)
 a->e (W1)
 v->r (W2)
 g->l
 o->a (W3)
 k->n (W3)
 n->d (W2)
 = wonderland

CHECK
W1:""mouse"" len=5Y alpha=Y vocab=Y gaps=N PASS
W2:""discovers"" len=9Y alpha=Y vocab=Y gaps=N PASS
W3:""near"" len=4Y alpha=Y vocab=Y gaps=N PASS
W4:""wonderland"" len=10Y alpha=Y vocab=Y gaps=N PASS
ALL:PASS 4/4 words

ANS=mouse discovers near wonderland

\boxed{mouse discovers near wonderland}"
30fa41a3,"In Alice's Wonderland, secret encryption rules are used on text. Here are some examples:
pdooh joxtm lbjqdyb sxzo -> queen reads through cave
jxvvcl joxtm chmcto gqhtojaxht -> rabbit reads inside wonderland
bxlloj sjoxlom lbo vjcybl vqqw -> hatter creates the bright book
xacso rqdht xjqdht cmaxht -> alice found around island
Now, decrypt the following text: loxsboj rqaaqgm xjqdht yxjtoh",teacher follows around garden,Text Encryption,"I identify this as a letter substitution cipher. I build a mapping from the examples, verify it, then decrypt the target word by word. I use the fixed answer vocabulary when the examples do not cover every letter. I ignore the flavor-text wrapper.

LEN
TGT:""loxsboj rqaaqgm xjqdht yxjtoh""
W1:7 W2:7 W3:6 W4:6

TABLE
EX1:""pdooh joxtm lbjqdyb sxzo""->""queen reads through cave"" [14] p=q,d=u,o=e,h=n,j=r,x=a,t=d,m=s,l=t,b=h,q=o,y=g,s=c,z=v
EX2:""jxvvcl joxtm chmcto gqhtojaxht""->""rabbit reads inside wonderland"" [4] v=b,c=i,g=w,a=l
EX3:""bxlloj sjoxlom lbo vjcybl vqqw""->""hatter creates the bright book"" [1] w=k
EX4:""xacso rqdht xjqdht cmaxht""->""alice found around island"" [1] r=f
TOTAL:20/26

VOCAB_FILL
(no gaps; examples covered all target letters)

VER
CROSS:4/4 examples decrypt with final table

DECRYPT
W1: loxsboj
 l->t
 o->e
 x->a
 s->c
 b->h
 o->e
 j->r
 = teacher
W2: rqaaqgm
 r->f
 q->o
 a->l
 a->l
 q->o
 g->w
 m->s
 = follows
W3: xjqdht
 x->a (W1)
 j->r (W1)
 q->o (W2)
 d->u
 h->n
 t->d
 = around
W4: yxjtoh
 y->g
 x->a (W1)
 j->r (W1)
 t->d (W3)
 o->e (W1)
 h->n (W3)
 = garden

CHECK
W1:""teacher"" len=7Y alpha=Y vocab=Y gaps=N PASS
W2:""follows"" len=7Y alpha=Y vocab=Y gaps=N PASS
W3:""around"" len=6Y alpha=Y vocab=Y gaps=N PASS
W4:""garden"" len=6Y alpha=Y vocab=Y gaps=N PASS
ALL:PASS 4/4 words

ANS=teacher follows around garden

\boxed{teacher follows around garden}"
31610ce5,"In Alice's Wonderland, secret encryption rules are used on text. Here are some examples:
jxrrbh ulxkuabe lxn -> hatter imagines map
rjb erhxakb rbxyjbh ebbe -> the strange teacher sees
rjb xayubar cibba zhbxle -> the ancient queen dreams
rjb ebyhbr erizbar wxryjbe -> the secret student watches
guhz ebbe iazbh kxhzba -> bird sees under garden
Now, decrypt the following text: guhz erizube rjb ghukjr yxerfb",bird studies the bright castle,Text Encryption,"I identify this as a letter substitution cipher. I build a mapping from the examples, verify it, then decrypt the target word by word. I use the fixed answer vocabulary when the examples do not cover every letter. I ignore the flavor-text wrapper.

LEN
TGT:""guhz erizube rjb ghukjr yxerfb""
W1:4 W2:7 W3:3 W4:6 W5:6

TABLE
EX1:""jxrrbh ulxkuabe lxn""->""hatter imagines map"" [11] j=h,x=a,r=t,b=e,h=r,u=i,l=m,k=g,a=n,e=s,n=p
EX2:""rjb erhxakb rbxyjbh ebbe""->""the strange teacher sees"" [1] y=c
EX3:""rjb xayubar cibba zhbxle""->""the ancient queen dreams"" [3] c=q,i=u,z=d
EX4:""rjb ebyhbr erizbar wxryjbe""->""the secret student watches"" [1] w=w
EX5:""guhz ebbe iazbh kxhzba""->""bird sees under garden"" [1] g=b
TOTAL:17/26

VOCAB_FILL
W5:yxerfb pattern cast?e -> LOCK ""castle"" (candidates: castle)

VER
CROSS:5/5 examples decrypt with final table

DECRYPT
W1: guhz
 g->b
 u->i
 h->r
 z->d
 = bird
W2: erizube
 e->s
 r->t
 i->u
 z->d (W1)
 u->i (W1)
 b->e
 e->s
 = studies
W3: rjb
 r->t (W2)
 j->h
 b->e (W2)
 = the
W4: ghukjr
 g->b (W1)
 h->r (W1)
 u->i (W1)
 k->g
 j->h (W3)
 r->t (W2)
 = bright
W5: yxerfb
 y->c
 x->a
 e->s (W2)
 r->t (W2)
 f->l
 b->e (W2)
 = castle

CHECK
W1:""bird"" len=4Y alpha=Y vocab=Y gaps=N PASS
W2:""studies"" len=7Y alpha=Y vocab=Y gaps=N PASS
W3:""the"" len=3Y alpha=Y vocab=Y gaps=N PASS
W4:""bright"" len=6Y alpha=Y vocab=Y gaps=N PASS
W5:""castle"" len=6Y alpha=Y vocab=Y gaps=N PASS
ALL:PASS 5/5 words

ANS=bird studies the bright castle

\boxed{bird studies the bright castle}"
3191ec2f,"In Alice's Wonderland, secret encryption rules are used on text. Here are some examples:
pnl kjobyjh jhbyl zubpla -> the magical alice writes
zbijur stqxr pnl zbal klaajol -> wizard found the wise message
pquphl yuljpla pnl fubonp stulap -> turtle creates the bright forest
cbxo ynjala jutqxr ojurlx -> king chases around garden
njpplu uljra bx ztxrluhjxr -> hatter reads in wonderland
Now, decrypt the following text: pljynlu yuljpla pnl kvaplubtqa ojurlx",teacher creates the mysterious garden,Text Encryption,"I identify this as a letter substitution cipher. I build a mapping from the examples, verify it, then decrypt the target word by word. I use the fixed answer vocabulary when the examples do not cover every letter. I ignore the flavor-text wrapper.

LEN
TGT:""pljynlu yuljpla pnl kvaplubtqa ojurlx""
W1:7 W2:7 W3:3 W4:10 W5:6

TABLE
EX1:""pnl kjobyjh jhbyl zubpla""->""the magical alice writes"" [12] p=t,n=h,l=e,k=m,j=a,o=g,b=i,y=c,h=l,z=w,u=r,a=s
EX2:""zbijur stqxr pnl zbal klaajol""->""wizard found the wise message"" [6] i=z,r=d,s=f,t=o,q=u,x=n
EX3:""pquphl yuljpla pnl fubonp stulap""->""turtle creates the bright forest"" [1] f=b
EX4:""cbxo ynjala jutqxr ojurlx""->""king chases around garden"" [1] c=k
EX5:""njpplu uljra bx ztxrluhjxr""->""hatter reads in wonderland"" [0] none
TOTAL:20/26

VOCAB_FILL
W4:kvaplubtqa pattern m?sterious -> LOCK ""mysterious"" (candidates: mysterious)

VER
CROSS:5/5 examples decrypt with final table

DECRYPT
W1: pljynlu
 p->t
 l->e
 j->a
 y->c
 n->h
 l->e
 u->r
 = teacher
W2: yuljpla
 y->c (W1)
 u->r (W1)
 l->e (W1)
 j->a (W1)
 p->t (W1)
 l->e (W1)
 a->s
 = creates
W3: pnl
 p->t (W1)
 n->h (W1)
 l->e (W1)
 = the
W4: kvaplubtqa
 k->m
 v->y
 a->s (W2)
 p->t (W1)
 l->e (W1)
 u->r (W1)
 b->i
 t->o
 q->u
 a->s (W2)
 = mysterious
W5: ojurlx
 o->g
 j->a (W1)
 u->r (W1)
 r->d
 l->e (W1)
 x->n
 = garden

CHECK
W1:""teacher"" len=7Y alpha=Y vocab=Y gaps=N PASS
W2:""creates"" len=7Y alpha=Y vocab=Y gaps=N PASS
W3:""the"" len=3Y alpha=Y vocab=Y gaps=N PASS
W4:""mysterious"" len=10Y alpha=Y vocab=Y gaps=N PASS
W5:""garden"" len=6Y alpha=Y vocab=Y gaps=N PASS
ALL:PASS 5/5 words

ANS=teacher creates the mysterious garden

\boxed{teacher creates the mysterious garden}"
31b1ad91,"In Alice's Wonderland, secret encryption rules are used on text. Here are some examples:
kdhl lhvrez qav ergdmru qhvrznhv -> bird dreams the magical treasure
bhdjmvzz marzvz bcqdcj -> princess chases potion
qnhquv dergdjvz yvo -> turtle imagines key
Now, decrypt the following text: kdhl lhvrez mrzquv",bird dreams castle,Text Encryption,"I identify this as a letter substitution cipher. I build a mapping from the examples, verify it, then decrypt the target word by word. I use the fixed answer vocabulary when the examples do not cover every letter. I ignore the flavor-text wrapper.

LEN
TGT:""kdhl lhvrez mrzquv""
W1:4 W2:6 W3:6

TABLE
EX1:""kdhl lhvrez qav ergdmru qhvrznhv""->""bird dreams the magical treasure"" [14] k=b,d=i,h=r,l=d,v=e,r=a,e=m,z=s,q=t,a=h,g=g,m=c,u=l,n=u
EX2:""bhdjmvzz marzvz bcqdcj""->""princess chases potion"" [3] b=p,j=n,c=o
EX3:""qnhquv dergdjvz yvo""->""turtle imagines key"" [2] y=k,o=y
TOTAL:19/26

VOCAB_FILL
(no gaps; examples covered all target letters)

VER
CROSS:3/3 examples decrypt with final table

DECRYPT
W1: kdhl
 k->b
 d->i
 h->r
 l->d
 = bird
W2: lhvrez
 l->d (W1)
 h->r (W1)
 v->e
 r->a
 e->m
 z->s
 = dreams
W3: mrzquv
 m->c
 r->a (W2)
 z->s (W2)
 q->t
 u->l
 v->e (W2)
 = castle

CHECK
W1:""bird"" len=4Y alpha=Y vocab=Y gaps=N PASS
W2:""dreams"" len=6Y alpha=Y vocab=Y gaps=N PASS
W3:""castle"" len=6Y alpha=Y vocab=Y gaps=N PASS
ALL:PASS 3/3 words

ANS=bird dreams castle

\boxed{bird dreams castle}"
31c72d27,"In Alice's Wonderland, secret encryption rules are used on text. Here are some examples:
vlh schahe gjwth sehyvht -> the clever mouse creates
beydjn tvwbqht vlh tveyndh tvjem -> dragon studies the strange story
oeqnshtt bqtsjahet vlh byer ujehtv -> princess discovers the dark forest
fwhhn ehybt ujehtv -> queen reads forest
Now, decrypt the following text: beydjn behygt vlh ieqdlv vehytweh",dragon dreams the bright treasure,Text Encryption,"I identify this as a letter substitution cipher. I build a mapping from the examples, verify it, then decrypt the target word by word. I use the fixed answer vocabulary when the examples do not cover every letter. I ignore the flavor-text wrapper.

LEN
TGT:""beydjn behygt vlh ieqdlv vehytweh""
W1:6 W2:6 W3:3 W4:6 W5:8

TABLE
EX1:""vlh schahe gjwth sehyvht""->""the clever mouse creates"" [12] v=t,l=h,h=e,s=c,c=l,a=v,e=r,g=m,j=o,w=u,t=s,y=a
EX2:""beydjn tvwbqht vlh tveyndh tvjem""->""dragon studies the strange story"" [5] b=d,d=g,n=n,q=i,m=y
EX3:""oeqnshtt bqtsjahet vlh byer ujehtv""->""princess discovers the dark forest"" [3] o=p,r=k,u=f
EX4:""fwhhn ehybt ujehtv""->""queen reads forest"" [1] f=q
TOTAL:21/26

VOCAB_FILL
W4:ieqdlv pattern ?right -> LOCK ""bright"" (candidates: bright)

VER
CROSS:4/4 examples decrypt with final table

DECRYPT
W1: beydjn
 b->d
 e->r
 y->a
 d->g
 j->o
 n->n
 = dragon
W2: behygt
 b->d (W1)
 e->r (W1)
 h->e
 y->a (W1)
 g->m
 t->s
 = dreams
W3: vlh
 v->t
 l->h
 h->e (W2)
 = the
W4: ieqdlv
 i->b
 e->r (W1)
 q->i
 d->g (W1)
 l->h (W3)
 v->t (W3)
 = bright
W5: vehytweh
 v->t (W3)
 e->r (W1)
 h->e (W2)
 y->a (W1)
 t->s (W2)
 w->u
 e->r (W1)
 h->e (W2)
 = treasure

CHECK
W1:""dragon"" len=6Y alpha=Y vocab=Y gaps=N PASS
W2:""dreams"" len=6Y alpha=Y vocab=Y gaps=N PASS
W3:""the"" len=3Y alpha=Y vocab=Y gaps=N PASS
W4:""bright"" len=6Y alpha=Y vocab=Y gaps=N PASS
W5:""treasure"" len=8Y alpha=Y vocab=Y gaps=N PASS
ALL:PASS 5/5 words

ANS=dragon dreams the bright treasure

\boxed{dragon dreams the bright treasure}"
31d2b597,"In Alice's Wonderland, secret encryption rules are used on text. Here are some examples:
qgf ifjhfq hnoodq iqtldfi -> the secret rabbit studies
qgf lnhb nsdjf fpmsxhfi -> the dark alice explores
mhdrjfii dunkdrfi ofvxrl jniqsf -> princess imagines beyond castle
jnq lhnai udhhxh -> cat draws mirror
lhnkxr ahdqfi qgf kxslfr iqxhv -> dragon writes the golden story
Now, decrypt the following text: lhnkxr iqtldfi ofvxrl disnrl",dragon studies beyond island,Text Encryption,"I identify this as a letter substitution cipher. I build a mapping from the examples, verify it, then decrypt the target word by word. I use the fixed answer vocabulary when the examples do not cover every letter. I ignore the flavor-text wrapper.

LEN
TGT:""lhnkxr iqtldfi ofvxrl disnrl""
W1:6 W2:7 W3:6 W4:6

TABLE
EX1:""qgf ifjhfq hnoodq iqtldfi""->""the secret rabbit studies"" [11] q=t,g=h,f=e,i=s,j=c,h=r,n=a,o=b,d=i,t=u,l=d
EX2:""qgf lnhb nsdjf fpmsxhfi""->""the dark alice explores"" [5] b=k,s=l,p=x,m=p,x=o
EX3:""mhdrjfii dunkdrfi ofvxrl jniqsf""->""princess imagines beyond castle"" [4] r=n,u=m,k=g,v=y
EX4:""jnq lhnai udhhxh""->""cat draws mirror"" [1] a=w
EX5:""lhnkxr ahdqfi qgf kxslfr iqxhv""->""dragon writes the golden story"" [0] none
TOTAL:21/26

VOCAB_FILL
(no gaps; examples covered all target letters)

VER
CROSS:5/5 examples decrypt with final table

DECRYPT
W1: lhnkxr
 l->d
 h->r
 n->a
 k->g
 x->o
 r->n
 = dragon
W2: iqtldfi
 i->s
 q->t
 t->u
 l->d (W1)
 d->i
 f->e
 i->s
 = studies
W3: ofvxrl
 o->b
 f->e (W2)
 v->y
 x->o (W1)
 r->n (W1)
 l->d (W1)
 = beyond
W4: disnrl
 d->i (W2)
 i->s (W2)
 s->l
 n->a (W1)
 r->n (W1)
 l->d (W1)
 = island

CHECK
W1:""dragon"" len=6Y alpha=Y vocab=Y gaps=N PASS
W2:""studies"" len=7Y alpha=Y vocab=Y gaps=N PASS
W3:""beyond"" len=6Y alpha=Y vocab=Y gaps=N PASS
W4:""island"" len=6Y alpha=Y vocab=Y gaps=N PASS
ALL:PASS 4/4 words

ANS=dragon studies beyond island

\boxed{dragon studies beyond island}"
31e2d534,"In Alice's Wonderland, secret encryption rules are used on text. Here are some examples:
sdp smdjqj pmq jonfqu ieey -> cat chases the silver book
zgqqv qlhneuqj pmq wdkosdn reeu -> queen explores the magical door
yvokmp owdkovqj ieey -> knight imagines book
huovsqjj xenneaj pmq jqsuqp reeu -> princess follows the secret door
aotdur owdkovqj pmq morrqv sdjpnq -> wizard imagines the hidden castle
Now, decrypt the following text: pmq iuokmp rudkev uqdrj",the bright dragon reads,Text Encryption,"I identify this as a letter substitution cipher. I build a mapping from the examples, verify it, then decrypt the target word by word. I use the fixed answer vocabulary when the examples do not cover every letter. I ignore the flavor-text wrapper.

LEN
TGT:""pmq iuokmp rudkev uqdrj""
W1:3 W2:6 W3:6 W4:5

TABLE
EX1:""sdp smdjqj pmq jonfqu ieey""->""cat chases the silver book"" [13] s=c,d=a,p=t,m=h,j=s,q=e,o=i,n=l,f=v,u=r,i=b,e=o,y=k
EX2:""zgqqv qlhneuqj pmq wdkosdn reeu""->""queen explores the magical door"" [8] z=q,g=u,v=n,l=x,h=p,w=m,k=g,r=d
EX3:""yvokmp owdkovqj ieey""->""knight imagines book"" [0] none
EX4:""huovsqjj xenneaj pmq jqsuqp reeu""->""princess follows the secret door"" [2] x=f,a=w
EX5:""aotdur owdkovqj pmq morrqv sdjpnq""->""wizard imagines the hidden castle"" [1] t=z
TOTAL:24/26

VOCAB_FILL
(no gaps; examples covered all target letters)

VER
CROSS:5/5 examples decrypt with final table

DECRYPT
W1: pmq
 p->t
 m->h
 q->e
 = the
W2: iuokmp
 i->b
 u->r
 o->i
 k->g
 m->h (W1)
 p->t (W1)
 = bright
W3: rudkev
 r->d
 u->r (W2)
 d->a
 k->g (W2)
 e->o
 v->n
 = dragon
W4: uqdrj
 u->r (W2)
 q->e (W1)
 d->a (W3)
 r->d (W3)
 j->s
 = reads

CHECK
W1:""the"" len=3Y alpha=Y vocab=Y gaps=N PASS
W2:""bright"" len=6Y alpha=Y vocab=Y gaps=N PASS
W3:""dragon"" len=6Y alpha=Y vocab=Y gaps=N PASS
W4:""reads"" len=5Y alpha=Y vocab=Y gaps=N PASS
ALL:PASS 4/4 words

ANS=the bright dragon reads

\boxed{the bright dragon reads}"
31e56bc9,"In Alice's Wonderland, secret encryption rules are used on text. Here are some examples:
oxy msvydk va qvzsxsl -> cat writes in library
zvsw osdxydk xzjbd pjnayxva -> bird creates above mountain
yfd onsvjnk zvsw mxyofdk -> the curious bird watches
fxyyds msvydk yfd oqdbds oxkyqd -> hatter writes the clever castle
Now, decrypt the following text: yfd onsvjnk pjnkd osdxydk",the curious mouse creates,Text Encryption,"I identify this as a letter substitution cipher. I build a mapping from the examples, verify it, then decrypt the target word by word. I use the fixed answer vocabulary when the examples do not cover every letter. I ignore the flavor-text wrapper.

LEN
TGT:""yfd onsvjnk pjnkd osdxydk""
W1:3 W2:7 W3:5 W4:7

TABLE
EX1:""oxy msvydk va qvzsxsl""->""cat writes in library"" [12] o=c,x=a,y=t,m=w,s=r,v=i,d=e,k=s,a=n,q=l,z=b,l=y
EX2:""zvsw osdxydk xzjbd pjnayxva""->""bird creates above mountain"" [5] w=d,j=o,b=v,p=m,n=u
EX3:""yfd onsvjnk zvsw mxyofdk""->""the curious bird watches"" [1] f=h
EX4:""fxyyds msvydk yfd oqdbds oxkyqd""->""hatter writes the clever castle"" [0] none
TOTAL:18/26

VOCAB_FILL
(no gaps; examples covered all target letters)

VER
CROSS:4/4 examples decrypt with final table

DECRYPT
W1: yfd
 y->t
 f->h
 d->e
 = the
W2: onsvjnk
 o->c
 n->u
 s->r
 v->i
 j->o
 n->u
 k->s
 = curious
W3: pjnkd
 p->m
 j->o (W2)
 n->u (W2)
 k->s (W2)
 d->e (W1)
 = mouse
W4: osdxydk
 o->c (W2)
 s->r (W2)
 d->e (W1)
 x->a
 y->t (W1)
 d->e (W1)
 k->s (W2)
 = creates

CHECK
W1:""the"" len=3Y alpha=Y vocab=Y gaps=N PASS
W2:""curious"" len=7Y alpha=Y vocab=Y gaps=N PASS
W3:""mouse"" len=5Y alpha=Y vocab=Y gaps=N PASS
W4:""creates"" len=7Y alpha=Y vocab=Y gaps=N PASS
ALL:PASS 4/4 words

ANS=the curious mouse creates

\boxed{the curious mouse creates}"
31ea3deb,"In Alice's Wonderland, secret encryption rules are used on text. Here are some examples:
awjeoy mgjemydc aoow -> dragon imagines door
hld uofowbvf smye bovya -> the colorful king found
hld ajws kmpjwa cddc -> the dark wizard sees
chvadyh kjhuldc hld uofowbvf gdccjed -> student watches the colorful message
hld jyumdyh tmwa awjkc -> the ancient bird draws
Now, decrypt the following text: rwmyudcc amcuoidwc hld twmelh toos",princess discovers the bright book,Text Encryption,"I identify this as a letter substitution cipher. I build a mapping from the examples, verify it, then decrypt the target word by word. I use the fixed answer vocabulary when the examples do not cover every letter. I ignore the flavor-text wrapper.

LEN
TGT:""rwmyudcc amcuoidwc hld twmelh toos""
W1:8 W2:9 W3:3 W4:6 W5:4

TABLE
EX1:""awjeoy mgjemydc aoow""->""dragon imagines door"" [10] a=d,w=r,j=a,e=g,o=o,y=n,m=i,g=m,d=e,c=s
EX2:""hld uofowbvf smye bovya""->""the colorful king found"" [7] h=t,l=h,u=c,f=l,b=f,v=u,s=k
EX3:""hld ajws kmpjwa cddc""->""the dark wizard sees"" [2] k=w,p=z
EX4:""chvadyh kjhuldc hld uofowbvf gdccjed""->""student watches the colorful message"" [0] none
EX5:""hld jyumdyh tmwa awjkc""->""the ancient bird draws"" [1] t=b
TOTAL:20/26

VOCAB_FILL
W1:rwmyudcc pattern ?rincess -> LOCK ""princess"" (candidates: princess)
W2:amcuoidwc pattern disco?ers -> LOCK ""discovers"" (candidates: discovers)

VER
CROSS:5/5 examples decrypt with final table

DECRYPT
W1: rwmyudcc
 r->p
 w->r
 m->i
 y->n
 u->c
 d->e
 c->s
 c->s
 = princess
W2: amcuoidwc
 a->d
 m->i (W1)
 c->s (W1)
 u->c (W1)
 o->o
 i->v
 d->e (W1)
 w->r (W1)
 c->s (W1)
 = discovers
W3: hld
 h->t
 l->h
 d->e (W1)
 = the
W4: twmelh
 t->b
 w->r (W1)
 m->i (W1)
 e->g
 l->h (W3)
 h->t (W3)
 = bright
W5: toos
 t->b (W4)
 o->o (W2)
 o->o (W2)
 s->k
 = book

CHECK
W1:""princess"" len=8Y alpha=Y vocab=Y gaps=N PASS
W2:""discovers"" len=9Y alpha=Y vocab=Y gaps=N PASS
W3:""the"" len=3Y alpha=Y vocab=Y gaps=N PASS
W4:""bright"" len=6Y alpha=Y vocab=Y gaps=N PASS
W5:""book"" len=4Y alpha=Y vocab=Y gaps=N PASS
ALL:PASS 5/5 words

ANS=princess discovers the bright book

\boxed{princess discovers the bright book}"
31f2ed10,"In Alice's Wonderland, secret encryption rules are used on text. Here are some examples:
ikoqv rdimy apv jcyavdoghy lhzzkv -> alice draws the mysterious puzzle
apv fgkrvt bhvvt mdoavy -> the golden queen writes
uodr yahrovy apdghfp oykitr -> bird studies through island
ahdakv vxlkgdvy apv yaditfv fidrvt -> turtle explores the strange garden
Now, decrypt the following text: apv qgkgdnhk jghyv qpiyvy",the colorful mouse chases,Text Encryption,"I identify this as a letter substitution cipher. I build a mapping from the examples, verify it, then decrypt the target word by word. I use the fixed answer vocabulary when the examples do not cover every letter. I ignore the flavor-text wrapper.

LEN
TGT:""apv qgkgdnhk jghyv qpiyvy""
W1:3 W2:8 W3:5 W4:6

TABLE
EX1:""ikoqv rdimy apv jcyavdoghy lhzzkv""->""alice draws the mysterious puzzle"" [17] i=a,k=l,o=i,q=c,v=e,r=d,d=r,m=w,y=s,a=t,p=h,j=m,c=y,g=o,h=u,l=p,z=z
EX2:""apv fgkrvt bhvvt mdoavy""->""the golden queen writes"" [3] f=g,t=n,b=q
EX3:""uodr yahrovy apdghfp oykitr""->""bird studies through island"" [1] u=b
EX4:""ahdakv vxlkgdvy apv yaditfv fidrvt""->""turtle explores the strange garden"" [1] x=x
TOTAL:22/26

VOCAB_FILL
W2:qgkgdnhk pattern color?ul -> LOCK ""colorful"" (candidates: colorful)

VER
CROSS:4/4 examples decrypt with final table

DECRYPT
W1: apv
 a->t
 p->h
 v->e
 = the
W2: qgkgdnhk
 q->c
 g->o
 k->l
 g->o
 d->r
 n->f
 h->u
 k->l
 = colorful
W3: jghyv
 j->m
 g->o (W2)
 h->u (W2)
 y->s
 v->e (W1)
 = mouse
W4: qpiyvy
 q->c (W2)
 p->h (W1)
 i->a
 y->s (W3)
 v->e (W1)
 y->s (W3)
 = chases

CHECK
W1:""the"" len=3Y alpha=Y vocab=Y gaps=N PASS
W2:""colorful"" len=8Y alpha=Y vocab=Y gaps=N PASS
W3:""mouse"" len=5Y alpha=Y vocab=Y gaps=N PASS
W4:""chases"" len=6Y alpha=Y vocab=Y gaps=N PASS
ALL:PASS 4/4 words

ANS=the colorful mouse chases

\boxed{the colorful mouse chases}"
322196ed,"In Alice's Wonderland, secret encryption rules are used on text. Here are some examples:
qoluaz quvyrsc vrs ytsnsa iug -> wizard watches the clever map
edssk oiufoksc uahdkz mhascv -> queen imagines around forest
auppov zocyhnsac vrs csyasv gdllts -> rabbit discovers the secret puzzle
zaufhk cssc vrs qocs iug -> dragon sees the wise map
edssk zauqc vrs iwcvsaohdc zhha -> queen draws the mysterious door
Now, decrypt the following text: cvdzskv zasuic dkzsa yucvts",student dreams under castle,Text Encryption,"I identify this as a letter substitution cipher. I build a mapping from the examples, verify it, then decrypt the target word by word. I use the fixed answer vocabulary when the examples do not cover every letter. I ignore the flavor-text wrapper.

LEN
TGT:""cvdzskv zasuic dkzsa yucvts""
W1:7 W2:6 W3:5 W4:6

TABLE
EX1:""qoluaz quvyrsc vrs ytsnsa iug""->""wizard watches the clever map"" [15] q=w,o=i,l=z,u=a,a=r,z=d,v=t,y=c,r=h,s=e,c=s,t=l,n=v,i=m,g=p
EX2:""edssk oiufoksc uahdkz mhascv""->""queen imagines around forest"" [6] e=q,d=u,k=n,f=g,h=o,m=f
EX3:""auppov zocyhnsac vrs csyasv gdllts""->""rabbit discovers the secret puzzle"" [1] p=b
EX4:""zaufhk cssc vrs qocs iug""->""dragon sees the wise map"" [0] none
EX5:""edssk zauqc vrs iwcvsaohdc zhha""->""queen draws the mysterious door"" [1] w=y
TOTAL:23/26

VOCAB_FILL
(no gaps; examples covered all target letters)

VER
CROSS:5/5 examples decrypt with final table

DECRYPT
W1: cvdzskv
 c->s
 v->t
 d->u
 z->d
 s->e
 k->n
 v->t
 = student
W2: zasuic
 z->d (W1)
 a->r
 s->e (W1)
 u->a
 i->m
 c->s (W1)
 = dreams
W3: dkzsa
 d->u (W1)
 k->n (W1)
 z->d (W1)
 s->e (W1)
 a->r (W2)
 = under
W4: yucvts
 y->c
 u->a (W2)
 c->s (W1)
 v->t (W1)
 t->l
 s->e (W1)
 = castle

CHECK
W1:""student"" len=7Y alpha=Y vocab=Y gaps=N PASS
W2:""dreams"" len=6Y alpha=Y vocab=Y gaps=N PASS
W3:""under"" len=5Y alpha=Y vocab=Y gaps=N PASS
W4:""castle"" len=6Y alpha=Y vocab=Y gaps=N PASS
ALL:PASS 4/4 words

ANS=student dreams under castle

\boxed{student dreams under castle}"
3221d7ce,"In Alice's Wonderland, secret encryption rules are used on text. Here are some examples:
dpmmku kgpjkvnq gpc -> rabbit imagines map
zdpjlv zdpaq kv epquyn -> dragon draws in castle
usn qnednu zdpjlv quwzknq -> the secret dragon studies
mkdz kgpjkvnq qnednu -> bird imagines secret
Now, decrypt the following text: cdkvenqq espqnq pdlwvz cpypen",princess chases around palace,Text Encryption,"I identify this as a letter substitution cipher. I build a mapping from the examples, verify it, then decrypt the target word by word. I use the fixed answer vocabulary when the examples do not cover every letter. I ignore the flavor-text wrapper.

LEN
TGT:""cdkvenqq espqnq pdlwvz cpypen""
W1:8 W2:6 W3:6 W4:6

TABLE
EX1:""dpmmku kgpjkvnq gpc""->""rabbit imagines map"" [11] d=r,p=a,m=b,k=i,u=t,g=m,j=g,v=n,n=e,q=s,c=p
EX2:""zdpjlv zdpaq kv epquyn""->""dragon draws in castle"" [5] z=d,l=o,a=w,e=c,y=l
EX3:""usn qnednu zdpjlv quwzknq""->""the secret dragon studies"" [2] s=h,w=u
EX4:""mkdz kgpjkvnq qnednu""->""bird imagines secret"" [0] none
TOTAL:18/26

VOCAB_FILL
(no gaps; examples covered all target letters)

VER
CROSS:4/4 examples decrypt with final table

DECRYPT
W1: cdkvenqq
 c->p
 d->r
 k->i
 v->n
 e->c
 n->e
 q->s
 q->s
 = princess
W2: espqnq
 e->c (W1)
 s->h
 p->a
 q->s (W1)
 n->e (W1)
 q->s (W1)
 = chases
W3: pdlwvz
 p->a (W2)
 d->r (W1)
 l->o
 w->u
 v->n (W1)
 z->d
 = around
W4: cpypen
 c->p (W1)
 p->a (W2)
 y->l
 p->a (W2)
 e->c (W1)
 n->e (W1)
 = palace

CHECK
W1:""princess"" len=8Y alpha=Y vocab=Y gaps=N PASS
W2:""chases"" len=6Y alpha=Y vocab=Y gaps=N PASS
W3:""around"" len=6Y alpha=Y vocab=Y gaps=N PASS
W4:""palace"" len=6Y alpha=Y vocab=Y gaps=N PASS
ALL:PASS 4/4 words

ANS=princess chases around palace

\boxed{princess chases around palace}"
326532e7,"In Alice's Wonderland, secret encryption rules are used on text. Here are some examples:
ukhajr fghafrmw ahkumr -> dragon imagines garden
kheefy bhyizmw frwfum fwphru -> rabbit watches inside island
qkfrimww ukhbw ujjk -> princess draws door
trfazy fghafrmw qjyfjr -> knight imagines potion
Now, decrypt the following text: ynkypm kmhuw frwfum gjnryhfr",turtle reads inside mountain,Text Encryption,"I identify this as a letter substitution cipher. I build a mapping from the examples, verify it, then decrypt the target word by word. I use the fixed answer vocabulary when the examples do not cover every letter. I ignore the flavor-text wrapper.

LEN
TGT:""ynkypm kmhuw frwfum gjnryhfr""
W1:6 W2:5 W3:6 W4:8

TABLE
EX1:""ukhajr fghafrmw ahkumr""->""dragon imagines garden"" [10] u=d,k=r,h=a,a=g,j=o,r=n,f=i,g=m,m=e,w=s
EX2:""kheefy bhyizmw frwfum fwphru""->""rabbit watches inside island"" [6] e=b,y=t,b=w,i=c,z=h,p=l
EX3:""qkfrimww ukhbw ujjk""->""princess draws door"" [1] q=p
EX4:""trfazy fghafrmw qjyfjr""->""knight imagines potion"" [1] t=k
TOTAL:18/26

VOCAB_FILL
W1:ynkypm pattern t?rtle -> LOCK ""turtle"" (candidates: turtle)
W4:gjnryhfr pattern mo?ntain -> LOCK ""mountain"" (candidates: mountain)

VER
CROSS:4/4 examples decrypt with final table

DECRYPT
W1: ynkypm
 y->t
 n->u
 k->r
 y->t
 p->l
 m->e
 = turtle
W2: kmhuw
 k->r (W1)
 m->e (W1)
 h->a
 u->d
 w->s
 = reads
W3: frwfum
 f->i
 r->n
 w->s (W2)
 f->i
 u->d (W2)
 m->e (W1)
 = inside
W4: gjnryhfr
 g->m
 j->o
 n->u (W1)
 r->n (W3)
 y->t (W1)
 h->a (W2)
 f->i (W3)
 r->n (W3)
 = mountain

CHECK
W1:""turtle"" len=6Y alpha=Y vocab=Y gaps=N PASS
W2:""reads"" len=5Y alpha=Y vocab=Y gaps=N PASS
W3:""inside"" len=6Y alpha=Y vocab=Y gaps=N PASS
W4:""mountain"" len=8Y alpha=Y vocab=Y gaps=N PASS
ALL:PASS 4/4 words

ANS=turtle reads inside mountain

\boxed{turtle reads inside mountain}"
327955b8,"In Alice's Wonderland, secret encryption rules are used on text. Here are some examples:
cjh lkabhf fvttkc lhhl -> the silver rabbit sees
chvqjhf ywaawul svfghx -> teacher follows garden
cjh zplchfkwil gfvswx gfhvzl -> the mysterious dragon dreams
fvttkc gklqwbhfl cjh jkgghx gwwf -> rabbit discovers the hidden door
Now, decrypt the following text: cjh uklh mfkxqhll gfvul",the wise princess draws,Text Encryption,"I identify this as a letter substitution cipher. I build a mapping from the examples, verify it, then decrypt the target word by word. I use the fixed answer vocabulary when the examples do not cover every letter. I ignore the flavor-text wrapper.

LEN
TGT:""cjh uklh mfkxqhll gfvul""
W1:3 W2:4 W3:8 W4:5

TABLE
EX1:""cjh lkabhf fvttkc lhhl""->""the silver rabbit sees"" [10] c=t,j=h,h=e,l=s,k=i,a=l,b=v,f=r,v=a,t=b
EX2:""chvqjhf ywaawul svfghx""->""teacher follows garden"" [7] q=c,y=f,w=o,u=w,s=g,g=d,x=n
EX3:""cjh zplchfkwil gfvswx gfhvzl""->""the mysterious dragon dreams"" [3] z=m,p=y,i=u
EX4:""fvttkc gklqwbhfl cjh jkgghx gwwf""->""rabbit discovers the hidden door"" [0] none
TOTAL:20/26

VOCAB_FILL
W3:mfkxqhll pattern ?rincess -> LOCK ""princess"" (candidates: princess)

VER
CROSS:4/4 examples decrypt with final table

DECRYPT
W1: cjh
 c->t
 j->h
 h->e
 = the
W2: uklh
 u->w
 k->i
 l->s
 h->e (W1)
 = wise
W3: mfkxqhll
 m->p
 f->r
 k->i (W2)
 x->n
 q->c
 h->e (W1)
 l->s (W2)
 l->s (W2)
 = princess
W4: gfvul
 g->d
 f->r (W3)
 v->a
 u->w (W2)
 l->s (W2)
 = draws

CHECK
W1:""the"" len=3Y alpha=Y vocab=Y gaps=N PASS
W2:""wise"" len=4Y alpha=Y vocab=Y gaps=N PASS
W3:""princess"" len=8Y alpha=Y vocab=Y gaps=N PASS
W4:""draws"" len=5Y alpha=Y vocab=Y gaps=N PASS
ALL:PASS 4/4 words

ANS=the wise princess draws

\boxed{the wise princess draws}"
32a2dcd8,"In Alice's Wonderland, secret encryption rules are used on text. Here are some examples:
nbrmfkpp istmj mkcb isbkpu -> princess found near forest
putjkmu isddsqp uak zchrfcd fcpudk -> student follows the magical castle
utbudk facpkp zcn -> turtle chases map
uak jcbo putjkmu jbkczp -> the dark student dreams
zstpk kvndsbkp pusbl -> mouse explores story
Now, decrypt the following text: grbj qbrukp jssb",bird writes door,Text Encryption,"I identify this as a letter substitution cipher. I build a mapping from the examples, verify it, then decrypt the target word by word. I use the fixed answer vocabulary when the examples do not cover every letter. I ignore the flavor-text wrapper.

LEN
TGT:""grbj qbrukp jssb""
W1:4 W2:6 W3:4

TABLE
EX1:""nbrmfkpp istmj mkcb isbkpu""->""princess found near forest"" [13] n=p,b=r,r=i,m=n,f=c,k=e,p=s,i=f,s=o,t=u,j=d,c=a,u=t
EX2:""putjkmu isddsqp uak zchrfcd fcpudk""->""student follows the magical castle"" [5] d=l,q=w,a=h,z=m,h=g
EX3:""utbudk facpkp zcn""->""turtle chases map"" [0] none
EX4:""uak jcbo putjkmu jbkczp""->""the dark student dreams"" [1] o=k
EX5:""zstpk kvndsbkp pusbl""->""mouse explores story"" [2] v=x,l=y
TOTAL:21/26

VOCAB_FILL
W1:grbj pattern ?ird -> LOCK ""bird"" (candidates: bird)

VER
CROSS:5/5 examples decrypt with final table

DECRYPT
W1: grbj
 g->b
 r->i
 b->r
 j->d
 = bird
W2: qbrukp
 q->w
 b->r (W1)
 r->i (W1)
 u->t
 k->e
 p->s
 = writes
W3: jssb
 j->d (W1)
 s->o
 s->o
 b->r (W1)
 = door

CHECK
W1:""bird"" len=4Y alpha=Y vocab=Y gaps=N PASS
W2:""writes"" len=6Y alpha=Y vocab=Y gaps=N PASS
W3:""door"" len=4Y alpha=Y vocab=Y gaps=N PASS
ALL:PASS 3/3 words

ANS=bird writes door

\boxed{bird writes door}"
32c6db19,"In Alice's Wonderland, secret encryption rules are used on text. Here are some examples:
kcfu jyddymg cbgcui sofuib -> bird follows inside garden
nxi gcdzif fokkcn iqldyfig -> the silver rabbit explores
nxi poscvod xonnif ufiopg -> the magical hatter dreams
xonnif vfionig nxi gnfobsi vogndi -> hatter creates the strange castle
ntfndi vxogig tbuif yviob -> turtle chases under ocean
Now, decrypt the following text: xonnif jyddymg ltaadi",hatter follows puzzle,Text Encryption,"I identify this as a letter substitution cipher. I build a mapping from the examples, verify it, then decrypt the target word by word. I use the fixed answer vocabulary when the examples do not cover every letter. I ignore the flavor-text wrapper.

LEN
TGT:""xonnif jyddymg ltaadi""
W1:6 W2:7 W3:6

TABLE
EX1:""kcfu jyddymg cbgcui sofuib""->""bird follows inside garden"" [13] k=b,c=i,f=r,u=d,j=f,y=o,d=l,m=w,g=s,b=n,i=e,s=g,o=a
EX2:""nxi gcdzif fokkcn iqldyfig""->""the silver rabbit explores"" [5] n=t,x=h,z=v,q=x,l=p
EX3:""nxi poscvod xonnif ufiopg""->""the magical hatter dreams"" [2] p=m,v=c
EX4:""xonnif vfionig nxi gnfobsi vogndi""->""hatter creates the strange castle"" [0] none
EX5:""ntfndi vxogig tbuif yviob""->""turtle chases under ocean"" [1] t=u
TOTAL:21/26

VOCAB_FILL
W3:ltaadi pattern pu??le -> LOCK ""puzzle"" (candidates: puzzle)

VER
CROSS:5/5 examples decrypt with final table

DECRYPT
W1: xonnif
 x->h
 o->a
 n->t
 n->t
 i->e
 f->r
 = hatter
W2: jyddymg
 j->f
 y->o
 d->l
 d->l
 y->o
 m->w
 g->s
 = follows
W3: ltaadi
 l->p
 t->u
 a->z
 a->z
 d->l (W2)
 i->e (W1)
 = puzzle

CHECK
W1:""hatter"" len=6Y alpha=Y vocab=Y gaps=N PASS
W2:""follows"" len=7Y alpha=Y vocab=Y gaps=N PASS
W3:""puzzle"" len=6Y alpha=Y vocab=Y gaps=N PASS
ALL:PASS 3/3 words

ANS=hatter follows puzzle

\boxed{hatter follows puzzle}"
32d9f8da,"In Alice's Wonderland, secret encryption rules are used on text. Here are some examples:
yltsz szzs umsvxz -> mouse sees castle
crop ozmps vwz utorlts ymf -> bird reads the curious map
vwz utorlts vzmuwzo gmvuwzs -> the curious teacher watches
crop pozmys resrpz suwllx -> bird dreams inside school
Now, decrypt the following text: foreuzss prsulkzos czhlep fmxmuz",princess discovers beyond palace,Text Encryption,"I identify this as a letter substitution cipher. I build a mapping from the examples, verify it, then decrypt the target word by word. I use the fixed answer vocabulary when the examples do not cover every letter. I ignore the flavor-text wrapper.

LEN
TGT:""foreuzss prsulkzos czhlep fmxmuz""
W1:8 W2:9 W3:6 W4:6

TABLE
EX1:""yltsz szzs umsvxz""->""mouse sees castle"" [9] y=m,l=o,t=u,s=s,z=e,u=c,m=a,v=t,x=l
EX2:""crop ozmps vwz utorlts ymf""->""bird reads the curious map"" [6] c=b,r=i,o=r,p=d,w=h,f=p
EX3:""vwz utorlts vzmuwzo gmvuwzs""->""the curious teacher watches"" [1] g=w
EX4:""crop pozmys resrpz suwllx""->""bird dreams inside school"" [1] e=n
TOTAL:17/26

VOCAB_FILL
W2:prsulkzos pattern disco?ers -> LOCK ""discovers"" (candidates: discovers)
W3:czhlep pattern be?ond -> LOCK ""beyond"" (candidates: beyond)

VER
CROSS:4/4 examples decrypt with final table

DECRYPT
W1: foreuzss
 f->p
 o->r
 r->i
 e->n
 u->c
 z->e
 s->s
 s->s
 = princess
W2: prsulkzos
 p->d
 r->i (W1)
 s->s (W1)
 u->c (W1)
 l->o
 k->v
 z->e (W1)
 o->r (W1)
 s->s (W1)
 = discovers
W3: czhlep
 c->b
 z->e (W1)
 h->y
 l->o (W2)
 e->n (W1)
 p->d (W2)
 = beyond
W4: fmxmuz
 f->p (W1)
 m->a
 x->l
 m->a
 u->c (W1)
 z->e (W1)
 = palace

CHECK
W1:""princess"" len=8Y alpha=Y vocab=Y gaps=N PASS
W2:""discovers"" len=9Y alpha=Y vocab=Y gaps=N PASS
W3:""beyond"" len=6Y alpha=Y vocab=Y gaps=N PASS
W4:""palace"" len=6Y alpha=Y vocab=Y gaps=N PASS
ALL:PASS 4/4 words

ANS=princess discovers beyond palace

\boxed{princess discovers beyond palace}"
32f368ce,"In Alice's Wonderland, secret encryption rules are used on text. Here are some examples:
rottcg hbjjbxd trc ibjqcp hbgcdt -> hatter follows the golden forest
tegtjc qadlbzcgd lodtjc -> turtle discovers castle
trc ibjqcp yeccp hbjjbxd -> the golden queen follows
tcolrcg qgcosd ucv -> teacher dreams key
Now, decrypt the following text: tegtjc dteqacd ucv",turtle studies key,Text Encryption,"I identify this as a letter substitution cipher. I build a mapping from the examples, verify it, then decrypt the target word by word. I use the fixed answer vocabulary when the examples do not cover every letter. I ignore the flavor-text wrapper.

LEN
TGT:""tegtjc dteqacd ucv""
W1:6 W2:7 W3:3

TABLE
EX1:""rottcg hbjjbxd trc ibjqcp hbgcdt""->""hatter follows the golden forest"" [13] r=h,o=a,t=t,c=e,g=r,h=f,b=o,j=l,x=w,d=s,i=g,q=d,p=n
EX2:""tegtjc qadlbzcgd lodtjc""->""turtle discovers castle"" [4] e=u,a=i,l=c,z=v
EX3:""trc ibjqcp yeccp hbjjbxd""->""the golden queen follows"" [1] y=q
EX4:""tcolrcg qgcosd ucv""->""teacher dreams key"" [3] s=m,u=k,v=y
TOTAL:21/26

VOCAB_FILL
(no gaps; examples covered all target letters)

VER
CROSS:4/4 examples decrypt with final table

DECRYPT
W1: tegtjc
 t->t
 e->u
 g->r
 t->t
 j->l
 c->e
 = turtle
W2: dteqacd
 d->s
 t->t (W1)
 e->u (W1)
 q->d
 a->i
 c->e (W1)
 d->s
 = studies
W3: ucv
 u->k
 c->e (W1)
 v->y
 = key

CHECK
W1:""turtle"" len=6Y alpha=Y vocab=Y gaps=N PASS
W2:""studies"" len=7Y alpha=Y vocab=Y gaps=N PASS
W3:""key"" len=3Y alpha=Y vocab=Y gaps=N PASS
ALL:PASS 3/3 words

ANS=turtle studies key

\boxed{turtle studies key}"
331e68d6,"In Alice's Wonderland, secret encryption rules are used on text. Here are some examples:
fxij urwqewo iwqr jqrtwi -> king creates near garden
ehw unwcwr oestwie rwqto -> the clever student reads
masow trwqmo ehw uanarvsn erwqosrw -> mouse dreams the colorful treasure
uqe trwqmo ehw usrxaso mxrrar -> cat dreams the curious mirror
ehw gxow yswwi grxewo -> the wise queen writes
Now, decrypt the following text: ewquhwr grxewo ehw jantwi owurwe",teacher writes the golden secret,Text Encryption,"I identify this as a letter substitution cipher. I build a mapping from the examples, verify it, then decrypt the target word by word. I use the fixed answer vocabulary when the examples do not cover every letter. I ignore the flavor-text wrapper.

LEN
TGT:""ewquhwr grxewo ehw jantwi owurwe""
W1:7 W2:6 W3:3 W4:6 W5:6

TABLE
EX1:""fxij urwqewo iwqr jqrtwi""->""king creates near garden"" [11] f=k,x=i,i=n,j=g,u=c,r=r,w=e,q=a,e=t,o=s,t=d
EX2:""ehw unwcwr oestwie rwqto""->""the clever student reads"" [4] h=h,n=l,c=v,s=u
EX3:""masow trwqmo ehw uanarvsn erwqosrw""->""mouse dreams the colorful treasure"" [3] m=m,a=o,v=f
EX4:""uqe trwqmo ehw usrxaso mxrrar""->""cat dreams the curious mirror"" [0] none
EX5:""ehw gxow yswwi grxewo""->""the wise queen writes"" [2] g=w,y=q
TOTAL:20/26

VOCAB_FILL
(no gaps; examples covered all target letters)

VER
CROSS:5/5 examples decrypt with final table

DECRYPT
W1: ewquhwr
 e->t
 w->e
 q->a
 u->c
 h->h
 w->e
 r->r
 = teacher
W2: grxewo
 g->w
 r->r (W1)
 x->i
 e->t (W1)
 w->e (W1)
 o->s
 = writes
W3: ehw
 e->t (W1)
 h->h (W1)
 w->e (W1)
 = the
W4: jantwi
 j->g
 a->o
 n->l
 t->d
 w->e (W1)
 i->n
 = golden
W5: owurwe
 o->s (W2)
 w->e (W1)
 u->c (W1)
 r->r (W1)
 w->e (W1)
 e->t (W1)
 = secret

CHECK
W1:""teacher"" len=7Y alpha=Y vocab=Y gaps=N PASS
W2:""writes"" len=6Y alpha=Y vocab=Y gaps=N PASS
W3:""the"" len=3Y alpha=Y vocab=Y gaps=N PASS
W4:""golden"" len=6Y alpha=Y vocab=Y gaps=N PASS
W5:""secret"" len=6Y alpha=Y vocab=Y gaps=N PASS
ALL:PASS 5/5 words

ANS=teacher writes the golden secret

\boxed{teacher writes the golden secret}"
33236551,"In Alice's Wonderland, secret encryption rules are used on text. Here are some examples:
yvggz oslfozgh lrpvzj puglz -> queen imagines around ocean
rlxxot jrglsh ozhojg hukppi -> rabbit dreams inside school
qrozughh urgltgh xgnpzj hukppi -> princess creates beyond school
yvggz uklhgh hgurgt -> queen chases secret
bzofkt oslfozgh lrpvzj hukppi -> knight imagines around school
Now, decrypt the following text: tvrtig uklhgh qptopz",turtle chases potion,Text Encryption,"I identify this as a letter substitution cipher. I build a mapping from the examples, verify it, then decrypt the target word by word. I use the fixed answer vocabulary when the examples do not cover every letter. I ignore the flavor-text wrapper.

LEN
TGT:""tvrtig uklhgh qptopz""
W1:6 W2:6 W3:6

TABLE
EX1:""yvggz oslfozgh lrpvzj puglz""->""queen imagines around ocean"" [13] y=q,v=u,g=e,z=n,o=i,s=m,l=a,f=g,h=s,r=r,p=o,j=d,u=c
EX2:""rlxxot jrglsh ozhojg hukppi""->""rabbit dreams inside school"" [4] x=b,t=t,k=h,i=l
EX3:""qrozughh urgltgh xgnpzj hukppi""->""princess creates beyond school"" [2] q=p,n=y
EX4:""yvggz uklhgh hgurgt""->""queen chases secret"" [0] none
EX5:""bzofkt oslfozgh lrpvzj hukppi""->""knight imagines around school"" [1] b=k
TOTAL:20/26

VOCAB_FILL
(no gaps; examples covered all target letters)

VER
CROSS:5/5 examples decrypt with final table

DECRYPT
W1: tvrtig
 t->t
 v->u
 r->r
 t->t
 i->l
 g->e
 = turtle
W2: uklhgh
 u->c
 k->h
 l->a
 h->s
 g->e (W1)
 h->s
 = chases
W3: qptopz
 q->p
 p->o
 t->t (W1)
 o->i
 p->o
 z->n
 = potion

CHECK
W1:""turtle"" len=6Y alpha=Y vocab=Y gaps=N PASS
W2:""chases"" len=6Y alpha=Y vocab=Y gaps=N PASS
W3:""potion"" len=6Y alpha=Y vocab=Y gaps=N PASS
ALL:PASS 3/3 words

ANS=turtle chases potion

\boxed{turtle chases potion}"
3385340a,"In Alice's Wonderland, secret encryption rules are used on text. Here are some examples:
qicy ycjbxe dtyjc obvvjf -> bird dreams under valley
acitwjee uzdty mhj wdcizde pjf -> princess found the curious key
mhj wzvzcudv hbmmjc ycbke -> the colorful hatter draws
Now, decrypt the following text: mhj wdcizde pitr ixbritje",the curious king imagines,Text Encryption,"I identify this as a letter substitution cipher. I build a mapping from the examples, verify it, then decrypt the target word by word. I use the fixed answer vocabulary when the examples do not cover every letter. I ignore the flavor-text wrapper.

LEN
TGT:""mhj wdcizde pitr ixbritje""
W1:3 W2:7 W3:4 W4:8

TABLE
EX1:""qicy ycjbxe dtyjc obvvjf""->""bird dreams under valley"" [13] q=b,i=i,c=r,y=d,j=e,b=a,x=m,e=s,d=u,t=n,o=v,v=l,f=y
EX2:""acitwjee uzdty mhj wdcizde pjf""->""princess found the curious key"" [7] a=p,w=c,u=f,z=o,m=t,h=h,p=k
EX3:""mhj wzvzcudv hbmmjc ycbke""->""the colorful hatter draws"" [1] k=w
TOTAL:21/26

VOCAB_FILL
W3:pitr pattern kin? -> LOCK ""king"" (candidates: king)
W4:ixbritje pattern ima?ines -> LOCK ""imagines"" (candidates: imagines)

VER
CROSS:3/3 examples decrypt with final table

DECRYPT
W1: mhj
 m->t
 h->h
 j->e
 = the
W2: wdcizde
 w->c
 d->u
 c->r
 i->i
 z->o
 d->u
 e->s
 = curious
W3: pitr
 p->k
 i->i (W2)
 t->n
 r->g
 = king
W4: ixbritje
 i->i (W2)
 x->m
 b->a
 r->g (W3)
 i->i (W2)
 t->n (W3)
 j->e (W1)
 e->s (W2)
 = imagines

CHECK
W1:""the"" len=3Y alpha=Y vocab=Y gaps=N PASS
W2:""curious"" len=7Y alpha=Y vocab=Y gaps=N PASS
W3:""king"" len=4Y alpha=Y vocab=Y gaps=N PASS
W4:""imagines"" len=8Y alpha=Y vocab=Y gaps=N PASS
ALL:PASS 4/4 words

ANS=the curious king imagines

\boxed{the curious king imagines}"
33d344c4,"In Alice's Wonderland, secret encryption rules are used on text. Here are some examples:
ixh bnhvht ytauzj ytakf -> the clever dragon draws
mwju fieywhf ixtzeux vwnnauh -> king studies through village
cehhj qznnzkf rzzm -> queen follows book
mjwuxi bthaihf ixh yatm btpfian -> knight creates the dark crystal
anwbh ytakf ixh fitajuh fhbthi -> alice draws the strange secret
Now, decrypt the following text: rwty qznnzkf ixh ajbwhji mhp",bird follows the ancient key,Text Encryption,"I identify this as a letter substitution cipher. I build a mapping from the examples, verify it, then decrypt the target word by word. I use the fixed answer vocabulary when the examples do not cover every letter. I ignore the flavor-text wrapper.

LEN
TGT:""rwty qznnzkf ixh ajbwhji mhp""
W1:4 W2:7 W3:3 W4:7 W5:3

TABLE
EX1:""ixh bnhvht ytauzj ytakf""->""the clever dragon draws"" [14] i=t,x=h,h=e,b=c,n=l,v=v,t=r,y=d,a=a,u=g,z=o,j=n,k=w,f=s
EX2:""mwju fieywhf ixtzeux vwnnauh""->""king studies through village"" [3] m=k,w=i,e=u
EX3:""cehhj qznnzkf rzzm""->""queen follows book"" [3] c=q,q=f,r=b
EX4:""mjwuxi bthaihf ixh yatm btpfian""->""knight creates the dark crystal"" [1] p=y
EX5:""anwbh ytakf ixh fitajuh fhbthi""->""alice draws the strange secret"" [0] none
TOTAL:21/26

VOCAB_FILL
(no gaps; examples covered all target letters)

VER
CROSS:5/5 examples decrypt with final table

DECRYPT
W1: rwty
 r->b
 w->i
 t->r
 y->d
 = bird
W2: qznnzkf
 q->f
 z->o
 n->l
 n->l
 z->o
 k->w
 f->s
 = follows
W3: ixh
 i->t
 x->h
 h->e
 = the
W4: ajbwhji
 a->a
 j->n
 b->c
 w->i (W1)
 h->e (W3)
 j->n
 i->t (W3)
 = ancient
W5: mhp
 m->k
 h->e (W3)
 p->y
 = key

CHECK
W1:""bird"" len=4Y alpha=Y vocab=Y gaps=N PASS
W2:""follows"" len=7Y alpha=Y vocab=Y gaps=N PASS
W3:""the"" len=3Y alpha=Y vocab=Y gaps=N PASS
W4:""ancient"" len=7Y alpha=Y vocab=Y gaps=N PASS
W5:""key"" len=3Y alpha=Y vocab=Y gaps=N PASS
ALL:PASS 5/5 words

ANS=bird follows the ancient key

\boxed{bird follows the ancient key}"
340fdb6b,"In Alice's Wonderland, secret encryption rules are used on text. Here are some examples:
uys jqps rvhgkz jvqusp -> the wise dragon writes
pubrszu jhueysp bzrsv ghvrsz -> student watches under garden
uys rhva hoqes rqpekdsvp -> the dark alice discovers
Now, decrypt the following text: wqvr jhueysp pukvl",bird watches story,Text Encryption,"I identify this as a letter substitution cipher. I build a mapping from the examples, verify it, then decrypt the target word by word. I use the fixed answer vocabulary when the examples do not cover every letter. I ignore the flavor-text wrapper.

LEN
TGT:""wqvr jhueysp pukvl""
W1:4 W2:7 W3:5

TABLE
EX1:""uys jqps rvhgkz jvqusp""->""the wise dragon writes"" [12] u=t,y=h,s=e,j=w,q=i,p=s,r=d,v=r,h=a,g=g,k=o,z=n
EX2:""pubrszu jhueysp bzrsv ghvrsz""->""student watches under garden"" [2] b=u,e=c
EX3:""uys rhva hoqes rqpekdsvp""->""the dark alice discovers"" [3] a=k,o=l,d=v
TOTAL:17/26

VOCAB_FILL
W1:wqvr pattern ?ird -> LOCK ""bird"" (candidates: bird)
W3:pukvl pattern stor? -> LOCK ""story"" (candidates: story)

VER
CROSS:3/3 examples decrypt with final table

DECRYPT
W1: wqvr
 w->b
 q->i
 v->r
 r->d
 = bird
W2: jhueysp
 j->w
 h->a
 u->t
 e->c
 y->h
 s->e
 p->s
 = watches
W3: pukvl
 p->s (W2)
 u->t (W2)
 k->o
 v->r (W1)
 l->y
 = story

CHECK
W1:""bird"" len=4Y alpha=Y vocab=Y gaps=N PASS
W2:""watches"" len=7Y alpha=Y vocab=Y gaps=N PASS
W3:""story"" len=5Y alpha=Y vocab=Y gaps=N PASS
ALL:PASS 3/3 words

ANS=bird watches story

\boxed{bird watches story}"
344a8237,"In Alice's Wonderland, secret encryption rules are used on text. Here are some examples:
mvfewt shftkz afhhih -> knight writes mirror
twk cvqfkvt xhfvqkzz qhkctkz -> the ancient princess creates
twk acefqcu mvfewt qwczkz -> the magical knight chases
tohtuk shftkz twhioew iqkcv -> turtle writes through ocean
Now, decrypt the following text: twk wfnnkv gfhn nhkcaz",the hidden bird dreams,Text Encryption,"I identify this as a letter substitution cipher. I build a mapping from the examples, verify it, then decrypt the target word by word. I use the fixed answer vocabulary when the examples do not cover every letter. I ignore the flavor-text wrapper.

LEN
TGT:""twk wfnnkv gfhn nhkcaz""
W1:3 W2:6 W3:4 W4:6

TABLE
EX1:""mvfewt shftkz afhhih""->""knight writes mirror"" [12] m=k,v=n,f=i,e=g,w=h,t=t,s=w,h=r,k=e,z=s,a=m,i=o
EX2:""twk cvqfkvt xhfvqkzz qhkctkz""->""the ancient princess creates"" [3] c=a,q=c,x=p
EX3:""twk acefqcu mvfewt qwczkz""->""the magical knight chases"" [1] u=l
EX4:""tohtuk shftkz twhioew iqkcv""->""turtle writes through ocean"" [1] o=u
TOTAL:17/26

VOCAB_FILL
W2:wfnnkv pattern hi??en -> LOCK ""hidden"" (candidates: hidden)
W3:gfhn pattern ?ir? -> LOCK ""bird"" (candidates: bird)
W4:nhkcaz pattern ?reams -> LOCK ""dreams"" (candidates: dreams)

VER
CROSS:4/4 examples decrypt with final table

DECRYPT
W1: twk
 t->t
 w->h
 k->e
 = the
W2: wfnnkv
 w->h (W1)
 f->i
 n->d
 n->d
 k->e (W1)
 v->n
 = hidden
W3: gfhn
 g->b
 f->i (W2)
 h->r
 n->d (W2)
 = bird
W4: nhkcaz
 n->d (W2)
 h->r (W3)
 k->e (W1)
 c->a
 a->m
 z->s
 = dreams

CHECK
W1:""the"" len=3Y alpha=Y vocab=Y gaps=N PASS
W2:""hidden"" len=6Y alpha=Y vocab=Y gaps=N PASS
W3:""bird"" len=4Y alpha=Y vocab=Y gaps=N PASS
W4:""dreams"" len=6Y alpha=Y vocab=Y gaps=N PASS
ALL:PASS 4/4 words

ANS=the hidden bird dreams

\boxed{the hidden bird dreams}"
3457cb83,"In Alice's Wonderland, secret encryption rules are used on text. Here are some examples:
xok dvtxkbwpyt txyckzx tkkt -> the mysterious student sees
xok fpackz lrx npaaput -> the golden cat follows
brmmwx urxlokt mkvpzc xpukb -> rabbit watches beyond tower
izwfox txycwkt wz tloppa -> knight studies in school
Now, decrypt the following text: sykkz cwtlpjkbt xok crbi dwbbpb",queen discovers the dark mirror,Text Encryption,"I identify this as a letter substitution cipher. I build a mapping from the examples, verify it, then decrypt the target word by word. I use the fixed answer vocabulary when the examples do not cover every letter. I ignore the flavor-text wrapper.

LEN
TGT:""sykkz cwtlpjkbt xok crbi dwbbpb""
W1:5 W2:9 W3:3 W4:4 W5:6

TABLE
EX1:""xok dvtxkbwpyt txyckzx tkkt""->""the mysterious student sees"" [12] x=t,o=h,k=e,d=m,v=y,t=s,b=r,w=i,p=o,y=u,c=d,z=n
EX2:""xok fpackz lrx npaaput""->""the golden cat follows"" [6] f=g,a=l,l=c,r=a,n=f,u=w
EX3:""brmmwx urxlokt mkvpzc xpukb""->""rabbit watches beyond tower"" [1] m=b
EX4:""izwfox txycwkt wz tloppa""->""knight studies in school"" [1] i=k
TOTAL:20/26

VOCAB_FILL
W1:sykkz pattern ?ueen -> LOCK ""queen"" (candidates: queen)
W2:cwtlpjkbt pattern disco?ers -> LOCK ""discovers"" (candidates: discovers)

VER
CROSS:4/4 examples decrypt with final table

DECRYPT
W1: sykkz
 s->q
 y->u
 k->e
 k->e
 z->n
 = queen
W2: cwtlpjkbt
 c->d
 w->i
 t->s
 l->c
 p->o
 j->v
 k->e (W1)
 b->r
 t->s
 = discovers
W3: xok
 x->t
 o->h
 k->e (W1)
 = the
W4: crbi
 c->d (W2)
 r->a
 b->r (W2)
 i->k
 = dark
W5: dwbbpb
 d->m
 w->i (W2)
 b->r (W2)
 b->r (W2)
 p->o (W2)
 b->r (W2)
 = mirror

CHECK
W1:""queen"" len=5Y alpha=Y vocab=Y gaps=N PASS
W2:""discovers"" len=9Y alpha=Y vocab=Y gaps=N PASS
W3:""the"" len=3Y alpha=Y vocab=Y gaps=N PASS
W4:""dark"" len=4Y alpha=Y vocab=Y gaps=N PASS
W5:""mirror"" len=6Y alpha=Y vocab=Y gaps=N PASS
ALL:PASS 5/5 words

ANS=queen discovers the dark mirror

\boxed{queen discovers the dark mirror}"
345c36fe,"In Alice's Wonderland, secret encryption rules are used on text. Here are some examples:
mcu edstcm wsyt zqaaqbl -> the bright king follows
bskodn vduomul luvdum -> wizard creates secret
oasvu duonl mcdqgtc asedodi -> alice reads through library
commud bomvcul mcu luvdum fqmsqy -> hatter watches the secret potion
oasvu lmgnsul oeqju hqgymosy -> alice studies above mountain
Now, decrypt the following text: wystcm shotsyul euiqyn zqdulm",knight imagines beyond forest,Text Encryption,"I identify this as a letter substitution cipher. I build a mapping from the examples, verify it, then decrypt the target word by word. I use the fixed answer vocabulary when the examples do not cover every letter. I ignore the flavor-text wrapper.

LEN
TGT:""wystcm shotsyul euiqyn zqdulm""
W1:6 W2:8 W3:6 W4:6

TABLE
EX1:""mcu edstcm wsyt zqaaqbl""->""the bright king follows"" [14] m=t,c=h,u=e,e=b,d=r,s=i,t=g,w=k,y=n,z=f,q=o,a=l,b=w,l=s
EX2:""bskodn vduomul luvdum""->""wizard creates secret"" [4] k=z,o=a,n=d,v=c
EX3:""oasvu duonl mcdqgtc asedodi""->""alice reads through library"" [2] g=u,i=y
EX4:""commud bomvcul mcu luvdum fqmsqy""->""hatter watches the secret potion"" [1] f=p
EX5:""oasvu lmgnsul oeqju hqgymosy""->""alice studies above mountain"" [2] j=v,h=m
TOTAL:23/26

VOCAB_FILL
(no gaps; examples covered all target letters)

VER
CROSS:5/5 examples decrypt with final table

DECRYPT
W1: wystcm
 w->k
 y->n
 s->i
 t->g
 c->h
 m->t
 = knight
W2: shotsyul
 s->i (W1)
 h->m
 o->a
 t->g (W1)
 s->i (W1)
 y->n (W1)
 u->e
 l->s
 = imagines
W3: euiqyn
 e->b
 u->e (W2)
 i->y
 q->o
 y->n (W1)
 n->d
 = beyond
W4: zqdulm
 z->f
 q->o (W3)
 d->r
 u->e (W2)
 l->s (W2)
 m->t (W1)
 = forest

CHECK
W1:""knight"" len=6Y alpha=Y vocab=Y gaps=N PASS
W2:""imagines"" len=8Y alpha=Y vocab=Y gaps=N PASS
W3:""beyond"" len=6Y alpha=Y vocab=Y gaps=N PASS
W4:""forest"" len=6Y alpha=Y vocab=Y gaps=N PASS
ALL:PASS 4/4 words

ANS=knight imagines beyond forest

\boxed{knight imagines beyond forest}"
34747669,"In Alice's Wonderland, secret encryption rules are used on text. Here are some examples:
aygeum yqehykpc dtp eknypkd cdvuo -> wizard imagines the ancient story
drudjp yqehykpc cpnupd -> turtle imagines secret
lyum upemc dtp meui necdjp -> bird reads the dark castle
qvrcp auydpc qpccehp -> mouse writes message
dtp eknypkd aygeum mueac -> the ancient wizard draws
Now, decrypt the following text: zrppk bvrkm xrggjp",queen found puzzle,Text Encryption,"I identify this as a letter substitution cipher. I build a mapping from the examples, verify it, then decrypt the target word by word. I use the fixed answer vocabulary when the examples do not cover every letter. I ignore the flavor-text wrapper.

LEN
TGT:""zrppk bvrkm xrggjp""
W1:5 W2:5 W3:6

TABLE
EX1:""aygeum yqehykpc dtp eknypkd cdvuo""->""wizard imagines the ancient story"" [16] a=w,y=i,g=z,e=a,u=r,m=d,q=m,h=g,k=n,p=e,c=s,d=t,t=h,n=c,v=o,o=y
EX2:""drudjp yqehykpc cpnupd""->""turtle imagines secret"" [2] r=u,j=l
EX3:""lyum upemc dtp meui necdjp""->""bird reads the dark castle"" [2] l=b,i=k
EX4:""qvrcp auydpc qpccehp""->""mouse writes message"" [0] none
EX5:""dtp eknypkd aygeum mueac""->""the ancient wizard draws"" [0] none
TOTAL:20/26

VOCAB_FILL
W1:zrppk pattern ?ueen -> LOCK ""queen"" (candidates: queen)
W2:bvrkm pattern ?ound -> LOCK ""found"" (candidates: found)
W3:xrggjp pattern ?uzzle -> LOCK ""puzzle"" (candidates: puzzle)

VER
CROSS:5/5 examples decrypt with final table

DECRYPT
W1: zrppk
 z->q
 r->u
 p->e
 p->e
 k->n
 = queen
W2: bvrkm
 b->f
 v->o
 r->u (W1)
 k->n (W1)
 m->d
 = found
W3: xrggjp
 x->p
 r->u (W1)
 g->z
 g->z
 j->l
 p->e (W1)
 = puzzle

CHECK
W1:""queen"" len=5Y alpha=Y vocab=Y gaps=N PASS
W2:""found"" len=5Y alpha=Y vocab=Y gaps=N PASS
W3:""puzzle"" len=6Y alpha=Y vocab=Y gaps=N PASS
ALL:PASS 3/3 words

ANS=queen found puzzle

\boxed{queen found puzzle}"
34782f62,"In Alice's Wonderland, secret encryption rules are used on text. Here are some examples:
jnejzy ujnsmyu jeyouney -> turtle studies treasure
bmes ykxzteyu jay wolmqoz loesyi -> bird explores the magical garden
xemiqyuu vtnis jay ltzsyi xtjmti -> princess found the golden potion
jnejzy smuqtfyeu jay ltzsyi uyqeyj -> turtle discovers the golden secret
cimlaj qeyojyu xtjmti -> knight creates potion
Now, decrypt the following text: jay bemlaj cimlaj smuqtfyeu",the bright knight discovers,Text Encryption,"I identify this as a letter substitution cipher. I build a mapping from the examples, verify it, then decrypt the target word by word. I use the fixed answer vocabulary when the examples do not cover every letter. I ignore the flavor-text wrapper.

LEN
TGT:""jay bemlaj cimlaj smuqtfyeu""
W1:3 W2:6 W3:6 W4:9

TABLE
EX1:""jnejzy ujnsmyu jeyouney""->""turtle studies treasure"" [9] j=t,n=u,e=r,z=l,y=e,u=s,s=d,m=i,o=a
EX2:""bmes ykxzteyu jay wolmqoz loesyi""->""bird explores the magical garden"" [9] b=b,k=x,x=p,t=o,a=h,w=m,l=g,q=c,i=n
EX3:""xemiqyuu vtnis jay ltzsyi xtjmti""->""princess found the golden potion"" [1] v=f
EX4:""jnejzy smuqtfyeu jay ltzsyi uyqeyj""->""turtle discovers the golden secret"" [1] f=v
EX5:""cimlaj qeyojyu xtjmti""->""knight creates potion"" [1] c=k
TOTAL:21/26

VOCAB_FILL
(no gaps; examples covered all target letters)

VER
CROSS:5/5 examples decrypt with final table

DECRYPT
W1: jay
 j->t
 a->h
 y->e
 = the
W2: bemlaj
 b->b
 e->r
 m->i
 l->g
 a->h (W1)
 j->t (W1)
 = bright
W3: cimlaj
 c->k
 i->n
 m->i (W2)
 l->g (W2)
 a->h (W1)
 j->t (W1)
 = knight
W4: smuqtfyeu
 s->d
 m->i (W2)
 u->s
 q->c
 t->o
 f->v
 y->e (W1)
 e->r (W2)
 u->s
 = discovers

CHECK
W1:""the"" len=3Y alpha=Y vocab=Y gaps=N PASS
W2:""bright"" len=6Y alpha=Y vocab=Y gaps=N PASS
W3:""knight"" len=6Y alpha=Y vocab=Y gaps=N PASS
W4:""discovers"" len=9Y alpha=Y vocab=Y gaps=N PASS
ALL:PASS 4/4 words

ANS=the bright knight discovers

\boxed{the bright knight discovers}"
348c5e8e,"In Alice's Wonderland, secret encryption rules are used on text. Here are some examples:
fzkjcv crjvu qjuygr -> wizard reads castle
yhr qgrmrc fzkjcv rtsgpcru -> the clever wizard explores
ybcygr fjyqhru yhr xczihy spyzpn -> turtle watches the bright potion
Now, decrypt the following text: ozni uybvzru wjs",king studies map,Text Encryption,"I identify this as a letter substitution cipher. I build a mapping from the examples, verify it, then decrypt the target word by word. I use the fixed answer vocabulary when the examples do not cover every letter. I ignore the flavor-text wrapper.

LEN
TGT:""ozni uybvzru wjs""
W1:4 W2:7 W3:3

TABLE
EX1:""fzkjcv crjvu qjuygr""->""wizard reads castle"" [11] f=w,z=i,k=z,j=a,c=r,v=d,r=e,u=s,q=c,y=t,g=l
EX2:""yhr qgrmrc fzkjcv rtsgpcru""->""the clever wizard explores"" [5] h=h,m=v,t=x,s=p,p=o
EX3:""ybcygr fjyqhru yhr xczihy spyzpn""->""turtle watches the bright potion"" [4] b=u,x=b,i=g,n=n
TOTAL:20/26

VOCAB_FILL
W1:ozni pattern ?ing -> LOCK ""king"" (candidates: king)
W3:wjs pattern ?ap -> LOCK ""map"" (candidates: map)

VER
CROSS:3/3 examples decrypt with final table

DECRYPT
W1: ozni
 o->k
 z->i
 n->n
 i->g
 = king
W2: uybvzru
 u->s
 y->t
 b->u
 v->d
 z->i (W1)
 r->e
 u->s
 = studies
W3: wjs
 w->m
 j->a
 s->p
 = map

CHECK
W1:""king"" len=4Y alpha=Y vocab=Y gaps=N PASS
W2:""studies"" len=7Y alpha=Y vocab=Y gaps=N PASS
W3:""map"" len=3Y alpha=Y vocab=Y gaps=N PASS
ALL:PASS 3/3 words

ANS=king studies map

\boxed{king studies map}"
34ced001,"In Alice's Wonderland, secret encryption rules are used on text. Here are some examples:
ken motfnq ezkknd xdnzkni -> the golden hatter creates
ken epffnq wpdf yzkxeni -> the hidden bird watches
lqpmek ydpkni kedobme oxnzq -> knight writes through ocean
fdzmoq ydpkni ken zqxpnqk sokpoq -> dragon writes the ancient potion
ikbfnqk fdzyi qnzd ixeoot -> student draws near school
Now, decrypt the following text: dzwwpk xdnzkni ken wdpmek sbaatn",rabbit creates the bright puzzle,Text Encryption,"I identify this as a letter substitution cipher. I build a mapping from the examples, verify it, then decrypt the target word by word. I use the fixed answer vocabulary when the examples do not cover every letter. I ignore the flavor-text wrapper.

LEN
TGT:""dzwwpk xdnzkni ken wdpmek sbaatn""
W1:6 W2:7 W3:3 W4:6 W5:6

TABLE
EX1:""ken motfnq ezkknd xdnzkni""->""the golden hatter creates"" [12] k=t,e=h,n=e,m=g,o=o,t=l,f=d,q=n,z=a,d=r,x=c,i=s
EX2:""ken epffnq wpdf yzkxeni""->""the hidden bird watches"" [3] p=i,w=b,y=w
EX3:""lqpmek ydpkni kedobme oxnzq""->""knight writes through ocean"" [2] l=k,b=u
EX4:""fdzmoq ydpkni ken zqxpnqk sokpoq""->""dragon writes the ancient potion"" [1] s=p
EX5:""ikbfnqk fdzyi qnzd ixeoot""->""student draws near school"" [0] none
TOTAL:18/26

VOCAB_FILL
W5:sbaatn pattern pu??le -> LOCK ""puzzle"" (candidates: puzzle)

VER
CROSS:5/5 examples decrypt with final table

DECRYPT
W1: dzwwpk
 d->r
 z->a
 w->b
 w->b
 p->i
 k->t
 = rabbit
W2: xdnzkni
 x->c
 d->r (W1)
 n->e
 z->a (W1)
 k->t (W1)
 n->e
 i->s
 = creates
W3: ken
 k->t (W1)
 e->h
 n->e (W2)
 = the
W4: wdpmek
 w->b (W1)
 d->r (W1)
 p->i (W1)
 m->g
 e->h (W3)
 k->t (W1)
 = bright
W5: sbaatn
 s->p
 b->u
 a->z
 a->z
 t->l
 n->e (W2)
 = puzzle

CHECK
W1:""rabbit"" len=6Y alpha=Y vocab=Y gaps=N PASS
W2:""creates"" len=7Y alpha=Y vocab=Y gaps=N PASS
W3:""the"" len=3Y alpha=Y vocab=Y gaps=N PASS
W4:""bright"" len=6Y alpha=Y vocab=Y gaps=N PASS
W5:""puzzle"" len=6Y alpha=Y vocab=Y gaps=N PASS
ALL:PASS 5/5 words

ANS=rabbit creates the bright puzzle

\boxed{rabbit creates the bright puzzle}"
352a47ba,"In Alice's Wonderland, secret encryption rules are used on text. Here are some examples:
twym mylrxz rykiem dkylzu -> bird dreams around forest
pruuly myrbz upl ckgkydig nkuwke -> hatter draws the colorful potion
ulrcply dkggkbz iemly srymle -> teacher follows under garden
upl ckgkydig xkizl cylrulz -> the colorful mouse creates
Now, decrypt the following text: upl pwmmle qwes mwzckjlyz",the hidden king discovers,Text Encryption,"I identify this as a letter substitution cipher. I build a mapping from the examples, verify it, then decrypt the target word by word. I use the fixed answer vocabulary when the examples do not cover every letter. I ignore the flavor-text wrapper.

LEN
TGT:""upl pwmmle qwes mwzckjlyz""
W1:3 W2:6 W3:4 W4:9

TABLE
EX1:""twym mylrxz rykiem dkylzu""->""bird dreams around forest"" [13] t=b,w=i,y=r,m=d,l=e,r=a,x=m,z=s,k=o,i=u,e=n,d=f,u=t
EX2:""pruuly myrbz upl ckgkydig nkuwke""->""hatter draws the colorful potion"" [5] p=h,b=w,c=c,g=l,n=p
EX3:""ulrcply dkggkbz iemly srymle""->""teacher follows under garden"" [1] s=g
EX4:""upl ckgkydig xkizl cylrulz""->""the colorful mouse creates"" [0] none
TOTAL:19/26

VOCAB_FILL
W3:qwes pattern ?ing -> LOCK ""king"" (candidates: king)
W4:mwzckjlyz pattern disco?ers -> LOCK ""discovers"" (candidates: discovers)

VER
CROSS:4/4 examples decrypt with final table

DECRYPT
W1: upl
 u->t
 p->h
 l->e
 = the
W2: pwmmle
 p->h (W1)
 w->i
 m->d
 m->d
 l->e (W1)
 e->n
 = hidden
W3: qwes
 q->k
 w->i (W2)
 e->n (W2)
 s->g
 = king
W4: mwzckjlyz
 m->d (W2)
 w->i (W2)
 z->s
 c->c
 k->o
 j->v
 l->e (W1)
 y->r
 z->s
 = discovers

CHECK
W1:""the"" len=3Y alpha=Y vocab=Y gaps=N PASS
W2:""hidden"" len=6Y alpha=Y vocab=Y gaps=N PASS
W3:""king"" len=4Y alpha=Y vocab=Y gaps=N PASS
W4:""discovers"" len=9Y alpha=Y vocab=Y gaps=N PASS
ALL:PASS 4/4 words

ANS=the hidden king discovers

\boxed{the hidden king discovers}"
354915e0,"In Alice's Wonderland, secret encryption rules are used on text. Here are some examples:
palz ihhi asiazh yrjsutas -> bird sees inside mountain
ueh fkhnhl ujlukh fetihi -> the clever turtle chases
ojhhs flhtuhi vjbbkh -> queen creates puzzle
Now, decrypt the following text: zltqrs wlauhi mrlhiu",dragon writes forest,Text Encryption,"I identify this as a letter substitution cipher. I build a mapping from the examples, verify it, then decrypt the target word by word. I use the fixed answer vocabulary when the examples do not cover every letter. I ignore the flavor-text wrapper.

LEN
TGT:""zltqrs wlauhi mrlhiu""
W1:6 W2:6 W3:6

TABLE
EX1:""palz ihhi asiazh yrjsutas""->""bird sees inside mountain"" [12] p=b,a=i,l=r,z=d,i=s,h=e,s=n,y=m,r=o,j=u,u=t,t=a
EX2:""ueh fkhnhl ujlukh fetihi""->""the clever turtle chases"" [4] e=h,f=c,k=l,n=v
EX3:""ojhhs flhtuhi vjbbkh""->""queen creates puzzle"" [3] o=q,v=p,b=z
TOTAL:19/26

VOCAB_FILL
W1:zltqrs pattern dra?on -> LOCK ""dragon"" (candidates: dragon)
W2:wlauhi pattern ?rites -> LOCK ""writes"" (candidates: writes)
W3:mrlhiu pattern ?orest -> LOCK ""forest"" (candidates: forest)

VER
CROSS:3/3 examples decrypt with final table

DECRYPT
W1: zltqrs
 z->d
 l->r
 t->a
 q->g
 r->o
 s->n
 = dragon
W2: wlauhi
 w->w
 l->r (W1)
 a->i
 u->t
 h->e
 i->s
 = writes
W3: mrlhiu
 m->f
 r->o (W1)
 l->r (W1)
 h->e (W2)
 i->s (W2)
 u->t (W2)
 = forest

CHECK
W1:""dragon"" len=6Y alpha=Y vocab=Y gaps=N PASS
W2:""writes"" len=6Y alpha=Y vocab=Y gaps=N PASS
W3:""forest"" len=6Y alpha=Y vocab=Y gaps=N PASS
ALL:PASS 3/3 words

ANS=dragon writes forest

\boxed{dragon writes forest}"
354cac01,"In Alice's Wonderland, secret encryption rules are used on text. Here are some examples:
xieekt yvdmgxyf kjfkay gzyij -> rabbit explores inside ocean
uittyx pgmmgrf kj dimizy -> hatter follows in palace
axingj axyihf tuxglnu cimmyo -> dragon dreams through valley
skjn akfzgcyxf tuy fyzxyt syo -> king discovers the secret key
Now, decrypt the following text: tyizuyx pglja iegcy zicy",teacher found above cave,Text Encryption,"I identify this as a letter substitution cipher. I build a mapping from the examples, verify it, then decrypt the target word by word. I use the fixed answer vocabulary when the examples do not cover every letter. I ignore the flavor-text wrapper.

LEN
TGT:""tyizuyx pglja iegcy zicy""
W1:7 W2:5 W3:5 W4:4

TABLE
EX1:""xieekt yvdmgxyf kjfkay gzyij""->""rabbit explores inside ocean"" [14] x=r,i=a,e=b,k=i,t=t,y=e,v=x,d=p,m=l,g=o,f=s,j=n,a=d,z=c
EX2:""uittyx pgmmgrf kj dimizy""->""hatter follows in palace"" [3] u=h,p=f,r=w
EX3:""axingj axyihf tuxglnu cimmyo""->""dragon dreams through valley"" [5] n=g,h=m,l=u,c=v,o=y
EX4:""skjn akfzgcyxf tuy fyzxyt syo""->""king discovers the secret key"" [1] s=k
TOTAL:23/26

VOCAB_FILL
(no gaps; examples covered all target letters)

VER
CROSS:4/4 examples decrypt with final table

DECRYPT
W1: tyizuyx
 t->t
 y->e
 i->a
 z->c
 u->h
 y->e
 x->r
 = teacher
W2: pglja
 p->f
 g->o
 l->u
 j->n
 a->d
 = found
W3: iegcy
 i->a (W1)
 e->b
 g->o (W2)
 c->v
 y->e (W1)
 = above
W4: zicy
 z->c (W1)
 i->a (W1)
 c->v (W3)
 y->e (W1)
 = cave

CHECK
W1:""teacher"" len=7Y alpha=Y vocab=Y gaps=N PASS
W2:""found"" len=5Y alpha=Y vocab=Y gaps=N PASS
W3:""above"" len=5Y alpha=Y vocab=Y gaps=N PASS
W4:""cave"" len=4Y alpha=Y vocab=Y gaps=N PASS
ALL:PASS 4/4 words

ANS=teacher found above cave

\boxed{teacher found above cave}"
355cdcd9,"In Alice's Wonderland, secret encryption rules are used on text. Here are some examples:
fxskay znvvnbr yau tqmsnqr rutmuy -> knight follows the curious secret
ajyyum tmujyur innf -> hatter creates book
fsxk omujer eurrjku -> king dreams message
ismo bjytaur sx ynbum -> bird watches in tower
yqmyvu znvvnbr yau tqmsnqr znmury -> turtle follows the curious forest
Now, decrypt the following text: yau tqmsnqr jvstu sejksxur",the curious alice imagines,Text Encryption,"I identify this as a letter substitution cipher. I build a mapping from the examples, verify it, then decrypt the target word by word. I use the fixed answer vocabulary when the examples do not cover every letter. I ignore the flavor-text wrapper.

LEN
TGT:""yau tqmsnqr jvstu sejksxur""
W1:3 W2:7 W3:5 W4:8

TABLE
EX1:""fxskay znvvnbr yau tqmsnqr rutmuy""->""knight follows the curious secret"" [15] f=k,x=n,s=i,k=g,a=h,y=t,z=f,n=o,v=l,b=w,r=s,u=e,t=c,q=u,m=r
EX2:""ajyyum tmujyur innf""->""hatter creates book"" [2] j=a,i=b
EX3:""fsxk omujer eurrjku""->""king dreams message"" [2] o=d,e=m
EX4:""ismo bjytaur sx ynbum""->""bird watches in tower"" [0] none
EX5:""yqmyvu znvvnbr yau tqmsnqr znmury""->""turtle follows the curious forest"" [0] none
TOTAL:19/26

VOCAB_FILL
(no gaps; examples covered all target letters)

VER
CROSS:5/5 examples decrypt with final table

DECRYPT
W1: yau
 y->t
 a->h
 u->e
 = the
W2: tqmsnqr
 t->c
 q->u
 m->r
 s->i
 n->o
 q->u
 r->s
 = curious
W3: jvstu
 j->a
 v->l
 s->i (W2)
 t->c (W2)
 u->e (W1)
 = alice
W4: sejksxur
 s->i (W2)
 e->m
 j->a (W3)
 k->g
 s->i (W2)
 x->n
 u->e (W1)
 r->s (W2)
 = imagines

CHECK
W1:""the"" len=3Y alpha=Y vocab=Y gaps=N PASS
W2:""curious"" len=7Y alpha=Y vocab=Y gaps=N PASS
W3:""alice"" len=5Y alpha=Y vocab=Y gaps=N PASS
W4:""imagines"" len=8Y alpha=Y vocab=Y gaps=N PASS
ALL:PASS 4/4 words

ANS=the curious alice imagines

\boxed{the curious alice imagines}"
35876bb4,"In Alice's Wonderland, secret encryption rules are used on text. Here are some examples:
zthfxgii mdyydwi rgq -> princess follows key
ilvogfl iggi zvbbyg -> student sees puzzle
rhfn wslxjgi xsilyg -> king watches castle
Now, decrypt the following text: otsndf ohixdegti vfogt esyygq",dragon discovers under valley,Text Encryption,"I identify this as a letter substitution cipher. I build a mapping from the examples, verify it, then decrypt the target word by word. I use the fixed answer vocabulary when the examples do not cover every letter. I ignore the flavor-text wrapper.

LEN
TGT:""otsndf ohixdegti vfogt esyygq""
W1:6 W2:9 W3:5 W4:6

TABLE
EX1:""zthfxgii mdyydwi rgq""->""princess follows key"" [13] z=p,t=r,h=i,f=n,x=c,g=e,i=s,m=f,d=o,y=l,w=w,r=k,q=y
EX2:""ilvogfl iggi zvbbyg""->""student sees puzzle"" [4] l=t,v=u,o=d,b=z
EX3:""rhfn wslxjgi xsilyg""->""king watches castle"" [3] n=g,s=a,j=h
TOTAL:20/26

VOCAB_FILL
W2:ohixdegti pattern disco?ers -> LOCK ""discovers"" (candidates: discovers)
W4:esyygq pattern ?alley -> LOCK ""valley"" (candidates: valley)

VER
CROSS:3/3 examples decrypt with final table

DECRYPT
W1: otsndf
 o->d
 t->r
 s->a
 n->g
 d->o
 f->n
 = dragon
W2: ohixdegti
 o->d (W1)
 h->i
 i->s
 x->c
 d->o (W1)
 e->v
 g->e
 t->r (W1)
 i->s
 = discovers
W3: vfogt
 v->u
 f->n (W1)
 o->d (W1)
 g->e (W2)
 t->r (W1)
 = under
W4: esyygq
 e->v (W2)
 s->a (W1)
 y->l
 y->l
 g->e (W2)
 q->y
 = valley

CHECK
W1:""dragon"" len=6Y alpha=Y vocab=Y gaps=N PASS
W2:""discovers"" len=9Y alpha=Y vocab=Y gaps=N PASS
W3:""under"" len=5Y alpha=Y vocab=Y gaps=N PASS
W4:""valley"" len=6Y alpha=Y vocab=Y gaps=N PASS
ALL:PASS 4/4 words

ANS=dragon discovers under valley

\boxed{dragon discovers under valley}"
358cdb81,"In Alice's Wonderland, secret encryption rules are used on text. Here are some examples:
ihugmz pojfay uh qflljw -> knight dreams in valley
flurj souzjy uh brjfh -> alice writes in ocean
zxozlj rojfzjy zmj cougmz gfopjh -> turtle creates the bright garden
abxyj rmfyjy fobxhp uylfhp -> mouse chases around island
Now, decrypt the following text: yzxpjhz yzxpujy dxvvlj",student studies puzzle,Text Encryption,"I identify this as a letter substitution cipher. I build a mapping from the examples, verify it, then decrypt the target word by word. I use the fixed answer vocabulary when the examples do not cover every letter. I ignore the flavor-text wrapper.

LEN
TGT:""yzxpjhz yzxpujy dxvvlj""
W1:7 W2:7 W3:6

TABLE
EX1:""ihugmz pojfay uh qflljw""->""knight dreams in valley"" [15] i=k,h=n,u=i,g=g,m=h,z=t,p=d,o=r,j=e,f=a,a=m,y=s,q=v,l=l,w=y
EX2:""flurj souzjy uh brjfh""->""alice writes in ocean"" [3] r=c,s=w,b=o
EX3:""zxozlj rojfzjy zmj cougmz gfopjh""->""turtle creates the bright garden"" [2] x=u,c=b
EX4:""abxyj rmfyjy fobxhp uylfhp""->""mouse chases around island"" [0] none
TOTAL:20/26

VOCAB_FILL
W3:dxvvlj pattern ?u??le -> LOCK ""puzzle"" (candidates: turtle,puzzle)

VER
CROSS:4/4 examples decrypt with final table

DECRYPT
W1: yzxpjhz
 y->s
 z->t
 x->u
 p->d
 j->e
 h->n
 z->t
 = student
W2: yzxpujy
 y->s (W1)
 z->t (W1)
 x->u (W1)
 p->d (W1)
 u->i
 j->e (W1)
 y->s (W1)
 = studies
W3: dxvvlj
 d->p
 x->u (W1)
 v->z
 v->z
 l->l
 j->e (W1)
 = puzzle

CHECK
W1:""student"" len=7Y alpha=Y vocab=Y gaps=N PASS
W2:""studies"" len=7Y alpha=Y vocab=Y gaps=N PASS
W3:""puzzle"" len=6Y alpha=Y vocab=Y gaps=N PASS
ALL:PASS 3/3 words

ANS=student studies puzzle

\boxed{student studies puzzle}"
35d787c7,"In Alice's Wonderland, secret encryption rules are used on text. Here are some examples:
ebpcotb ebpcioe bgo xnomoy roq -> student studies the clever key
ysjjib ihswitoe bgo stxiotb xsebno -> rabbit imagines the ancient castle
lpoot ksbxgoe bgo einmoy hsv -> queen watches the silver map
ritw eooe hoeeswo -> king sees message
Now, decrypt the following text: bgo hswixsn gsbboy cyske",the magical hatter draws,Text Encryption,"I identify this as a letter substitution cipher. I build a mapping from the examples, verify it, then decrypt the target word by word. I use the fixed answer vocabulary when the examples do not cover every letter. I ignore the flavor-text wrapper.

LEN
TGT:""bgo hswixsn gsbboy cyske""
W1:3 W2:7 W3:6 W4:5

TABLE
EX1:""ebpcotb ebpcioe bgo xnomoy roq""->""student studies the clever key"" [14] e=s,b=t,p=u,c=d,o=e,t=n,i=i,g=h,x=c,n=l,m=v,y=r,r=k,q=y
EX2:""ysjjib ihswitoe bgo stxiotb xsebno""->""rabbit imagines the ancient castle"" [4] s=a,j=b,h=m,w=g
EX3:""lpoot ksbxgoe bgo einmoy hsv""->""queen watches the silver map"" [3] l=q,k=w,v=p
EX4:""ritw eooe hoeeswo""->""king sees message"" [0] none
TOTAL:21/26

VOCAB_FILL
(no gaps; examples covered all target letters)

VER
CROSS:4/4 examples decrypt with final table

DECRYPT
W1: bgo
 b->t
 g->h
 o->e
 = the
W2: hswixsn
 h->m
 s->a
 w->g
 i->i
 x->c
 s->a
 n->l
 = magical
W3: gsbboy
 g->h (W1)
 s->a (W2)
 b->t (W1)
 b->t (W1)
 o->e (W1)
 y->r
 = hatter
W4: cyske
 c->d
 y->r (W3)
 s->a (W2)
 k->w
 e->s
 = draws

CHECK
W1:""the"" len=3Y alpha=Y vocab=Y gaps=N PASS
W2:""magical"" len=7Y alpha=Y vocab=Y gaps=N PASS
W3:""hatter"" len=6Y alpha=Y vocab=Y gaps=N PASS
W4:""draws"" len=5Y alpha=Y vocab=Y gaps=N PASS
ALL:PASS 4/4 words

ANS=the magical hatter draws

\boxed{the magical hatter draws}"
35fd8d38,"In Alice's Wonderland, secret encryption rules are used on text. Here are some examples:
lettqr slqrvo ovxlvr -> rabbit writes secret
glepcd lvego qd rcsvl -> dragon reads in tower
ierrvl slqrvo qd aqtlelf -> hatter writes in library
xer orzgqvo qdoqgv qoaedg -> cat studies inside island
Now, decrypt the following text: uzvvd vjnaclvo etckv bclvor",queen explores above forest,Text Encryption,"I identify this as a letter substitution cipher. I build a mapping from the examples, verify it, then decrypt the target word by word. I use the fixed answer vocabulary when the examples do not cover every letter. I ignore the flavor-text wrapper.

LEN
TGT:""uzvvd vjnaclvo etckv bclvor""
W1:5 W2:8 W3:5 W4:6

TABLE
EX1:""lettqr slqrvo ovxlvr""->""rabbit writes secret"" [9] l=r,e=a,t=b,q=i,r=t,s=w,v=e,o=s,x=c
EX2:""glepcd lvego qd rcsvl""->""dragon reads in tower"" [4] g=d,p=g,c=o,d=n
EX3:""ierrvl slqrvo qd aqtlelf""->""hatter writes in library"" [3] i=h,a=l,f=y
EX4:""xer orzgqvo qdoqgv qoaedg""->""cat studies inside island"" [1] z=u
TOTAL:17/26

VOCAB_FILL
W1:uzvvd pattern ?ueen -> LOCK ""queen"" (candidates: queen)
W2:vjnaclvo pattern e??lores -> LOCK ""explores"" (candidates: explores)
W3:etckv pattern abo?e -> LOCK ""above"" (candidates: above)
W4:bclvor pattern ?orest -> LOCK ""forest"" (candidates: forest)

VER
CROSS:4/4 examples decrypt with final table

DECRYPT
W1: uzvvd
 u->q
 z->u
 v->e
 v->e
 d->n
 = queen
W2: vjnaclvo
 v->e (W1)
 j->x
 n->p
 a->l
 c->o
 l->r
 v->e (W1)
 o->s
 = explores
W3: etckv
 e->a
 t->b
 c->o (W2)
 k->v
 v->e (W1)
 = above
W4: bclvor
 b->f
 c->o (W2)
 l->r (W2)
 v->e (W1)
 o->s (W2)
 r->t
 = forest

CHECK
W1:""queen"" len=5Y alpha=Y vocab=Y gaps=N PASS
W2:""explores"" len=8Y alpha=Y vocab=Y gaps=N PASS
W3:""above"" len=5Y alpha=Y vocab=Y gaps=N PASS
W4:""forest"" len=6Y alpha=Y vocab=Y gaps=N PASS
ALL:PASS 4/4 words

ANS=queen explores above forest

\boxed{queen explores above forest}"
35fe81df,"In Alice's Wonderland, secret encryption rules are used on text. Here are some examples:
tko yehvkt epyyht qeoptox -> the bright rabbit creates
tko qjmjeawm xtwdozt deopfx -> the colorful student dreams
lhiped qkpxox tko qjmjeawm yjjs -> wizard chases the colorful book
epyyht dhxqjroex tkejwvk mhyepen -> rabbit discovers through library
Now, decrypt the following text: tko lhxo cwooz qeoptox",the wise queen creates,Text Encryption,"I identify this as a letter substitution cipher. I build a mapping from the examples, verify it, then decrypt the target word by word. I use the fixed answer vocabulary when the examples do not cover every letter. I ignore the flavor-text wrapper.

LEN
TGT:""tko lhxo cwooz qeoptox""
W1:3 W2:4 W3:5 W4:7

TABLE
EX1:""tko yehvkt epyyht qeoptox""->""the bright rabbit creates"" [10] t=t,k=h,o=e,y=b,e=r,h=i,v=g,p=a,q=c,x=s
EX2:""tko qjmjeawm xtwdozt deopfx""->""the colorful student dreams"" [7] j=o,m=l,a=f,w=u,d=d,z=n,f=m
EX3:""lhiped qkpxox tko qjmjeawm yjjs""->""wizard chases the colorful book"" [3] l=w,i=z,s=k
EX4:""epyyht dhxqjroex tkejwvk mhyepen""->""rabbit discovers through library"" [2] r=v,n=y
TOTAL:22/26

VOCAB_FILL
W3:cwooz pattern ?ueen -> LOCK ""queen"" (candidates: queen)

VER
CROSS:4/4 examples decrypt with final table

DECRYPT
W1: tko
 t->t
 k->h
 o->e
 = the
W2: lhxo
 l->w
 h->i
 x->s
 o->e (W1)
 = wise
W3: cwooz
 c->q
 w->u
 o->e (W1)
 o->e (W1)
 z->n
 = queen
W4: qeoptox
 q->c
 e->r
 o->e (W1)
 p->a
 t->t (W1)
 o->e (W1)
 x->s (W2)
 = creates

CHECK
W1:""the"" len=3Y alpha=Y vocab=Y gaps=N PASS
W2:""wise"" len=4Y alpha=Y vocab=Y gaps=N PASS
W3:""queen"" len=5Y alpha=Y vocab=Y gaps=N PASS
W4:""creates"" len=7Y alpha=Y vocab=Y gaps=N PASS
ALL:PASS 4/4 words

ANS=the wise queen creates

\boxed{the wise queen creates}"
36065ab1,"In Alice's Wonderland, secret encryption rules are used on text. Here are some examples:
fejl xkgms ej hgrk -> king reads in cave
xgwwen epglejks jkgx ygvghk -> rabbit imagines near palace
hgn meshzrkxs fkd -> cat discovers key
Now, decrypt the following text: pzbsk snbmeks nqk hbxezbs mzzx",mouse studies the curious door,Text Encryption,"I identify this as a letter substitution cipher. I build a mapping from the examples, verify it, then decrypt the target word by word. I use the fixed answer vocabulary when the examples do not cover every letter. I ignore the flavor-text wrapper.

LEN
TGT:""pzbsk snbmeks nqk hbxezbs mzzx""
W1:5 W2:7 W3:3 W4:7 W5:4

TABLE
EX1:""fejl xkgms ej hgrk""->""king reads in cave"" [11] f=k,e=i,j=n,l=g,x=r,k=e,g=a,m=d,s=s,h=c,r=v
EX2:""xgwwen epglejks jkgx ygvghk""->""rabbit imagines near palace"" [5] w=b,n=t,p=m,y=p,v=l
EX3:""hgn meshzrkxs fkd""->""cat discovers key"" [2] z=o,d=y
TOTAL:18/26

VOCAB_FILL
W1:pzbsk pattern mo?se -> LOCK ""mouse"" (candidates: mouse)
W2:snbmeks pattern st?dies -> LOCK ""studies"" (candidates: studies)
W3:nqk pattern t?e -> LOCK ""the"" (candidates: the)
W4:hbxezbs pattern c?rio?s -> LOCK ""curious"" (candidates: curious)

VER
CROSS:3/3 examples decrypt with final table

DECRYPT
W1: pzbsk
 p->m
 z->o
 b->u
 s->s
 k->e
 = mouse
W2: snbmeks
 s->s (W1)
 n->t
 b->u (W1)
 m->d
 e->i
 k->e (W1)
 s->s (W1)
 = studies
W3: nqk
 n->t (W2)
 q->h
 k->e (W1)
 = the
W4: hbxezbs
 h->c
 b->u (W1)
 x->r
 e->i (W2)
 z->o (W1)
 b->u (W1)
 s->s (W1)
 = curious
W5: mzzx
 m->d (W2)
 z->o (W1)
 z->o (W1)
 x->r (W4)
 = door

CHECK
W1:""mouse"" len=5Y alpha=Y vocab=Y gaps=N PASS
W2:""studies"" len=7Y alpha=Y vocab=Y gaps=N PASS
W3:""the"" len=3Y alpha=Y vocab=Y gaps=N PASS
W4:""curious"" len=7Y alpha=Y vocab=Y gaps=N PASS
W5:""door"" len=4Y alpha=Y vocab=Y gaps=N PASS
ALL:PASS 5/5 words

ANS=mouse studies the curious door

\boxed{mouse studies the curious door}"
361cfce9,"In Alice's Wonderland, secret encryption rules are used on text. Here are some examples:
kjb idmubdk qvbbd esitr -> the ancient queen draws
agvrb rbbr ksbirvsb -> mouse sees treasure
sinnuk ygffgtr aih -> rabbit follows map
jikkbs rbbr kjb mfbwbs mirkfb -> hatter sees the clever castle
Now, decrypt the following text: esicgd esitr kjb turb aussgs",dragon draws the wise mirror,Text Encryption,"I identify this as a letter substitution cipher. I build a mapping from the examples, verify it, then decrypt the target word by word. I use the fixed answer vocabulary when the examples do not cover every letter. I ignore the flavor-text wrapper.

LEN
TGT:""esicgd esitr kjb turb aussgs""
W1:6 W2:5 W3:3 W4:4 W5:6

TABLE
EX1:""kjb idmubdk qvbbd esitr""->""the ancient queen draws"" [13] k=t,j=h,b=e,i=a,d=n,m=c,u=i,q=q,v=u,e=d,s=r,t=w,r=s
EX2:""agvrb rbbr ksbirvsb""->""mouse sees treasure"" [2] a=m,g=o
EX3:""sinnuk ygffgtr aih""->""rabbit follows map"" [4] n=b,y=f,f=l,h=p
EX4:""jikkbs rbbr kjb mfbwbs mirkfb""->""hatter sees the clever castle"" [1] w=v
TOTAL:20/26

VOCAB_FILL
W1:esicgd pattern dra?on -> LOCK ""dragon"" (candidates: dragon)

VER
CROSS:4/4 examples decrypt with final table

DECRYPT
W1: esicgd
 e->d
 s->r
 i->a
 c->g
 g->o
 d->n
 = dragon
W2: esitr
 e->d (W1)
 s->r (W1)
 i->a (W1)
 t->w
 r->s
 = draws
W3: kjb
 k->t
 j->h
 b->e
 = the
W4: turb
 t->w (W2)
 u->i
 r->s (W2)
 b->e (W3)
 = wise
W5: aussgs
 a->m
 u->i (W4)
 s->r (W1)
 s->r (W1)
 g->o (W1)
 s->r (W1)
 = mirror

CHECK
W1:""dragon"" len=6Y alpha=Y vocab=Y gaps=N PASS
W2:""draws"" len=5Y alpha=Y vocab=Y gaps=N PASS
W3:""the"" len=3Y alpha=Y vocab=Y gaps=N PASS
W4:""wise"" len=4Y alpha=Y vocab=Y gaps=N PASS
W5:""mirror"" len=6Y alpha=Y vocab=Y gaps=N PASS
ALL:PASS 5/5 words

ANS=dragon draws the wise mirror

\boxed{dragon draws the wise mirror}"
36386064,"In Alice's Wonderland, secret encryption rules are used on text. Here are some examples:
qwfrmzw xpwgemq tz gpym -> student watches in cave
gpw rkpxq rvvk -> cat draws door
qwfrmzw uvfzr htkkvk -> student found mirror
Now, decrypt the following text: rkpovz xktwmq tzqtrm qgevvs",dragon writes inside school,Text Encryption,"I identify this as a letter substitution cipher. I build a mapping from the examples, verify it, then decrypt the target word by word. I use the fixed answer vocabulary when the examples do not cover every letter. I ignore the flavor-text wrapper.

LEN
TGT:""rkpovz xktwmq tzqtrm qgevvs""
W1:6 W2:6 W3:6 W4:6

TABLE
EX1:""qwfrmzw xpwgemq tz gpym""->""student watches in cave"" [12] q=s,w=t,f=u,r=d,m=e,z=n,x=w,p=a,g=c,e=h,t=i,y=v
EX2:""gpw rkpxq rvvk""->""cat draws door"" [2] k=r,v=o
EX3:""qwfrmzw uvfzr htkkvk""->""student found mirror"" [2] u=f,h=m
TOTAL:16/26

VOCAB_FILL
W1:rkpovz pattern dra?on -> LOCK ""dragon"" (candidates: dragon)
W4:qgevvs pattern schoo? -> LOCK ""school"" (candidates: school)

VER
CROSS:3/3 examples decrypt with final table

DECRYPT
W1: rkpovz
 r->d
 k->r
 p->a
 o->g
 v->o
 z->n
 = dragon
W2: xktwmq
 x->w
 k->r (W1)
 t->i
 w->t
 m->e
 q->s
 = writes
W3: tzqtrm
 t->i (W2)
 z->n (W1)
 q->s (W2)
 t->i (W2)
 r->d (W1)
 m->e (W2)
 = inside
W4: qgevvs
 q->s (W2)
 g->c
 e->h
 v->o (W1)
 v->o (W1)
 s->l
 = school

CHECK
W1:""dragon"" len=6Y alpha=Y vocab=Y gaps=N PASS
W2:""writes"" len=6Y alpha=Y vocab=Y gaps=N PASS
W3:""inside"" len=6Y alpha=Y vocab=Y gaps=N PASS
W4:""school"" len=6Y alpha=Y vocab=Y gaps=N PASS
ALL:PASS 4/4 words

ANS=dragon writes inside school

\boxed{dragon writes inside school}"
364c7ca6,"In Alice's Wonderland, secret encryption rules are used on text. Here are some examples:
afeeps ovvo sbv opyjva wfaxvr -> rabbit sees the silver garden
digov ufsmbvo feijv imvfr -> mouse watches above ocean
digov ovvo faigrx qiavos -> mouse sees around forest
afeeps qigrx sbv xfal xiia -> rabbit found the dark door
Now, decrypt the following text: lprw avfxo rvfa jpyyfwv",king reads near village,Text Encryption,"I identify this as a letter substitution cipher. I build a mapping from the examples, verify it, then decrypt the target word by word. I use the fixed answer vocabulary when the examples do not cover every letter. I ignore the flavor-text wrapper.

LEN
TGT:""lprw avfxo rvfa jpyyfwv""
W1:4 W2:5 W3:4 W4:7

TABLE
EX1:""afeeps ovvo sbv opyjva wfaxvr""->""rabbit sees the silver garden"" [13] a=r,f=a,e=b,p=i,s=t,o=s,v=e,b=h,y=l,j=v,w=g,x=d,r=n
EX2:""digov ufsmbvo feijv imvfr""->""mouse watches above ocean"" [5] d=m,i=o,g=u,u=w,m=c
EX3:""digov ovvo faigrx qiavos""->""mouse sees around forest"" [1] q=f
EX4:""afeeps qigrx sbv xfal xiia""->""rabbit found the dark door"" [1] l=k
TOTAL:20/26

VOCAB_FILL
(no gaps; examples covered all target letters)

VER
CROSS:4/4 examples decrypt with final table

DECRYPT
W1: lprw
 l->k
 p->i
 r->n
 w->g
 = king
W2: avfxo
 a->r
 v->e
 f->a
 x->d
 o->s
 = reads
W3: rvfa
 r->n (W1)
 v->e (W2)
 f->a (W2)
 a->r (W2)
 = near
W4: jpyyfwv
 j->v
 p->i (W1)
 y->l
 y->l
 f->a (W2)
 w->g (W1)
 v->e (W2)
 = village

CHECK
W1:""king"" len=4Y alpha=Y vocab=Y gaps=N PASS
W2:""reads"" len=5Y alpha=Y vocab=Y gaps=N PASS
W3:""near"" len=4Y alpha=Y vocab=Y gaps=N PASS
W4:""village"" len=7Y alpha=Y vocab=Y gaps=N PASS
ALL:PASS 4/4 words

ANS=king reads near village

\boxed{king reads near village}"
364f1279,"In Alice's Wonderland, secret encryption rules are used on text. Here are some examples:
mqtafqs buzavhqsz mfq ygzmqsuvoz atzmdq -> teacher discovers the mysterious castle
zmobqpm jtmafqz asgzmtd -> student watches crystal
ftmmqs buzavhqsz up jvpbqsdtpb -> hatter discovers in wonderland
mqtafqs asqtmqz mfq avdvseod bvvs -> teacher creates the colorful door
Now, decrypt the following text: nusb bstjz yussvs",bird draws mirror,Text Encryption,"I identify this as a letter substitution cipher. I build a mapping from the examples, verify it, then decrypt the target word by word. I use the fixed answer vocabulary when the examples do not cover every letter. I ignore the flavor-text wrapper.

LEN
TGT:""nusb bstjz yussvs""
W1:4 W2:5 W3:6

TABLE
EX1:""mqtafqs buzavhqsz mfq ygzmqsuvoz atzmdq""->""teacher discovers the mysterious castle"" [15] m=t,q=e,t=a,a=c,f=h,s=r,b=d,u=i,z=s,v=o,h=v,y=m,g=y,o=u,d=l
EX2:""zmobqpm jtmafqz asgzmtd""->""student watches crystal"" [2] p=n,j=w
EX3:""ftmmqs buzavhqsz up jvpbqsdtpb""->""hatter discovers in wonderland"" [0] none
EX4:""mqtafqs asqtmqz mfq avdvseod bvvs""->""teacher creates the colorful door"" [1] e=f
TOTAL:18/26

VOCAB_FILL
W1:nusb pattern ?ird -> LOCK ""bird"" (candidates: bird)

VER
CROSS:4/4 examples decrypt with final table

DECRYPT
W1: nusb
 n->b
 u->i
 s->r
 b->d
 = bird
W2: bstjz
 b->d (W1)
 s->r (W1)
 t->a
 j->w
 z->s
 = draws
W3: yussvs
 y->m
 u->i (W1)
 s->r (W1)
 s->r (W1)
 v->o
 s->r (W1)
 = mirror

CHECK
W1:""bird"" len=4Y alpha=Y vocab=Y gaps=N PASS
W2:""draws"" len=5Y alpha=Y vocab=Y gaps=N PASS
W3:""mirror"" len=6Y alpha=Y vocab=Y gaps=N PASS
ALL:PASS 3/3 words

ANS=bird draws mirror

\boxed{bird draws mirror}"
365dfd91,"In Alice's Wonderland, secret encryption rules are used on text. Here are some examples:
mgi vwejawb bmwpihm ickoaeib -> the curious student explores
mgi bmexhyi gxmmie bmwpjib -> the strange hatter studies
vxm raooadb vxbmoi -> cat follows castle
fawbi pexdb jh vxti -> mouse draws in cave
mgi vwejawb nhjygm rawhp -> the curious knight found
Now, decrypt the following text: mgi biveim djzxep rawhp",the secret wizard found,Text Encryption,"I identify this as a letter substitution cipher. I build a mapping from the examples, verify it, then decrypt the target word by word. I use the fixed answer vocabulary when the examples do not cover every letter. I ignore the flavor-text wrapper.

LEN
TGT:""mgi biveim djzxep rawhp""
W1:3 W2:6 W3:6 W4:5

TABLE
EX1:""mgi vwejawb bmwpihm ickoaeib""->""the curious student explores"" [14] m=t,g=h,i=e,v=c,w=u,e=r,j=i,a=o,b=s,p=d,h=n,c=x,k=p,o=l
EX2:""mgi bmexhyi gxmmie bmwpjib""->""the strange hatter studies"" [2] x=a,y=g
EX3:""vxm raooadb vxbmoi""->""cat follows castle"" [2] r=f,d=w
EX4:""fawbi pexdb jh vxti""->""mouse draws in cave"" [2] f=m,t=v
EX5:""mgi vwejawb nhjygm rawhp""->""the curious knight found"" [1] n=k
TOTAL:21/26

VOCAB_FILL
W3:djzxep pattern wi?ard -> LOCK ""wizard"" (candidates: wizard)

VER
CROSS:5/5 examples decrypt with final table

DECRYPT
W1: mgi
 m->t
 g->h
 i->e
 = the
W2: biveim
 b->s
 i->e (W1)
 v->c
 e->r
 i->e (W1)
 m->t (W1)
 = secret
W3: djzxep
 d->w
 j->i
 z->z
 x->a
 e->r (W2)
 p->d
 = wizard
W4: rawhp
 r->f
 a->o
 w->u
 h->n
 p->d (W3)
 = found

CHECK
W1:""the"" len=3Y alpha=Y vocab=Y gaps=N PASS
W2:""secret"" len=6Y alpha=Y vocab=Y gaps=N PASS
W3:""wizard"" len=6Y alpha=Y vocab=Y gaps=N PASS
W4:""found"" len=5Y alpha=Y vocab=Y gaps=N PASS
ALL:PASS 4/4 words

ANS=the secret wizard found

\boxed{the secret wizard found}"
3661796c,"In Alice's Wonderland, secret encryption rules are used on text. Here are some examples:
blwnmrl nhmdpb lcm bmahml teez -> student dreams the secret book
blwnmrl ahmdlmb tmfern adxm -> student creates beyond cave
adl mjgkehmb lcm cynnmr lhmdbwhm -> cat explores the hidden treasure
Now, decrypt the following text: lcm uybm tyhn ahmdlmb",the wise bird creates,Text Encryption,"I identify this as a letter substitution cipher. I build a mapping from the examples, verify it, then decrypt the target word by word. I use the fixed answer vocabulary when the examples do not cover every letter. I ignore the flavor-text wrapper.

LEN
TGT:""lcm uybm tyhn ahmdlmb""
W1:3 W2:4 W3:4 W4:7

TABLE
EX1:""blwnmrl nhmdpb lcm bmahml teez""->""student dreams the secret book"" [14] b=s,l=t,w=u,n=d,m=e,r=n,h=r,d=a,p=m,c=h,a=c,t=b,e=o,z=k
EX2:""blwnmrl ahmdlmb tmfern adxm""->""student creates beyond cave"" [2] f=y,x=v
EX3:""adl mjgkehmb lcm cynnmr lhmdbwhm""->""cat explores the hidden treasure"" [4] j=x,g=p,k=l,y=i
TOTAL:20/26

VOCAB_FILL
W2:uybm pattern ?ise -> LOCK ""wise"" (candidates: wise)

VER
CROSS:3/3 examples decrypt with final table

DECRYPT
W1: lcm
 l->t
 c->h
 m->e
 = the
W2: uybm
 u->w
 y->i
 b->s
 m->e (W1)
 = wise
W3: tyhn
 t->b
 y->i (W2)
 h->r
 n->d
 = bird
W4: ahmdlmb
 a->c
 h->r (W3)
 m->e (W1)
 d->a
 l->t (W1)
 m->e (W1)
 b->s (W2)
 = creates

CHECK
W1:""the"" len=3Y alpha=Y vocab=Y gaps=N PASS
W2:""wise"" len=4Y alpha=Y vocab=Y gaps=N PASS
W3:""bird"" len=4Y alpha=Y vocab=Y gaps=N PASS
W4:""creates"" len=7Y alpha=Y vocab=Y gaps=N PASS
ALL:PASS 4/4 words

ANS=the wise bird creates

\boxed{the wise bird creates}"
36727ff6,"In Alice's Wonderland, secret encryption rules are used on text. Here are some examples:
ekz jmgdke ymbdiw zcanimzu -> the bright dragon explores
ekz oxuezmgifu qfzzw uzzu -> the mysterious queen sees
ekz hnztzm ezbhkzm mzbyu -> the clever teacher reads
Now, decrypt the following text: oifuz zcanimzu ekz uzhmze afrrnz",mouse explores the secret puzzle,Text Encryption,"I identify this as a letter substitution cipher. I build a mapping from the examples, verify it, then decrypt the target word by word. I use the fixed answer vocabulary when the examples do not cover every letter. I ignore the flavor-text wrapper.

LEN
TGT:""oifuz zcanimzu ekz uzhmze afrrnz""
W1:5 W2:8 W3:3 W4:6 W5:6

TABLE
EX1:""ekz jmgdke ymbdiw zcanimzu""->""the bright dragon explores"" [15] e=t,k=h,z=e,j=b,m=r,g=i,d=g,y=d,b=a,i=o,w=n,c=x,a=p,n=l,u=s
EX2:""ekz oxuezmgifu qfzzw uzzu""->""the mysterious queen sees"" [4] o=m,x=y,f=u,q=q
EX3:""ekz hnztzm ezbhkzm mzbyu""->""the clever teacher reads"" [2] h=c,t=v
TOTAL:21/26

VOCAB_FILL
W5:afrrnz pattern pu??le -> LOCK ""puzzle"" (candidates: puzzle)

VER
CROSS:3/3 examples decrypt with final table

DECRYPT
W1: oifuz
 o->m
 i->o
 f->u
 u->s
 z->e
 = mouse
W2: zcanimzu
 z->e (W1)
 c->x
 a->p
 n->l
 i->o (W1)
 m->r
 z->e (W1)
 u->s (W1)
 = explores
W3: ekz
 e->t
 k->h
 z->e (W1)
 = the
W4: uzhmze
 u->s (W1)
 z->e (W1)
 h->c
 m->r (W2)
 z->e (W1)
 e->t (W3)
 = secret
W5: afrrnz
 a->p (W2)
 f->u (W1)
 r->z
 r->z
 n->l (W2)
 z->e (W1)
 = puzzle

CHECK
W1:""mouse"" len=5Y alpha=Y vocab=Y gaps=N PASS
W2:""explores"" len=8Y alpha=Y vocab=Y gaps=N PASS
W3:""the"" len=3Y alpha=Y vocab=Y gaps=N PASS
W4:""secret"" len=6Y alpha=Y vocab=Y gaps=N PASS
W5:""puzzle"" len=6Y alpha=Y vocab=Y gaps=N PASS
ALL:PASS 5/5 words

ANS=mouse explores the secret puzzle

\boxed{mouse explores the secret puzzle}"
36d1dd5d,"In Alice's Wonderland, secret encryption rules are used on text. Here are some examples:
gqh bvfouvr bmkah nxhvba -> the magical mouse dreams
gqh ukxomka bmkah nxhvba -> the curious mouse dreams
vrouh agknoha zhsmdn rozxvxs -> alice studies beyond library
Now, decrypt the following text: qvgghx obvfodha lmgomd",hatter imagines potion,Text Encryption,"I identify this as a letter substitution cipher. I build a mapping from the examples, verify it, then decrypt the target word by word. I use the fixed answer vocabulary when the examples do not cover every letter. I ignore the flavor-text wrapper.

LEN
TGT:""qvgghx obvfodha lmgomd""
W1:6 W2:8 W3:6

TABLE
EX1:""gqh bvfouvr bmkah nxhvba""->""the magical mouse dreams"" [14] g=t,q=h,h=e,b=m,v=a,f=g,o=i,u=c,r=l,m=o,k=u,a=s,n=d,x=r
EX2:""gqh ukxomka bmkah nxhvba""->""the curious mouse dreams"" [0] none
EX3:""vrouh agknoha zhsmdn rozxvxs""->""alice studies beyond library"" [3] z=b,s=y,d=n
TOTAL:17/26

VOCAB_FILL
W3:lmgomd pattern ?otion -> LOCK ""potion"" (candidates: potion)

VER
CROSS:3/3 examples decrypt with final table

DECRYPT
W1: qvgghx
 q->h
 v->a
 g->t
 g->t
 h->e
 x->r
 = hatter
W2: obvfodha
 o->i
 b->m
 v->a (W1)
 f->g
 o->i
 d->n
 h->e (W1)
 a->s
 = imagines
W3: lmgomd
 l->p
 m->o
 g->t (W1)
 o->i (W2)
 m->o
 d->n (W2)
 = potion

CHECK
W1:""hatter"" len=6Y alpha=Y vocab=Y gaps=N PASS
W2:""imagines"" len=8Y alpha=Y vocab=Y gaps=N PASS
W3:""potion"" len=6Y alpha=Y vocab=Y gaps=N PASS
ALL:PASS 3/3 words

ANS=hatter imagines potion

\boxed{hatter imagines potion}"
371c5e74,"In Alice's Wonderland, secret encryption rules are used on text. Here are some examples:
vzj vxszjsf nsffzcs -> cat creates message
pokc fjbgosf jts toggsk gwwx -> king studies the hidden door
qohzxg gofvwusxf bkgsx wvszk -> wizard discovers under ocean
Now, decrypt the following text: qohzxg rwllwqf rwxsfj",wizard follows forest,Text Encryption,"I identify this as a letter substitution cipher. I build a mapping from the examples, verify it, then decrypt the target word by word. I use the fixed answer vocabulary when the examples do not cover every letter. I ignore the flavor-text wrapper.

LEN
TGT:""qohzxg rwllwqf rwxsfj""
W1:6 W2:7 W3:6

TABLE
EX1:""vzj vxszjsf nsffzcs""->""cat creates message"" [8] v=c,z=a,j=t,x=r,s=e,f=s,n=m,c=g
EX2:""pokc fjbgosf jts toggsk gwwx""->""king studies the hidden door"" [7] p=k,o=i,k=n,b=u,g=d,t=h,w=o
EX3:""qohzxg gofvwusxf bkgsx wvszk""->""wizard discovers under ocean"" [3] q=w,h=z,u=v
TOTAL:18/26

VOCAB_FILL
W2:rwllwqf pattern ?o??ows -> LOCK ""follows"" (candidates: follows)
W3:rwxsfj pattern ?orest -> LOCK ""forest"" (candidates: forest)

VER
CROSS:3/3 examples decrypt with final table

DECRYPT
W1: qohzxg
 q->w
 o->i
 h->z
 z->a
 x->r
 g->d
 = wizard
W2: rwllwqf
 r->f
 w->o
 l->l
 l->l
 w->o
 q->w (W1)
 f->s
 = follows
W3: rwxsfj
 r->f (W2)
 w->o (W2)
 x->r (W1)
 s->e
 f->s (W2)
 j->t
 = forest

CHECK
W1:""wizard"" len=6Y alpha=Y vocab=Y gaps=N PASS
W2:""follows"" len=7Y alpha=Y vocab=Y gaps=N PASS
W3:""forest"" len=6Y alpha=Y vocab=Y gaps=N PASS
ALL:PASS 3/3 words

ANS=wizard follows forest

\boxed{wizard follows forest}"
3720039c,"In Alice's Wonderland, secret encryption rules are used on text. Here are some examples:
yjd xiburtxl dvx lxytxd pcttrt -> cat explores the secret mirror
agcmvd htjsl dvx pjmcyju mjthxg -> knight draws the magical garden
dvx hjta ldkhxgd htjsl -> the dark student draws
dvx jgycxgd tjqqcd ldkhcxl -> the ancient rabbit studies
dvx pfldxtcrkl agcmvd lxxl -> the mysterious knight sees
Now, decrypt the following text: dvx qtcmvd qcth wruursl",the bright bird follows,Text Encryption,"I identify this as a letter substitution cipher. I build a mapping from the examples, verify it, then decrypt the target word by word. I use the fixed answer vocabulary when the examples do not cover every letter. I ignore the flavor-text wrapper.

LEN
TGT:""dvx qtcmvd qcth wruursl""
W1:3 W2:6 W3:4 W4:7

TABLE
EX1:""yjd xiburtxl dvx lxytxd pcttrt""->""cat explores the secret mirror"" [13] y=c,j=a,d=t,x=e,i=x,b=p,u=l,r=o,t=r,l=s,v=h,p=m,c=i
EX2:""agcmvd htjsl dvx pjmcyju mjthxg""->""knight draws the magical garden"" [5] a=k,g=n,m=g,h=d,s=w
EX3:""dvx hjta ldkhxgd htjsl""->""the dark student draws"" [1] k=u
EX4:""dvx jgycxgd tjqqcd ldkhcxl""->""the ancient rabbit studies"" [1] q=b
EX5:""dvx pfldxtcrkl agcmvd lxxl""->""the mysterious knight sees"" [1] f=y
TOTAL:21/26

VOCAB_FILL
W4:wruursl pattern ?ollows -> LOCK ""follows"" (candidates: follows)

VER
CROSS:5/5 examples decrypt with final table

DECRYPT
W1: dvx
 d->t
 v->h
 x->e
 = the
W2: qtcmvd
 q->b
 t->r
 c->i
 m->g
 v->h (W1)
 d->t (W1)
 = bright
W3: qcth
 q->b (W2)
 c->i (W2)
 t->r (W2)
 h->d
 = bird
W4: wruursl
 w->f
 r->o
 u->l
 u->l
 r->o
 s->w
 l->s
 = follows

CHECK
W1:""the"" len=3Y alpha=Y vocab=Y gaps=N PASS
W2:""bright"" len=6Y alpha=Y vocab=Y gaps=N PASS
W3:""bird"" len=4Y alpha=Y vocab=Y gaps=N PASS
W4:""follows"" len=7Y alpha=Y vocab=Y gaps=N PASS
ALL:PASS 4/4 words

ANS=the bright bird follows

\boxed{the bright bird follows}"
373be396,"In Alice's Wonderland, secret encryption rules are used on text. Here are some examples:
vbfp baepbfjl mftjw ybhwewn -> king imagines under library
dmjjf oumft ehuzj zeyyjn -> queen found above valley
ibgewt tweil ckj efrbjfc lcuwn -> wizard draws the ancient story
keccjw rwjecjl ljrwjc -> hatter creates secret
Now, decrypt the following text: vbfp tblruzjwl ewumft aumfcebf",king discovers around mountain,Text Encryption,"I identify this as a letter substitution cipher. I build a mapping from the examples, verify it, then decrypt the target word by word. I use the fixed answer vocabulary when the examples do not cover every letter. I ignore the flavor-text wrapper.

LEN
TGT:""vbfp tblruzjwl ewumft aumfcebf""
W1:4 W2:9 W3:6 W4:8

TABLE
EX1:""vbfp baepbfjl mftjw ybhwewn""->""king imagines under library"" [14] v=k,b=i,f=n,p=g,a=m,e=a,j=e,l=s,m=u,t=d,w=r,y=l,h=b,n=y
EX2:""dmjjf oumft ehuzj zeyyjn""->""queen found above valley"" [4] d=q,o=f,u=o,z=v
EX3:""ibgewt tweil ckj efrbjfc lcuwn""->""wizard draws the ancient story"" [5] i=w,g=z,c=t,k=h,r=c
EX4:""keccjw rwjecjl ljrwjc""->""hatter creates secret"" [0] none
TOTAL:23/26

VOCAB_FILL
(no gaps; examples covered all target letters)

VER
CROSS:4/4 examples decrypt with final table

DECRYPT
W1: vbfp
 v->k
 b->i
 f->n
 p->g
 = king
W2: tblruzjwl
 t->d
 b->i (W1)
 l->s
 r->c
 u->o
 z->v
 j->e
 w->r
 l->s
 = discovers
W3: ewumft
 e->a
 w->r (W2)
 u->o (W2)
 m->u
 f->n (W1)
 t->d (W2)
 = around
W4: aumfcebf
 a->m
 u->o (W2)
 m->u (W3)
 f->n (W1)
 c->t
 e->a (W3)
 b->i (W1)
 f->n (W1)
 = mountain

CHECK
W1:""king"" len=4Y alpha=Y vocab=Y gaps=N PASS
W2:""discovers"" len=9Y alpha=Y vocab=Y gaps=N PASS
W3:""around"" len=6Y alpha=Y vocab=Y gaps=N PASS
W4:""mountain"" len=8Y alpha=Y vocab=Y gaps=N PASS
ALL:PASS 4/4 words

ANS=king discovers around mountain

\boxed{king discovers around mountain}"
38023e84,"In Alice's Wonderland, secret encryption rules are used on text. Here are some examples:
hqshvd sdkbg uegubd hpxds -> turtle reads inside tower
hdkwcds gddg qebds vuysksl -> teacher sees under library
hdkwcds ghqbudg edks ugvkeb -> teacher studies near island
Now, decrypt the following text: hcd wvdjds muet xkhwcdg",the clever king watches,Text Encryption,"I identify this as a letter substitution cipher. I build a mapping from the examples, verify it, then decrypt the target word by word. I use the fixed answer vocabulary when the examples do not cover every letter. I ignore the flavor-text wrapper.

LEN
TGT:""hcd wvdjds muet xkhwcdg""
W1:3 W2:6 W3:4 W4:7

TABLE
EX1:""hqshvd sdkbg uegubd hpxds""->""turtle reads inside tower"" [12] h=t,q=u,s=r,v=l,d=e,k=a,b=d,g=s,u=i,e=n,p=o,x=w
EX2:""hdkwcds gddg qebds vuysksl""->""teacher sees under library"" [4] w=c,c=h,y=b,l=y
EX3:""hdkwcds ghqbudg edks ugvkeb""->""teacher studies near island"" [0] none
TOTAL:16/26

VOCAB_FILL
W2:wvdjds pattern cle?er -> LOCK ""clever"" (candidates: clever)
W3:muet pattern ?in? -> LOCK ""king"" (candidates: king)

VER
CROSS:3/3 examples decrypt with final table

DECRYPT
W1: hcd
 h->t
 c->h
 d->e
 = the
W2: wvdjds
 w->c
 v->l
 d->e (W1)
 j->v
 d->e (W1)
 s->r
 = clever
W3: muet
 m->k
 u->i
 e->n
 t->g
 = king
W4: xkhwcdg
 x->w
 k->a
 h->t (W1)
 w->c (W2)
 c->h (W1)
 d->e (W1)
 g->s
 = watches

CHECK
W1:""the"" len=3Y alpha=Y vocab=Y gaps=N PASS
W2:""clever"" len=6Y alpha=Y vocab=Y gaps=N PASS
W3:""king"" len=4Y alpha=Y vocab=Y gaps=N PASS
W4:""watches"" len=7Y alpha=Y vocab=Y gaps=N PASS
ALL:PASS 4/4 words

ANS=the clever king watches

\boxed{the clever king watches}"
380cd444,"In Alice's Wonderland, secret encryption rules are used on text. Here are some examples:
nufyle lbyep skb pslyvwb abppywb -> wizard reads the strange message
agzpb pszeubp sklgzwk qypsdb -> mouse studies through castle
pszebvs tgddgnp uv pqkggd -> student follows in school
Now, decrypt the following text: xvuwks bohdglbp tglbps",knight explores forest,Text Encryption,"I identify this as a letter substitution cipher. I build a mapping from the examples, verify it, then decrypt the target word by word. I use the fixed answer vocabulary when the examples do not cover every letter. I ignore the flavor-text wrapper.

LEN
TGT:""xvuwks bohdglbp tglbps""
W1:6 W2:8 W3:6

TABLE
EX1:""nufyle lbyep skb pslyvwb abppywb""->""wizard reads the strange message"" [13] n=w,u=i,f=z,y=a,l=r,e=d,b=e,p=s,s=t,k=h,v=n,w=g,a=m
EX2:""agzpb pszeubp sklgzwk qypsdb""->""mouse studies through castle"" [4] g=o,z=u,q=c,d=l
EX3:""pszebvs tgddgnp uv pqkggd""->""student follows in school"" [1] t=f
TOTAL:18/26

VOCAB_FILL
W1:xvuwks pattern ?night -> LOCK ""knight"" (candidates: knight)
W2:bohdglbp pattern e??lores -> LOCK ""explores"" (candidates: explores)

VER
CROSS:3/3 examples decrypt with final table

DECRYPT
W1: xvuwks
 x->k
 v->n
 u->i
 w->g
 k->h
 s->t
 = knight
W2: bohdglbp
 b->e
 o->x
 h->p
 d->l
 g->o
 l->r
 b->e
 p->s
 = explores
W3: tglbps
 t->f
 g->o (W2)
 l->r (W2)
 b->e (W2)
 p->s (W2)
 s->t (W1)
 = forest

CHECK
W1:""knight"" len=6Y alpha=Y vocab=Y gaps=N PASS
W2:""explores"" len=8Y alpha=Y vocab=Y gaps=N PASS
W3:""forest"" len=6Y alpha=Y vocab=Y gaps=N PASS
ALL:PASS 3/3 words

ANS=knight explores forest

\boxed{knight explores forest}"
38236526,"In Alice's Wonderland, secret encryption rules are used on text. Here are some examples:
gsccwn mgysdz nky dsqwjsa ngyszigy -> rabbit dreams the magical treasure
znimyun jgysnyz nky kwmmyu dyzzsqy -> student creates the hidden message
mgsqfu wdsqwuyz ngyszigy -> dragon imagines treasure
nignay mgysdz jsznay -> turtle dreams castle
Now, decrypt the following text: nky kwmmyu sawjy wdsqwuyz",the hidden alice imagines,Text Encryption,"I identify this as a letter substitution cipher. I build a mapping from the examples, verify it, then decrypt the target word by word. I use the fixed answer vocabulary when the examples do not cover every letter. I ignore the flavor-text wrapper.

LEN
TGT:""nky kwmmyu sawjy wdsqwuyz""
W1:3 W2:6 W3:5 W4:8

TABLE
EX1:""gsccwn mgysdz nky dsqwjsa ngyszigy""->""rabbit dreams the magical treasure"" [14] g=r,s=a,c=b,w=i,n=t,m=d,y=e,d=m,z=s,k=h,q=g,j=c,a=l,i=u
EX2:""znimyun jgysnyz nky kwmmyu dyzzsqy""->""student creates the hidden message"" [1] u=n
EX3:""mgsqfu wdsqwuyz ngyszigy""->""dragon imagines treasure"" [1] f=o
EX4:""nignay mgysdz jsznay""->""turtle dreams castle"" [0] none
TOTAL:16/26

VOCAB_FILL
(no gaps; examples covered all target letters)

VER
CROSS:4/4 examples decrypt with final table

DECRYPT
W1: nky
 n->t
 k->h
 y->e
 = the
W2: kwmmyu
 k->h (W1)
 w->i
 m->d
 m->d
 y->e (W1)
 u->n
 = hidden
W3: sawjy
 s->a
 a->l
 w->i (W2)
 j->c
 y->e (W1)
 = alice
W4: wdsqwuyz
 w->i (W2)
 d->m
 s->a (W3)
 q->g
 w->i (W2)
 u->n (W2)
 y->e (W1)
 z->s
 = imagines

CHECK
W1:""the"" len=3Y alpha=Y vocab=Y gaps=N PASS
W2:""hidden"" len=6Y alpha=Y vocab=Y gaps=N PASS
W3:""alice"" len=5Y alpha=Y vocab=Y gaps=N PASS
W4:""imagines"" len=8Y alpha=Y vocab=Y gaps=N PASS
ALL:PASS 4/4 words

ANS=the hidden alice imagines

\boxed{the hidden alice imagines}"
3860736d,"In Alice's Wonderland, secret encryption rules are used on text. Here are some examples:
nmx gzdzewfd gbn subjsoxh -> the colorful cat imagines
cesogxhh tesnxh cznszo -> princess writes potion
nmx gdxvxe yebjzo yexbuh -> the clever dragon dreams
Now, decrypt the following text: nmx tshx nxbgmxe tesnxh",the wise teacher writes,Text Encryption,"I identify this as a letter substitution cipher. I build a mapping from the examples, verify it, then decrypt the target word by word. I use the fixed answer vocabulary when the examples do not cover every letter. I ignore the flavor-text wrapper.

LEN
TGT:""nmx tshx nxbgmxe tesnxh""
W1:3 W2:4 W3:7 W4:6

TABLE
EX1:""nmx gzdzewfd gbn subjsoxh""->""the colorful cat imagines"" [15] n=t,m=h,x=e,g=c,z=o,d=l,e=r,w=f,f=u,b=a,s=i,u=m,j=g,o=n,h=s
EX2:""cesogxhh tesnxh cznszo""->""princess writes potion"" [2] c=p,t=w
EX3:""nmx gdxvxe yebjzo yexbuh""->""the clever dragon dreams"" [2] v=v,y=d
TOTAL:19/26

VOCAB_FILL
(no gaps; examples covered all target letters)

VER
CROSS:3/3 examples decrypt with final table

DECRYPT
W1: nmx
 n->t
 m->h
 x->e
 = the
W2: tshx
 t->w
 s->i
 h->s
 x->e (W1)
 = wise
W3: nxbgmxe
 n->t (W1)
 x->e (W1)
 b->a
 g->c
 m->h (W1)
 x->e (W1)
 e->r
 = teacher
W4: tesnxh
 t->w (W2)
 e->r (W3)
 s->i (W2)
 n->t (W1)
 x->e (W1)
 h->s (W2)
 = writes

CHECK
W1:""the"" len=3Y alpha=Y vocab=Y gaps=N PASS
W2:""wise"" len=4Y alpha=Y vocab=Y gaps=N PASS
W3:""teacher"" len=7Y alpha=Y vocab=Y gaps=N PASS
W4:""writes"" len=6Y alpha=Y vocab=Y gaps=N PASS
ALL:PASS 4/4 words

ANS=the wise teacher writes

\boxed{the wise teacher writes}"
3870a3e1,"In Alice's Wonderland, secret encryption rules are used on text. Here are some examples:
nab zmbiby dfgtyr rfvzxibyv -> the clever wizard discovers
nab vfmiby qfkc bwumxybv -> the silver king explores
dfgtyr zatvbv oxxq -> wizard chases book
Now, decrypt the following text: nab rtyq qkfcan vbbv",the dark knight sees,Text Encryption,"I identify this as a letter substitution cipher. I build a mapping from the examples, verify it, then decrypt the target word by word. I use the fixed answer vocabulary when the examples do not cover every letter. I ignore the flavor-text wrapper.

LEN
TGT:""nab rtyq qkfcan vbbv""
W1:3 W2:4 W3:6 W4:4

TABLE
EX1:""nab zmbiby dfgtyr rfvzxibyv""->""the clever wizard discovers"" [14] n=t,a=h,b=e,z=c,m=l,i=v,y=r,d=w,f=i,g=z,t=a,r=d,v=s,x=o
EX2:""nab vfmiby qfkc bwumxybv""->""the silver king explores"" [5] q=k,k=n,c=g,w=x,u=p
EX3:""dfgtyr zatvbv oxxq""->""wizard chases book"" [1] o=b
TOTAL:20/26

VOCAB_FILL
(no gaps; examples covered all target letters)

VER
CROSS:3/3 examples decrypt with final table

DECRYPT
W1: nab
 n->t
 a->h
 b->e
 = the
W2: rtyq
 r->d
 t->a
 y->r
 q->k
 = dark
W3: qkfcan
 q->k (W2)
 k->n
 f->i
 c->g
 a->h (W1)
 n->t (W1)
 = knight
W4: vbbv
 v->s
 b->e (W1)
 b->e (W1)
 v->s
 = sees

CHECK
W1:""the"" len=3Y alpha=Y vocab=Y gaps=N PASS
W2:""dark"" len=4Y alpha=Y vocab=Y gaps=N PASS
W3:""knight"" len=6Y alpha=Y vocab=Y gaps=N PASS
W4:""sees"" len=4Y alpha=Y vocab=Y gaps=N PASS
ALL:PASS 4/4 words

ANS=the dark knight sees

\boxed{the dark knight sees}"
3882c5bb,"In Alice's Wonderland, secret encryption rules are used on text. Here are some examples:
mrfunvii hpyypti wucvr nzigyv -> princess follows under castle
crzjpu fkzjfuvi hprvig -> dragon imagines forest
gwrgyv nrvzgvi gdv kzjfnzy kzm -> turtle creates the magical map
Now, decrypt the following text: kpwiv nrvzgvi jzrcvu",mouse creates garden,Text Encryption,"I identify this as a letter substitution cipher. I build a mapping from the examples, verify it, then decrypt the target word by word. I use the fixed answer vocabulary when the examples do not cover every letter. I ignore the flavor-text wrapper.

LEN
TGT:""kpwiv nrvzgvi jzrcvu""
W1:5 W2:7 W3:6

TABLE
EX1:""mrfunvii hpyypti wucvr nzigyv""->""princess follows under castle"" [15] m=p,r=r,f=i,u=n,n=c,v=e,i=s,h=f,p=o,y=l,t=w,w=u,c=d,z=a,g=t
EX2:""crzjpu fkzjfuvi hprvig""->""dragon imagines forest"" [2] j=g,k=m
EX3:""gwrgyv nrvzgvi gdv kzjfnzy kzm""->""turtle creates the magical map"" [1] d=h
TOTAL:18/26

VOCAB_FILL
(no gaps; examples covered all target letters)

VER
CROSS:3/3 examples decrypt with final table

DECRYPT
W1: kpwiv
 k->m
 p->o
 w->u
 i->s
 v->e
 = mouse
W2: nrvzgvi
 n->c
 r->r
 v->e (W1)
 z->a
 g->t
 v->e (W1)
 i->s (W1)
 = creates
W3: jzrcvu
 j->g
 z->a (W2)
 r->r (W2)
 c->d
 v->e (W1)
 u->n
 = garden

CHECK
W1:""mouse"" len=5Y alpha=Y vocab=Y gaps=N PASS
W2:""creates"" len=7Y alpha=Y vocab=Y gaps=N PASS
W3:""garden"" len=6Y alpha=Y vocab=Y gaps=N PASS
ALL:PASS 3/3 words

ANS=mouse creates garden

\boxed{mouse creates garden}"
3895fa75,"In Alice's Wonderland, secret encryption rules are used on text. Here are some examples:
kth rbch odk pbcoxjhzc -> the wise cat discovers
zdffbk pzhdlc wiphz lxwikdbi -> rabbit dreams under mountain
tdkkhz ckwpbhc ckxzg -> hatter studies story
Now, decrypt the following text: kwzknh ckwpbhc kth onhjhz fxxy",turtle studies the clever book,Text Encryption,"I identify this as a letter substitution cipher. I build a mapping from the examples, verify it, then decrypt the target word by word. I use the fixed answer vocabulary when the examples do not cover every letter. I ignore the flavor-text wrapper.

LEN
TGT:""kwzknh ckwpbhc kth onhjhz fxxy""
W1:6 W2:7 W3:3 W4:6 W5:4

TABLE
EX1:""kth rbch odk pbcoxjhzc""->""the wise cat discovers"" [12] k=t,t=h,h=e,r=w,b=i,c=s,o=c,d=a,p=d,x=o,j=v,z=r
EX2:""zdffbk pzhdlc wiphz lxwikdbi""->""rabbit dreams under mountain"" [4] f=b,l=m,w=u,i=n
EX3:""tdkkhz ckwpbhc ckxzg""->""hatter studies story"" [1] g=y
TOTAL:17/26

VOCAB_FILL
W1:kwzknh pattern turt?e -> LOCK ""turtle"" (candidates: turtle)
W4:onhjhz pattern c?ever -> LOCK ""clever"" (candidates: clever)
W5:fxxy pattern boo? -> LOCK ""book"" (candidates: book)

VER
CROSS:3/3 examples decrypt with final table

DECRYPT
W1: kwzknh
 k->t
 w->u
 z->r
 k->t
 n->l
 h->e
 = turtle
W2: ckwpbhc
 c->s
 k->t (W1)
 w->u (W1)
 p->d
 b->i
 h->e (W1)
 c->s
 = studies
W3: kth
 k->t (W1)
 t->h
 h->e (W1)
 = the
W4: onhjhz
 o->c
 n->l (W1)
 h->e (W1)
 j->v
 h->e (W1)
 z->r (W1)
 = clever
W5: fxxy
 f->b
 x->o
 x->o
 y->k
 = book

CHECK
W1:""turtle"" len=6Y alpha=Y vocab=Y gaps=N PASS
W2:""studies"" len=7Y alpha=Y vocab=Y gaps=N PASS
W3:""the"" len=3Y alpha=Y vocab=Y gaps=N PASS
W4:""clever"" len=6Y alpha=Y vocab=Y gaps=N PASS
W5:""book"" len=4Y alpha=Y vocab=Y gaps=N PASS
ALL:PASS 5/5 words

ANS=turtle studies the clever book

\boxed{turtle studies the clever book}"
38ae6f6a,"In Alice's Wonderland, secret encryption rules are used on text. Here are some examples:
jpttif ojpqiq tji jvllir lhhf -> hatter chases the hidden door
zhaqi ojpqiq tji zuqtifvhaq qiofit -> mouse chases the mysterious secret
mvbpfl qtalviq tji qtfprci cpflir -> wizard studies the strange garden
dvrc iwyehfiq tji qvekif qthfu -> king explores the silver story
mvbpfl mfvtiq vrqvli thmif -> wizard writes inside tower
Now, decrypt the following text: tji oafvhaq fpnnvt sharl",the curious rabbit found,Text Encryption,"I identify this as a letter substitution cipher. I build a mapping from the examples, verify it, then decrypt the target word by word. I use the fixed answer vocabulary when the examples do not cover every letter. I ignore the flavor-text wrapper.

LEN
TGT:""tji oafvhaq fpnnvt sharl""
W1:3 W2:7 W3:6 W4:5

TABLE
EX1:""jpttif ojpqiq tji jvllir lhhf""->""hatter chases the hidden door"" [11] j=h,p=a,t=t,i=e,f=r,o=c,q=s,v=i,l=d,r=n,h=o
EX2:""zhaqi ojpqiq tji zuqtifvhaq qiofit""->""mouse chases the mysterious secret"" [3] z=m,a=u,u=y
EX3:""mvbpfl qtalviq tji qtfprci cpflir""->""wizard studies the strange garden"" [3] m=w,b=z,c=g
EX4:""dvrc iwyehfiq tji qvekif qthfu""->""king explores the silver story"" [5] d=k,w=x,y=p,e=l,k=v
EX5:""mvbpfl mfvtiq vrqvli thmif""->""wizard writes inside tower"" [0] none
TOTAL:22/26

VOCAB_FILL
W3:fpnnvt pattern ra??it -> LOCK ""rabbit"" (candidates: rabbit)
W4:sharl pattern ?ound -> LOCK ""found"" (candidates: found)

VER
CROSS:5/5 examples decrypt with final table

DECRYPT
W1: tji
 t->t
 j->h
 i->e
 = the
W2: oafvhaq
 o->c
 a->u
 f->r
 v->i
 h->o
 a->u
 q->s
 = curious
W3: fpnnvt
 f->r (W2)
 p->a
 n->b
 n->b
 v->i (W2)
 t->t (W1)
 = rabbit
W4: sharl
 s->f
 h->o (W2)
 a->u (W2)
 r->n
 l->d
 = found

CHECK
W1:""the"" len=3Y alpha=Y vocab=Y gaps=N PASS
W2:""curious"" len=7Y alpha=Y vocab=Y gaps=N PASS
W3:""rabbit"" len=6Y alpha=Y vocab=Y gaps=N PASS
W4:""found"" len=5Y alpha=Y vocab=Y gaps=N PASS
ALL:PASS 4/4 words

ANS=the curious rabbit found

\boxed{the curious rabbit found}"
39180e01,"In Alice's Wonderland, secret encryption rules are used on text. Here are some examples:
vuwrof fogrsi rynmg iebnnz -> wizard dreams above school
oryyuj iggi fnno -> rabbit sees door
rzueg ijcfugi jbg buffga pgk -> alice studies the hidden key
Now, decrypt the following text: brjjgo fogrsi jbg srquerz ynnp",hatter dreams the magical book,Text Encryption,"I identify this as a letter substitution cipher. I build a mapping from the examples, verify it, then decrypt the target word by word. I use the fixed answer vocabulary when the examples do not cover every letter. I ignore the flavor-text wrapper.

LEN
TGT:""brjjgo fogrsi jbg srquerz ynnp""
W1:6 W2:6 W3:3 W4:7 W5:4

TABLE
EX1:""vuwrof fogrsi rynmg iebnnz""->""wizard dreams above school"" [15] v=w,u=i,w=z,r=a,o=r,f=d,g=e,s=m,i=s,y=b,n=o,m=v,e=c,b=h,z=l
EX2:""oryyuj iggi fnno""->""rabbit sees door"" [1] j=t
EX3:""rzueg ijcfugi jbg buffga pgk""->""alice studies the hidden key"" [4] c=u,a=n,p=k,k=y
TOTAL:20/26

VOCAB_FILL
W4:srquerz pattern ma?ical -> LOCK ""magical"" (candidates: magical)

VER
CROSS:3/3 examples decrypt with final table

DECRYPT
W1: brjjgo
 b->h
 r->a
 j->t
 j->t
 g->e
 o->r
 = hatter
W2: fogrsi
 f->d
 o->r (W1)
 g->e (W1)
 r->a (W1)
 s->m
 i->s
 = dreams
W3: jbg
 j->t (W1)
 b->h (W1)
 g->e (W1)
 = the
W4: srquerz
 s->m (W2)
 r->a (W1)
 q->g
 u->i
 e->c
 r->a (W1)
 z->l
 = magical
W5: ynnp
 y->b
 n->o
 n->o
 p->k
 = book

CHECK
W1:""hatter"" len=6Y alpha=Y vocab=Y gaps=N PASS
W2:""dreams"" len=6Y alpha=Y vocab=Y gaps=N PASS
W3:""the"" len=3Y alpha=Y vocab=Y gaps=N PASS
W4:""magical"" len=7Y alpha=Y vocab=Y gaps=N PASS
W5:""book"" len=4Y alpha=Y vocab=Y gaps=N PASS
ALL:PASS 5/5 words

ANS=hatter dreams the magical book

\boxed{hatter dreams the magical book}"
39232d05,"In Alice's Wonderland, secret encryption rules are used on text. Here are some examples:
kdchg owabl vpg jcug ughrgv -> alice found the wise secret
iaggb owddwju vpg hwdwroad uvwrq -> queen follows the colorful story
kdchg jrcvgu xcrrwr -> alice writes mirror
Now, decrypt the following text: varvdg rgklu uvwrq",turtle reads story,Text Encryption,"I identify this as a letter substitution cipher. I build a mapping from the examples, verify it, then decrypt the target word by word. I use the fixed answer vocabulary when the examples do not cover every letter. I ignore the flavor-text wrapper.

LEN
TGT:""varvdg rgklu uvwrq""
W1:6 W2:5 W3:5

TABLE
EX1:""kdchg owabl vpg jcug ughrgv""->""alice found the wise secret"" [15] k=a,d=l,c=i,h=c,g=e,o=f,w=o,a=u,b=n,l=d,v=t,p=h,j=w,u=s,r=r
EX2:""iaggb owddwju vpg hwdwroad uvwrq""->""queen follows the colorful story"" [2] i=q,q=y
EX3:""kdchg jrcvgu xcrrwr""->""alice writes mirror"" [1] x=m
TOTAL:18/26

VOCAB_FILL
(no gaps; examples covered all target letters)

VER
CROSS:3/3 examples decrypt with final table

DECRYPT
W1: varvdg
 v->t
 a->u
 r->r
 v->t
 d->l
 g->e
 = turtle
W2: rgklu
 r->r (W1)
 g->e (W1)
 k->a
 l->d
 u->s
 = reads
W3: uvwrq
 u->s (W2)
 v->t (W1)
 w->o
 r->r (W1)
 q->y
 = story

CHECK
W1:""turtle"" len=6Y alpha=Y vocab=Y gaps=N PASS
W2:""reads"" len=5Y alpha=Y vocab=Y gaps=N PASS
W3:""story"" len=5Y alpha=Y vocab=Y gaps=N PASS
ALL:PASS 3/3 words

ANS=turtle reads story

\boxed{turtle reads story}"
392bc434,"In Alice's Wonderland, secret encryption rules are used on text. Here are some examples:
ozn tkxcikv dcaq qanktf -> the magical bird dreams
mwcxzo ankqf dneywq vcdakae -> knight reads beyond library
mwcxzo nblvyanf ozn kwicnwo foyae -> knight explores the ancient story
opaovn fnnf foyae -> turtle sees story
fopqnwo nblvyanf dyym -> student explores book
Now, decrypt the following text: rcgkaq nblvyanf ozn qkam mne",wizard explores the dark key,Text Encryption,"I identify this as a letter substitution cipher. I build a mapping from the examples, verify it, then decrypt the target word by word. I use the fixed answer vocabulary when the examples do not cover every letter. I ignore the flavor-text wrapper.

LEN
TGT:""rcgkaq nblvyanf ozn qkam mne""
W1:6 W2:8 W3:3 W4:4 W5:3

TABLE
EX1:""ozn tkxcikv dcaq qanktf""->""the magical bird dreams"" [13] o=t,z=h,n=e,t=m,k=a,x=g,c=i,i=c,v=l,d=b,a=r,q=d,f=s
EX2:""mwcxzo ankqf dneywq vcdakae""->""knight reads beyond library"" [4] m=k,w=n,e=y,y=o
EX3:""mwcxzo nblvyanf ozn kwicnwo foyae""->""knight explores the ancient story"" [2] b=x,l=p
EX4:""opaovn fnnf foyae""->""turtle sees story"" [1] p=u
EX5:""fopqnwo nblvyanf dyym""->""student explores book"" [0] none
TOTAL:20/26

VOCAB_FILL
W1:rcgkaq pattern ?i?ard -> LOCK ""wizard"" (candidates: wizard)

VER
CROSS:5/5 examples decrypt with final table

DECRYPT
W1: rcgkaq
 r->w
 c->i
 g->z
 k->a
 a->r
 q->d
 = wizard
W2: nblvyanf
 n->e
 b->x
 l->p
 v->l
 y->o
 a->r (W1)
 n->e
 f->s
 = explores
W3: ozn
 o->t
 z->h
 n->e (W2)
 = the
W4: qkam
 q->d (W1)
 k->a (W1)
 a->r (W1)
 m->k
 = dark
W5: mne
 m->k (W4)
 n->e (W2)
 e->y
 = key

CHECK
W1:""wizard"" len=6Y alpha=Y vocab=Y gaps=N PASS
W2:""explores"" len=8Y alpha=Y vocab=Y gaps=N PASS
W3:""the"" len=3Y alpha=Y vocab=Y gaps=N PASS
W4:""dark"" len=4Y alpha=Y vocab=Y gaps=N PASS
W5:""key"" len=3Y alpha=Y vocab=Y gaps=N PASS
ALL:PASS 5/5 words

ANS=wizard explores the dark key

\boxed{wizard explores the dark key}"
39470bbb,"In Alice's Wonderland, secret encryption rules are used on text. Here are some examples:
nvxxbz apvyjy lqqn -> rabbit chases door
avz dqkkqoy zpj obyj hjyyvgj -> cat follows the wise message
yzuljrz yjjy sqzbqr -> student sees potion
pvzzjn yjjy bryblj qajvr -> hatter sees inside ocean
vkbaj dqurl xjwqrl svkvaj -> alice found beyond palace
Now, decrypt the following text: zpj aqkqnduk eujjr jmskqnjy",the colorful queen explores,Text Encryption,"I identify this as a letter substitution cipher. I build a mapping from the examples, verify it, then decrypt the target word by word. I use the fixed answer vocabulary when the examples do not cover every letter. I ignore the flavor-text wrapper.

LEN
TGT:""zpj aqkqnduk eujjr jmskqnjy""
W1:3 W2:8 W3:5 W4:8

TABLE
EX1:""nvxxbz apvyjy lqqn""->""rabbit chases door"" [11] n=r,v=a,x=b,b=i,z=t,a=c,p=h,y=s,j=e,l=d,q=o
EX2:""avz dqkkqoy zpj obyj hjyyvgj""->""cat follows the wise message"" [5] d=f,k=l,o=w,h=m,g=g
EX3:""yzuljrz yjjy sqzbqr""->""student sees potion"" [3] u=u,r=n,s=p
EX4:""pvzzjn yjjy bryblj qajvr""->""hatter sees inside ocean"" [0] none
EX5:""vkbaj dqurl xjwqrl svkvaj""->""alice found beyond palace"" [1] w=y
TOTAL:20/26

VOCAB_FILL
W3:eujjr pattern ?ueen -> LOCK ""queen"" (candidates: queen)
W4:jmskqnjy pattern e?plores -> LOCK ""explores"" (candidates: explores)

VER
CROSS:5/5 examples decrypt with final table

DECRYPT
W1: zpj
 z->t
 p->h
 j->e
 = the
W2: aqkqnduk
 a->c
 q->o
 k->l
 q->o
 n->r
 d->f
 u->u
 k->l
 = colorful
W3: eujjr
 e->q
 u->u (W2)
 j->e (W1)
 j->e (W1)
 r->n
 = queen
W4: jmskqnjy
 j->e (W1)
 m->x
 s->p
 k->l (W2)
 q->o (W2)
 n->r (W2)
 j->e (W1)
 y->s
 = explores

CHECK
W1:""the"" len=3Y alpha=Y vocab=Y gaps=N PASS
W2:""colorful"" len=8Y alpha=Y vocab=Y gaps=N PASS
W3:""queen"" len=5Y alpha=Y vocab=Y gaps=N PASS
W4:""explores"" len=8Y alpha=Y vocab=Y gaps=N PASS
ALL:PASS 4/4 words

ANS=the colorful queen explores

\boxed{the colorful queen explores}"
395a5098,"In Alice's Wonderland, secret encryption rules are used on text. Here are some examples:
sncvd pddp jmtfzim qsnnde -> alice sees through valley
yzddl utdsbp jmd vndqdt hde -> queen dreams the clever key
jmd pjtslid bfzpd rsjvmdp -> the strange mouse watches
msjjdt wfzlu jmd mcuudl bso -> hatter found the hidden map
Now, decrypt the following text: jdsvmdt cbsicldp jmd ifnudl gffh",teacher imagines the golden book,Text Encryption,"I identify this as a letter substitution cipher. I build a mapping from the examples, verify it, then decrypt the target word by word. I use the fixed answer vocabulary when the examples do not cover every letter. I ignore the flavor-text wrapper.

LEN
TGT:""jdsvmdt cbsicldp jmd ifnudl gffh""
W1:7 W2:8 W3:3 W4:6 W5:4

TABLE
EX1:""sncvd pddp jmtfzim qsnnde""->""alice sees through valley"" [14] s=a,n=l,c=i,v=c,d=e,p=s,j=t,m=h,t=r,f=o,z=u,i=g,q=v,e=y
EX2:""yzddl utdsbp jmd vndqdt hde""->""queen dreams the clever key"" [5] y=q,l=n,u=d,b=m,h=k
EX3:""jmd pjtslid bfzpd rsjvmdp""->""the strange mouse watches"" [1] r=w
EX4:""msjjdt wfzlu jmd mcuudl bso""->""hatter found the hidden map"" [2] w=f,o=p
TOTAL:22/26

VOCAB_FILL
W5:gffh pattern ?ook -> LOCK ""book"" (candidates: book)

VER
CROSS:4/4 examples decrypt with final table

DECRYPT
W1: jdsvmdt
 j->t
 d->e
 s->a
 v->c
 m->h
 d->e
 t->r
 = teacher
W2: cbsicldp
 c->i
 b->m
 s->a (W1)
 i->g
 c->i
 l->n
 d->e (W1)
 p->s
 = imagines
W3: jmd
 j->t (W1)
 m->h (W1)
 d->e (W1)
 = the
W4: ifnudl
 i->g (W2)
 f->o
 n->l
 u->d
 d->e (W1)
 l->n (W2)
 = golden
W5: gffh
 g->b
 f->o (W4)
 f->o (W4)
 h->k
 = book

CHECK
W1:""teacher"" len=7Y alpha=Y vocab=Y gaps=N PASS
W2:""imagines"" len=8Y alpha=Y vocab=Y gaps=N PASS
W3:""the"" len=3Y alpha=Y vocab=Y gaps=N PASS
W4:""golden"" len=6Y alpha=Y vocab=Y gaps=N PASS
W5:""book"" len=4Y alpha=Y vocab=Y gaps=N PASS
ALL:PASS 5/5 words

ANS=teacher imagines the golden book

\boxed{teacher imagines the golden book}"
3975d230,"In Alice's Wonderland, secret encryption rules are used on text. Here are some examples:
wohcip yehtxt lex eawwxp dioxtl -> dragon chases the hidden forest
lex zvtlxoairt wohcip dirpw -> the mysterious dragon found
lex batx ohuual boalxt -> the wise rabbit writes
baqhow dikkibt leoirce libxo -> wizard follows through tower
lex yroairt mapc dirpw -> the curious king found
Now, decrypt the following text: tlrwxpl dikkibt nrqqkx",student follows puzzle,Text Encryption,"I identify this as a letter substitution cipher. I build a mapping from the examples, verify it, then decrypt the target word by word. I use the fixed answer vocabulary when the examples do not cover every letter. I ignore the flavor-text wrapper.

LEN
TGT:""tlrwxpl dikkibt nrqqkx""
W1:7 W2:7 W3:6

TABLE
EX1:""wohcip yehtxt lex eawwxp dioxtl""->""dragon chases the hidden forest"" [13] w=d,o=r,h=a,c=g,i=o,p=n,y=c,e=h,t=s,x=e,l=t,a=i,d=f
EX2:""lex zvtlxoairt wohcip dirpw""->""the mysterious dragon found"" [3] z=m,v=y,r=u
EX3:""lex batx ohuual boalxt""->""the wise rabbit writes"" [2] b=w,u=b
EX4:""baqhow dikkibt leoirce libxo""->""wizard follows through tower"" [2] q=z,k=l
EX5:""lex yroairt mapc dirpw""->""the curious king found"" [1] m=k
TOTAL:21/26

VOCAB_FILL
W3:nrqqkx pattern ?uzzle -> LOCK ""puzzle"" (candidates: puzzle)

VER
CROSS:5/5 examples decrypt with final table

DECRYPT
W1: tlrwxpl
 t->s
 l->t
 r->u
 w->d
 x->e
 p->n
 l->t
 = student
W2: dikkibt
 d->f
 i->o
 k->l
 k->l
 i->o
 b->w
 t->s (W1)
 = follows
W3: nrqqkx
 n->p
 r->u (W1)
 q->z
 q->z
 k->l (W2)
 x->e (W1)
 = puzzle

CHECK
W1:""student"" len=7Y alpha=Y vocab=Y gaps=N PASS
W2:""follows"" len=7Y alpha=Y vocab=Y gaps=N PASS
W3:""puzzle"" len=6Y alpha=Y vocab=Y gaps=N PASS
ALL:PASS 3/3 words

ANS=student follows puzzle

\boxed{student follows puzzle}"
39918d5b,"In Alice's Wonderland, secret encryption rules are used on text. Here are some examples:
vzuejfz yjgev zcj rgtnhgb vjhyjz -> student reads the magical secret
hgz yjgev ufejy ilyjvz -> cat reads under forest
zcj vjhyjz kfntcz eygxv -> the secret knight draws
synfhjvv ilufe hymvzgb -> princess found crystal
zcj gfhnjfz kfntcz hyjgzjv -> the ancient knight creates
Now, decrypt the following text: zuyzbj jwsblyjv hymvzgb",turtle explores crystal,Text Encryption,"I identify this as a letter substitution cipher. I build a mapping from the examples, verify it, then decrypt the target word by word. I use the fixed answer vocabulary when the examples do not cover every letter. I ignore the flavor-text wrapper.

LEN
TGT:""zuyzbj jwsblyjv hymvzgb""
W1:6 W2:8 W3:7

TABLE
EX1:""vzuejfz yjgev zcj rgtnhgb vjhyjz""->""student reads the magical secret"" [14] v=s,z=t,u=u,e=d,j=e,f=n,y=r,g=a,c=h,r=m,t=g,n=i,h=c,b=l
EX2:""hgz yjgev ufejy ilyjvz""->""cat reads under forest"" [2] i=f,l=o
EX3:""zcj vjhyjz kfntcz eygxv""->""the secret knight draws"" [2] k=k,x=w
EX4:""synfhjvv ilufe hymvzgb""->""princess found crystal"" [2] s=p,m=y
EX5:""zcj gfhnjfz kfntcz hyjgzjv""->""the ancient knight creates"" [0] none
TOTAL:20/26

VOCAB_FILL
W2:jwsblyjv pattern e?plores -> LOCK ""explores"" (candidates: explores)

VER
CROSS:5/5 examples decrypt with final table

DECRYPT
W1: zuyzbj
 z->t
 u->u
 y->r
 z->t
 b->l
 j->e
 = turtle
W2: jwsblyjv
 j->e (W1)
 w->x
 s->p
 b->l (W1)
 l->o
 y->r (W1)
 j->e (W1)
 v->s
 = explores
W3: hymvzgb
 h->c
 y->r (W1)
 m->y
 v->s (W2)
 z->t (W1)
 g->a
 b->l (W1)
 = crystal

CHECK
W1:""turtle"" len=6Y alpha=Y vocab=Y gaps=N PASS
W2:""explores"" len=8Y alpha=Y vocab=Y gaps=N PASS
W3:""crystal"" len=7Y alpha=Y vocab=Y gaps=N PASS
ALL:PASS 3/3 words

ANS=turtle explores crystal

\boxed{turtle explores crystal}"
399eca4b,"In Alice's Wonderland, secret encryption rules are used on text. Here are some examples:
userlz blcclkx whj ezdajzw dexwcj -> dragon follows the ancient castle
kayesu jmvclsjx whj foxwjsalqx dexwcj -> wizard explores the mysterious castle
whj uesg kayesu xwquajx -> the dark wizard studies
userlz dhexjx eilnj vecedj -> dragon chases above palace
Now, decrypt the following text: userlz aferazjx illg",dragon imagines book,Text Encryption,"I identify this as a letter substitution cipher. I build a mapping from the examples, verify it, then decrypt the target word by word. I use the fixed answer vocabulary when the examples do not cover every letter. I ignore the flavor-text wrapper.

LEN
TGT:""userlz aferazjx illg""
W1:6 W2:8 W3:4

TABLE
EX1:""userlz blcclkx whj ezdajzw dexwcj""->""dragon follows the ancient castle"" [15] u=d,s=r,e=a,r=g,l=o,z=n,b=f,c=l,k=w,x=s,w=t,h=h,j=e,d=c,a=i
EX2:""kayesu jmvclsjx whj foxwjsalqx dexwcj""->""wizard explores the mysterious castle"" [6] y=z,m=x,v=p,f=m,o=y,q=u
EX3:""whj uesg kayesu xwquajx""->""the dark wizard studies"" [1] g=k
EX4:""userlz dhexjx eilnj vecedj""->""dragon chases above palace"" [2] i=b,n=v
TOTAL:24/26

VOCAB_FILL
(no gaps; examples covered all target letters)

VER
CROSS:4/4 examples decrypt with final table

DECRYPT
W1: userlz
 u->d
 s->r
 e->a
 r->g
 l->o
 z->n
 = dragon
W2: aferazjx
 a->i
 f->m
 e->a (W1)
 r->g (W1)
 a->i
 z->n (W1)
 j->e
 x->s
 = imagines
W3: illg
 i->b
 l->o (W1)
 l->o (W1)
 g->k
 = book

CHECK
W1:""dragon"" len=6Y alpha=Y vocab=Y gaps=N PASS
W2:""imagines"" len=8Y alpha=Y vocab=Y gaps=N PASS
W3:""book"" len=4Y alpha=Y vocab=Y gaps=N PASS
ALL:PASS 3/3 words

ANS=dragon imagines book

\boxed{dragon imagines book}"
3a221bb6,"In Alice's Wonderland, secret encryption rules are used on text. Here are some examples:
vuq yfwvtibhw kttj -> cat discovers book
qeb yuhj qbuvebh fzulfdbw -> the dark teacher imagines
yhultd nhfqbw qeb zawqbhftcw otqftd -> dragon writes the mysterious potion
vuq gtpptnw fdwfyb iuppba -> cat follows inside valley
Now, decrypt the following text: wqcybdq bsopthbw cdybh vuwqpb",student explores under castle,Text Encryption,"I identify this as a letter substitution cipher. I build a mapping from the examples, verify it, then decrypt the target word by word. I use the fixed answer vocabulary when the examples do not cover every letter. I ignore the flavor-text wrapper.

LEN
TGT:""wqcybdq bsopthbw cdybh vuwqpb""
W1:7 W2:8 W3:5 W4:6

TABLE
EX1:""vuq yfwvtibhw kttj""->""cat discovers book"" [12] v=c,u=a,q=t,y=d,f=i,w=s,t=o,i=v,b=e,h=r,k=b,j=k
EX2:""qeb yuhj qbuvebh fzulfdbw""->""the dark teacher imagines"" [4] e=h,z=m,l=g,d=n
EX3:""yhultd nhfqbw qeb zawqbhftcw otqftd""->""dragon writes the mysterious potion"" [4] n=w,a=y,c=u,o=p
EX4:""vuq gtpptnw fdwfyb iuppba""->""cat follows inside valley"" [2] g=f,p=l
TOTAL:22/26

VOCAB_FILL
W2:bsopthbw pattern e?plores -> LOCK ""explores"" (candidates: explores)

VER
CROSS:4/4 examples decrypt with final table

DECRYPT
W1: wqcybdq
 w->s
 q->t
 c->u
 y->d
 b->e
 d->n
 q->t
 = student
W2: bsopthbw
 b->e (W1)
 s->x
 o->p
 p->l
 t->o
 h->r
 b->e (W1)
 w->s (W1)
 = explores
W3: cdybh
 c->u (W1)
 d->n (W1)
 y->d (W1)
 b->e (W1)
 h->r (W2)
 = under
W4: vuwqpb
 v->c
 u->a
 w->s (W1)
 q->t (W1)
 p->l (W2)
 b->e (W1)
 = castle

CHECK
W1:""student"" len=7Y alpha=Y vocab=Y gaps=N PASS
W2:""explores"" len=8Y alpha=Y vocab=Y gaps=N PASS
W3:""under"" len=5Y alpha=Y vocab=Y gaps=N PASS
W4:""castle"" len=6Y alpha=Y vocab=Y gaps=N PASS
ALL:PASS 4/4 words

ANS=student explores under castle

\boxed{student explores under castle}"
3a9a89ef,"In Alice's Wonderland, secret encryption rules are used on text. Here are some examples:
wcjjke kmcakudq qdnwde -> rabbit imagines secret
egd cunkdue cpknd zwdcmq -> the ancient alice dreams
wcjjke kmcakudq udcw lbuzdwpcuz -> rabbit imagines near wonderland
Now, decrypt the following text: jkwz lwkedq nwhqecp",bird writes crystal,Text Encryption,"I identify this as a letter substitution cipher. I build a mapping from the examples, verify it, then decrypt the target word by word. I use the fixed answer vocabulary when the examples do not cover every letter. I ignore the flavor-text wrapper.

LEN
TGT:""jkwz lwkedq nwhqecp""
W1:4 W2:6 W3:7

TABLE
EX1:""wcjjke kmcakudq qdnwde""->""rabbit imagines secret"" [11] w=r,c=a,j=b,k=i,e=t,m=m,a=g,u=n,d=e,q=s,n=c
EX2:""egd cunkdue cpknd zwdcmq""->""the ancient alice dreams"" [3] g=h,p=l,z=d
EX3:""wcjjke kmcakudq udcw lbuzdwpcuz""->""rabbit imagines near wonderland"" [2] l=w,b=o
TOTAL:16/26

VOCAB_FILL
W3:nwhqecp pattern cr?stal -> LOCK ""crystal"" (candidates: crystal)

VER
CROSS:3/3 examples decrypt with final table

DECRYPT
W1: jkwz
 j->b
 k->i
 w->r
 z->d
 = bird
W2: lwkedq
 l->w
 w->r (W1)
 k->i (W1)
 e->t
 d->e
 q->s
 = writes
W3: nwhqecp
 n->c
 w->r (W1)
 h->y
 q->s (W2)
 e->t (W2)
 c->a
 p->l
 = crystal

CHECK
W1:""bird"" len=4Y alpha=Y vocab=Y gaps=N PASS
W2:""writes"" len=6Y alpha=Y vocab=Y gaps=N PASS
W3:""crystal"" len=7Y alpha=Y vocab=Y gaps=N PASS
ALL:PASS 3/3 words

ANS=bird writes crystal

\boxed{bird writes crystal}"
3aa84029,"In Alice's Wonderland, secret encryption rules are used on text. Here are some examples:
zlk wqqw iqwwlvq -> cat sees message
gelvhj yilvyjqw yjwygq wznhhd -> dragon imagines inside school
knq zhdheobd nlkkqe ohbjg -> the colorful hatter found
elrryk yilvyjqw knq ilvyzld rhha -> rabbit imagines the magical book
ajyvnk yilvyjqw aqc -> knight imagines key
Now, decrypt the following text: ihbwq geqliw knq glea zecwkld",mouse dreams the dark crystal,Text Encryption,"I identify this as a letter substitution cipher. I build a mapping from the examples, verify it, then decrypt the target word by word. I use the fixed answer vocabulary when the examples do not cover every letter. I ignore the flavor-text wrapper.

LEN
TGT:""ihbwq geqliw knq glea zecwkld""
W1:5 W2:6 W3:3 W4:4 W5:7

TABLE
EX1:""zlk wqqw iqwwlvq""->""cat sees message"" [7] z=c,l=a,k=t,w=s,q=e,i=m,v=g
EX2:""gelvhj yilvyjqw yjwygq wznhhd""->""dragon imagines inside school"" [7] g=d,e=r,h=o,j=n,y=i,n=h,d=l
EX3:""knq zhdheobd nlkkqe ohbjg""->""the colorful hatter found"" [2] o=f,b=u
EX4:""elrryk yilvyjqw knq ilvyzld rhha""->""rabbit imagines the magical book"" [2] r=b,a=k
EX5:""ajyvnk yilvyjqw aqc""->""knight imagines key"" [1] c=y
TOTAL:19/26

VOCAB_FILL
(no gaps; examples covered all target letters)

VER
CROSS:5/5 examples decrypt with final table

DECRYPT
W1: ihbwq
 i->m
 h->o
 b->u
 w->s
 q->e
 = mouse
W2: geqliw
 g->d
 e->r
 q->e (W1)
 l->a
 i->m (W1)
 w->s (W1)
 = dreams
W3: knq
 k->t
 n->h
 q->e (W1)
 = the
W4: glea
 g->d (W2)
 l->a (W2)
 e->r (W2)
 a->k
 = dark
W5: zecwkld
 z->c
 e->r (W2)
 c->y
 w->s (W1)
 k->t (W3)
 l->a (W2)
 d->l
 = crystal

CHECK
W1:""mouse"" len=5Y alpha=Y vocab=Y gaps=N PASS
W2:""dreams"" len=6Y alpha=Y vocab=Y gaps=N PASS
W3:""the"" len=3Y alpha=Y vocab=Y gaps=N PASS
W4:""dark"" len=4Y alpha=Y vocab=Y gaps=N PASS
W5:""crystal"" len=7Y alpha=Y vocab=Y gaps=N PASS
ALL:PASS 5/5 words

ANS=mouse dreams the dark crystal

\boxed{mouse dreams the dark crystal}"
3ae5412e,"In Alice's Wonderland, secret encryption rules are used on text. Here are some examples:
wez qezwpag zpa wtaval mbllxl -> cat watches the clever mirror
wez wpegag bcgbia mxhczebc -> cat chases inside mountain
gzhiacz akrtxlag uas -> student explores key
Now, decrypt the following text: zpa oxtiac pezzal wpegag",the golden hatter chases,Text Encryption,"I identify this as a letter substitution cipher. I build a mapping from the examples, verify it, then decrypt the target word by word. I use the fixed answer vocabulary when the examples do not cover every letter. I ignore the flavor-text wrapper.

LEN
TGT:""zpa oxtiac pezzal wpegag""
W1:3 W2:6 W3:6 W4:6

TABLE
EX1:""wez qezwpag zpa wtaval mbllxl""->""cat watches the clever mirror"" [13] w=c,e=a,z=t,q=w,p=h,a=e,g=s,t=l,v=v,l=r,m=m,b=i,x=o
EX2:""wez wpegag bcgbia mxhczebc""->""cat chases inside mountain"" [3] c=n,i=d,h=u
EX3:""gzhiacz akrtxlag uas""->""student explores key"" [4] k=x,r=p,u=k,s=y
TOTAL:20/26

VOCAB_FILL
W2:oxtiac pattern ?olden -> LOCK ""golden"" (candidates: golden)

VER
CROSS:3/3 examples decrypt with final table

DECRYPT
W1: zpa
 z->t
 p->h
 a->e
 = the
W2: oxtiac
 o->g
 x->o
 t->l
 i->d
 a->e (W1)
 c->n
 = golden
W3: pezzal
 p->h (W1)
 e->a
 z->t (W1)
 z->t (W1)
 a->e (W1)
 l->r
 = hatter
W4: wpegag
 w->c
 p->h (W1)
 e->a (W3)
 g->s
 a->e (W1)
 g->s
 = chases

CHECK
W1:""the"" len=3Y alpha=Y vocab=Y gaps=N PASS
W2:""golden"" len=6Y alpha=Y vocab=Y gaps=N PASS
W3:""hatter"" len=6Y alpha=Y vocab=Y gaps=N PASS
W4:""chases"" len=6Y alpha=Y vocab=Y gaps=N PASS
ALL:PASS 4/4 words

ANS=the golden hatter chases

\boxed{the golden hatter chases}"
3b2524dd,"In Alice's Wonderland, secret encryption rules are used on text. Here are some examples:
sbdhybu njvwx subdkvub -> teacher found treasure
tgwi ubdxk syb fmksbugjvk kbhubs -> king reads the mysterious secret
ogux xubdfk syb dwhgbws fguuju -> bird dreams the ancient mirror
Now, decrypt the following text: syb xdut fjvkb eugsbk",the dark mouse writes,Text Encryption,"I identify this as a letter substitution cipher. I build a mapping from the examples, verify it, then decrypt the target word by word. I use the fixed answer vocabulary when the examples do not cover every letter. I ignore the flavor-text wrapper.

LEN
TGT:""syb xdut fjvkb eugsbk""
W1:3 W2:4 W3:5 W4:6

TABLE
EX1:""sbdhybu njvwx subdkvub""->""teacher found treasure"" [12] s=t,b=e,d=a,h=c,y=h,u=r,n=f,j=o,v=u,w=n,x=d,k=s
EX2:""tgwi ubdxk syb fmksbugjvk kbhubs""->""king reads the mysterious secret"" [5] t=k,g=i,i=g,f=m,m=y
EX3:""ogux xubdfk syb dwhgbws fguuju""->""bird dreams the ancient mirror"" [1] o=b
TOTAL:18/26

VOCAB_FILL
W4:eugsbk pattern ?rites -> LOCK ""writes"" (candidates: writes)

VER
CROSS:3/3 examples decrypt with final table

DECRYPT
W1: syb
 s->t
 y->h
 b->e
 = the
W2: xdut
 x->d
 d->a
 u->r
 t->k
 = dark
W3: fjvkb
 f->m
 j->o
 v->u
 k->s
 b->e (W1)
 = mouse
W4: eugsbk
 e->w
 u->r (W2)
 g->i
 s->t (W1)
 b->e (W1)
 k->s (W3)
 = writes

CHECK
W1:""the"" len=3Y alpha=Y vocab=Y gaps=N PASS
W2:""dark"" len=4Y alpha=Y vocab=Y gaps=N PASS
W3:""mouse"" len=5Y alpha=Y vocab=Y gaps=N PASS
W4:""writes"" len=6Y alpha=Y vocab=Y gaps=N PASS
ALL:PASS 4/4 words

ANS=the dark mouse writes

\boxed{the dark mouse writes}"
3b5d7527,"In Alice's Wonderland, secret encryption rules are used on text. Here are some examples:
qglqun lnyak ylfgva hylanv -> turtle reads around garden
efgkn ncduflnk dgzzun -> mouse explores puzzle
alyhfv kqgapnk qtn yvbpnvq epllfl -> dragon studies the ancient mirror
opla kqgapnk offw -> bird studies book
qtn kqlyvhn opla ncduflnk -> the strange bird explores
Now, decrypt the following text: dlpvbnkk ncduflnk gvanl efgvqypv",princess explores under mountain,Text Encryption,"I identify this as a letter substitution cipher. I build a mapping from the examples, verify it, then decrypt the target word by word. I use the fixed answer vocabulary when the examples do not cover every letter. I ignore the flavor-text wrapper.

LEN
TGT:""dlpvbnkk ncduflnk gvanl efgvqypv""
W1:8 W2:8 W3:5 W4:8

TABLE
EX1:""qglqun lnyak ylfgva hylanv""->""turtle reads around garden"" [11] q=t,g=u,l=r,u=l,n=e,y=a,a=d,k=s,f=o,v=n,h=g
EX2:""efgkn ncduflnk dgzzun""->""mouse explores puzzle"" [4] e=m,c=x,d=p,z=z
EX3:""alyhfv kqgapnk qtn yvbpnvq epllfl""->""dragon studies the ancient mirror"" [3] p=i,t=h,b=c
EX4:""opla kqgapnk offw""->""bird studies book"" [2] o=b,w=k
EX5:""qtn kqlyvhn opla ncduflnk""->""the strange bird explores"" [0] none
TOTAL:20/26

VOCAB_FILL
(no gaps; examples covered all target letters)

VER
CROSS:5/5 examples decrypt with final table

DECRYPT
W1: dlpvbnkk
 d->p
 l->r
 p->i
 v->n
 b->c
 n->e
 k->s
 k->s
 = princess
W2: ncduflnk
 n->e (W1)
 c->x
 d->p (W1)
 u->l
 f->o
 l->r (W1)
 n->e (W1)
 k->s (W1)
 = explores
W3: gvanl
 g->u
 v->n (W1)
 a->d
 n->e (W1)
 l->r (W1)
 = under
W4: efgvqypv
 e->m
 f->o (W2)
 g->u (W3)
 v->n (W1)
 q->t
 y->a
 p->i (W1)
 v->n (W1)
 = mountain

CHECK
W1:""princess"" len=8Y alpha=Y vocab=Y gaps=N PASS
W2:""explores"" len=8Y alpha=Y vocab=Y gaps=N PASS
W3:""under"" len=5Y alpha=Y vocab=Y gaps=N PASS
W4:""mountain"" len=8Y alpha=Y vocab=Y gaps=N PASS
ALL:PASS 4/4 words

ANS=princess explores under mountain

\boxed{princess explores under mountain}"
3ba215ae,"In Alice's Wonderland, secret encryption rules are used on text. Here are some examples:
nqo vdph pdyysn podvj -> the dark rabbit reads
nqo tsjo lpsfmojj vpdtj -> the wise princess draws
nqo cgjnopsxkj vpdzxf vpdtj -> the mysterious dragon draws
nqo zxuvof vpdzxf tpsnoj -> the golden dragon writes
hfszqn vsjmxiopj kfvop iduuog -> knight discovers under valley
Now, decrypt the following text: pdyysn vpodcj dpxkfv mdjnuo",rabbit dreams around castle,Text Encryption,"I identify this as a letter substitution cipher. I build a mapping from the examples, verify it, then decrypt the target word by word. I use the fixed answer vocabulary when the examples do not cover every letter. I ignore the flavor-text wrapper.

LEN
TGT:""pdyysn vpodcj dpxkfv mdjnuo""
W1:6 W2:6 W3:6 W4:6

TABLE
EX1:""nqo vdph pdyysn podvj""->""the dark rabbit reads"" [10] n=t,q=h,o=e,v=d,d=a,p=r,h=k,y=b,s=i,j=s
EX2:""nqo tsjo lpsfmojj vpdtj""->""the wise princess draws"" [4] t=w,l=p,f=n,m=c
EX3:""nqo cgjnopsxkj vpdzxf vpdtj""->""the mysterious dragon draws"" [5] c=m,g=y,x=o,k=u,z=g
EX4:""nqo zxuvof vpdzxf tpsnoj""->""the golden dragon writes"" [1] u=l
EX5:""hfszqn vsjmxiopj kfvop iduuog""->""knight discovers under valley"" [1] i=v
TOTAL:21/26

VOCAB_FILL
(no gaps; examples covered all target letters)

VER
CROSS:5/5 examples decrypt with final table

DECRYPT
W1: pdyysn
 p->r
 d->a
 y->b
 y->b
 s->i
 n->t
 = rabbit
W2: vpodcj
 v->d
 p->r (W1)
 o->e
 d->a (W1)
 c->m
 j->s
 = dreams
W3: dpxkfv
 d->a (W1)
 p->r (W1)
 x->o
 k->u
 f->n
 v->d (W2)
 = around
W4: mdjnuo
 m->c
 d->a (W1)
 j->s (W2)
 n->t (W1)
 u->l
 o->e (W2)
 = castle

CHECK
W1:""rabbit"" len=6Y alpha=Y vocab=Y gaps=N PASS
W2:""dreams"" len=6Y alpha=Y vocab=Y gaps=N PASS
W3:""around"" len=6Y alpha=Y vocab=Y gaps=N PASS
W4:""castle"" len=6Y alpha=Y vocab=Y gaps=N PASS
ALL:PASS 4/4 words

ANS=rabbit dreams around castle

\boxed{rabbit dreams around castle}"
3ba34e97,"In Alice's Wonderland, secret encryption rules are used on text. Here are some examples:
iojjs zrlndjh ldj huwtjf nfqhlrw -> queen watches the silver crystal
ldj bpwvjs nrl fjrvh -> the golden cat reads
epohj hlovujh ldj vrfm brfvjs -> mouse studies the dark garden
ldj zuhj xfusnjhh zrlndjh -> the wise princess watches
ldj nofupoh msubdl zfuljh -> the curious knight writes
Now, decrypt the following text: rwunj hlovujh xoggwj",alice studies puzzle,Text Encryption,"I identify this as a letter substitution cipher. I build a mapping from the examples, verify it, then decrypt the target word by word. I use the fixed answer vocabulary when the examples do not cover every letter. I ignore the flavor-text wrapper.

LEN
TGT:""rwunj hlovujh xoggwj""
W1:5 W2:7 W3:6

TABLE
EX1:""iojjs zrlndjh ldj huwtjf nfqhlrw""->""queen watches the silver crystal"" [15] i=q,o=u,j=e,s=n,z=w,r=a,l=t,n=c,d=h,h=s,u=i,w=l,t=v,f=r,q=y
EX2:""ldj bpwvjs nrl fjrvh""->""the golden cat reads"" [3] b=g,p=o,v=d
EX3:""epohj hlovujh ldj vrfm brfvjs""->""mouse studies the dark garden"" [2] e=m,m=k
EX4:""ldj zuhj xfusnjhh zrlndjh""->""the wise princess watches"" [1] x=p
EX5:""ldj nofupoh msubdl zfuljh""->""the curious knight writes"" [0] none
TOTAL:21/26

VOCAB_FILL
W3:xoggwj pattern pu??le -> LOCK ""puzzle"" (candidates: puzzle)

VER
CROSS:5/5 examples decrypt with final table

DECRYPT
W1: rwunj
 r->a
 w->l
 u->i
 n->c
 j->e
 = alice
W2: hlovujh
 h->s
 l->t
 o->u
 v->d
 u->i (W1)
 j->e (W1)
 h->s
 = studies
W3: xoggwj
 x->p
 o->u (W2)
 g->z
 g->z
 w->l (W1)
 j->e (W1)
 = puzzle

CHECK
W1:""alice"" len=5Y alpha=Y vocab=Y gaps=N PASS
W2:""studies"" len=7Y alpha=Y vocab=Y gaps=N PASS
W3:""puzzle"" len=6Y alpha=Y vocab=Y gaps=N PASS
ALL:PASS 3/3 words

ANS=alice studies puzzle

\boxed{alice studies puzzle}"
3bcb7535,"In Alice's Wonderland, secret encryption rules are used on text. Here are some examples:
omjjgn ynxugwy hgooio -> rabbit studies mirror
nwmvbwo dognwy nbw vzwkwo hmr -> teacher writes the clever map
nbw sizuwl uomsil uomdy -> the golden dragon draws
qxwwl ugyvikwoy jwailu kmzzwa -> queen discovers beyond valley
vmn ywwy jiit -> cat sees book
Now, decrypt the following text: nbw ynomlsw nxonzw ywwy",the strange turtle sees,Text Encryption,"I identify this as a letter substitution cipher. I build a mapping from the examples, verify it, then decrypt the target word by word. I use the fixed answer vocabulary when the examples do not cover every letter. I ignore the flavor-text wrapper.

LEN
TGT:""nbw ynomlsw nxonzw ywwy""
W1:3 W2:7 W3:6 W4:4

TABLE
EX1:""omjjgn ynxugwy hgooio""->""rabbit studies mirror"" [11] o=r,m=a,j=b,g=i,n=t,y=s,x=u,u=d,w=e,h=m,i=o
EX2:""nwmvbwo dognwy nbw vzwkwo hmr""->""teacher writes the clever map"" [6] v=c,b=h,d=w,z=l,k=v,r=p
EX3:""nbw sizuwl uomsil uomdy""->""the golden dragon draws"" [2] s=g,l=n
EX4:""qxwwl ugyvikwoy jwailu kmzzwa""->""queen discovers beyond valley"" [2] q=q,a=y
EX5:""vmn ywwy jiit""->""cat sees book"" [1] t=k
TOTAL:22/26

VOCAB_FILL
(no gaps; examples covered all target letters)

VER
CROSS:5/5 examples decrypt with final table

DECRYPT
W1: nbw
 n->t
 b->h
 w->e
 = the
W2: ynomlsw
 y->s
 n->t (W1)
 o->r
 m->a
 l->n
 s->g
 w->e (W1)
 = strange
W3: nxonzw
 n->t (W1)
 x->u
 o->r (W2)
 n->t (W1)
 z->l
 w->e (W1)
 = turtle
W4: ywwy
 y->s (W2)
 w->e (W1)
 w->e (W1)
 y->s (W2)
 = sees

CHECK
W1:""the"" len=3Y alpha=Y vocab=Y gaps=N PASS
W2:""strange"" len=7Y alpha=Y vocab=Y gaps=N PASS
W3:""turtle"" len=6Y alpha=Y vocab=Y gaps=N PASS
W4:""sees"" len=4Y alpha=Y vocab=Y gaps=N PASS
ALL:PASS 4/4 words

ANS=the strange turtle sees

\boxed{the strange turtle sees}"
