id,prompt,answer,type,generated_cot
01cd504a,"In Alice's Wonderland, a secret set of transformation rules is applied to equations. Below are a few examples:
64-65 = 201
28-68 = 861
82/15 = 8241
Now, determine the result for: 85/77",6644,Equation Numeric,"I identify this as a symbol-digit (equation numeric) task: two-digit operands built from A,B,C,D, one operator, and a format. I group examples by the target operator, scan (pairing|op|format) until examples match and the target matches the boxed answer, then apply. I ignore flavor text.

S2: PARSE
Operator: '/'
Target: 85/77  A=8,B=5,C=7,D=7
Examples using '/':
  E1: 82/15 = 8241

S3: SCAN
#1:AB_CD|cat|raw L=82,R=15 8215->8215 vs 8241 NO
#2:AB_CD|mul|raw L=82,R=15 1230->1230 vs 8241 NO
#3:AB_CD|add|raw L=82,R=15 97->97 vs 8241 NO
#4:AB_CD|sub|raw L=82,R=15 67->67 vs 8241 NO
#5:AB_CD|absdiff|raw L=82,R=15 67->67 vs 8241 NO
#6:BA_DC|cat|rev L=28,R=51 2851->1582 vs 8241 NO
#7:BA_DC|mul|rev L=28,R=51 1428->8241 vs 8241 YES

S5: LOCK: BA_DC|mul|rev

S6: APPLY
Target: 85/77
BA_DC: L=58,R=77
mul(58,77)=4466 rev->6644

S7: ANS=6644

\boxed{6644}"
026106f5,"In Alice's Wonderland, a secret set of transformation rules is applied to equations. Below are a few examples:
52{43 = 9
31*15 = 46
37{26 = 11
17{92 = 24
Now, determine the result for: 75*97",631,Equation Numeric,"I identify this as a symbol-digit (equation numeric) task: two-digit operands built from A,B,C,D, one operator, and a format. I group examples by the target operator, scan (pairing|op|format) until examples match and the target matches the boxed answer, then apply. I ignore flavor text.

S2: PARSE
Operator: '*'
Target: 75*97  A=7,B=5,C=9,D=7
Examples using '*':
  E1: 31*15 = 46

S3: SCAN
#1:AB_CD|cat|raw L=31,R=15 3115->3115 vs 46 NO
#2:AB_CD|mul|raw L=31,R=15 465->465 vs 46 NO
#3:AB_CD|add|raw L=31,R=15 46->46 vs 46 NO
#4:AB_CD|sub|raw L=31,R=15 16->16 vs 46 NO
#5:AB_CD|absdiff|raw L=31,R=15 16->16 vs 46 NO
#6:BA_DC|cat|rev L=13,R=51 1351->1531 vs 46 NO
#7:BA_DC|mul|rev L=13,R=51 663->366 vs 46 NO
#8:BA_DC|add|rev L=13,R=51 64->46 vs 46 YES

S5: LOCK: BA_DC|add|rev

S6: APPLY
Target: 75*97
BA_DC: L=57,R=79
add(57,79)=136 rev->631

S7: ANS=631

\boxed{631}"
03f07b43,"In Alice's Wonderland, a secret set of transformation rules is applied to equations. Below are a few examples:
55`39 = 16
61\65 = 126
42>23 = 4223
17\21 = 38
Now, determine the result for: 81`20",61,Equation Numeric,"I identify this as a symbol-digit (equation numeric) task: two-digit operands built from A,B,C,D, one operator, and a format. I group examples by the target operator, scan (pairing|op|format) until examples match and the target matches the boxed answer, then apply. I ignore flavor text.

S2: PARSE
Operator: '`'
Target: 81`20  A=8,B=1,C=2,D=0
Examples using '`':
  E1: 55`39 = 16

S3: SCAN
#1:AB_CD|cat|raw L=55,R=39 5539->5539 vs 16 NO
#2:AB_CD|mul|raw L=55,R=39 2145->2145 vs 16 NO
#3:AB_CD|add|raw L=55,R=39 94->94 vs 16 NO
#4:AB_CD|sub|raw L=55,R=39 16->16 vs 16 YES

S5: LOCK: AB_CD|sub|raw

S6: APPLY
Target: 81`20
AB_CD: L=81,R=20
sub(81,20)=61 raw->61

S7: ANS=61

\boxed{61}"
04171e29,"In Alice's Wonderland, a secret set of transformation rules is applied to equations. Below are a few examples:
34-73 = 6
28*71 = 4931
56-45 = 11
13*39 = 3882
57*67 = 0075
Now, determine the result for: 97-65",32,Equation Numeric,"I identify this as a symbol-digit (equation numeric) task: two-digit operands built from A,B,C,D, one operator, and a format. I group examples by the target operator, scan (pairing|op|format) until examples match and the target matches the boxed answer, then apply. I ignore flavor text.

S2: PARSE
Operator: '-'
Target: 97-65  A=9,B=7,C=6,D=5
Examples using '-':
  E1: 34-73 = 6
  E2: 56-45 = 11

S3: SCAN
#1:AB_CD|cat|raw L=34,R=73 3473->3473 vs 6 NO
#2:AB_CD|mul|raw L=34,R=73 2482->2482 vs 6 NO
#3:AB_CD|add|raw L=34,R=73 107->107 vs 6 NO
#4:AB_CD|sub|raw L=34,R=73 -39->-39 vs 6 NO
#5:AB_CD|absdiff|raw L=34,R=73 39->39 vs 6 NO
#6:BA_DC|cat|rev L=43,R=37 4337->7334 vs 6 NO
#7:BA_DC|mul|rev L=43,R=37 1591->1951 vs 6 NO
#8:BA_DC|add|rev L=43,R=37 80->08 vs 6 NO
#9:BA_DC|cat|raw L=43,R=37 4337->4337 vs 6 NO
#10:AB_CD|cat|rev L=34,R=73 3473->3743 vs 6 NO
#11:AB_CD|mul|rev L=34,R=73 2482->2842 vs 6 NO
#12:AB_CD|add|rev L=34,R=73 107->701 vs 6 NO

S4: VER
E2: 56-45 = 11
BA_DC|sub|rev L=65,R=54 11->11 vs 11 YES

S5: LOCK: BA_DC|sub|rev

S6: APPLY
Target: 97-65
BA_DC: L=79,R=56
sub(79,56)=23 rev->32

S7: ANS=32

\boxed{32}"
04322d27,"In Alice's Wonderland, a secret set of transformation rules is applied to equations. Below are a few examples:
96$54 = 5184
50$41 = 2050
51$95 = 4845
89$47 = 4183
Now, determine the result for: 59$49",2891,Equation Numeric,"I identify this as a symbol-digit (equation numeric) task: two-digit operands built from A,B,C,D, one operator, and a format. I group examples by the target operator, scan (pairing|op|format) until examples match and the target matches the boxed answer, then apply. I ignore flavor text.

S2: PARSE
Operator: '$'
Target: 59$49  A=5,B=9,C=4,D=9
Examples using '$':
  E1: 96$54 = 5184
  E2: 50$41 = 2050
  E3: 51$95 = 4845
  E4: 89$47 = 4183

S3: SCAN
#1:AB_CD|cat|raw L=96,R=54 9654->9654 vs 5184 NO
#2:AB_CD|mul|raw L=96,R=54 5184->5184 vs 5184 YES

S4: VER
E2: 50$41 = 2050
AB_CD|mul|raw L=50,R=41 2050->2050 vs 2050 YES

S5: LOCK: AB_CD|mul|raw

S6: APPLY
Target: 59$49
AB_CD: L=59,R=49
mul(59,49)=2891 raw->2891

S7: ANS=2891

\boxed{2891}"
047c4111,"In Alice's Wonderland, a secret set of transformation rules is applied to equations. Below are a few examples:
19)37 = 18
15$20 = 1520
30)14 = 16
Now, determine the result for: 25$96",2596,Equation Numeric,"I identify this as a symbol-digit (equation numeric) task: two-digit operands built from A,B,C,D, one operator, and a format. I group examples by the target operator, scan (pairing|op|format) until examples match and the target matches the boxed answer, then apply. I ignore flavor text.

S2: PARSE
Operator: '$'
Target: 25$96  A=2,B=5,C=9,D=6
Examples using '$':
  E1: 15$20 = 1520

S3: SCAN
#1:AB_CD|cat|raw L=15,R=20 1520->1520 vs 1520 YES

S5: LOCK: AB_CD|cat|raw

S6: APPLY
Target: 25$96
AB_CD: L=25,R=96
cat(25,96)=2596 raw->2596

S7: ANS=2596

\boxed{2596}"
0505ab22,"In Alice's Wonderland, a secret set of transformation rules is applied to equations. Below are a few examples:
46!92 = 138
38-68 = 2583
57-16 = 911
51-33 = 1682
Now, determine the result for: 20-75",1499,Equation Numeric,"I identify this as a symbol-digit (equation numeric) task: two-digit operands built from A,B,C,D, one operator, and a format. I group examples by the target operator, scan (pairing|op|format) until examples match and the target matches the boxed answer, then apply. I ignore flavor text.

S2: PARSE
Operator: '-'
Target: 20-75  A=2,B=0,C=7,D=5
Examples using '-':
  E1: 38-68 = 2583
  E2: 57-16 = 911
  E3: 51-33 = 1682

S3: SCAN
#1:AB_CD|cat|raw L=38,R=68 3868->3868 vs 2583 NO
#2:AB_CD|mul|raw L=38,R=68 2584->2584 vs 2583 NO
#3:AB_CD|add|raw L=38,R=68 106->106 vs 2583 NO
#4:AB_CD|sub|raw L=38,R=68 -30->-30 vs 2583 NO
#5:AB_CD|absdiff|raw L=38,R=68 30->30 vs 2583 NO
#6:BA_DC|cat|rev L=83,R=86 8386->6838 vs 2583 NO
#7:BA_DC|mul|rev L=83,R=86 7138->8317 vs 2583 NO
#8:BA_DC|add|rev L=83,R=86 169->961 vs 2583 NO
#9:BA_DC|cat|raw L=83,R=86 8386->8386 vs 2583 NO
#10:AB_CD|cat|rev L=38,R=68 3868->8683 vs 2583 NO
#11:AB_CD|mul|rev L=38,R=68 2584->4852 vs 2583 NO
#12:AB_CD|add|rev L=38,R=68 106->601 vs 2583 NO

S4: VER
E2: 57-16 = 911
AB_CD|mulsub1|raw L=57,R=16 911->911 vs 911 YES

S5: LOCK: AB_CD|mulsub1|raw

S6: APPLY
Target: 20-75
AB_CD: L=20,R=75
mulsub1(20,75)=1499 raw->1499

S7: ANS=1499

\boxed{1499}"
07cbed38,"In Alice's Wonderland, a secret set of transformation rules is applied to equations. Below are a few examples:
45^08 = 0234
37}95 = 131
99^88 = 2178
Now, determine the result for: 52}51",93,Equation Numeric,"I identify this as a symbol-digit (equation numeric) task: two-digit operands built from A,B,C,D, one operator, and a format. I group examples by the target operator, scan (pairing|op|format) until examples match and the target matches the boxed answer, then apply. I ignore flavor text.

S2: PARSE
Operator: '}'
Target: 52}51  A=5,B=2,C=5,D=1
Examples using '}':
  E1: 37}95 = 131

S3: SCAN
#1:AB_CD|cat|raw L=37,R=95 3795->3795 vs 131 NO
#2:AB_CD|mul|raw L=37,R=95 3515->3515 vs 131 NO
#3:AB_CD|add|raw L=37,R=95 132->132 vs 131 NO
#4:AB_CD|sub|raw L=37,R=95 -58->-58 vs 131 NO
#5:AB_CD|absdiff|raw L=37,R=95 58->58 vs 131 NO
#6:BA_DC|cat|rev L=73,R=59 7359->9537 vs 131 NO
#7:BA_DC|mul|rev L=73,R=59 4307->7034 vs 131 NO
#8:BA_DC|add|rev L=73,R=59 132->231 vs 131 NO
#9:BA_DC|cat|raw L=73,R=59 7359->7359 vs 131 NO
#10:AB_CD|cat|rev L=37,R=95 3795->5973 vs 131 NO
#11:AB_CD|mul|rev L=37,R=95 3515->5153 vs 131 NO
#12:AB_CD|add|rev L=37,R=95 132->231 vs 131 NO

S5: LOCK: BA_DC|addm1|rev

S6: APPLY
Target: 52}51
BA_DC: L=25,R=15
addm1(25,15)=39 rev->93

S7: ANS=93

\boxed{93}"
0819520a,"In Alice's Wonderland, a secret set of transformation rules is applied to equations. Below are a few examples:
82*77 = 6512
87+18 = 061
06+02 = 18
86+39 = 261
48*15 = 4824
Now, determine the result for: 57+82",401,Equation Numeric,"I identify this as a symbol-digit (equation numeric) task: two-digit operands built from A,B,C,D, one operator, and a format. I group examples by the target operator, scan (pairing|op|format) until examples match and the target matches the boxed answer, then apply. I ignore flavor text.

S2: PARSE
Operator: '+'
Target: 57+82  A=5,B=7,C=8,D=2
Examples using '+':
  E1: 87+18 = 061
  E2: 06+02 = 18
  E3: 86+39 = 261

S3: SCAN
#1:AB_CD|cat|raw L=87,R=18 8718->8718 vs 061 NO
#2:AB_CD|mul|raw L=87,R=18 1566->1566 vs 061 NO
#3:AB_CD|add|raw L=87,R=18 105->105 vs 061 NO
#4:AB_CD|sub|raw L=87,R=18 69->69 vs 061 NO
#5:AB_CD|absdiff|raw L=87,R=18 69->69 vs 061 NO
#6:BA_DC|cat|rev L=78,R=81 7881->1887 vs 061 NO
#7:BA_DC|mul|rev L=78,R=81 6318->8136 vs 061 NO
#8:BA_DC|add|rev L=78,R=81 159->951 vs 061 NO
#9:BA_DC|cat|raw L=78,R=81 7881->7881 vs 061 NO
#10:AB_CD|cat|rev L=87,R=18 8718->8178 vs 061 NO
#11:AB_CD|mul|rev L=87,R=18 1566->6651 vs 061 NO
#12:AB_CD|add|rev L=87,R=18 105->501 vs 061 NO

S4: VER
E2: 06+02 = 18
BA_DC|add1|rev L=60,R=20 81->18 vs 18 YES

S5: LOCK: BA_DC|add1|rev

S6: APPLY
Target: 57+82
BA_DC: L=75,R=28
add1(75,28)=104 rev->401

S7: ANS=401

\boxed{401}"
08d8d7e1,"In Alice's Wonderland, a secret set of transformation rules is applied to equations. Below are a few examples:
41+98 = 301
94+07 = 911
06*49 = 4906
95*27 = 2795
Now, determine the result for: 65+23",88,Equation Numeric,"I identify this as a symbol-digit (equation numeric) task: two-digit operands built from A,B,C,D, one operator, and a format. I group examples by the target operator, scan (pairing|op|format) until examples match and the target matches the boxed answer, then apply. I ignore flavor text.

S2: PARSE
Operator: '+'
Target: 65+23  A=6,B=5,C=2,D=3
Examples using '+':
  E1: 41+98 = 301
  E2: 94+07 = 911

S3: SCAN
#1:AB_CD|cat|raw L=41,R=98 4198->4198 vs 301 NO
#2:AB_CD|mul|raw L=41,R=98 4018->4018 vs 301 NO
#3:AB_CD|add|raw L=41,R=98 139->139 vs 301 NO
#4:AB_CD|sub|raw L=41,R=98 -57->-57 vs 301 NO
#5:AB_CD|absdiff|raw L=41,R=98 57->57 vs 301 NO
#6:BA_DC|cat|rev L=14,R=89 1489->9841 vs 301 NO
#7:BA_DC|mul|rev L=14,R=89 1246->6421 vs 301 NO
#8:BA_DC|add|rev L=14,R=89 103->301 vs 301 YES

S4: VER
E2: 94+07 = 911
BA_DC|add|rev L=49,R=70 119->911 vs 911 YES

S5: LOCK: BA_DC|add|rev

S6: APPLY
Target: 65+23
BA_DC: L=56,R=32
add(56,32)=88 rev->88

S7: ANS=88

\boxed{88}"
09302769,"In Alice's Wonderland, a secret set of transformation rules is applied to equations. Below are a few examples:
37-29 = 8
85-51 = 34
21'16 = 38
Now, determine the result for: 90'91",182,Equation Numeric,"I identify this as a symbol-digit (equation numeric) task: two-digit operands built from A,B,C,D, one operator, and a format. I group examples by the target operator, scan (pairing|op|format) until examples match and the target matches the boxed answer, then apply. I ignore flavor text.

S2: PARSE
Operator: '''
Target: 90'91  A=9,B=0,C=9,D=1
Examples using ''':
  E1: 21'16 = 38

S3: SCAN
#1:AB_CD|cat|raw L=21,R=16 2116->2116 vs 38 NO
#2:AB_CD|mul|raw L=21,R=16 336->336 vs 38 NO
#3:AB_CD|add|raw L=21,R=16 37->37 vs 38 NO
#4:AB_CD|sub|raw L=21,R=16 5->5 vs 38 NO
#5:AB_CD|absdiff|raw L=21,R=16 5->5 vs 38 NO
#6:BA_DC|cat|rev L=12,R=61 1261->1621 vs 38 NO
#7:BA_DC|mul|rev L=12,R=61 732->237 vs 38 NO
#8:BA_DC|add|rev L=12,R=61 73->37 vs 38 NO
#9:BA_DC|cat|raw L=12,R=61 1261->1261 vs 38 NO
#10:AB_CD|cat|rev L=21,R=16 2116->6112 vs 38 NO
#11:AB_CD|mul|rev L=21,R=16 336->633 vs 38 NO
#12:AB_CD|add|rev L=21,R=16 37->73 vs 38 NO

S5: LOCK: AB_CD|add1|raw

S6: APPLY
Target: 90'91
AB_CD: L=90,R=91
add1(90,91)=182 raw->182

S7: ANS=182

\boxed{182}"
094bf548,"In Alice's Wonderland, a secret set of transformation rules is applied to equations. Below are a few examples:
88(64 = 8864
27:81 = 54
52:57 = 5
25:81 = 56
Now, determine the result for: 80:32",48,Equation Numeric,"I identify this as a symbol-digit (equation numeric) task: two-digit operands built from A,B,C,D, one operator, and a format. I group examples by the target operator, scan (pairing|op|format) until examples match and the target matches the boxed answer, then apply. I ignore flavor text.

S2: PARSE
Operator: ':'
Target: 80:32  A=8,B=0,C=3,D=2
Examples using ':':
  E1: 27:81 = 54
  E2: 52:57 = 5
  E3: 25:81 = 56

S3: SCAN
#1:AB_CD|cat|raw L=27,R=81 2781->2781 vs 54 NO
#2:AB_CD|mul|raw L=27,R=81 2187->2187 vs 54 NO
#3:AB_CD|add|raw L=27,R=81 108->108 vs 54 NO
#4:AB_CD|sub|raw L=27,R=81 -54->-54 vs 54 NO
#5:AB_CD|absdiff|raw L=27,R=81 54->54 vs 54 YES

S4: VER
E2: 52:57 = 5
AB_CD|absdiff|raw L=52,R=57 5->5 vs 5 YES

S5: LOCK: AB_CD|absdiff|raw

S6: APPLY
Target: 80:32
AB_CD: L=80,R=32
absdiff(80,32)=48 raw->48

S7: ANS=48

\boxed{48}"
0a15c5c7,"In Alice's Wonderland, a secret set of transformation rules is applied to equations. Below are a few examples:
46-02 = 44
84-62 = 22
01(33 = 133
46%92 = 39
Now, determine the result for: 79-36",43,Equation Numeric,"I identify this as a symbol-digit (equation numeric) task: two-digit operands built from A,B,C,D, one operator, and a format. I group examples by the target operator, scan (pairing|op|format) until examples match and the target matches the boxed answer, then apply. I ignore flavor text.

S2: PARSE
Operator: '-'
Target: 79-36  A=7,B=9,C=3,D=6
Examples using '-':
  E1: 46-02 = 44
  E2: 84-62 = 22

S3: SCAN
#1:AB_CD|cat|raw L=46,R=2 462->462 vs 44 NO
#2:AB_CD|mul|raw L=46,R=2 92->92 vs 44 NO
#3:AB_CD|add|raw L=46,R=2 48->48 vs 44 NO
#4:AB_CD|sub|raw L=46,R=2 44->44 vs 44 YES

S4: VER
E2: 84-62 = 22
AB_CD|sub|raw L=84,R=62 22->22 vs 22 YES

S5: LOCK: AB_CD|sub|raw

S6: APPLY
Target: 79-36
AB_CD: L=79,R=36
sub(79,36)=43 raw->43

S7: ANS=43

\boxed{43}"
0bcffccd,"In Alice's Wonderland, a secret set of transformation rules is applied to equations. Below are a few examples:
61@52 = 3172
87`56 = 31
68@72 = 4896
54]53 = 108
Now, determine the result for: 44`54",10,Equation Numeric,"I identify this as a symbol-digit (equation numeric) task: two-digit operands built from A,B,C,D, one operator, and a format. I group examples by the target operator, scan (pairing|op|format) until examples match and the target matches the boxed answer, then apply. I ignore flavor text.

S2: PARSE
Operator: '`'
Target: 44`54  A=4,B=4,C=5,D=4
Examples using '`':
  E1: 87`56 = 31

S3: SCAN
#1:AB_CD|cat|raw L=87,R=56 8756->8756 vs 31 NO
#2:AB_CD|mul|raw L=87,R=56 4872->4872 vs 31 NO
#3:AB_CD|add|raw L=87,R=56 143->143 vs 31 NO
#4:AB_CD|sub|raw L=87,R=56 31->31 vs 31 NO
#5:AB_CD|absdiff|raw L=87,R=56 31->31 vs 31 YES

S5: LOCK: AB_CD|absdiff|raw

S6: APPLY
Target: 44`54
AB_CD: L=44,R=54
absdiff(44,54)=10 raw->10

S7: ANS=10

\boxed{10}"
0cd170a0,"In Alice's Wonderland, a secret set of transformation rules is applied to equations. Below are a few examples:
22:12 = 10
23:33 = :10
67^30 = 6730
71^79 = 7179
Now, determine the result for: 98^14",9814,Equation Numeric,"I identify this as a symbol-digit (equation numeric) task: two-digit operands built from A,B,C,D, one operator, and a format. I group examples by the target operator, scan (pairing|op|format) until examples match and the target matches the boxed answer, then apply. I ignore flavor text.

S2: PARSE
Operator: '^'
Target: 98^14  A=9,B=8,C=1,D=4
Examples using '^':
  E1: 67^30 = 6730
  E2: 71^79 = 7179

S3: SCAN
#1:AB_CD|cat|raw L=67,R=30 6730->6730 vs 6730 YES

S4: VER
E2: 71^79 = 7179
AB_CD|cat|raw L=71,R=79 7179->7179 vs 7179 YES

S5: LOCK: AB_CD|cat|raw

S6: APPLY
Target: 98^14
AB_CD: L=98,R=14
cat(98,14)=9814 raw->9814

S7: ANS=9814

\boxed{9814}"
0f0536de,"In Alice's Wonderland, a secret set of transformation rules is applied to equations. Below are a few examples:
39#74 = #35
42#56 = #14
16}14 = 225
64#42 = 22
93#57 = 36
Now, determine the result for: 25}95",2376,Equation Numeric,"I identify this as a symbol-digit (equation numeric) task: two-digit operands built from A,B,C,D, one operator, and a format. I group examples by the target operator, scan (pairing|op|format) until examples match and the target matches the boxed answer, then apply. I ignore flavor text.

S2: PARSE
Operator: '}'
Target: 25}95  A=2,B=5,C=9,D=5
Examples using '}':
  E1: 16}14 = 225

S3: SCAN
#1:AB_CD|cat|raw L=16,R=14 1614->1614 vs 225 NO
#2:AB_CD|mul|raw L=16,R=14 224->224 vs 225 NO
#3:AB_CD|add|raw L=16,R=14 30->30 vs 225 NO
#4:AB_CD|sub|raw L=16,R=14 2->2 vs 225 NO
#5:AB_CD|absdiff|raw L=16,R=14 2->2 vs 225 NO
#6:BA_DC|cat|rev L=61,R=41 6141->1416 vs 225 NO
#7:BA_DC|mul|rev L=61,R=41 2501->1052 vs 225 NO
#8:BA_DC|add|rev L=61,R=41 102->201 vs 225 NO
#9:BA_DC|cat|raw L=61,R=41 6141->6141 vs 225 NO
#10:AB_CD|cat|rev L=16,R=14 1614->4161 vs 225 NO
#11:AB_CD|mul|rev L=16,R=14 224->422 vs 225 NO
#12:AB_CD|add|rev L=16,R=14 30->03 vs 225 NO

S5: LOCK: AB_CD|muladd1|raw

S6: APPLY
Target: 25}95
AB_CD: L=25,R=95
muladd1(25,95)=2376 raw->2376

S7: ANS=2376

\boxed{2376}"
1019ee55,"In Alice's Wonderland, a secret set of transformation rules is applied to equations. Below are a few examples:
97]07 = 1355
31^75 = ^44
33^72 = 6
Now, determine the result for: 54]85",1162,Equation Numeric,"I identify this as a symbol-digit (equation numeric) task: two-digit operands built from A,B,C,D, one operator, and a format. I group examples by the target operator, scan (pairing|op|format) until examples match and the target matches the boxed answer, then apply. I ignore flavor text.

S2: PARSE
Operator: ']'
Target: 54]85  A=5,B=4,C=8,D=5
Examples using ']':
  E1: 97]07 = 1355

S3: SCAN
#1:AB_CD|cat|raw L=97,R=7 977->977 vs 1355 NO
#2:AB_CD|mul|raw L=97,R=7 679->679 vs 1355 NO
#3:AB_CD|add|raw L=97,R=7 104->104 vs 1355 NO
#4:AB_CD|sub|raw L=97,R=7 90->90 vs 1355 NO
#5:AB_CD|absdiff|raw L=97,R=7 90->90 vs 1355 NO
#6:BA_DC|cat|rev L=79,R=70 7970->0797 vs 1355 NO
#7:BA_DC|mul|rev L=79,R=70 5530->0355 vs 1355 NO
#8:BA_DC|add|rev L=79,R=70 149->941 vs 1355 NO
#9:BA_DC|cat|raw L=79,R=70 7970->7970 vs 1355 NO
#10:AB_CD|cat|rev L=97,R=7 977->779 vs 1355 NO
#11:AB_CD|mul|rev L=97,R=7 679->976 vs 1355 NO
#12:AB_CD|add|rev L=97,R=7 104->401 vs 1355 NO

S5: LOCK: BA_DC|muladd1|rev

S6: APPLY
Target: 54]85
BA_DC: L=45,R=58
muladd1(45,58)=2611 rev->1162

S7: ANS=1162

\boxed{1162}"
10d7bd1b,"In Alice's Wonderland, a secret set of transformation rules is applied to equations. Below are a few examples:
02+39 = 311
38-25 = 13
43-96 = -53
Now, determine the result for: 59-81",77,Equation Numeric,"I identify this as a symbol-digit (equation numeric) task: two-digit operands built from A,B,C,D, one operator, and a format. I group examples by the target operator, scan (pairing|op|format) until examples match and the target matches the boxed answer, then apply. I ignore flavor text.

S2: PARSE
Operator: '-'
Target: 59-81  A=5,B=9,C=8,D=1
Examples using '-':
  E1: 38-25 = 13
  E2: 43-96 = -53

S3: SCAN
#1:AB_CD|cat|raw L=38,R=25 3825->3825 vs 13 NO
#2:AB_CD|mul|raw L=38,R=25 950->950 vs 13 NO
#3:AB_CD|add|raw L=38,R=25 63->63 vs 13 NO
#4:AB_CD|sub|raw L=38,R=25 13->13 vs 13 NO
#5:AB_CD|absdiff|raw L=38,R=25 13->13 vs 13 NO
#6:BA_DC|cat|rev L=83,R=52 8352->2538 vs 13 NO
#7:BA_DC|mul|rev L=83,R=52 4316->6134 vs 13 NO
#8:BA_DC|add|rev L=83,R=52 135->531 vs 13 NO
#9:BA_DC|cat|raw L=83,R=52 8352->8352 vs 13 NO
#10:AB_CD|cat|rev L=38,R=25 3825->5283 vs 13 NO
#11:AB_CD|mul|rev L=38,R=25 950->059 vs 13 NO
#12:AB_CD|add|rev L=38,R=25 63->36 vs 13 NO

S4: VER
E2: 43-96 = -53
BA_DC|sub|rev L=34,R=69 -35->-53 vs -53 YES

S5: LOCK: BA_DC|sub|rev

S6: APPLY
Target: 59-81
BA_DC: L=95,R=18
sub(95,18)=77 rev->77

S7: ANS=77

\boxed{77}"
10fdae00,"In Alice's Wonderland, a secret set of transformation rules is applied to equations. Below are a few examples:
64*81 = 928
95+95 = 911
97-03 = 94
Now, determine the result for: 52-99",-47,Equation Numeric,"I identify this as a symbol-digit (equation numeric) task: two-digit operands built from A,B,C,D, one operator, and a format. I group examples by the target operator, scan (pairing|op|format) until examples match and the target matches the boxed answer, then apply. I ignore flavor text.

S2: PARSE
Operator: '-'
Target: 52-99  A=5,B=2,C=9,D=9
Examples using '-':
  E1: 97-03 = 94

S3: SCAN
#1:AB_CD|cat|raw L=97,R=3 973->973 vs 94 NO
#2:AB_CD|mul|raw L=97,R=3 291->291 vs 94 NO
#3:AB_CD|add|raw L=97,R=3 100->100 vs 94 NO
#4:AB_CD|sub|raw L=97,R=3 94->94 vs 94 YES

S5: LOCK: AB_CD|sub|raw

S6: APPLY
Target: 52-99
AB_CD: L=52,R=99
sub(52,99)=-47 raw->-47

S7: ANS=-47

\boxed{-47}"
10ff9431,"In Alice's Wonderland, a secret set of transformation rules is applied to equations. Below are a few examples:
47""28 = 8606
16%05 = 111
12%08 = 101
79""05 = 0584
73+76 = 03
Now, determine the result for: 02""68",0271,Equation Numeric,"I identify this as a symbol-digit (equation numeric) task: two-digit operands built from A,B,C,D, one operator, and a format. I group examples by the target operator, scan (pairing|op|format) until examples match and the target matches the boxed answer, then apply. I ignore flavor text.

S2: PARSE
Operator: '""'
Target: 02""68  A=0,B=2,C=6,D=8
Examples using '""':
  E1: 47""28 = 8606
  E2: 79""05 = 0584

S3: SCAN
#1:AB_CD|cat|raw L=47,R=28 4728->4728 vs 8606 NO
#2:AB_CD|mul|raw L=47,R=28 1316->1316 vs 8606 NO
#3:AB_CD|add|raw L=47,R=28 75->75 vs 8606 NO
#4:AB_CD|sub|raw L=47,R=28 19->19 vs 8606 NO
#5:AB_CD|absdiff|raw L=47,R=28 19->19 vs 8606 NO
#6:BA_DC|cat|rev L=74,R=82 7482->2847 vs 8606 NO
#7:BA_DC|mul|rev L=74,R=82 6068->8606 vs 8606 YES

S4: VER
E2: 79""05 = 0584
BA_DC|mul|rev L=97,R=50 4850->0584 vs 0584 YES

S5: LOCK: BA_DC|mul|rev

S6: APPLY
Target: 02""68
BA_DC: L=20,R=86
mul(20,86)=1720 rev->0271

S7: ANS=0271

\boxed{0271}"
111e3b8e,"In Alice's Wonderland, a secret set of transformation rules is applied to equations. Below are a few examples:
12*47 = 563
63^39 = 101
93*87 = 8090
49*91 = 4458
39""13 = 26
Now, determine the result for: 32^10",41,Equation Numeric,"I identify this as a symbol-digit (equation numeric) task: two-digit operands built from A,B,C,D, one operator, and a format. I group examples by the target operator, scan (pairing|op|format) until examples match and the target matches the boxed answer, then apply. I ignore flavor text.

S2: PARSE
Operator: '^'
Target: 32^10  A=3,B=2,C=1,D=0
Examples using '^':
  E1: 63^39 = 101

S3: SCAN
#1:AB_CD|cat|raw L=63,R=39 6339->6339 vs 101 NO
#2:AB_CD|mul|raw L=63,R=39 2457->2457 vs 101 NO
#3:AB_CD|add|raw L=63,R=39 102->102 vs 101 NO
#4:AB_CD|sub|raw L=63,R=39 24->24 vs 101 NO
#5:AB_CD|absdiff|raw L=63,R=39 24->24 vs 101 NO
#6:BA_DC|cat|rev L=36,R=93 3693->3963 vs 101 NO
#7:BA_DC|mul|rev L=36,R=93 3348->8433 vs 101 NO
#8:BA_DC|add|rev L=36,R=93 129->921 vs 101 NO
#9:BA_DC|cat|raw L=36,R=93 3693->3693 vs 101 NO
#10:AB_CD|cat|rev L=63,R=39 6339->9336 vs 101 NO
#11:AB_CD|mul|rev L=63,R=39 2457->7542 vs 101 NO
#12:AB_CD|add|rev L=63,R=39 102->201 vs 101 NO

S5: LOCK: AB_CD|addm1|raw

S6: APPLY
Target: 32^10
AB_CD: L=32,R=10
addm1(32,10)=41 raw->41

S7: ANS=41

\boxed{41}"
114a8d85,"In Alice's Wonderland, a secret set of transformation rules is applied to equations. Below are a few examples:
83>82 = 66
26>97 = 141
71>89 = 511
49-07 = 0856
Now, determine the result for: 48>83",221,Equation Numeric,"I identify this as a symbol-digit (equation numeric) task: two-digit operands built from A,B,C,D, one operator, and a format. I group examples by the target operator, scan (pairing|op|format) until examples match and the target matches the boxed answer, then apply. I ignore flavor text.

S2: PARSE
Operator: '>'
Target: 48>83  A=4,B=8,C=8,D=3
Examples using '>':
  E1: 83>82 = 66
  E2: 26>97 = 141
  E3: 71>89 = 511

S3: SCAN
#1:AB_CD|cat|raw L=83,R=82 8382->8382 vs 66 NO
#2:AB_CD|mul|raw L=83,R=82 6806->6806 vs 66 NO
#3:AB_CD|add|raw L=83,R=82 165->165 vs 66 NO
#4:AB_CD|sub|raw L=83,R=82 1->1 vs 66 NO
#5:AB_CD|absdiff|raw L=83,R=82 1->1 vs 66 NO
#6:BA_DC|cat|rev L=38,R=28 3828->8283 vs 66 NO
#7:BA_DC|mul|rev L=38,R=28 1064->4601 vs 66 NO
#8:BA_DC|add|rev L=38,R=28 66->66 vs 66 YES

S4: VER
E2: 26>97 = 141
BA_DC|add|rev L=62,R=79 141->141 vs 141 YES

S5: LOCK: BA_DC|add|rev

S6: APPLY
Target: 48>83
BA_DC: L=84,R=38
add(84,38)=122 rev->221

S7: ANS=221

\boxed{221}"
118889da,"In Alice's Wonderland, a secret set of transformation rules is applied to equations. Below are a few examples:
47{42 = 5
30[47 = 3047
46{33 = 13
79{56 = 23
Now, determine the result for: 66{56",10,Equation Numeric,"I identify this as a symbol-digit (equation numeric) task: two-digit operands built from A,B,C,D, one operator, and a format. I group examples by the target operator, scan (pairing|op|format) until examples match and the target matches the boxed answer, then apply. I ignore flavor text.

S2: PARSE
Operator: '{'
Target: 66{56  A=6,B=6,C=5,D=6
Examples using '{':
  E1: 47{42 = 5
  E2: 46{33 = 13
  E3: 79{56 = 23

S3: SCAN
#1:AB_CD|cat|raw L=47,R=42 4742->4742 vs 5 NO
#2:AB_CD|mul|raw L=47,R=42 1974->1974 vs 5 NO
#3:AB_CD|add|raw L=47,R=42 89->89 vs 5 NO
#4:AB_CD|sub|raw L=47,R=42 5->5 vs 5 YES

S4: VER
E2: 46{33 = 13
AB_CD|sub|raw L=46,R=33 13->13 vs 13 YES

S5: LOCK: AB_CD|sub|raw

S6: APPLY
Target: 66{56
AB_CD: L=66,R=56
sub(66,56)=10 raw->10

S7: ANS=10

\boxed{10}"
11f62c83,"In Alice's Wonderland, a secret set of transformation rules is applied to equations. Below are a few examples:
11<18 = 198
93<35 = 7602
86$91 = 78
Now, determine the result for: 98$07",951,Equation Numeric,"I identify this as a symbol-digit (equation numeric) task: two-digit operands built from A,B,C,D, one operator, and a format. I group examples by the target operator, scan (pairing|op|format) until examples match and the target matches the boxed answer, then apply. I ignore flavor text.

S2: PARSE
Operator: '$'
Target: 98$07  A=9,B=8,C=0,D=7
Examples using '$':
  E1: 86$91 = 78

S3: SCAN
#1:AB_CD|cat|raw L=86,R=91 8691->8691 vs 78 NO
#2:AB_CD|mul|raw L=86,R=91 7826->7826 vs 78 NO
#3:AB_CD|add|raw L=86,R=91 177->177 vs 78 NO
#4:AB_CD|sub|raw L=86,R=91 -5->-5 vs 78 NO
#5:AB_CD|absdiff|raw L=86,R=91 5->5 vs 78 NO
#6:BA_DC|cat|rev L=68,R=19 6819->9186 vs 78 NO
#7:BA_DC|mul|rev L=68,R=19 1292->2921 vs 78 NO
#8:BA_DC|add|rev L=68,R=19 87->78 vs 78 YES

S5: LOCK: BA_DC|add|rev

S6: APPLY
Target: 98$07
BA_DC: L=89,R=70
add(89,70)=159 rev->951

S7: ANS=951

\boxed{951}"
12d4a2df,"In Alice's Wonderland, a secret set of transformation rules is applied to equations. Below are a few examples:
27-99 = -72
72+71 = 7172
81*83 = 486
86*15 = 8643
Now, determine the result for: 68-08",-6,Equation Numeric,"I identify this as a symbol-digit (equation numeric) task: two-digit operands built from A,B,C,D, one operator, and a format. I group examples by the target operator, scan (pairing|op|format) until examples match and the target matches the boxed answer, then apply. I ignore flavor text.

S2: PARSE
Operator: '-'
Target: 68-08  A=6,B=8,C=0,D=8
Examples using '-':
  E1: 27-99 = -72

S3: SCAN
#1:AB_CD|cat|raw L=27,R=99 2799->2799 vs -72 NO
#2:AB_CD|mul|raw L=27,R=99 2673->2673 vs -72 NO
#3:AB_CD|add|raw L=27,R=99 126->126 vs -72 NO
#4:AB_CD|sub|raw L=27,R=99 -72->-72 vs -72 NO
#5:AB_CD|absdiff|raw L=27,R=99 72->72 vs -72 NO
#6:BA_DC|cat|rev L=72,R=99 7299->9927 vs -72 NO
#7:BA_DC|mul|rev L=72,R=99 7128->8217 vs -72 NO
#8:BA_DC|add|rev L=72,R=99 171->171 vs -72 NO
#9:BA_DC|cat|raw L=72,R=99 7299->7299 vs -72 NO
#10:AB_CD|cat|rev L=27,R=99 2799->9972 vs -72 NO
#11:AB_CD|mul|rev L=27,R=99 2673->3762 vs -72 NO
#12:AB_CD|add|rev L=27,R=99 126->621 vs -72 NO

S5: LOCK: BA_DC|mod|neg

S6: APPLY
Target: 68-08
BA_DC: L=86,R=80
mod(86,80)=6 neg->-6

S7: ANS=-6

\boxed{-6}"
1322241b,"In Alice's Wonderland, a secret set of transformation rules is applied to equations. Below are a few examples:
93'85 = 178
72&34 = 2447
17-77 = 9
41'71 = 112
Now, determine the result for: 26'35",61,Equation Numeric,"I identify this as a symbol-digit (equation numeric) task: two-digit operands built from A,B,C,D, one operator, and a format. I group examples by the target operator, scan (pairing|op|format) until examples match and the target matches the boxed answer, then apply. I ignore flavor text.

S2: PARSE
Operator: '''
Target: 26'35  A=2,B=6,C=3,D=5
Examples using ''':
  E1: 93'85 = 178
  E2: 41'71 = 112

S3: SCAN
#1:AB_CD|cat|raw L=93,R=85 9385->9385 vs 178 NO
#2:AB_CD|mul|raw L=93,R=85 7905->7905 vs 178 NO
#3:AB_CD|add|raw L=93,R=85 178->178 vs 178 YES

S4: VER
E2: 41'71 = 112
AB_CD|add|raw L=41,R=71 112->112 vs 112 YES

S5: LOCK: AB_CD|add|raw

S6: APPLY
Target: 26'35
AB_CD: L=26,R=35
add(26,35)=61 raw->61

S7: ANS=61

\boxed{61}"
13892a7c,"In Alice's Wonderland, a secret set of transformation rules is applied to equations. Below are a few examples:
21+39 = 3921
77+07 = 0777
36+29 = 2936
31*42 = 213
63-46 = -82
Now, determine the result for: 61-47",-85,Equation Numeric,"I identify this as a symbol-digit (equation numeric) task: two-digit operands built from A,B,C,D, one operator, and a format. I group examples by the target operator, scan (pairing|op|format) until examples match and the target matches the boxed answer, then apply. I ignore flavor text.

S2: PARSE
Operator: '-'
Target: 61-47  A=6,B=1,C=4,D=7
Examples using '-':
  E1: 63-46 = -82

S3: SCAN
#1:AB_CD|cat|raw L=63,R=46 6346->6346 vs -82 NO
#2:AB_CD|mul|raw L=63,R=46 2898->2898 vs -82 NO
#3:AB_CD|add|raw L=63,R=46 109->109 vs -82 NO
#4:AB_CD|sub|raw L=63,R=46 17->17 vs -82 NO
#5:AB_CD|absdiff|raw L=63,R=46 17->17 vs -82 NO
#6:BA_DC|cat|rev L=36,R=64 3664->4663 vs -82 NO
#7:BA_DC|mul|rev L=36,R=64 2304->4032 vs -82 NO
#8:BA_DC|add|rev L=36,R=64 100->001 vs -82 NO
#9:BA_DC|cat|raw L=36,R=64 3664->3664 vs -82 NO
#10:AB_CD|cat|rev L=63,R=46 6346->6436 vs -82 NO
#11:AB_CD|mul|rev L=63,R=46 2898->8982 vs -82 NO
#12:AB_CD|add|rev L=63,R=46 109->901 vs -82 NO

S5: LOCK: BA_DC|sub|rev

S6: APPLY
Target: 61-47
BA_DC: L=16,R=74
sub(16,74)=-58 rev->-85

S7: ANS=-85

\boxed{-85}"
13ad7bce,"In Alice's Wonderland, a secret set of transformation rules is applied to equations. Below are a few examples:
69-63 = 06
06*17 = 1706
37+29 = 461
79*88 = 8879
47-09 = -61
Now, determine the result for: 71-45",-73,Equation Numeric,"I identify this as a symbol-digit (equation numeric) task: two-digit operands built from A,B,C,D, one operator, and a format. I group examples by the target operator, scan (pairing|op|format) until examples match and the target matches the boxed answer, then apply. I ignore flavor text.

S2: PARSE
Operator: '-'
Target: 71-45  A=7,B=1,C=4,D=5
Examples using '-':
  E1: 69-63 = 06
  E2: 47-09 = -61

S3: SCAN
#1:AB_CD|cat|raw L=69,R=63 6963->6963 vs 06 NO
#2:AB_CD|mul|raw L=69,R=63 4347->4347 vs 06 NO
#3:AB_CD|add|raw L=69,R=63 132->132 vs 06 NO
#4:AB_CD|sub|raw L=69,R=63 6->6 vs 06 NO
#5:AB_CD|absdiff|raw L=69,R=63 6->6 vs 06 NO
#6:BA_DC|cat|rev L=96,R=36 9636->6369 vs 06 NO
#7:BA_DC|mul|rev L=96,R=36 3456->6543 vs 06 NO
#8:BA_DC|add|rev L=96,R=36 132->231 vs 06 NO
#9:BA_DC|cat|raw L=96,R=36 9636->9636 vs 06 NO
#10:AB_CD|cat|rev L=69,R=63 6963->3696 vs 06 NO
#11:AB_CD|mul|rev L=69,R=63 4347->7434 vs 06 NO
#12:AB_CD|add|rev L=69,R=63 132->231 vs 06 NO

S4: VER
E2: 47-09 = -61
BA_DC|sub|rev L=74,R=90 -16->-61 vs -61 YES

S5: LOCK: BA_DC|sub|rev

S6: APPLY
Target: 71-45
BA_DC: L=17,R=54
sub(17,54)=-37 rev->-73

S7: ANS=-73

\boxed{-73}"
144a3e31,"In Alice's Wonderland, a secret set of transformation rules is applied to equations. Below are a few examples:
05-08 = 0004
61-45 = 468
88[21 = 4
06{49 = 451
Now, determine the result for: 51-91",582,Equation Numeric,"I identify this as a symbol-digit (equation numeric) task: two-digit operands built from A,B,C,D, one operator, and a format. I group examples by the target operator, scan (pairing|op|format) until examples match and the target matches the boxed answer, then apply. I ignore flavor text.

S2: PARSE
Operator: '-'
Target: 51-91  A=5,B=1,C=9,D=1
Examples using '-':
  E1: 05-08 = 0004
  E2: 61-45 = 468

S3: SCAN
#1:AB_CD|cat|raw L=5,R=8 58->58 vs 0004 NO
#2:AB_CD|mul|raw L=5,R=8 40->40 vs 0004 NO
#3:AB_CD|add|raw L=5,R=8 13->13 vs 0004 NO
#4:AB_CD|sub|raw L=5,R=8 -3->-3 vs 0004 NO
#5:AB_CD|absdiff|raw L=5,R=8 3->3 vs 0004 NO
#6:BA_DC|cat|rev L=50,R=80 5080->0805 vs 0004 NO
#7:BA_DC|mul|rev L=50,R=80 4000->0004 vs 0004 YES

S4: VER
E2: 61-45 = 468
BA_DC|mul|rev L=16,R=54 864->468 vs 468 YES

S5: LOCK: BA_DC|mul|rev

S6: APPLY
Target: 51-91
BA_DC: L=15,R=19
mul(15,19)=285 rev->582

S7: ANS=582

\boxed{582}"
1450fbc4,"In Alice's Wonderland, a secret set of transformation rules is applied to equations. Below are a few examples:
77""48 = 124
59[35 = 24
26[84 = 58
29""60 = 88
48""62 = 109
Now, determine the result for: 11""86",96,Equation Numeric,"I identify this as a symbol-digit (equation numeric) task: two-digit operands built from A,B,C,D, one operator, and a format. I group examples by the target operator, scan (pairing|op|format) until examples match and the target matches the boxed answer, then apply. I ignore flavor text.

S2: PARSE
Operator: '""'
Target: 11""86  A=1,B=1,C=8,D=6
Examples using '""':
  E1: 77""48 = 124
  E2: 29""60 = 88
  E3: 48""62 = 109

S3: SCAN
#1:AB_CD|cat|raw L=77,R=48 7748->7748 vs 124 NO
#2:AB_CD|mul|raw L=77,R=48 3696->3696 vs 124 NO
#3:AB_CD|add|raw L=77,R=48 125->125 vs 124 NO
#4:AB_CD|sub|raw L=77,R=48 29->29 vs 124 NO
#5:AB_CD|absdiff|raw L=77,R=48 29->29 vs 124 NO
#6:BA_DC|cat|rev L=77,R=84 7784->4877 vs 124 NO
#7:BA_DC|mul|rev L=77,R=84 6468->8646 vs 124 NO
#8:BA_DC|add|rev L=77,R=84 161->161 vs 124 NO
#9:BA_DC|cat|raw L=77,R=84 7784->7784 vs 124 NO
#10:AB_CD|cat|rev L=77,R=48 7748->8477 vs 124 NO
#11:AB_CD|mul|rev L=77,R=48 3696->6963 vs 124 NO
#12:AB_CD|add|rev L=77,R=48 125->521 vs 124 NO

S4: VER
E2: 29""60 = 88
AB_CD|addm1|raw L=29,R=60 88->88 vs 88 YES

S5: LOCK: AB_CD|addm1|raw

S6: APPLY
Target: 11""86
AB_CD: L=11,R=86
addm1(11,86)=96 raw->96

S7: ANS=96

\boxed{96}"
14905278,"In Alice's Wonderland, a secret set of transformation rules is applied to equations. Below are a few examples:
17{12 = 29
24{86 = 011
89!88 = 01
27<97 = 8865
Now, determine the result for: 38<56",5935,Equation Numeric,"I identify this as a symbol-digit (equation numeric) task: two-digit operands built from A,B,C,D, one operator, and a format. I group examples by the target operator, scan (pairing|op|format) until examples match and the target matches the boxed answer, then apply. I ignore flavor text.

S2: PARSE
Operator: '<'
Target: 38<56  A=3,B=8,C=5,D=6
Examples using '<':
  E1: 27<97 = 8865

S3: SCAN
#1:AB_CD|cat|raw L=27,R=97 2797->2797 vs 8865 NO
#2:AB_CD|mul|raw L=27,R=97 2619->2619 vs 8865 NO
#3:AB_CD|add|raw L=27,R=97 124->124 vs 8865 NO
#4:AB_CD|sub|raw L=27,R=97 -70->-70 vs 8865 NO
#5:AB_CD|absdiff|raw L=27,R=97 70->70 vs 8865 NO
#6:BA_DC|cat|rev L=72,R=79 7279->9727 vs 8865 NO
#7:BA_DC|mul|rev L=72,R=79 5688->8865 vs 8865 YES

S5: LOCK: BA_DC|mul|rev

S6: APPLY
Target: 38<56
BA_DC: L=83,R=65
mul(83,65)=5395 rev->5935

S7: ANS=5935

\boxed{5935}"
1497f970,"In Alice's Wonderland, a secret set of transformation rules is applied to equations. Below are a few examples:
84*15 = 9442
76+93 = 601
27+89 = 071
Now, determine the result for: 28+49",671,Equation Numeric,"I identify this as a symbol-digit (equation numeric) task: two-digit operands built from A,B,C,D, one operator, and a format. I group examples by the target operator, scan (pairing|op|format) until examples match and the target matches the boxed answer, then apply. I ignore flavor text.

S2: PARSE
Operator: '+'
Target: 28+49  A=2,B=8,C=4,D=9
Examples using '+':
  E1: 76+93 = 601
  E2: 27+89 = 071

S3: SCAN
#1:AB_CD|cat|raw L=76,R=93 7693->7693 vs 601 NO
#2:AB_CD|mul|raw L=76,R=93 7068->7068 vs 601 NO
#3:AB_CD|add|raw L=76,R=93 169->169 vs 601 NO
#4:AB_CD|sub|raw L=76,R=93 -17->-17 vs 601 NO
#5:AB_CD|absdiff|raw L=76,R=93 17->17 vs 601 NO
#6:BA_DC|cat|rev L=67,R=39 6739->9376 vs 601 NO
#7:BA_DC|mul|rev L=67,R=39 2613->3162 vs 601 NO
#8:BA_DC|add|rev L=67,R=39 106->601 vs 601 YES

S4: VER
E2: 27+89 = 071
BA_DC|add|rev L=72,R=98 170->071 vs 071 YES

S5: LOCK: BA_DC|add|rev

S6: APPLY
Target: 28+49
BA_DC: L=82,R=94
add(82,94)=176 rev->671

S7: ANS=671

\boxed{671}"
1526c35d,"In Alice's Wonderland, a secret set of transformation rules is applied to equations. Below are a few examples:
76]52 = 24
47]42 = 5
47""83 = 3901
Now, determine the result for: 33""75",2475,Equation Numeric,"I identify this as a symbol-digit (equation numeric) task: two-digit operands built from A,B,C,D, one operator, and a format. I group examples by the target operator, scan (pairing|op|format) until examples match and the target matches the boxed answer, then apply. I ignore flavor text.

S2: PARSE
Operator: '""'
Target: 33""75  A=3,B=3,C=7,D=5
Examples using '""':
  E1: 47""83 = 3901

S3: SCAN
#1:AB_CD|cat|raw L=47,R=83 4783->4783 vs 3901 NO
#2:AB_CD|mul|raw L=47,R=83 3901->3901 vs 3901 YES

S5: LOCK: AB_CD|mul|raw

S6: APPLY
Target: 33""75
AB_CD: L=33,R=75
mul(33,75)=2475 raw->2475

S7: ANS=2475

\boxed{2475}"
155b4694,"In Alice's Wonderland, a secret set of transformation rules is applied to equations. Below are a few examples:
23+48 = 7862
84?53 = 31
81]36 = 18
Now, determine the result for: 92+77",2322,Equation Numeric,"I identify this as a symbol-digit (equation numeric) task: two-digit operands built from A,B,C,D, one operator, and a format. I group examples by the target operator, scan (pairing|op|format) until examples match and the target matches the boxed answer, then apply. I ignore flavor text.

S2: PARSE
Operator: '+'
Target: 92+77  A=9,B=2,C=7,D=7
Examples using '+':
  E1: 23+48 = 7862

S3: SCAN
#1:AB_CD|cat|raw L=23,R=48 2348->2348 vs 7862 NO
#2:AB_CD|mul|raw L=23,R=48 1104->1104 vs 7862 NO
#3:AB_CD|add|raw L=23,R=48 71->71 vs 7862 NO
#4:AB_CD|sub|raw L=23,R=48 -25->-25 vs 7862 NO
#5:AB_CD|absdiff|raw L=23,R=48 25->25 vs 7862 NO
#6:BA_DC|cat|rev L=32,R=84 3284->4823 vs 7862 NO
#7:BA_DC|mul|rev L=32,R=84 2688->8862 vs 7862 NO
#8:BA_DC|add|rev L=32,R=84 116->611 vs 7862 NO
#9:BA_DC|cat|raw L=32,R=84 3284->3284 vs 7862 NO
#10:AB_CD|cat|rev L=23,R=48 2348->8432 vs 7862 NO
#11:AB_CD|mul|rev L=23,R=48 1104->4011 vs 7862 NO
#12:AB_CD|add|rev L=23,R=48 71->17 vs 7862 NO

S5: LOCK: BA_DC|mulsub1|rev

S6: APPLY
Target: 92+77
BA_DC: L=29,R=77
mulsub1(29,77)=2232 rev->2322

S7: ANS=2322

\boxed{2322}"
1580f498,"In Alice's Wonderland, a secret set of transformation rules is applied to equations. Below are a few examples:
09*42 = 1612
88+98 = 871
14-52 = 61
08*18 = 1846
01-01 = 0
Now, determine the result for: 05*19",1554,Equation Numeric,"I identify this as a symbol-digit (equation numeric) task: two-digit operands built from A,B,C,D, one operator, and a format. I group examples by the target operator, scan (pairing|op|format) until examples match and the target matches the boxed answer, then apply. I ignore flavor text.

S2: PARSE
Operator: '*'
Target: 05*19  A=0,B=5,C=1,D=9
Examples using '*':
  E1: 09*42 = 1612
  E2: 08*18 = 1846

S3: SCAN
#1:AB_CD|cat|raw L=9,R=42 942->942 vs 1612 NO
#2:AB_CD|mul|raw L=9,R=42 378->378 vs 1612 NO
#3:AB_CD|add|raw L=9,R=42 51->51 vs 1612 NO
#4:AB_CD|sub|raw L=9,R=42 -33->-33 vs 1612 NO
#5:AB_CD|absdiff|raw L=9,R=42 33->33 vs 1612 NO
#6:BA_DC|cat|rev L=90,R=24 9024->4209 vs 1612 NO
#7:BA_DC|mul|rev L=90,R=24 2160->0612 vs 1612 NO
#8:BA_DC|add|rev L=90,R=24 114->411 vs 1612 NO
#9:BA_DC|cat|raw L=90,R=24 9024->9024 vs 1612 NO
#10:AB_CD|cat|rev L=9,R=42 942->249 vs 1612 NO
#11:AB_CD|mul|rev L=9,R=42 378->873 vs 1612 NO
#12:AB_CD|add|rev L=9,R=42 51->15 vs 1612 NO

S4: VER
E2: 08*18 = 1846
BA_DC|muladd1|rev L=80,R=81 6481->1846 vs 1846 YES

S5: LOCK: BA_DC|muladd1|rev

S6: APPLY
Target: 05*19
BA_DC: L=50,R=91
muladd1(50,91)=4551 rev->1554

S7: ANS=1554

\boxed{1554}"
15a1d279,"In Alice's Wonderland, a secret set of transformation rules is applied to equations. Below are a few examples:
15+42 = 67
97-91 = -06
37+25 = 621
72*93 = 3501
Now, determine the result for: 07*14",0782,Equation Numeric,"I identify this as a symbol-digit (equation numeric) task: two-digit operands built from A,B,C,D, one operator, and a format. I group examples by the target operator, scan (pairing|op|format) until examples match and the target matches the boxed answer, then apply. I ignore flavor text.

S2: PARSE
Operator: '*'
Target: 07*14  A=0,B=7,C=1,D=4
Examples using '*':
  E1: 72*93 = 3501

S3: SCAN
#1:AB_CD|cat|raw L=72,R=93 7293->7293 vs 3501 NO
#2:AB_CD|mul|raw L=72,R=93 6696->6696 vs 3501 NO
#3:AB_CD|add|raw L=72,R=93 165->165 vs 3501 NO
#4:AB_CD|sub|raw L=72,R=93 -21->-21 vs 3501 NO
#5:AB_CD|absdiff|raw L=72,R=93 21->21 vs 3501 NO
#6:BA_DC|cat|rev L=27,R=39 2739->9372 vs 3501 NO
#7:BA_DC|mul|rev L=27,R=39 1053->3501 vs 3501 YES

S5: LOCK: BA_DC|mul|rev

S6: APPLY
Target: 07*14
BA_DC: L=70,R=41
mul(70,41)=2870 rev->0782

S7: ANS=0782

\boxed{0782}"
163db2d8,"In Alice's Wonderland, a secret set of transformation rules is applied to equations. Below are a few examples:
97+14 = 021
01+26 = 27
93-97 = -04
19+89 = 981
25*01 = 915
Now, determine the result for: 58+37",851,Equation Numeric,"I identify this as a symbol-digit (equation numeric) task: two-digit operands built from A,B,C,D, one operator, and a format. I group examples by the target operator, scan (pairing|op|format) until examples match and the target matches the boxed answer, then apply. I ignore flavor text.

S2: PARSE
Operator: '+'
Target: 58+37  A=5,B=8,C=3,D=7
Examples using '+':
  E1: 97+14 = 021
  E2: 01+26 = 27
  E3: 19+89 = 981

S3: SCAN
#1:AB_CD|cat|raw L=97,R=14 9714->9714 vs 021 NO
#2:AB_CD|mul|raw L=97,R=14 1358->1358 vs 021 NO
#3:AB_CD|add|raw L=97,R=14 111->111 vs 021 NO
#4:AB_CD|sub|raw L=97,R=14 83->83 vs 021 NO
#5:AB_CD|absdiff|raw L=97,R=14 83->83 vs 021 NO
#6:BA_DC|cat|rev L=79,R=41 7941->1497 vs 021 NO
#7:BA_DC|mul|rev L=79,R=41 3239->9323 vs 021 NO
#8:BA_DC|add|rev L=79,R=41 120->021 vs 021 YES

S4: VER
E2: 01+26 = 27
BA_DC|add|rev L=10,R=62 72->27 vs 27 YES

S5: LOCK: BA_DC|add|rev

S6: APPLY
Target: 58+37
BA_DC: L=85,R=73
add(85,73)=158 rev->851

S7: ANS=851

\boxed{851}"
164b3241,"In Alice's Wonderland, a secret set of transformation rules is applied to equations. Below are a few examples:
83&85 = 167
27+90 = 2790
15&83 = 97
Now, determine the result for: 12&41",52,Equation Numeric,"I identify this as a symbol-digit (equation numeric) task: two-digit operands built from A,B,C,D, one operator, and a format. I group examples by the target operator, scan (pairing|op|format) until examples match and the target matches the boxed answer, then apply. I ignore flavor text.

S2: PARSE
Operator: '&'
Target: 12&41  A=1,B=2,C=4,D=1
Examples using '&':
  E1: 83&85 = 167
  E2: 15&83 = 97

S3: SCAN
#1:AB_CD|cat|raw L=83,R=85 8385->8385 vs 167 NO
#2:AB_CD|mul|raw L=83,R=85 7055->7055 vs 167 NO
#3:AB_CD|add|raw L=83,R=85 168->168 vs 167 NO
#4:AB_CD|sub|raw L=83,R=85 -2->-2 vs 167 NO
#5:AB_CD|absdiff|raw L=83,R=85 2->2 vs 167 NO
#6:BA_DC|cat|rev L=38,R=58 3858->8583 vs 167 NO
#7:BA_DC|mul|rev L=38,R=58 2204->4022 vs 167 NO
#8:BA_DC|add|rev L=38,R=58 96->69 vs 167 NO
#9:BA_DC|cat|raw L=38,R=58 3858->3858 vs 167 NO
#10:AB_CD|cat|rev L=83,R=85 8385->5838 vs 167 NO
#11:AB_CD|mul|rev L=83,R=85 7055->5507 vs 167 NO
#12:AB_CD|add|rev L=83,R=85 168->861 vs 167 NO

S4: VER
E2: 15&83 = 97
AB_CD|addm1|raw L=15,R=83 97->97 vs 97 YES

S5: LOCK: AB_CD|addm1|raw

S6: APPLY
Target: 12&41
AB_CD: L=12,R=41
addm1(12,41)=52 raw->52

S7: ANS=52

\boxed{52}"
16699d43,"In Alice's Wonderland, a secret set of transformation rules is applied to equations. Below are a few examples:
33@37 = 71
67}12 = 6712
45+21 = 24
Now, determine the result for: 67+57",10,Equation Numeric,"I identify this as a symbol-digit (equation numeric) task: two-digit operands built from A,B,C,D, one operator, and a format. I group examples by the target operator, scan (pairing|op|format) until examples match and the target matches the boxed answer, then apply. I ignore flavor text.

S2: PARSE
Operator: '+'
Target: 67+57  A=6,B=7,C=5,D=7
Examples using '+':
  E1: 45+21 = 24

S3: SCAN
#1:AB_CD|cat|raw L=45,R=21 4521->4521 vs 24 NO
#2:AB_CD|mul|raw L=45,R=21 945->945 vs 24 NO
#3:AB_CD|add|raw L=45,R=21 66->66 vs 24 NO
#4:AB_CD|sub|raw L=45,R=21 24->24 vs 24 YES

S5: LOCK: AB_CD|sub|raw

S6: APPLY
Target: 67+57
AB_CD: L=67,R=57
sub(67,57)=10 raw->10

S7: ANS=10

\boxed{10}"
1779c616,"In Alice's Wonderland, a secret set of transformation rules is applied to equations. Below are a few examples:
96`45 = 142
35""93 = ""58
20!80 = 1601
73!60 = 4381
Now, determine the result for: 34`99",134,Equation Numeric,"I identify this as a symbol-digit (equation numeric) task: two-digit operands built from A,B,C,D, one operator, and a format. I group examples by the target operator, scan (pairing|op|format) until examples match and the target matches the boxed answer, then apply. I ignore flavor text.

S2: PARSE
Operator: '`'
Target: 34`99  A=3,B=4,C=9,D=9
Examples using '`':
  E1: 96`45 = 142

S3: SCAN
#1:AB_CD|cat|raw L=96,R=45 9645->9645 vs 142 NO
#2:AB_CD|mul|raw L=96,R=45 4320->4320 vs 142 NO
#3:AB_CD|add|raw L=96,R=45 141->141 vs 142 NO
#4:AB_CD|sub|raw L=96,R=45 51->51 vs 142 NO
#5:AB_CD|absdiff|raw L=96,R=45 51->51 vs 142 NO
#6:BA_DC|cat|rev L=69,R=54 6954->4596 vs 142 NO
#7:BA_DC|mul|rev L=69,R=54 3726->6273 vs 142 NO
#8:BA_DC|add|rev L=69,R=54 123->321 vs 142 NO
#9:BA_DC|cat|raw L=69,R=54 6954->6954 vs 142 NO
#10:AB_CD|cat|rev L=96,R=45 9645->5469 vs 142 NO
#11:AB_CD|mul|rev L=96,R=45 4320->0234 vs 142 NO
#12:AB_CD|add|rev L=96,R=45 141->141 vs 142 NO

S5: LOCK: AB_CD|add1|raw

S6: APPLY
Target: 34`99
AB_CD: L=34,R=99
add1(34,99)=134 raw->134

S7: ANS=134

\boxed{134}"
17c98340,"In Alice's Wonderland, a secret set of transformation rules is applied to equations. Below are a few examples:
94}26 = 111
45$22 = 8811
52$97 = 5791
05$17 = 0553
89/44 = 45
Now, determine the result for: 78}05",731,Equation Numeric,"I identify this as a symbol-digit (equation numeric) task: two-digit operands built from A,B,C,D, one operator, and a format. I group examples by the target operator, scan (pairing|op|format) until examples match and the target matches the boxed answer, then apply. I ignore flavor text.

S2: PARSE
Operator: '}'
Target: 78}05  A=7,B=8,C=0,D=5
Examples using '}':
  E1: 94}26 = 111

S3: SCAN
#1:AB_CD|cat|raw L=94,R=26 9426->9426 vs 111 NO
#2:AB_CD|mul|raw L=94,R=26 2444->2444 vs 111 NO
#3:AB_CD|add|raw L=94,R=26 120->120 vs 111 NO
#4:AB_CD|sub|raw L=94,R=26 68->68 vs 111 NO
#5:AB_CD|absdiff|raw L=94,R=26 68->68 vs 111 NO
#6:BA_DC|cat|rev L=49,R=62 4962->2694 vs 111 NO
#7:BA_DC|mul|rev L=49,R=62 3038->8303 vs 111 NO
#8:BA_DC|add|rev L=49,R=62 111->111 vs 111 YES

S5: LOCK: BA_DC|add|rev

S6: APPLY
Target: 78}05
BA_DC: L=87,R=50
add(87,50)=137 rev->731

S7: ANS=731

\boxed{731}"
18268687,"In Alice's Wonderland, a secret set of transformation rules is applied to equations. Below are a few examples:
49*98 = 4998
84'18 = 66
28*73 = 2873
72'62 = 10
Now, determine the result for: 75'75",0,Equation Numeric,"I identify this as a symbol-digit (equation numeric) task: two-digit operands built from A,B,C,D, one operator, and a format. I group examples by the target operator, scan (pairing|op|format) until examples match and the target matches the boxed answer, then apply. I ignore flavor text.

S2: PARSE
Operator: '''
Target: 75'75  A=7,B=5,C=7,D=5
Examples using ''':
  E1: 84'18 = 66
  E2: 72'62 = 10

S3: SCAN
#1:AB_CD|cat|raw L=84,R=18 8418->8418 vs 66 NO
#2:AB_CD|mul|raw L=84,R=18 1512->1512 vs 66 NO
#3:AB_CD|add|raw L=84,R=18 102->102 vs 66 NO
#4:AB_CD|sub|raw L=84,R=18 66->66 vs 66 YES

S4: VER
E2: 72'62 = 10
AB_CD|sub|raw L=72,R=62 10->10 vs 10 YES

S5: LOCK: AB_CD|sub|raw

S6: APPLY
Target: 75'75
AB_CD: L=75,R=75
sub(75,75)=0 raw->0

S7: ANS=0

\boxed{0}"
1861c08f,"In Alice's Wonderland, a secret set of transformation rules is applied to equations. Below are a few examples:
82$88 = 711
35%75 = %4
59:53 = 5233
91:03 = 075
55:99 = 5445
Now, determine the result for: 71:95",3001,Equation Numeric,"I identify this as a symbol-digit (equation numeric) task: two-digit operands built from A,B,C,D, one operator, and a format. I group examples by the target operator, scan (pairing|op|format) until examples match and the target matches the boxed answer, then apply. I ignore flavor text.

S2: PARSE
Operator: ':'
Target: 71:95  A=7,B=1,C=9,D=5
Examples using ':':
  E1: 59:53 = 5233
  E2: 91:03 = 075
  E3: 55:99 = 5445

S3: SCAN
#1:AB_CD|cat|raw L=59,R=53 5953->5953 vs 5233 NO
#2:AB_CD|mul|raw L=59,R=53 3127->3127 vs 5233 NO
#3:AB_CD|add|raw L=59,R=53 112->112 vs 5233 NO
#4:AB_CD|sub|raw L=59,R=53 6->6 vs 5233 NO
#5:AB_CD|absdiff|raw L=59,R=53 6->6 vs 5233 NO
#6:BA_DC|cat|rev L=95,R=35 9535->5359 vs 5233 NO
#7:BA_DC|mul|rev L=95,R=35 3325->5233 vs 5233 YES

S4: VER
E2: 91:03 = 075
BA_DC|mul|rev L=19,R=30 570->075 vs 075 YES

S5: LOCK: BA_DC|mul|rev

S6: APPLY
Target: 71:95
BA_DC: L=17,R=59
mul(17,59)=1003 rev->3001

S7: ANS=3001

\boxed{3001}"
1bc85bd9,"In Alice's Wonderland, a secret set of transformation rules is applied to equations. Below are a few examples:
58-85 = 72
88*95 = 9588
19*31 = 3119
Now, determine the result for: 16-22",93,Equation Numeric,"I identify this as a symbol-digit (equation numeric) task: two-digit operands built from A,B,C,D, one operator, and a format. I group examples by the target operator, scan (pairing|op|format) until examples match and the target matches the boxed answer, then apply. I ignore flavor text.

S2: PARSE
Operator: '-'
Target: 16-22  A=1,B=6,C=2,D=2
Examples using '-':
  E1: 58-85 = 72

S3: SCAN
#1:AB_CD|cat|raw L=58,R=85 5885->5885 vs 72 NO
#2:AB_CD|mul|raw L=58,R=85 4930->4930 vs 72 NO
#3:AB_CD|add|raw L=58,R=85 143->143 vs 72 NO
#4:AB_CD|sub|raw L=58,R=85 -27->-27 vs 72 NO
#5:AB_CD|absdiff|raw L=58,R=85 27->27 vs 72 NO
#6:BA_DC|cat|rev L=85,R=58 8558->8558 vs 72 NO
#7:BA_DC|mul|rev L=85,R=58 4930->0394 vs 72 NO
#8:BA_DC|add|rev L=85,R=58 143->341 vs 72 NO
#9:BA_DC|cat|raw L=85,R=58 8558->8558 vs 72 NO
#10:AB_CD|cat|rev L=58,R=85 5885->5885 vs 72 NO
#11:AB_CD|mul|rev L=58,R=85 4930->0394 vs 72 NO
#12:AB_CD|add|rev L=58,R=85 143->341 vs 72 NO

S5: LOCK: BA_DC|sub|rev

S6: APPLY
Target: 16-22
BA_DC: L=61,R=22
sub(61,22)=39 rev->93

S7: ANS=93

\boxed{93}"
1c48f9aa,"In Alice's Wonderland, a secret set of transformation rules is applied to equations. Below are a few examples:
22{52 = 2252
74*60 = 14
31*65 = 34
39{12 = 3912
Now, determine the result for: 86{10",8610,Equation Numeric,"I identify this as a symbol-digit (equation numeric) task: two-digit operands built from A,B,C,D, one operator, and a format. I group examples by the target operator, scan (pairing|op|format) until examples match and the target matches the boxed answer, then apply. I ignore flavor text.

S2: PARSE
Operator: '{'
Target: 86{10  A=8,B=6,C=1,D=0
Examples using '{':
  E1: 22{52 = 2252
  E2: 39{12 = 3912

S3: SCAN
#1:AB_CD|cat|raw L=22,R=52 2252->2252 vs 2252 YES

S4: VER
E2: 39{12 = 3912
AB_CD|cat|raw L=39,R=12 3912->3912 vs 3912 YES

S5: LOCK: AB_CD|cat|raw

S6: APPLY
Target: 86{10
AB_CD: L=86,R=10
cat(86,10)=8610 raw->8610

S7: ANS=8610

\boxed{8610}"
1cb4d524,"In Alice's Wonderland, a secret set of transformation rules is applied to equations. Below are a few examples:
37@72 = 64
58!05 = 0524
71!56 = 5011
65?73 = 49
82!61 = 844
Now, determine the result for: 74!88",6314,Equation Numeric,"I identify this as a symbol-digit (equation numeric) task: two-digit operands built from A,B,C,D, one operator, and a format. I group examples by the target operator, scan (pairing|op|format) until examples match and the target matches the boxed answer, then apply. I ignore flavor text.

S2: PARSE
Operator: '!'
Target: 74!88  A=7,B=4,C=8,D=8
Examples using '!':
  E1: 58!05 = 0524
  E2: 71!56 = 5011
  E3: 82!61 = 844

S3: SCAN
#1:AB_CD|cat|raw L=58,R=5 585->585 vs 0524 NO
#2:AB_CD|mul|raw L=58,R=5 290->290 vs 0524 NO
#3:AB_CD|add|raw L=58,R=5 63->63 vs 0524 NO
#4:AB_CD|sub|raw L=58,R=5 53->53 vs 0524 NO
#5:AB_CD|absdiff|raw L=58,R=5 53->53 vs 0524 NO
#6:BA_DC|cat|rev L=85,R=50 8550->0558 vs 0524 NO
#7:BA_DC|mul|rev L=85,R=50 4250->0524 vs 0524 YES

S4: VER
E2: 71!56 = 5011
BA_DC|mul|rev L=17,R=65 1105->5011 vs 5011 YES

S5: LOCK: BA_DC|mul|rev

S6: APPLY
Target: 74!88
BA_DC: L=47,R=88
mul(47,88)=4136 rev->6314

S7: ANS=6314

\boxed{6314}"
1d6c587d,"In Alice's Wonderland, a secret set of transformation rules is applied to equations. Below are a few examples:
38`65 = 27
19`68 = 49
50`36 = 14
70<39 = 2731
Now, determine the result for: 78<79",6163,Equation Numeric,"I identify this as a symbol-digit (equation numeric) task: two-digit operands built from A,B,C,D, one operator, and a format. I group examples by the target operator, scan (pairing|op|format) until examples match and the target matches the boxed answer, then apply. I ignore flavor text.

S2: PARSE
Operator: '<'
Target: 78<79  A=7,B=8,C=7,D=9
Examples using '<':
  E1: 70<39 = 2731

S3: SCAN
#1:AB_CD|cat|raw L=70,R=39 7039->7039 vs 2731 NO
#2:AB_CD|mul|raw L=70,R=39 2730->2730 vs 2731 NO
#3:AB_CD|add|raw L=70,R=39 109->109 vs 2731 NO
#4:AB_CD|sub|raw L=70,R=39 31->31 vs 2731 NO
#5:AB_CD|absdiff|raw L=70,R=39 31->31 vs 2731 NO
#6:BA_DC|cat|rev L=7,R=93 793->397 vs 2731 NO
#7:BA_DC|mul|rev L=7,R=93 651->156 vs 2731 NO
#8:BA_DC|add|rev L=7,R=93 100->001 vs 2731 NO
#9:BA_DC|cat|raw L=7,R=93 793->793 vs 2731 NO
#10:AB_CD|cat|rev L=70,R=39 7039->9307 vs 2731 NO
#11:AB_CD|mul|rev L=70,R=39 2730->0372 vs 2731 NO
#12:AB_CD|add|rev L=70,R=39 109->901 vs 2731 NO

S5: LOCK: AB_CD|muladd1|raw

S6: APPLY
Target: 78<79
AB_CD: L=78,R=79
muladd1(78,79)=6163 raw->6163

S7: ANS=6163

\boxed{6163}"
1d92ba5d,"In Alice's Wonderland, a secret set of transformation rules is applied to equations. Below are a few examples:
13&59 = 621
96(82 = 14(
97(71 = 26(
12(45 = 33
Now, determine the result for: 59&02",511,Equation Numeric,"I identify this as a symbol-digit (equation numeric) task: two-digit operands built from A,B,C,D, one operator, and a format. I group examples by the target operator, scan (pairing|op|format) until examples match and the target matches the boxed answer, then apply. I ignore flavor text.

S2: PARSE
Operator: '&'
Target: 59&02  A=5,B=9,C=0,D=2
Examples using '&':
  E1: 13&59 = 621

S3: SCAN
#1:AB_CD|cat|raw L=13,R=59 1359->1359 vs 621 NO
#2:AB_CD|mul|raw L=13,R=59 767->767 vs 621 NO
#3:AB_CD|add|raw L=13,R=59 72->72 vs 621 NO
#4:AB_CD|sub|raw L=13,R=59 -46->-46 vs 621 NO
#5:AB_CD|absdiff|raw L=13,R=59 46->46 vs 621 NO
#6:BA_DC|cat|rev L=31,R=95 3195->5913 vs 621 NO
#7:BA_DC|mul|rev L=31,R=95 2945->5492 vs 621 NO
#8:BA_DC|add|rev L=31,R=95 126->621 vs 621 YES

S5: LOCK: BA_DC|add|rev

S6: APPLY
Target: 59&02
BA_DC: L=95,R=20
add(95,20)=115 rev->511

S7: ANS=511

\boxed{511}"
1db0c6fe,"In Alice's Wonderland, a secret set of transformation rules is applied to equations. Below are a few examples:
63@94 = 158
98@76 = 175
36@54 = 91
Now, determine the result for: 48@23",72,Equation Numeric,"I identify this as a symbol-digit (equation numeric) task: two-digit operands built from A,B,C,D, one operator, and a format. I group examples by the target operator, scan (pairing|op|format) until examples match and the target matches the boxed answer, then apply. I ignore flavor text.

S2: PARSE
Operator: '@'
Target: 48@23  A=4,B=8,C=2,D=3
Examples using '@':
  E1: 63@94 = 158
  E2: 98@76 = 175
  E3: 36@54 = 91

S3: SCAN
#1:AB_CD|cat|raw L=63,R=94 6394->6394 vs 158 NO
#2:AB_CD|mul|raw L=63,R=94 5922->5922 vs 158 NO
#3:AB_CD|add|raw L=63,R=94 157->157 vs 158 NO
#4:AB_CD|sub|raw L=63,R=94 -31->-31 vs 158 NO
#5:AB_CD|absdiff|raw L=63,R=94 31->31 vs 158 NO
#6:BA_DC|cat|rev L=36,R=49 3649->9463 vs 158 NO
#7:BA_DC|mul|rev L=36,R=49 1764->4671 vs 158 NO
#8:BA_DC|add|rev L=36,R=49 85->58 vs 158 NO
#9:BA_DC|cat|raw L=36,R=49 3649->3649 vs 158 NO
#10:AB_CD|cat|rev L=63,R=94 6394->4936 vs 158 NO
#11:AB_CD|mul|rev L=63,R=94 5922->2295 vs 158 NO
#12:AB_CD|add|rev L=63,R=94 157->751 vs 158 NO

S4: VER
E2: 98@76 = 175
AB_CD|add1|raw L=98,R=76 175->175 vs 175 YES

S5: LOCK: AB_CD|add1|raw

S6: APPLY
Target: 48@23
AB_CD: L=48,R=23
add1(48,23)=72 raw->72

S7: ANS=72

\boxed{72}"
1e0f6678,"In Alice's Wonderland, a secret set of transformation rules is applied to equations. Below are a few examples:
33""30 = 3
23""69 = 0
64*65 = 4160
Now, determine the result for: 37*36",1332,Equation Numeric,"I identify this as a symbol-digit (equation numeric) task: two-digit operands built from A,B,C,D, one operator, and a format. I group examples by the target operator, scan (pairing|op|format) until examples match and the target matches the boxed answer, then apply. I ignore flavor text.

S2: PARSE
Operator: '*'
Target: 37*36  A=3,B=7,C=3,D=6
Examples using '*':
  E1: 64*65 = 4160

S3: SCAN
#1:AB_CD|cat|raw L=64,R=65 6465->6465 vs 4160 NO
#2:AB_CD|mul|raw L=64,R=65 4160->4160 vs 4160 YES

S5: LOCK: AB_CD|mul|raw

S6: APPLY
Target: 37*36
AB_CD: L=37,R=36
mul(37,36)=1332 raw->1332

S7: ANS=1332

\boxed{1332}"
1e248995,"In Alice's Wonderland, a secret set of transformation rules is applied to equations. Below are a few examples:
55""38 = ""17
78^42 = 120
51^87 = 138
24^73 = 97
11$15 = 164
Now, determine the result for: 13^18",31,Equation Numeric,"I identify this as a symbol-digit (equation numeric) task: two-digit operands built from A,B,C,D, one operator, and a format. I group examples by the target operator, scan (pairing|op|format) until examples match and the target matches the boxed answer, then apply. I ignore flavor text.

S2: PARSE
Operator: '^'
Target: 13^18  A=1,B=3,C=1,D=8
Examples using '^':
  E1: 78^42 = 120
  E2: 51^87 = 138
  E3: 24^73 = 97

S3: SCAN
#1:AB_CD|cat|raw L=78,R=42 7842->7842 vs 120 NO
#2:AB_CD|mul|raw L=78,R=42 3276->3276 vs 120 NO
#3:AB_CD|add|raw L=78,R=42 120->120 vs 120 YES

S4: VER
E2: 51^87 = 138
AB_CD|add|raw L=51,R=87 138->138 vs 138 YES

S5: LOCK: AB_CD|add|raw

S6: APPLY
Target: 13^18
AB_CD: L=13,R=18
add(13,18)=31 raw->31

S7: ANS=31

\boxed{31}"
1ee54412,"In Alice's Wonderland, a secret set of transformation rules is applied to equations. Below are a few examples:
07:33 = 301
58:23 = 711
08:89 = 871
93-13 = 8
56-95 = 6
Now, determine the result for: 58-85",72,Equation Numeric,"I identify this as a symbol-digit (equation numeric) task: two-digit operands built from A,B,C,D, one operator, and a format. I group examples by the target operator, scan (pairing|op|format) until examples match and the target matches the boxed answer, then apply. I ignore flavor text.

S2: PARSE
Operator: '-'
Target: 58-85  A=5,B=8,C=8,D=5
Examples using '-':
  E1: 93-13 = 8
  E2: 56-95 = 6

S3: SCAN
#1:AB_CD|cat|raw L=93,R=13 9313->9313 vs 8 NO
#2:AB_CD|mul|raw L=93,R=13 1209->1209 vs 8 NO
#3:AB_CD|add|raw L=93,R=13 106->106 vs 8 NO
#4:AB_CD|sub|raw L=93,R=13 80->80 vs 8 NO
#5:AB_CD|absdiff|raw L=93,R=13 80->80 vs 8 NO
#6:BA_DC|cat|rev L=39,R=31 3931->1393 vs 8 NO
#7:BA_DC|mul|rev L=39,R=31 1209->9021 vs 8 NO
#8:BA_DC|add|rev L=39,R=31 70->07 vs 8 NO
#9:BA_DC|cat|raw L=39,R=31 3931->3931 vs 8 NO
#10:AB_CD|cat|rev L=93,R=13 9313->3139 vs 8 NO
#11:AB_CD|mul|rev L=93,R=13 1209->9021 vs 8 NO
#12:AB_CD|add|rev L=93,R=13 106->601 vs 8 NO

S4: VER
E2: 56-95 = 6
BA_DC|sub|rev L=65,R=59 6->6 vs 6 YES

S5: LOCK: BA_DC|sub|rev

S6: APPLY
Target: 58-85
BA_DC: L=85,R=58
sub(85,58)=27 rev->72

S7: ANS=72

\boxed{72}"
1ef51442,"In Alice's Wonderland, a secret set of transformation rules is applied to equations. Below are a few examples:
68+31 = 99
14*54 = 4481
28+87 = 061
93*84 = 1781
Now, determine the result for: 94*14",8002,Equation Numeric,"I identify this as a symbol-digit (equation numeric) task: two-digit operands built from A,B,C,D, one operator, and a format. I group examples by the target operator, scan (pairing|op|format) until examples match and the target matches the boxed answer, then apply. I ignore flavor text.

S2: PARSE
Operator: '*'
Target: 94*14  A=9,B=4,C=1,D=4
Examples using '*':
  E1: 14*54 = 4481
  E2: 93*84 = 1781

S3: SCAN
#1:AB_CD|cat|raw L=14,R=54 1454->1454 vs 4481 NO
#2:AB_CD|mul|raw L=14,R=54 756->756 vs 4481 NO
#3:AB_CD|add|raw L=14,R=54 68->68 vs 4481 NO
#4:AB_CD|sub|raw L=14,R=54 -40->-40 vs 4481 NO
#5:AB_CD|absdiff|raw L=14,R=54 40->40 vs 4481 NO
#6:BA_DC|cat|rev L=41,R=45 4145->5414 vs 4481 NO
#7:BA_DC|mul|rev L=41,R=45 1845->5481 vs 4481 NO
#8:BA_DC|add|rev L=41,R=45 86->68 vs 4481 NO
#9:BA_DC|cat|raw L=41,R=45 4145->4145 vs 4481 NO
#10:AB_CD|cat|rev L=14,R=54 1454->4541 vs 4481 NO
#11:AB_CD|mul|rev L=14,R=54 756->657 vs 4481 NO
#12:AB_CD|add|rev L=14,R=54 68->86 vs 4481 NO

S4: VER
E2: 93*84 = 1781
BA_DC|mulsub1|rev L=39,R=48 1871->1781 vs 1781 YES

S5: LOCK: BA_DC|mulsub1|rev

S6: APPLY
Target: 94*14
BA_DC: L=49,R=41
mulsub1(49,41)=2008 rev->8002

S7: ANS=8002

\boxed{8002}"
1f0674b0,"In Alice's Wonderland, a secret set of transformation rules is applied to equations. Below are a few examples:
69-14 = 55
13-75 = 62
71+81 = 53
58-66 = 91
Now, determine the result for: 54+95",401,Equation Numeric,"I identify this as a symbol-digit (equation numeric) task: two-digit operands built from A,B,C,D, one operator, and a format. I group examples by the target operator, scan (pairing|op|format) until examples match and the target matches the boxed answer, then apply. I ignore flavor text.

S2: PARSE
Operator: '+'
Target: 54+95  A=5,B=4,C=9,D=5
Examples using '+':
  E1: 71+81 = 53

S3: SCAN
#1:AB_CD|cat|raw L=71,R=81 7181->7181 vs 53 NO
#2:AB_CD|mul|raw L=71,R=81 5751->5751 vs 53 NO
#3:AB_CD|add|raw L=71,R=81 152->152 vs 53 NO
#4:AB_CD|sub|raw L=71,R=81 -10->-10 vs 53 NO
#5:AB_CD|absdiff|raw L=71,R=81 10->10 vs 53 NO
#6:BA_DC|cat|rev L=17,R=18 1718->8171 vs 53 NO
#7:BA_DC|mul|rev L=17,R=18 306->603 vs 53 NO
#8:BA_DC|add|rev L=17,R=18 35->53 vs 53 YES

S5: LOCK: BA_DC|add|rev

S6: APPLY
Target: 54+95
BA_DC: L=45,R=59
add(45,59)=104 rev->401

S7: ANS=401

\boxed{401}"
1f445c5e,"In Alice's Wonderland, a secret set of transformation rules is applied to equations. Below are a few examples:
58?58 = 3364
95}49 = }46
81?13 = 1053
53?11 = 583
Now, determine the result for: 34?46",1564,Equation Numeric,"I identify this as a symbol-digit (equation numeric) task: two-digit operands built from A,B,C,D, one operator, and a format. I group examples by the target operator, scan (pairing|op|format) until examples match and the target matches the boxed answer, then apply. I ignore flavor text.

S2: PARSE
Operator: '?'
Target: 34?46  A=3,B=4,C=4,D=6
Examples using '?':
  E1: 58?58 = 3364
  E2: 81?13 = 1053
  E3: 53?11 = 583

S3: SCAN
#1:AB_CD|cat|raw L=58,R=58 5858->5858 vs 3364 NO
#2:AB_CD|mul|raw L=58,R=58 3364->3364 vs 3364 YES

S4: VER
E2: 81?13 = 1053
AB_CD|mul|raw L=81,R=13 1053->1053 vs 1053 YES

S5: LOCK: AB_CD|mul|raw

S6: APPLY
Target: 34?46
AB_CD: L=34,R=46
mul(34,46)=1564 raw->1564

S7: ANS=1564

\boxed{1564}"
1f4c8169,"In Alice's Wonderland, a secret set of transformation rules is applied to equations. Below are a few examples:
44+02 = 46
79+53 = 231
83*13 = 9711
27+32 = 59
Now, determine the result for: 86+28",051,Equation Numeric,"I identify this as a symbol-digit (equation numeric) task: two-digit operands built from A,B,C,D, one operator, and a format. I group examples by the target operator, scan (pairing|op|format) until examples match and the target matches the boxed answer, then apply. I ignore flavor text.

S2: PARSE
Operator: '+'
Target: 86+28  A=8,B=6,C=2,D=8
Examples using '+':
  E1: 44+02 = 46
  E2: 79+53 = 231
  E3: 27+32 = 59

S3: SCAN
#1:AB_CD|cat|raw L=44,R=2 442->442 vs 46 NO
#2:AB_CD|mul|raw L=44,R=2 88->88 vs 46 NO
#3:AB_CD|add|raw L=44,R=2 46->46 vs 46 NO
#4:AB_CD|sub|raw L=44,R=2 42->42 vs 46 NO
#5:AB_CD|absdiff|raw L=44,R=2 42->42 vs 46 NO
#6:BA_DC|cat|rev L=44,R=20 4420->0244 vs 46 NO
#7:BA_DC|mul|rev L=44,R=20 880->088 vs 46 NO
#8:BA_DC|add|rev L=44,R=20 64->46 vs 46 YES

S4: VER
E2: 79+53 = 231
BA_DC|add|rev L=97,R=35 132->231 vs 231 YES

S5: LOCK: BA_DC|add|rev

S6: APPLY
Target: 86+28
BA_DC: L=68,R=82
add(68,82)=150 rev->051

S7: ANS=051

\boxed{051}"
2049f01d,"In Alice's Wonderland, a secret set of transformation rules is applied to equations. Below are a few examples:
86+62 = 59
48+71 = 201
37-52 = 84
29*75 = 4425
16+11 = 37
Now, determine the result for: 52-75",23,Equation Numeric,"I identify this as a symbol-digit (equation numeric) task: two-digit operands built from A,B,C,D, one operator, and a format. I group examples by the target operator, scan (pairing|op|format) until examples match and the target matches the boxed answer, then apply. I ignore flavor text.

S2: PARSE
Operator: '-'
Target: 52-75  A=5,B=2,C=7,D=5
Examples using '-':
  E1: 37-52 = 84

S3: SCAN
#1:AB_CD|cat|raw L=37,R=52 3752->3752 vs 84 NO
#2:AB_CD|mul|raw L=37,R=52 1924->1924 vs 84 NO
#3:AB_CD|add|raw L=37,R=52 89->89 vs 84 NO
#4:AB_CD|sub|raw L=37,R=52 -15->-15 vs 84 NO
#5:AB_CD|absdiff|raw L=37,R=52 15->15 vs 84 NO
#6:BA_DC|cat|rev L=73,R=25 7325->5237 vs 84 NO
#7:BA_DC|mul|rev L=73,R=25 1825->5281 vs 84 NO
#8:BA_DC|add|rev L=73,R=25 98->89 vs 84 NO
#9:BA_DC|cat|raw L=73,R=25 7325->7325 vs 84 NO
#10:AB_CD|cat|rev L=37,R=52 3752->2573 vs 84 NO
#11:AB_CD|mul|rev L=37,R=52 1924->4291 vs 84 NO
#12:AB_CD|add|rev L=37,R=52 89->98 vs 84 NO

S5: LOCK: BA_DC|absdiff|rev

S6: APPLY
Target: 52-75
BA_DC: L=25,R=57
absdiff(25,57)=32 rev->23

S7: ANS=23

\boxed{23}"
207ab66f,"In Alice's Wonderland, a secret set of transformation rules is applied to equations. Below are a few examples:
03]09 = ]06
48{26 = 7025
13{46 = 3891
68]07 = 61
Now, determine the result for: 17{37",2815,Equation Numeric,"I identify this as a symbol-digit (equation numeric) task: two-digit operands built from A,B,C,D, one operator, and a format. I group examples by the target operator, scan (pairing|op|format) until examples match and the target matches the boxed answer, then apply. I ignore flavor text.

S2: PARSE
Operator: '{'
Target: 17{37  A=1,B=7,C=3,D=7
Examples using '{':
  E1: 48{26 = 7025
  E2: 13{46 = 3891

S3: SCAN
#1:AB_CD|cat|raw L=48,R=26 4826->4826 vs 7025 NO
#2:AB_CD|mul|raw L=48,R=26 1248->1248 vs 7025 NO
#3:AB_CD|add|raw L=48,R=26 74->74 vs 7025 NO
#4:AB_CD|sub|raw L=48,R=26 22->22 vs 7025 NO
#5:AB_CD|absdiff|raw L=48,R=26 22->22 vs 7025 NO
#6:BA_DC|cat|rev L=84,R=62 8462->2648 vs 7025 NO
#7:BA_DC|mul|rev L=84,R=62 5208->8025 vs 7025 NO
#8:BA_DC|add|rev L=84,R=62 146->641 vs 7025 NO
#9:BA_DC|cat|raw L=84,R=62 8462->8462 vs 7025 NO
#10:AB_CD|cat|rev L=48,R=26 4826->6284 vs 7025 NO
#11:AB_CD|mul|rev L=48,R=26 1248->8421 vs 7025 NO
#12:AB_CD|add|rev L=48,R=26 74->47 vs 7025 NO

S4: VER
E2: 13{46 = 3891
BA_DC|mulsub1|rev L=31,R=64 1983->3891 vs 3891 YES

S5: LOCK: BA_DC|mulsub1|rev

S6: APPLY
Target: 17{37
BA_DC: L=71,R=73
mulsub1(71,73)=5182 rev->2815

S7: ANS=2815

\boxed{2815}"
209c43f0,"In Alice's Wonderland, a secret set of transformation rules is applied to equations. Below are a few examples:
10^12 = 21
92!90 = 8280
98^33 = 130
48:26 = 22
Now, determine the result for: 18^84",101,Equation Numeric,"I identify this as a symbol-digit (equation numeric) task: two-digit operands built from A,B,C,D, one operator, and a format. I group examples by the target operator, scan (pairing|op|format) until examples match and the target matches the boxed answer, then apply. I ignore flavor text.

S2: PARSE
Operator: '^'
Target: 18^84  A=1,B=8,C=8,D=4
Examples using '^':
  E1: 10^12 = 21
  E2: 98^33 = 130

S3: SCAN
#1:AB_CD|cat|raw L=10,R=12 1012->1012 vs 21 NO
#2:AB_CD|mul|raw L=10,R=12 120->120 vs 21 NO
#3:AB_CD|add|raw L=10,R=12 22->22 vs 21 NO
#4:AB_CD|sub|raw L=10,R=12 -2->-2 vs 21 NO
#5:AB_CD|absdiff|raw L=10,R=12 2->2 vs 21 NO
#6:BA_DC|cat|rev L=1,R=21 121->121 vs 21 NO
#7:BA_DC|mul|rev L=1,R=21 21->12 vs 21 NO
#8:BA_DC|add|rev L=1,R=21 22->22 vs 21 NO
#9:BA_DC|cat|raw L=1,R=21 121->121 vs 21 NO
#10:AB_CD|cat|rev L=10,R=12 1012->2101 vs 21 NO
#11:AB_CD|mul|rev L=10,R=12 120->021 vs 21 NO
#12:AB_CD|add|rev L=10,R=12 22->22 vs 21 NO

S4: VER
E2: 98^33 = 130
AB_CD|addm1|raw L=98,R=33 130->130 vs 130 YES

S5: LOCK: AB_CD|addm1|raw

S6: APPLY
Target: 18^84
AB_CD: L=18,R=84
addm1(18,84)=101 raw->101

S7: ANS=101

\boxed{101}"
21519be7,"In Alice's Wonderland, a secret set of transformation rules is applied to equations. Below are a few examples:
58@52 = 011
31>55 = 24
85>27 = 41
Now, determine the result for: 82@52",35,Equation Numeric,"I identify this as a symbol-digit (equation numeric) task: two-digit operands built from A,B,C,D, one operator, and a format. I group examples by the target operator, scan (pairing|op|format) until examples match and the target matches the boxed answer, then apply. I ignore flavor text.

S2: PARSE
Operator: '@'
Target: 82@52  A=8,B=2,C=5,D=2
Examples using '@':
  E1: 58@52 = 011

S3: SCAN
#1:AB_CD|cat|raw L=58,R=52 5852->5852 vs 011 NO
#2:AB_CD|mul|raw L=58,R=52 3016->3016 vs 011 NO
#3:AB_CD|add|raw L=58,R=52 110->110 vs 011 NO
#4:AB_CD|sub|raw L=58,R=52 6->6 vs 011 NO
#5:AB_CD|absdiff|raw L=58,R=52 6->6 vs 011 NO
#6:BA_DC|cat|rev L=85,R=25 8525->5258 vs 011 NO
#7:BA_DC|mul|rev L=85,R=25 2125->5212 vs 011 NO
#8:BA_DC|add|rev L=85,R=25 110->011 vs 011 YES

S5: LOCK: BA_DC|add|rev

S6: APPLY
Target: 82@52
BA_DC: L=28,R=25
add(28,25)=53 rev->35

S7: ANS=35

\boxed{35}"
22288152,"In Alice's Wonderland, a secret set of transformation rules is applied to equations. Below are a few examples:
17{75 = 821
61'66 = 5501
53{87 = 311
36{82 = 19
68/54 = 14
Now, determine the result for: 98{19",081,Equation Numeric,"I identify this as a symbol-digit (equation numeric) task: two-digit operands built from A,B,C,D, one operator, and a format. I group examples by the target operator, scan (pairing|op|format) until examples match and the target matches the boxed answer, then apply. I ignore flavor text.

S2: PARSE
Operator: '{'
Target: 98{19  A=9,B=8,C=1,D=9
Examples using '{':
  E1: 17{75 = 821
  E2: 53{87 = 311
  E3: 36{82 = 19

S3: SCAN
#1:AB_CD|cat|raw L=17,R=75 1775->1775 vs 821 NO
#2:AB_CD|mul|raw L=17,R=75 1275->1275 vs 821 NO
#3:AB_CD|add|raw L=17,R=75 92->92 vs 821 NO
#4:AB_CD|sub|raw L=17,R=75 -58->-58 vs 821 NO
#5:AB_CD|absdiff|raw L=17,R=75 58->58 vs 821 NO
#6:BA_DC|cat|rev L=71,R=57 7157->7517 vs 821 NO
#7:BA_DC|mul|rev L=71,R=57 4047->7404 vs 821 NO
#8:BA_DC|add|rev L=71,R=57 128->821 vs 821 YES

S4: VER
E2: 53{87 = 311
BA_DC|add|rev L=35,R=78 113->311 vs 311 YES

S5: LOCK: BA_DC|add|rev

S6: APPLY
Target: 98{19
BA_DC: L=89,R=91
add(89,91)=180 rev->081

S7: ANS=081

\boxed{081}"
23800316,"In Alice's Wonderland, a secret set of transformation rules is applied to equations. Below are a few examples:
87*46 = 41
38]67 = 951
58]95 = 441
Now, determine the result for: 44]35",79,Equation Numeric,"I identify this as a symbol-digit (equation numeric) task: two-digit operands built from A,B,C,D, one operator, and a format. I group examples by the target operator, scan (pairing|op|format) until examples match and the target matches the boxed answer, then apply. I ignore flavor text.

S2: PARSE
Operator: ']'
Target: 44]35  A=4,B=4,C=3,D=5
Examples using ']':
  E1: 38]67 = 951
  E2: 58]95 = 441

S3: SCAN
#1:AB_CD|cat|raw L=38,R=67 3867->3867 vs 951 NO
#2:AB_CD|mul|raw L=38,R=67 2546->2546 vs 951 NO
#3:AB_CD|add|raw L=38,R=67 105->105 vs 951 NO
#4:AB_CD|sub|raw L=38,R=67 -29->-29 vs 951 NO
#5:AB_CD|absdiff|raw L=38,R=67 29->29 vs 951 NO
#6:BA_DC|cat|rev L=83,R=76 8376->6738 vs 951 NO
#7:BA_DC|mul|rev L=83,R=76 6308->8036 vs 951 NO
#8:BA_DC|add|rev L=83,R=76 159->951 vs 951 YES

S4: VER
E2: 58]95 = 441
BA_DC|add|rev L=85,R=59 144->441 vs 441 YES

S5: LOCK: BA_DC|add|rev

S6: APPLY
Target: 44]35
BA_DC: L=44,R=53
add(44,53)=97 rev->79

S7: ANS=79

\boxed{79}"
2423926d,"In Alice's Wonderland, a secret set of transformation rules is applied to equations. Below are a few examples:
39-24 = 15
88+93 = 621
38*99 = 6128
67+99 = 471
53*53 = 4221
Now, determine the result for: 33+25",48,Equation Numeric,"I identify this as a symbol-digit (equation numeric) task: two-digit operands built from A,B,C,D, one operator, and a format. I group examples by the target operator, scan (pairing|op|format) until examples match and the target matches the boxed answer, then apply. I ignore flavor text.

S2: PARSE
Operator: '+'
Target: 33+25  A=3,B=3,C=2,D=5
Examples using '+':
  E1: 88+93 = 621
  E2: 67+99 = 471

S3: SCAN
#1:AB_CD|cat|raw L=88,R=93 8893->8893 vs 621 NO
#2:AB_CD|mul|raw L=88,R=93 8184->8184 vs 621 NO
#3:AB_CD|add|raw L=88,R=93 181->181 vs 621 NO
#4:AB_CD|sub|raw L=88,R=93 -5->-5 vs 621 NO
#5:AB_CD|absdiff|raw L=88,R=93 5->5 vs 621 NO
#6:BA_DC|cat|rev L=88,R=39 8839->9388 vs 621 NO
#7:BA_DC|mul|rev L=88,R=39 3432->2343 vs 621 NO
#8:BA_DC|add|rev L=88,R=39 127->721 vs 621 NO
#9:BA_DC|cat|raw L=88,R=39 8839->8839 vs 621 NO
#10:AB_CD|cat|rev L=88,R=93 8893->3988 vs 621 NO
#11:AB_CD|mul|rev L=88,R=93 8184->4818 vs 621 NO
#12:AB_CD|add|rev L=88,R=93 181->181 vs 621 NO

S4: VER
E2: 67+99 = 471
BA_DC|addm1|rev L=76,R=99 174->471 vs 471 YES

S5: LOCK: BA_DC|addm1|rev

S6: APPLY
Target: 33+25
BA_DC: L=33,R=52
addm1(33,52)=84 rev->48

S7: ANS=48

\boxed{48}"
25f2f2cd,"In Alice's Wonderland, a secret set of transformation rules is applied to equations. Below are a few examples:
78+19 = 971
85*57 = 0534
02*35 = 0601
Now, determine the result for: 15+75",901,Equation Numeric,"I identify this as a symbol-digit (equation numeric) task: two-digit operands built from A,B,C,D, one operator, and a format. I group examples by the target operator, scan (pairing|op|format) until examples match and the target matches the boxed answer, then apply. I ignore flavor text.

S2: PARSE
Operator: '+'
Target: 15+75  A=1,B=5,C=7,D=5
Examples using '+':
  E1: 78+19 = 971

S3: SCAN
#1:AB_CD|cat|raw L=78,R=19 7819->7819 vs 971 NO
#2:AB_CD|mul|raw L=78,R=19 1482->1482 vs 971 NO
#3:AB_CD|add|raw L=78,R=19 97->97 vs 971 NO
#4:AB_CD|sub|raw L=78,R=19 59->59 vs 971 NO
#5:AB_CD|absdiff|raw L=78,R=19 59->59 vs 971 NO
#6:BA_DC|cat|rev L=87,R=91 8791->1978 vs 971 NO
#7:BA_DC|mul|rev L=87,R=91 7917->7197 vs 971 NO
#8:BA_DC|add|rev L=87,R=91 178->871 vs 971 NO
#9:BA_DC|cat|raw L=87,R=91 8791->8791 vs 971 NO
#10:AB_CD|cat|rev L=78,R=19 7819->9187 vs 971 NO
#11:AB_CD|mul|rev L=78,R=19 1482->2841 vs 971 NO
#12:AB_CD|add|rev L=78,R=19 97->79 vs 971 NO

S5: LOCK: BA_DC|add1|rev

S6: APPLY
Target: 15+75
BA_DC: L=51,R=57
add1(51,57)=109 rev->901

S7: ANS=901

\boxed{901}"
26168be6,"In Alice's Wonderland, a secret set of transformation rules is applied to equations. Below are a few examples:
96+63 = 501
08-09 = -01
64+72 = 37
Now, determine the result for: 23+76",99,Equation Numeric,"I identify this as a symbol-digit (equation numeric) task: two-digit operands built from A,B,C,D, one operator, and a format. I group examples by the target operator, scan (pairing|op|format) until examples match and the target matches the boxed answer, then apply. I ignore flavor text.

S2: PARSE
Operator: '+'
Target: 23+76  A=2,B=3,C=7,D=6
Examples using '+':
  E1: 96+63 = 501
  E2: 64+72 = 37

S3: SCAN
#1:AB_CD|cat|raw L=96,R=63 9663->9663 vs 501 NO
#2:AB_CD|mul|raw L=96,R=63 6048->6048 vs 501 NO
#3:AB_CD|add|raw L=96,R=63 159->159 vs 501 NO
#4:AB_CD|sub|raw L=96,R=63 33->33 vs 501 NO
#5:AB_CD|absdiff|raw L=96,R=63 33->33 vs 501 NO
#6:BA_DC|cat|rev L=69,R=36 6936->6396 vs 501 NO
#7:BA_DC|mul|rev L=69,R=36 2484->4842 vs 501 NO
#8:BA_DC|add|rev L=69,R=36 105->501 vs 501 YES

S4: VER
E2: 64+72 = 37
BA_DC|add|rev L=46,R=27 73->37 vs 37 YES

S5: LOCK: BA_DC|add|rev

S6: APPLY
Target: 23+76
BA_DC: L=32,R=67
add(32,67)=99 rev->99

S7: ANS=99

\boxed{99}"
26b716ed,"In Alice's Wonderland, a secret set of transformation rules is applied to equations. Below are a few examples:
78!11 = 67
26'86 = 131
28'68 = 961
87'91 = 89
84&64 = 8022
Now, determine the result for: 03'23",36,Equation Numeric,"I identify this as a symbol-digit (equation numeric) task: two-digit operands built from A,B,C,D, one operator, and a format. I group examples by the target operator, scan (pairing|op|format) until examples match and the target matches the boxed answer, then apply. I ignore flavor text.

S2: PARSE
Operator: '''
Target: 03'23  A=0,B=3,C=2,D=3
Examples using ''':
  E1: 26'86 = 131
  E2: 28'68 = 961
  E3: 87'91 = 89

S3: SCAN
#1:AB_CD|cat|raw L=26,R=86 2686->2686 vs 131 NO
#2:AB_CD|mul|raw L=26,R=86 2236->2236 vs 131 NO
#3:AB_CD|add|raw L=26,R=86 112->112 vs 131 NO
#4:AB_CD|sub|raw L=26,R=86 -60->-60 vs 131 NO
#5:AB_CD|absdiff|raw L=26,R=86 60->60 vs 131 NO
#6:BA_DC|cat|rev L=62,R=68 6268->8626 vs 131 NO
#7:BA_DC|mul|rev L=62,R=68 4216->6124 vs 131 NO
#8:BA_DC|add|rev L=62,R=68 130->031 vs 131 NO
#9:BA_DC|cat|raw L=62,R=68 6268->6268 vs 131 NO
#10:AB_CD|cat|rev L=26,R=86 2686->6862 vs 131 NO
#11:AB_CD|mul|rev L=26,R=86 2236->6322 vs 131 NO
#12:AB_CD|add|rev L=26,R=86 112->211 vs 131 NO

S4: VER
E2: 28'68 = 961
BA_DC|add1|rev L=82,R=86 169->961 vs 961 YES

S5: LOCK: BA_DC|add1|rev

S6: APPLY
Target: 03'23
BA_DC: L=30,R=32
add1(30,32)=63 rev->36

S7: ANS=36

\boxed{36}"
26dbd20d,"In Alice's Wonderland, a secret set of transformation rules is applied to equations. Below are a few examples:
48*39 = 2187
29+11 = 1129
94*19 = 9544
Now, determine the result for: 55*68",0374,Equation Numeric,"I identify this as a symbol-digit (equation numeric) task: two-digit operands built from A,B,C,D, one operator, and a format. I group examples by the target operator, scan (pairing|op|format) until examples match and the target matches the boxed answer, then apply. I ignore flavor text.

S2: PARSE
Operator: '*'
Target: 55*68  A=5,B=5,C=6,D=8
Examples using '*':
  E1: 48*39 = 2187
  E2: 94*19 = 9544

S3: SCAN
#1:AB_CD|cat|raw L=48,R=39 4839->4839 vs 2187 NO
#2:AB_CD|mul|raw L=48,R=39 1872->1872 vs 2187 NO
#3:AB_CD|add|raw L=48,R=39 87->87 vs 2187 NO
#4:AB_CD|sub|raw L=48,R=39 9->9 vs 2187 NO
#5:AB_CD|absdiff|raw L=48,R=39 9->9 vs 2187 NO
#6:BA_DC|cat|rev L=84,R=93 8493->3948 vs 2187 NO
#7:BA_DC|mul|rev L=84,R=93 7812->2187 vs 2187 YES

S4: VER
E2: 94*19 = 9544
BA_DC|mul|rev L=49,R=91 4459->9544 vs 9544 YES

S5: LOCK: BA_DC|mul|rev

S6: APPLY
Target: 55*68
BA_DC: L=55,R=86
mul(55,86)=4730 rev->0374

S7: ANS=0374

\boxed{0374}"
2701a005,"In Alice's Wonderland, a secret set of transformation rules is applied to equations. Below are a few examples:
15#13 = 195
85!47 = 38
36[86 = 123
Now, determine the result for: 88[51",140,Equation Numeric,"I identify this as a symbol-digit (equation numeric) task: two-digit operands built from A,B,C,D, one operator, and a format. I group examples by the target operator, scan (pairing|op|format) until examples match and the target matches the boxed answer, then apply. I ignore flavor text.

S2: PARSE
Operator: '['
Target: 88[51  A=8,B=8,C=5,D=1
Examples using '[':
  E1: 36[86 = 123

S3: SCAN
#1:AB_CD|cat|raw L=36,R=86 3686->3686 vs 123 NO
#2:AB_CD|mul|raw L=36,R=86 3096->3096 vs 123 NO
#3:AB_CD|add|raw L=36,R=86 122->122 vs 123 NO
#4:AB_CD|sub|raw L=36,R=86 -50->-50 vs 123 NO
#5:AB_CD|absdiff|raw L=36,R=86 50->50 vs 123 NO
#6:BA_DC|cat|rev L=63,R=68 6368->8636 vs 123 NO
#7:BA_DC|mul|rev L=63,R=68 4284->4824 vs 123 NO
#8:BA_DC|add|rev L=63,R=68 131->131 vs 123 NO
#9:BA_DC|cat|raw L=63,R=68 6368->6368 vs 123 NO
#10:AB_CD|cat|rev L=36,R=86 3686->6863 vs 123 NO
#11:AB_CD|mul|rev L=36,R=86 3096->6903 vs 123 NO
#12:AB_CD|add|rev L=36,R=86 122->221 vs 123 NO

S5: LOCK: AB_CD|add1|raw

S6: APPLY
Target: 88[51
AB_CD: L=88,R=51
add1(88,51)=140 raw->140

S7: ANS=140

\boxed{140}"
274def88,"In Alice's Wonderland, a secret set of transformation rules is applied to equations. Below are a few examples:
33*74 = 2551
29-79 = -5
17+69 = 861
01-72 = -71
42*38 = 3991
Now, determine the result for: 85-92",92,Equation Numeric,"I identify this as a symbol-digit (equation numeric) task: two-digit operands built from A,B,C,D, one operator, and a format. I group examples by the target operator, scan (pairing|op|format) until examples match and the target matches the boxed answer, then apply. I ignore flavor text.

S2: PARSE
Operator: '-'
Target: 85-92  A=8,B=5,C=9,D=2
Examples using '-':
  E1: 29-79 = -5
  E2: 01-72 = -71

S3: SCAN
#1:AB_CD|cat|raw L=29,R=79 2979->2979 vs -5 NO
#2:AB_CD|mul|raw L=29,R=79 2291->2291 vs -5 NO
#3:AB_CD|add|raw L=29,R=79 108->108 vs -5 NO
#4:AB_CD|sub|raw L=29,R=79 -50->-50 vs -5 NO
#5:AB_CD|absdiff|raw L=29,R=79 50->50 vs -5 NO
#6:BA_DC|cat|rev L=92,R=97 9297->7929 vs -5 NO
#7:BA_DC|mul|rev L=92,R=97 8924->4298 vs -5 NO
#8:BA_DC|add|rev L=92,R=97 189->981 vs -5 NO
#9:BA_DC|cat|raw L=92,R=97 9297->9297 vs -5 NO
#10:AB_CD|cat|rev L=29,R=79 2979->9792 vs -5 NO
#11:AB_CD|mul|rev L=29,R=79 2291->1922 vs -5 NO
#12:AB_CD|add|rev L=29,R=79 108->801 vs -5 NO

S4: VER
E2: 01-72 = -71
BA_DC|sub|rev L=10,R=27 -17->-71 vs -71 YES

S5: LOCK: BA_DC|sub|rev

S6: APPLY
Target: 85-92
BA_DC: L=58,R=29
sub(58,29)=29 rev->92

S7: ANS=92

\boxed{92}"
27cec7a9,"In Alice's Wonderland, a secret set of transformation rules is applied to equations. Below are a few examples:
62!34 = 95
17%40 = %23
52:35 = 5235
52%99 = %47
90:55 = 9055
Now, determine the result for: 33:41",3341,Equation Numeric,"I identify this as a symbol-digit (equation numeric) task: two-digit operands built from A,B,C,D, one operator, and a format. I group examples by the target operator, scan (pairing|op|format) until examples match and the target matches the boxed answer, then apply. I ignore flavor text.

S2: PARSE
Operator: ':'
Target: 33:41  A=3,B=3,C=4,D=1
Examples using ':':
  E1: 52:35 = 5235
  E2: 90:55 = 9055

S3: SCAN
#1:AB_CD|cat|raw L=52,R=35 5235->5235 vs 5235 YES

S4: VER
E2: 90:55 = 9055
AB_CD|cat|raw L=90,R=55 9055->9055 vs 9055 YES

S5: LOCK: AB_CD|cat|raw

S6: APPLY
Target: 33:41
AB_CD: L=33,R=41
cat(33,41)=3341 raw->3341

S7: ANS=3341

\boxed{3341}"
286135d3,"In Alice's Wonderland, a secret set of transformation rules is applied to equations. Below are a few examples:
23@13 = 199
79*69 = 391
26$74 = 51$
68$13 = 55$
65@03 = 9761
Now, determine the result for: 11@94",835,Equation Numeric,"I identify this as a symbol-digit (equation numeric) task: two-digit operands built from A,B,C,D, one operator, and a format. I group examples by the target operator, scan (pairing|op|format) until examples match and the target matches the boxed answer, then apply. I ignore flavor text.

S2: PARSE
Operator: '@'
Target: 11@94  A=1,B=1,C=9,D=4
Examples using '@':
  E1: 23@13 = 199
  E2: 65@03 = 9761

S3: SCAN
#1:AB_CD|cat|raw L=23,R=13 2313->2313 vs 199 NO
#2:AB_CD|mul|raw L=23,R=13 299->299 vs 199 NO
#3:AB_CD|add|raw L=23,R=13 36->36 vs 199 NO
#4:AB_CD|sub|raw L=23,R=13 10->10 vs 199 NO
#5:AB_CD|absdiff|raw L=23,R=13 10->10 vs 199 NO
#6:BA_DC|cat|rev L=32,R=31 3231->1323 vs 199 NO
#7:BA_DC|mul|rev L=32,R=31 992->299 vs 199 NO
#8:BA_DC|add|rev L=32,R=31 63->36 vs 199 NO
#9:BA_DC|cat|raw L=32,R=31 3231->3231 vs 199 NO
#10:AB_CD|cat|rev L=23,R=13 2313->3132 vs 199 NO
#11:AB_CD|mul|rev L=23,R=13 299->992 vs 199 NO
#12:AB_CD|add|rev L=23,R=13 36->63 vs 199 NO

S4: VER
E2: 65@03 = 9761
BA_DC|mulsub1|rev L=56,R=30 1679->9761 vs 9761 YES

S5: LOCK: BA_DC|mulsub1|rev

S6: APPLY
Target: 11@94
BA_DC: L=11,R=49
mulsub1(11,49)=538 rev->835

S7: ANS=835

\boxed{835}"
2aeb5265,"In Alice's Wonderland, a secret set of transformation rules is applied to equations. Below are a few examples:
61-76 = 15
28+64 = 721
89-36 = 53
Now, determine the result for: 28-52",75,Equation Numeric,"I identify this as a symbol-digit (equation numeric) task: two-digit operands built from A,B,C,D, one operator, and a format. I group examples by the target operator, scan (pairing|op|format) until examples match and the target matches the boxed answer, then apply. I ignore flavor text.

S2: PARSE
Operator: '-'
Target: 28-52  A=2,B=8,C=5,D=2
Examples using '-':
  E1: 61-76 = 15
  E2: 89-36 = 53

S3: SCAN
#1:AB_CD|cat|raw L=61,R=76 6176->6176 vs 15 NO
#2:AB_CD|mul|raw L=61,R=76 4636->4636 vs 15 NO
#3:AB_CD|add|raw L=61,R=76 137->137 vs 15 NO
#4:AB_CD|sub|raw L=61,R=76 -15->-15 vs 15 NO
#5:AB_CD|absdiff|raw L=61,R=76 15->15 vs 15 NO
#6:BA_DC|cat|rev L=16,R=67 1667->7661 vs 15 NO
#7:BA_DC|mul|rev L=16,R=67 1072->2701 vs 15 NO
#8:BA_DC|add|rev L=16,R=67 83->38 vs 15 NO
#9:BA_DC|cat|raw L=16,R=67 1667->1667 vs 15 NO
#10:AB_CD|cat|rev L=61,R=76 6176->6716 vs 15 NO
#11:AB_CD|mul|rev L=61,R=76 4636->6364 vs 15 NO
#12:AB_CD|add|rev L=61,R=76 137->731 vs 15 NO

S4: VER
E2: 89-36 = 53
BA_DC|absdiff|rev L=98,R=63 35->53 vs 53 YES

S5: LOCK: BA_DC|absdiff|rev

S6: APPLY
Target: 28-52
BA_DC: L=82,R=25
absdiff(82,25)=57 rev->75

S7: ANS=75

\boxed{75}"
2af7134e,"In Alice's Wonderland, a secret set of transformation rules is applied to equations. Below are a few examples:
13+14 = 1
92+33 = 59
95}54 = 9554
56+21 = 35
Now, determine the result for: 61+41",20,Equation Numeric,"I identify this as a symbol-digit (equation numeric) task: two-digit operands built from A,B,C,D, one operator, and a format. I group examples by the target operator, scan (pairing|op|format) until examples match and the target matches the boxed answer, then apply. I ignore flavor text.

S2: PARSE
Operator: '+'
Target: 61+41  A=6,B=1,C=4,D=1
Examples using '+':
  E1: 13+14 = 1
  E2: 92+33 = 59
  E3: 56+21 = 35

S3: SCAN
#1:AB_CD|cat|raw L=13,R=14 1314->1314 vs 1 NO
#2:AB_CD|mul|raw L=13,R=14 182->182 vs 1 NO
#3:AB_CD|add|raw L=13,R=14 27->27 vs 1 NO
#4:AB_CD|sub|raw L=13,R=14 -1->-1 vs 1 NO
#5:AB_CD|absdiff|raw L=13,R=14 1->1 vs 1 YES

S4: VER
E2: 92+33 = 59
AB_CD|absdiff|raw L=92,R=33 59->59 vs 59 YES

S5: LOCK: AB_CD|absdiff|raw

S6: APPLY
Target: 61+41
AB_CD: L=61,R=41
absdiff(61,41)=20 raw->20

S7: ANS=20

\boxed{20}"
2bc2a65a,"In Alice's Wonderland, a secret set of transformation rules is applied to equations. Below are a few examples:
88+81 = 601
16+56 = 621
95*19 = 1995
51+17 = 68
85+43 = 29
Now, determine the result for: 14+66",701,Equation Numeric,"I identify this as a symbol-digit (equation numeric) task: two-digit operands built from A,B,C,D, one operator, and a format. I group examples by the target operator, scan (pairing|op|format) until examples match and the target matches the boxed answer, then apply. I ignore flavor text.

S2: PARSE
Operator: '+'
Target: 14+66  A=1,B=4,C=6,D=6
Examples using '+':
  E1: 88+81 = 601
  E2: 16+56 = 621
  E3: 51+17 = 68
  E4: 85+43 = 29

S3: SCAN
#1:AB_CD|cat|raw L=88,R=81 8881->8881 vs 601 NO
#2:AB_CD|mul|raw L=88,R=81 7128->7128 vs 601 NO
#3:AB_CD|add|raw L=88,R=81 169->169 vs 601 NO
#4:AB_CD|sub|raw L=88,R=81 7->7 vs 601 NO
#5:AB_CD|absdiff|raw L=88,R=81 7->7 vs 601 NO
#6:BA_DC|cat|rev L=88,R=18 8818->8188 vs 601 NO
#7:BA_DC|mul|rev L=88,R=18 1584->4851 vs 601 NO
#8:BA_DC|add|rev L=88,R=18 106->601 vs 601 YES

S4: VER
E2: 16+56 = 621
BA_DC|add|rev L=61,R=65 126->621 vs 621 YES

S5: LOCK: BA_DC|add|rev

S6: APPLY
Target: 14+66
BA_DC: L=41,R=66
add(41,66)=107 rev->701

S7: ANS=701

\boxed{701}"
2beb5851,"In Alice's Wonderland, a secret set of transformation rules is applied to equations. Below are a few examples:
50@99 = 4950
81[43 = 38
85[65 = 20
Now, determine the result for: 10[33",23,Equation Numeric,"I identify this as a symbol-digit (equation numeric) task: two-digit operands built from A,B,C,D, one operator, and a format. I group examples by the target operator, scan (pairing|op|format) until examples match and the target matches the boxed answer, then apply. I ignore flavor text.

S2: PARSE
Operator: '['
Target: 10[33  A=1,B=0,C=3,D=3
Examples using '[':
  E1: 81[43 = 38
  E2: 85[65 = 20

S3: SCAN
#1:AB_CD|cat|raw L=81,R=43 8143->8143 vs 38 NO
#2:AB_CD|mul|raw L=81,R=43 3483->3483 vs 38 NO
#3:AB_CD|add|raw L=81,R=43 124->124 vs 38 NO
#4:AB_CD|sub|raw L=81,R=43 38->38 vs 38 NO
#5:AB_CD|absdiff|raw L=81,R=43 38->38 vs 38 YES

S4: VER
E2: 85[65 = 20
AB_CD|absdiff|raw L=85,R=65 20->20 vs 20 YES

S5: LOCK: AB_CD|absdiff|raw

S6: APPLY
Target: 10[33
AB_CD: L=10,R=33
absdiff(10,33)=23 raw->23

S7: ANS=23

\boxed{23}"
2cc274cb,"In Alice's Wonderland, a secret set of transformation rules is applied to equations. Below are a few examples:
13-48 = -35
63-75 = -12
99+93 = 9399
25-47 = -22
08-67 = 4
Now, determine the result for: 21+68",6821,Equation Numeric,"I identify this as a symbol-digit (equation numeric) task: two-digit operands built from A,B,C,D, one operator, and a format. I group examples by the target operator, scan (pairing|op|format) until examples match and the target matches the boxed answer, then apply. I ignore flavor text.

S2: PARSE
Operator: '+'
Target: 21+68  A=2,B=1,C=6,D=8
Examples using '+':
  E1: 99+93 = 9399

S3: SCAN
#1:AB_CD|cat|raw L=99,R=93 9993->9993 vs 9399 NO
#2:AB_CD|mul|raw L=99,R=93 9207->9207 vs 9399 NO
#3:AB_CD|add|raw L=99,R=93 192->192 vs 9399 NO
#4:AB_CD|sub|raw L=99,R=93 6->6 vs 9399 NO
#5:AB_CD|absdiff|raw L=99,R=93 6->6 vs 9399 NO
#6:BA_DC|cat|rev L=99,R=39 9939->9399 vs 9399 YES

S5: LOCK: BA_DC|cat|rev

S6: APPLY
Target: 21+68
BA_DC: L=12,R=86
cat(12,86)=1286 rev->6821

S7: ANS=6821

\boxed{6821}"
2cf587f6,"In Alice's Wonderland, a secret set of transformation rules is applied to equations. Below are a few examples:
33>28 = 60
83>37 = 119
95\55 = 5225
30\11 = 330
95\62 = 5890
Now, determine the result for: 88>72",159,Equation Numeric,"I identify this as a symbol-digit (equation numeric) task: two-digit operands built from A,B,C,D, one operator, and a format. I group examples by the target operator, scan (pairing|op|format) until examples match and the target matches the boxed answer, then apply. I ignore flavor text.

S2: PARSE
Operator: '>'
Target: 88>72  A=8,B=8,C=7,D=2
Examples using '>':
  E1: 33>28 = 60
  E2: 83>37 = 119

S3: SCAN
#1:AB_CD|cat|raw L=33,R=28 3328->3328 vs 60 NO
#2:AB_CD|mul|raw L=33,R=28 924->924 vs 60 NO
#3:AB_CD|add|raw L=33,R=28 61->61 vs 60 NO
#4:AB_CD|sub|raw L=33,R=28 5->5 vs 60 NO
#5:AB_CD|absdiff|raw L=33,R=28 5->5 vs 60 NO
#6:BA_DC|cat|rev L=33,R=82 3382->2833 vs 60 NO
#7:BA_DC|mul|rev L=33,R=82 2706->6072 vs 60 NO
#8:BA_DC|add|rev L=33,R=82 115->511 vs 60 NO
#9:BA_DC|cat|raw L=33,R=82 3382->3382 vs 60 NO
#10:AB_CD|cat|rev L=33,R=28 3328->8233 vs 60 NO
#11:AB_CD|mul|rev L=33,R=28 924->429 vs 60 NO
#12:AB_CD|add|rev L=33,R=28 61->16 vs 60 NO

S4: VER
E2: 83>37 = 119
AB_CD|addm1|raw L=83,R=37 119->119 vs 119 YES

S5: LOCK: AB_CD|addm1|raw

S6: APPLY
Target: 88>72
AB_CD: L=88,R=72
addm1(88,72)=159 raw->159

S7: ANS=159

\boxed{159}"
2d3e809c,"In Alice's Wonderland, a secret set of transformation rules is applied to equations. Below are a few examples:
68*91 = 5361
53-67 = -14
43-63 = -2
51-43 = -91
33-74 = -41
Now, determine the result for: 25*98",9264,Equation Numeric,"I identify this as a symbol-digit (equation numeric) task: two-digit operands built from A,B,C,D, one operator, and a format. I group examples by the target operator, scan (pairing|op|format) until examples match and the target matches the boxed answer, then apply. I ignore flavor text.

S2: PARSE
Operator: '*'
Target: 25*98  A=2,B=5,C=9,D=8
Examples using '*':
  E1: 68*91 = 5361

S3: SCAN
#1:AB_CD|cat|raw L=68,R=91 6891->6891 vs 5361 NO
#2:AB_CD|mul|raw L=68,R=91 6188->6188 vs 5361 NO
#3:AB_CD|add|raw L=68,R=91 159->159 vs 5361 NO
#4:AB_CD|sub|raw L=68,R=91 -23->-23 vs 5361 NO
#5:AB_CD|absdiff|raw L=68,R=91 23->23 vs 5361 NO
#6:BA_DC|cat|rev L=86,R=19 8619->9168 vs 5361 NO
#7:BA_DC|mul|rev L=86,R=19 1634->4361 vs 5361 NO
#8:BA_DC|add|rev L=86,R=19 105->501 vs 5361 NO
#9:BA_DC|cat|raw L=86,R=19 8619->8619 vs 5361 NO
#10:AB_CD|cat|rev L=68,R=91 6891->1986 vs 5361 NO
#11:AB_CD|mul|rev L=68,R=91 6188->8816 vs 5361 NO
#12:AB_CD|add|rev L=68,R=91 159->951 vs 5361 NO

S5: LOCK: BA_DC|muladd1|rev

S6: APPLY
Target: 25*98
BA_DC: L=52,R=89
muladd1(52,89)=4629 rev->9264

S7: ANS=9264

\boxed{9264}"
2e044d8e,"In Alice's Wonderland, a secret set of transformation rules is applied to equations. Below are a few examples:
71@08 = 0631
32@83 = 478
84'63 = 8463
71""13 = 41
Now, determine the result for: 53@59",5233,Equation Numeric,"I identify this as a symbol-digit (equation numeric) task: two-digit operands built from A,B,C,D, one operator, and a format. I group examples by the target operator, scan (pairing|op|format) until examples match and the target matches the boxed answer, then apply. I ignore flavor text.

S2: PARSE
Operator: '@'
Target: 53@59  A=5,B=3,C=5,D=9
Examples using '@':
  E1: 71@08 = 0631
  E2: 32@83 = 478

S3: SCAN
#1:AB_CD|cat|raw L=71,R=8 718->718 vs 0631 NO
#2:AB_CD|mul|raw L=71,R=8 568->568 vs 0631 NO
#3:AB_CD|add|raw L=71,R=8 79->79 vs 0631 NO
#4:AB_CD|sub|raw L=71,R=8 63->63 vs 0631 NO
#5:AB_CD|absdiff|raw L=71,R=8 63->63 vs 0631 NO
#6:BA_DC|cat|rev L=17,R=80 1780->0871 vs 0631 NO
#7:BA_DC|mul|rev L=17,R=80 1360->0631 vs 0631 YES

S4: VER
E2: 32@83 = 478
BA_DC|mul|rev L=23,R=38 874->478 vs 478 YES

S5: LOCK: BA_DC|mul|rev

S6: APPLY
Target: 53@59
BA_DC: L=35,R=95
mul(35,95)=3325 rev->5233

S7: ANS=5233

\boxed{5233}"
2e2d60b2,"In Alice's Wonderland, a secret set of transformation rules is applied to equations. Below are a few examples:
24*52 = 1501
31*51 = 691
05+52 = 67
41+52 = 04
Now, determine the result for: 85+11",07,Equation Numeric,"I identify this as a symbol-digit (equation numeric) task: two-digit operands built from A,B,C,D, one operator, and a format. I group examples by the target operator, scan (pairing|op|format) until examples match and the target matches the boxed answer, then apply. I ignore flavor text.

S2: PARSE
Operator: '+'
Target: 85+11  A=8,B=5,C=1,D=1
Examples using '+':
  E1: 05+52 = 67
  E2: 41+52 = 04

S3: SCAN
#1:AB_CD|cat|raw L=5,R=52 552->552 vs 67 NO
#2:AB_CD|mul|raw L=5,R=52 260->260 vs 67 NO
#3:AB_CD|add|raw L=5,R=52 57->57 vs 67 NO
#4:AB_CD|sub|raw L=5,R=52 -47->-47 vs 67 NO
#5:AB_CD|absdiff|raw L=5,R=52 47->47 vs 67 NO
#6:BA_DC|cat|rev L=50,R=25 5025->5205 vs 67 NO
#7:BA_DC|mul|rev L=50,R=25 1250->0521 vs 67 NO
#8:BA_DC|add|rev L=50,R=25 75->57 vs 67 NO
#9:BA_DC|cat|raw L=50,R=25 5025->5025 vs 67 NO
#10:AB_CD|cat|rev L=5,R=52 552->255 vs 67 NO
#11:AB_CD|mul|rev L=5,R=52 260->062 vs 67 NO
#12:AB_CD|add|rev L=5,R=52 57->75 vs 67 NO

S4: VER
E2: 41+52 = 04
BA_DC|add1|rev L=14,R=25 40->04 vs 04 YES

S5: LOCK: BA_DC|add1|rev

S6: APPLY
Target: 85+11
BA_DC: L=58,R=11
add1(58,11)=70 rev->07

S7: ANS=07

\boxed{07}"
2e37e963,"In Alice's Wonderland, a secret set of transformation rules is applied to equations. Below are a few examples:
58*91 = 6161
52+78 = 311
95*65 = 5033
56-97 = -41
32*14 = 449
Now, determine the result for: 71-86",-15,Equation Numeric,"I identify this as a symbol-digit (equation numeric) task: two-digit operands built from A,B,C,D, one operator, and a format. I group examples by the target operator, scan (pairing|op|format) until examples match and the target matches the boxed answer, then apply. I ignore flavor text.

S2: PARSE
Operator: '-'
Target: 71-86  A=7,B=1,C=8,D=6
Examples using '-':
  E1: 56-97 = -41

S3: SCAN
#1:AB_CD|cat|raw L=56,R=97 5697->5697 vs -41 NO
#2:AB_CD|mul|raw L=56,R=97 5432->5432 vs -41 NO
#3:AB_CD|add|raw L=56,R=97 153->153 vs -41 NO
#4:AB_CD|sub|raw L=56,R=97 -41->-41 vs -41 YES

S5: LOCK: AB_CD|sub|raw

S6: APPLY
Target: 71-86
AB_CD: L=71,R=86
sub(71,86)=-15 raw->-15

S7: ANS=-15

\boxed{-15}"
2e9639de,"In Alice's Wonderland, a secret set of transformation rules is applied to equations. Below are a few examples:
29-95 = 123
86[93 = [7
60&62 = 3721
23-97 = 119
Now, determine the result for: 64&56",3585,Equation Numeric,"I identify this as a symbol-digit (equation numeric) task: two-digit operands built from A,B,C,D, one operator, and a format. I group examples by the target operator, scan (pairing|op|format) until examples match and the target matches the boxed answer, then apply. I ignore flavor text.

S2: PARSE
Operator: '&'
Target: 64&56  A=6,B=4,C=5,D=6
Examples using '&':
  E1: 60&62 = 3721

S3: SCAN
#1:AB_CD|cat|raw L=60,R=62 6062->6062 vs 3721 NO
#2:AB_CD|mul|raw L=60,R=62 3720->3720 vs 3721 NO
#3:AB_CD|add|raw L=60,R=62 122->122 vs 3721 NO
#4:AB_CD|sub|raw L=60,R=62 -2->-2 vs 3721 NO
#5:AB_CD|absdiff|raw L=60,R=62 2->2 vs 3721 NO
#6:BA_DC|cat|rev L=6,R=26 626->626 vs 3721 NO
#7:BA_DC|mul|rev L=6,R=26 156->651 vs 3721 NO
#8:BA_DC|add|rev L=6,R=26 32->23 vs 3721 NO
#9:BA_DC|cat|raw L=6,R=26 626->626 vs 3721 NO
#10:AB_CD|cat|rev L=60,R=62 6062->2606 vs 3721 NO
#11:AB_CD|mul|rev L=60,R=62 3720->0273 vs 3721 NO
#12:AB_CD|add|rev L=60,R=62 122->221 vs 3721 NO

S5: LOCK: AB_CD|muladd1|raw

S6: APPLY
Target: 64&56
AB_CD: L=64,R=56
muladd1(64,56)=3585 raw->3585

S7: ANS=3585

\boxed{3585}"
2ee39f5f,"In Alice's Wonderland, a secret set of transformation rules is applied to equations. Below are a few examples:
56+67 = 6756
93+76 = 7693
91*59 = 5081
17*75 = 7404
Now, determine the result for: 63*53",0621,Equation Numeric,"I identify this as a symbol-digit (equation numeric) task: two-digit operands built from A,B,C,D, one operator, and a format. I group examples by the target operator, scan (pairing|op|format) until examples match and the target matches the boxed answer, then apply. I ignore flavor text.

S2: PARSE
Operator: '*'
Target: 63*53  A=6,B=3,C=5,D=3
Examples using '*':
  E1: 91*59 = 5081
  E2: 17*75 = 7404

S3: SCAN
#1:AB_CD|cat|raw L=91,R=59 9159->9159 vs 5081 NO
#2:AB_CD|mul|raw L=91,R=59 5369->5369 vs 5081 NO
#3:AB_CD|add|raw L=91,R=59 150->150 vs 5081 NO
#4:AB_CD|sub|raw L=91,R=59 32->32 vs 5081 NO
#5:AB_CD|absdiff|raw L=91,R=59 32->32 vs 5081 NO
#6:BA_DC|cat|rev L=19,R=95 1995->5991 vs 5081 NO
#7:BA_DC|mul|rev L=19,R=95 1805->5081 vs 5081 YES

S4: VER
E2: 17*75 = 7404
BA_DC|mul|rev L=71,R=57 4047->7404 vs 7404 YES

S5: LOCK: BA_DC|mul|rev

S6: APPLY
Target: 63*53
BA_DC: L=36,R=35
mul(36,35)=1260 rev->0621

S7: ANS=0621

\boxed{0621}"
2f485a40,"In Alice's Wonderland, a secret set of transformation rules is applied to equations. Below are a few examples:
20+44 = 2044
15}39 = 1539
35}43 = 3543
82+31 = 8231
Now, determine the result for: 18+67",1867,Equation Numeric,"I identify this as a symbol-digit (equation numeric) task: two-digit operands built from A,B,C,D, one operator, and a format. I group examples by the target operator, scan (pairing|op|format) until examples match and the target matches the boxed answer, then apply. I ignore flavor text.

S2: PARSE
Operator: '+'
Target: 18+67  A=1,B=8,C=6,D=7
Examples using '+':
  E1: 20+44 = 2044
  E2: 82+31 = 8231

S3: SCAN
#1:AB_CD|cat|raw L=20,R=44 2044->2044 vs 2044 YES

S4: VER
E2: 82+31 = 8231
AB_CD|cat|raw L=82,R=31 8231->8231 vs 8231 YES

S5: LOCK: AB_CD|cat|raw

S6: APPLY
Target: 18+67
AB_CD: L=18,R=67
cat(18,67)=1867 raw->1867

S7: ANS=1867

\boxed{1867}"
2f5959c9,"In Alice's Wonderland, a secret set of transformation rules is applied to equations. Below are a few examples:
88<60 = 8860
68`49 = 3333
42`44 = 1849
83<27 = 8327
35^11 = 24
Now, determine the result for: 84`85",7141,Equation Numeric,"I identify this as a symbol-digit (equation numeric) task: two-digit operands built from A,B,C,D, one operator, and a format. I group examples by the target operator, scan (pairing|op|format) until examples match and the target matches the boxed answer, then apply. I ignore flavor text.

S2: PARSE
Operator: '`'
Target: 84`85  A=8,B=4,C=8,D=5
Examples using '`':
  E1: 68`49 = 3333
  E2: 42`44 = 1849

S3: SCAN
#1:AB_CD|cat|raw L=68,R=49 6849->6849 vs 3333 NO
#2:AB_CD|mul|raw L=68,R=49 3332->3332 vs 3333 NO
#3:AB_CD|add|raw L=68,R=49 117->117 vs 3333 NO
#4:AB_CD|sub|raw L=68,R=49 19->19 vs 3333 NO
#5:AB_CD|absdiff|raw L=68,R=49 19->19 vs 3333 NO
#6:BA_DC|cat|rev L=86,R=94 8694->4968 vs 3333 NO
#7:BA_DC|mul|rev L=86,R=94 8084->4808 vs 3333 NO
#8:BA_DC|add|rev L=86,R=94 180->081 vs 3333 NO
#9:BA_DC|cat|raw L=86,R=94 8694->8694 vs 3333 NO
#10:AB_CD|cat|rev L=68,R=49 6849->9486 vs 3333 NO
#11:AB_CD|mul|rev L=68,R=49 3332->2333 vs 3333 NO
#12:AB_CD|add|rev L=68,R=49 117->711 vs 3333 NO

S4: VER
E2: 42`44 = 1849
AB_CD|muladd1|raw L=42,R=44 1849->1849 vs 1849 YES

S5: LOCK: AB_CD|muladd1|raw

S6: APPLY
Target: 84`85
AB_CD: L=84,R=85
muladd1(84,85)=7141 raw->7141

S7: ANS=7141

\boxed{7141}"
2fb20366,"In Alice's Wonderland, a secret set of transformation rules is applied to equations. Below are a few examples:
62)75 = 2841
36@05 = 31@
27)85 = 6714
88)66 = 8085
Now, determine the result for: 91)93",147,Equation Numeric,"I identify this as a symbol-digit (equation numeric) task: two-digit operands built from A,B,C,D, one operator, and a format. I group examples by the target operator, scan (pairing|op|format) until examples match and the target matches the boxed answer, then apply. I ignore flavor text.

S2: PARSE
Operator: ')'
Target: 91)93  A=9,B=1,C=9,D=3
Examples using ')':
  E1: 62)75 = 2841
  E2: 27)85 = 6714
  E3: 88)66 = 8085

S3: SCAN
#1:AB_CD|cat|raw L=62,R=75 6275->6275 vs 2841 NO
#2:AB_CD|mul|raw L=62,R=75 4650->4650 vs 2841 NO
#3:AB_CD|add|raw L=62,R=75 137->137 vs 2841 NO
#4:AB_CD|sub|raw L=62,R=75 -13->-13 vs 2841 NO
#5:AB_CD|absdiff|raw L=62,R=75 13->13 vs 2841 NO
#6:BA_DC|cat|rev L=26,R=57 2657->7562 vs 2841 NO
#7:BA_DC|mul|rev L=26,R=57 1482->2841 vs 2841 YES

S4: VER
E2: 27)85 = 6714
BA_DC|mul|rev L=72,R=58 4176->6714 vs 6714 YES

S5: LOCK: BA_DC|mul|rev

S6: APPLY
Target: 91)93
BA_DC: L=19,R=39
mul(19,39)=741 rev->147

S7: ANS=147

\boxed{147}"
3013265c,"In Alice's Wonderland, a secret set of transformation rules is applied to equations. Below are a few examples:
94-96 = 02
18-56 = 61
29+41 = 601
Now, determine the result for: 92+43",36,Equation Numeric,"I identify this as a symbol-digit (equation numeric) task: two-digit operands built from A,B,C,D, one operator, and a format. I group examples by the target operator, scan (pairing|op|format) until examples match and the target matches the boxed answer, then apply. I ignore flavor text.

S2: PARSE
Operator: '+'
Target: 92+43  A=9,B=2,C=4,D=3
Examples using '+':
  E1: 29+41 = 601

S3: SCAN
#1:AB_CD|cat|raw L=29,R=41 2941->2941 vs 601 NO
#2:AB_CD|mul|raw L=29,R=41 1189->1189 vs 601 NO
#3:AB_CD|add|raw L=29,R=41 70->70 vs 601 NO
#4:AB_CD|sub|raw L=29,R=41 -12->-12 vs 601 NO
#5:AB_CD|absdiff|raw L=29,R=41 12->12 vs 601 NO
#6:BA_DC|cat|rev L=92,R=14 9214->4129 vs 601 NO
#7:BA_DC|mul|rev L=92,R=14 1288->8821 vs 601 NO
#8:BA_DC|add|rev L=92,R=14 106->601 vs 601 YES

S5: LOCK: BA_DC|add|rev

S6: APPLY
Target: 92+43
BA_DC: L=29,R=34
add(29,34)=63 rev->36

S7: ANS=36

\boxed{36}"
30763ac0,"In Alice's Wonderland, a secret set of transformation rules is applied to equations. Below are a few examples:
67-47 = 2
89+97 = 671
14-72 = 41
18+79 = 771
Now, determine the result for: 79+44",041,Equation Numeric,"I identify this as a symbol-digit (equation numeric) task: two-digit operands built from A,B,C,D, one operator, and a format. I group examples by the target operator, scan (pairing|op|format) until examples match and the target matches the boxed answer, then apply. I ignore flavor text.

S2: PARSE
Operator: '+'
Target: 79+44  A=7,B=9,C=4,D=4
Examples using '+':
  E1: 89+97 = 671
  E2: 18+79 = 771

S3: SCAN
#1:AB_CD|cat|raw L=89,R=97 8997->8997 vs 671 NO
#2:AB_CD|mul|raw L=89,R=97 8633->8633 vs 671 NO
#3:AB_CD|add|raw L=89,R=97 186->186 vs 671 NO
#4:AB_CD|sub|raw L=89,R=97 -8->-8 vs 671 NO
#5:AB_CD|absdiff|raw L=89,R=97 8->8 vs 671 NO
#6:BA_DC|cat|rev L=98,R=79 9879->9789 vs 671 NO
#7:BA_DC|mul|rev L=98,R=79 7742->2477 vs 671 NO
#8:BA_DC|add|rev L=98,R=79 177->771 vs 671 NO
#9:BA_DC|cat|raw L=98,R=79 9879->9879 vs 671 NO
#10:AB_CD|cat|rev L=89,R=97 8997->7998 vs 671 NO
#11:AB_CD|mul|rev L=89,R=97 8633->3368 vs 671 NO
#12:AB_CD|add|rev L=89,R=97 186->681 vs 671 NO

S4: VER
E2: 18+79 = 771
BA_DC|addm1|rev L=81,R=97 177->771 vs 771 YES

S5: LOCK: BA_DC|addm1|rev

S6: APPLY
Target: 79+44
BA_DC: L=97,R=44
addm1(97,44)=140 rev->041

S7: ANS=041

\boxed{041}"
30c0d5a2,"In Alice's Wonderland, a secret set of transformation rules is applied to equations. Below are a few examples:
68*88 = 8868
47+42 = 99
98*76 = 7698
Now, determine the result for: 22+44",76,Equation Numeric,"I identify this as a symbol-digit (equation numeric) task: two-digit operands built from A,B,C,D, one operator, and a format. I group examples by the target operator, scan (pairing|op|format) until examples match and the target matches the boxed answer, then apply. I ignore flavor text.

S2: PARSE
Operator: '+'
Target: 22+44  A=2,B=2,C=4,D=4
Examples using '+':
  E1: 47+42 = 99

S3: SCAN
#1:AB_CD|cat|raw L=47,R=42 4742->4742 vs 99 NO
#2:AB_CD|mul|raw L=47,R=42 1974->1974 vs 99 NO
#3:AB_CD|add|raw L=47,R=42 89->89 vs 99 NO
#4:AB_CD|sub|raw L=47,R=42 5->5 vs 99 NO
#5:AB_CD|absdiff|raw L=47,R=42 5->5 vs 99 NO
#6:BA_DC|cat|rev L=74,R=24 7424->4247 vs 99 NO
#7:BA_DC|mul|rev L=74,R=24 1776->6771 vs 99 NO
#8:BA_DC|add|rev L=74,R=24 98->89 vs 99 NO
#9:BA_DC|cat|raw L=74,R=24 7424->7424 vs 99 NO
#10:AB_CD|cat|rev L=47,R=42 4742->2474 vs 99 NO
#11:AB_CD|mul|rev L=47,R=42 1974->4791 vs 99 NO
#12:AB_CD|add|rev L=47,R=42 89->98 vs 99 NO

S5: LOCK: BA_DC|add1|rev

S6: APPLY
Target: 22+44
BA_DC: L=22,R=44
add1(22,44)=67 rev->76

S7: ANS=76

\boxed{76}"
320d8d2b,"In Alice's Wonderland, a secret set of transformation rules is applied to equations. Below are a few examples:
24`66 = 801
98>49 = 7638
37\41 = 95
Now, determine the result for: 65>75",3913,Equation Numeric,"I identify this as a symbol-digit (equation numeric) task: two-digit operands built from A,B,C,D, one operator, and a format. I group examples by the target operator, scan (pairing|op|format) until examples match and the target matches the boxed answer, then apply. I ignore flavor text.

S2: PARSE
Operator: '>'
Target: 65>75  A=6,B=5,C=7,D=5
Examples using '>':
  E1: 98>49 = 7638

S3: SCAN
#1:AB_CD|cat|raw L=98,R=49 9849->9849 vs 7638 NO
#2:AB_CD|mul|raw L=98,R=49 4802->4802 vs 7638 NO
#3:AB_CD|add|raw L=98,R=49 147->147 vs 7638 NO
#4:AB_CD|sub|raw L=98,R=49 49->49 vs 7638 NO
#5:AB_CD|absdiff|raw L=98,R=49 49->49 vs 7638 NO
#6:BA_DC|cat|rev L=89,R=94 8994->4998 vs 7638 NO
#7:BA_DC|mul|rev L=89,R=94 8366->6638 vs 7638 NO
#8:BA_DC|add|rev L=89,R=94 183->381 vs 7638 NO
#9:BA_DC|cat|raw L=89,R=94 8994->8994 vs 7638 NO
#10:AB_CD|cat|rev L=98,R=49 9849->9489 vs 7638 NO
#11:AB_CD|mul|rev L=98,R=49 4802->2084 vs 7638 NO
#12:AB_CD|add|rev L=98,R=49 147->741 vs 7638 NO

S5: LOCK: BA_DC|muladd1|rev

S6: APPLY
Target: 65>75
BA_DC: L=56,R=57
muladd1(56,57)=3193 rev->3913

S7: ANS=3913

\boxed{3913}"
324f918b,"In Alice's Wonderland, a secret set of transformation rules is applied to equations. Below are a few examples:
61'64 = '3
68-18 = 85
63>41 = 6341
62'14 = 48
53'81 = '28
Now, determine the result for: 62-47",108,Equation Numeric,"I identify this as a symbol-digit (equation numeric) task: two-digit operands built from A,B,C,D, one operator, and a format. I group examples by the target operator, scan (pairing|op|format) until examples match and the target matches the boxed answer, then apply. I ignore flavor text.

S2: PARSE
Operator: '-'
Target: 62-47  A=6,B=2,C=4,D=7
Examples using '-':
  E1: 68-18 = 85

S3: SCAN
#1:AB_CD|cat|raw L=68,R=18 6818->6818 vs 85 NO
#2:AB_CD|mul|raw L=68,R=18 1224->1224 vs 85 NO
#3:AB_CD|add|raw L=68,R=18 86->86 vs 85 NO
#4:AB_CD|sub|raw L=68,R=18 50->50 vs 85 NO
#5:AB_CD|absdiff|raw L=68,R=18 50->50 vs 85 NO
#6:BA_DC|cat|rev L=86,R=81 8681->1868 vs 85 NO
#7:BA_DC|mul|rev L=86,R=81 6966->6696 vs 85 NO
#8:BA_DC|add|rev L=86,R=81 167->761 vs 85 NO
#9:BA_DC|cat|raw L=86,R=81 8681->8681 vs 85 NO
#10:AB_CD|cat|rev L=68,R=18 6818->8186 vs 85 NO
#11:AB_CD|mul|rev L=68,R=18 1224->4221 vs 85 NO
#12:AB_CD|add|rev L=68,R=18 86->68 vs 85 NO

S5: LOCK: AB_CD|addm1|raw

S6: APPLY
Target: 62-47
AB_CD: L=62,R=47
addm1(62,47)=108 raw->108

S7: ANS=108

\boxed{108}"
32815b79,"In Alice's Wonderland, a secret set of transformation rules is applied to equations. Below are a few examples:
23+35 = +12
89)87 = 671
86]22 = 6941
58)18 = 661
Now, determine the result for: 34)62",96,Equation Numeric,"I identify this as a symbol-digit (equation numeric) task: two-digit operands built from A,B,C,D, one operator, and a format. I group examples by the target operator, scan (pairing|op|format) until examples match and the target matches the boxed answer, then apply. I ignore flavor text.

S2: PARSE
Operator: ')'
Target: 34)62  A=3,B=4,C=6,D=2
Examples using ')':
  E1: 89)87 = 671
  E2: 58)18 = 661

S3: SCAN
#1:AB_CD|cat|raw L=89,R=87 8987->8987 vs 671 NO
#2:AB_CD|mul|raw L=89,R=87 7743->7743 vs 671 NO
#3:AB_CD|add|raw L=89,R=87 176->176 vs 671 NO
#4:AB_CD|sub|raw L=89,R=87 2->2 vs 671 NO
#5:AB_CD|absdiff|raw L=89,R=87 2->2 vs 671 NO
#6:BA_DC|cat|rev L=98,R=78 9878->8789 vs 671 NO
#7:BA_DC|mul|rev L=98,R=78 7644->4467 vs 671 NO
#8:BA_DC|add|rev L=98,R=78 176->671 vs 671 YES

S4: VER
E2: 58)18 = 661
BA_DC|add|rev L=85,R=81 166->661 vs 661 YES

S5: LOCK: BA_DC|add|rev

S6: APPLY
Target: 34)62
BA_DC: L=43,R=26
add(43,26)=69 rev->96

S7: ANS=96

\boxed{96}"
32a812cd,"In Alice's Wonderland, a secret set of transformation rules is applied to equations. Below are a few examples:
66-27 = 1782
94{67 = {27
58{17 = {41
Now, determine the result for: 12-37",444,Equation Numeric,"I identify this as a symbol-digit (equation numeric) task: two-digit operands built from A,B,C,D, one operator, and a format. I group examples by the target operator, scan (pairing|op|format) until examples match and the target matches the boxed answer, then apply. I ignore flavor text.

S2: PARSE
Operator: '-'
Target: 12-37  A=1,B=2,C=3,D=7
Examples using '-':
  E1: 66-27 = 1782

S3: SCAN
#1:AB_CD|cat|raw L=66,R=27 6627->6627 vs 1782 NO
#2:AB_CD|mul|raw L=66,R=27 1782->1782 vs 1782 YES

S5: LOCK: AB_CD|mul|raw

S6: APPLY
Target: 12-37
AB_CD: L=12,R=37
mul(12,37)=444 raw->444

S7: ANS=444

\boxed{444}"
33093ed0,"In Alice's Wonderland, a secret set of transformation rules is applied to equations. Below are a few examples:
75+79 = 7975
99*47 = 4799
95*65 = 6595
15-82 = 32
Now, determine the result for: 07-79",-72,Equation Numeric,"I identify this as a symbol-digit (equation numeric) task: two-digit operands built from A,B,C,D, one operator, and a format. I group examples by the target operator, scan (pairing|op|format) until examples match and the target matches the boxed answer, then apply. I ignore flavor text.

S2: PARSE
Operator: '-'
Target: 07-79  A=0,B=7,C=7,D=9
Examples using '-':
  E1: 15-82 = 32

S3: SCAN
#1:AB_CD|cat|raw L=15,R=82 1582->1582 vs 32 NO
#2:AB_CD|mul|raw L=15,R=82 1230->1230 vs 32 NO
#3:AB_CD|add|raw L=15,R=82 97->97 vs 32 NO
#4:AB_CD|sub|raw L=15,R=82 -67->-67 vs 32 NO
#5:AB_CD|absdiff|raw L=15,R=82 67->67 vs 32 NO
#6:BA_DC|cat|rev L=51,R=28 5128->8215 vs 32 NO
#7:BA_DC|mul|rev L=51,R=28 1428->8241 vs 32 NO
#8:BA_DC|add|rev L=51,R=28 79->97 vs 32 NO
#9:BA_DC|cat|raw L=51,R=28 5128->5128 vs 32 NO
#10:AB_CD|cat|rev L=15,R=82 1582->2851 vs 32 NO
#11:AB_CD|mul|rev L=15,R=82 1230->0321 vs 32 NO
#12:AB_CD|add|rev L=15,R=82 97->79 vs 32 NO

S5: LOCK: BA_DC|sub|rev

S6: APPLY
Target: 07-79
BA_DC: L=70,R=97
sub(70,97)=-27 rev->-72

S7: ANS=-72

\boxed{-72}"
330d5ef1,"In Alice's Wonderland, a secret set of transformation rules is applied to equations. Below are a few examples:
57-76 = 8
07*33 = 0132
26*48 = 8025
17-76 = 4
Now, determine the result for: 27*56",0864,Equation Numeric,"I identify this as a symbol-digit (equation numeric) task: two-digit operands built from A,B,C,D, one operator, and a format. I group examples by the target operator, scan (pairing|op|format) until examples match and the target matches the boxed answer, then apply. I ignore flavor text.

S2: PARSE
Operator: '*'
Target: 27*56  A=2,B=7,C=5,D=6
Examples using '*':
  E1: 07*33 = 0132
  E2: 26*48 = 8025

S3: SCAN
#1:AB_CD|cat|raw L=7,R=33 733->733 vs 0132 NO
#2:AB_CD|mul|raw L=7,R=33 231->231 vs 0132 NO
#3:AB_CD|add|raw L=7,R=33 40->40 vs 0132 NO
#4:AB_CD|sub|raw L=7,R=33 -26->-26 vs 0132 NO
#5:AB_CD|absdiff|raw L=7,R=33 26->26 vs 0132 NO
#6:BA_DC|cat|rev L=70,R=33 7033->3307 vs 0132 NO
#7:BA_DC|mul|rev L=70,R=33 2310->0132 vs 0132 YES

S4: VER
E2: 26*48 = 8025
BA_DC|mul|rev L=62,R=84 5208->8025 vs 8025 YES

S5: LOCK: BA_DC|mul|rev

S6: APPLY
Target: 27*56
BA_DC: L=72,R=65
mul(72,65)=4680 rev->0864

S7: ANS=0864

\boxed{0864}"
333d93ec,"In Alice's Wonderland, a secret set of transformation rules is applied to equations. Below are a few examples:
85+27 = 131
16+97 = 141
16+76 = 921
86-28 = 41
63-52 = 11
Now, determine the result for: 44-73",7,Equation Numeric,"I identify this as a symbol-digit (equation numeric) task: two-digit operands built from A,B,C,D, one operator, and a format. I group examples by the target operator, scan (pairing|op|format) until examples match and the target matches the boxed answer, then apply. I ignore flavor text.

S2: PARSE
Operator: '-'
Target: 44-73  A=4,B=4,C=7,D=3
Examples using '-':
  E1: 86-28 = 41
  E2: 63-52 = 11

S3: SCAN
#1:AB_CD|cat|raw L=86,R=28 8628->8628 vs 41 NO
#2:AB_CD|mul|raw L=86,R=28 2408->2408 vs 41 NO
#3:AB_CD|add|raw L=86,R=28 114->114 vs 41 NO
#4:AB_CD|sub|raw L=86,R=28 58->58 vs 41 NO
#5:AB_CD|absdiff|raw L=86,R=28 58->58 vs 41 NO
#6:BA_DC|cat|rev L=68,R=82 6882->2886 vs 41 NO
#7:BA_DC|mul|rev L=68,R=82 5576->6755 vs 41 NO
#8:BA_DC|add|rev L=68,R=82 150->051 vs 41 NO
#9:BA_DC|cat|raw L=68,R=82 6882->6882 vs 41 NO
#10:AB_CD|cat|rev L=86,R=28 8628->8268 vs 41 NO
#11:AB_CD|mul|rev L=86,R=28 2408->8042 vs 41 NO
#12:AB_CD|add|rev L=86,R=28 114->411 vs 41 NO

S4: VER
E2: 63-52 = 11
BA_DC|absdiff|rev L=36,R=25 11->11 vs 11 YES

S5: LOCK: BA_DC|absdiff|rev

S6: APPLY
Target: 44-73
BA_DC: L=44,R=37
absdiff(44,37)=7 rev->7

S7: ANS=7

\boxed{7}"
3383d4ec,"In Alice's Wonderland, a secret set of transformation rules is applied to equations. Below are a few examples:
88-12 = 76
32+44 = 4432
32+72 = 7232
Now, determine the result for: 39-72",66,Equation Numeric,"I identify this as a symbol-digit (equation numeric) task: two-digit operands built from A,B,C,D, one operator, and a format. I group examples by the target operator, scan (pairing|op|format) until examples match and the target matches the boxed answer, then apply. I ignore flavor text.

S2: PARSE
Operator: '-'
Target: 39-72  A=3,B=9,C=7,D=2
Examples using '-':
  E1: 88-12 = 76

S3: SCAN
#1:AB_CD|cat|raw L=88,R=12 8812->8812 vs 76 NO
#2:AB_CD|mul|raw L=88,R=12 1056->1056 vs 76 NO
#3:AB_CD|add|raw L=88,R=12 100->100 vs 76 NO
#4:AB_CD|sub|raw L=88,R=12 76->76 vs 76 NO
#5:AB_CD|absdiff|raw L=88,R=12 76->76 vs 76 NO
#6:BA_DC|cat|rev L=88,R=21 8821->1288 vs 76 NO
#7:BA_DC|mul|rev L=88,R=21 1848->8481 vs 76 NO
#8:BA_DC|add|rev L=88,R=21 109->901 vs 76 NO
#9:BA_DC|cat|raw L=88,R=21 8821->8821 vs 76 NO
#10:AB_CD|cat|rev L=88,R=12 8812->2188 vs 76 NO
#11:AB_CD|mul|rev L=88,R=12 1056->6501 vs 76 NO
#12:AB_CD|add|rev L=88,R=12 100->001 vs 76 NO

S5: LOCK: BA_DC|sub|rev

S6: APPLY
Target: 39-72
BA_DC: L=93,R=27
sub(93,27)=66 rev->66

S7: ANS=66

\boxed{66}"
347477c5,"In Alice's Wonderland, a secret set of transformation rules is applied to equations. Below are a few examples:
10?30 = 40
87]69 = 6004
11@87 = @76
96@41 = @55
Now, determine the result for: 78]15",1171,Equation Numeric,"I identify this as a symbol-digit (equation numeric) task: two-digit operands built from A,B,C,D, one operator, and a format. I group examples by the target operator, scan (pairing|op|format) until examples match and the target matches the boxed answer, then apply. I ignore flavor text.

S2: PARSE
Operator: ']'
Target: 78]15  A=7,B=8,C=1,D=5
Examples using ']':
  E1: 87]69 = 6004

S3: SCAN
#1:AB_CD|cat|raw L=87,R=69 8769->8769 vs 6004 NO
#2:AB_CD|mul|raw L=87,R=69 6003->6003 vs 6004 NO
#3:AB_CD|add|raw L=87,R=69 156->156 vs 6004 NO
#4:AB_CD|sub|raw L=87,R=69 18->18 vs 6004 NO
#5:AB_CD|absdiff|raw L=87,R=69 18->18 vs 6004 NO
#6:BA_DC|cat|rev L=78,R=96 7896->6987 vs 6004 NO
#7:BA_DC|mul|rev L=78,R=96 7488->8847 vs 6004 NO
#8:BA_DC|add|rev L=78,R=96 174->471 vs 6004 NO
#9:BA_DC|cat|raw L=78,R=96 7896->7896 vs 6004 NO
#10:AB_CD|cat|rev L=87,R=69 8769->9678 vs 6004 NO
#11:AB_CD|mul|rev L=87,R=69 6003->3006 vs 6004 NO
#12:AB_CD|add|rev L=87,R=69 156->651 vs 6004 NO

S5: LOCK: AB_CD|muladd1|raw

S6: APPLY
Target: 78]15
AB_CD: L=78,R=15
muladd1(78,15)=1171 raw->1171

S7: ANS=1171

\boxed{1171}"
348d6225,"In Alice's Wonderland, a secret set of transformation rules is applied to equations. Below are a few examples:
48+09 = 471
35>98 = 6174
26+11 = 37
Now, determine the result for: 55+43",98,Equation Numeric,"I identify this as a symbol-digit (equation numeric) task: two-digit operands built from A,B,C,D, one operator, and a format. I group examples by the target operator, scan (pairing|op|format) until examples match and the target matches the boxed answer, then apply. I ignore flavor text.

S2: PARSE
Operator: '+'
Target: 55+43  A=5,B=5,C=4,D=3
Examples using '+':
  E1: 48+09 = 471
  E2: 26+11 = 37

S3: SCAN
#1:AB_CD|cat|raw L=48,R=9 489->489 vs 471 NO
#2:AB_CD|mul|raw L=48,R=9 432->432 vs 471 NO
#3:AB_CD|add|raw L=48,R=9 57->57 vs 471 NO
#4:AB_CD|sub|raw L=48,R=9 39->39 vs 471 NO
#5:AB_CD|absdiff|raw L=48,R=9 39->39 vs 471 NO
#6:BA_DC|cat|rev L=84,R=90 8490->0948 vs 471 NO
#7:BA_DC|mul|rev L=84,R=90 7560->0657 vs 471 NO
#8:BA_DC|add|rev L=84,R=90 174->471 vs 471 YES

S4: VER
E2: 26+11 = 37
BA_DC|add|rev L=62,R=11 73->37 vs 37 YES

S5: LOCK: BA_DC|add|rev

S6: APPLY
Target: 55+43
BA_DC: L=55,R=34
add(55,34)=89 rev->98

S7: ANS=98

\boxed{98}"
35661801,"In Alice's Wonderland, a secret set of transformation rules is applied to equations. Below are a few examples:
72""28 = 7228
62'49 = 111
83'44 = 127
Now, determine the result for: 90'38",128,Equation Numeric,"I identify this as a symbol-digit (equation numeric) task: two-digit operands built from A,B,C,D, one operator, and a format. I group examples by the target operator, scan (pairing|op|format) until examples match and the target matches the boxed answer, then apply. I ignore flavor text.

S2: PARSE
Operator: '''
Target: 90'38  A=9,B=0,C=3,D=8
Examples using ''':
  E1: 62'49 = 111
  E2: 83'44 = 127

S3: SCAN
#1:AB_CD|cat|raw L=62,R=49 6249->6249 vs 111 NO
#2:AB_CD|mul|raw L=62,R=49 3038->3038 vs 111 NO
#3:AB_CD|add|raw L=62,R=49 111->111 vs 111 YES

S4: VER
E2: 83'44 = 127
AB_CD|add|raw L=83,R=44 127->127 vs 127 YES

S5: LOCK: AB_CD|add|raw

S6: APPLY
Target: 90'38
AB_CD: L=90,R=38
add(90,38)=128 raw->128

S7: ANS=128

\boxed{128}"
35672155,"In Alice's Wonderland, a secret set of transformation rules is applied to equations. Below are a few examples:
66*59 = *92
15:16 = 1113
27:56 = 0864
Now, determine the result for: 76:27",4284,Equation Numeric,"I identify this as a symbol-digit (equation numeric) task: two-digit operands built from A,B,C,D, one operator, and a format. I group examples by the target operator, scan (pairing|op|format) until examples match and the target matches the boxed answer, then apply. I ignore flavor text.

S2: PARSE
Operator: ':'
Target: 76:27  A=7,B=6,C=2,D=7
Examples using ':':
  E1: 15:16 = 1113
  E2: 27:56 = 0864

S3: SCAN
#1:AB_CD|cat|raw L=15,R=16 1516->1516 vs 1113 NO
#2:AB_CD|mul|raw L=15,R=16 240->240 vs 1113 NO
#3:AB_CD|add|raw L=15,R=16 31->31 vs 1113 NO
#4:AB_CD|sub|raw L=15,R=16 -1->-1 vs 1113 NO
#5:AB_CD|absdiff|raw L=15,R=16 1->1 vs 1113 NO
#6:BA_DC|cat|rev L=51,R=61 5161->1615 vs 1113 NO
#7:BA_DC|mul|rev L=51,R=61 3111->1113 vs 1113 YES

S4: VER
E2: 27:56 = 0864
BA_DC|mul|rev L=72,R=65 4680->0864 vs 0864 YES

S5: LOCK: BA_DC|mul|rev

S6: APPLY
Target: 76:27
BA_DC: L=67,R=72
mul(67,72)=4824 rev->4284

S7: ANS=4284

\boxed{4284}"
3580648f,"In Alice's Wonderland, a secret set of transformation rules is applied to equations. Below are a few examples:
83/40 = /43
69/91 = /22
87-64 = 8764
21-13 = 2113
25/14 = /11
Now, determine the result for: 26-40",2640,Equation Numeric,"I identify this as a symbol-digit (equation numeric) task: two-digit operands built from A,B,C,D, one operator, and a format. I group examples by the target operator, scan (pairing|op|format) until examples match and the target matches the boxed answer, then apply. I ignore flavor text.

S2: PARSE
Operator: '-'
Target: 26-40  A=2,B=6,C=4,D=0
Examples using '-':
  E1: 87-64 = 8764
  E2: 21-13 = 2113

S3: SCAN
#1:AB_CD|cat|raw L=87,R=64 8764->8764 vs 8764 YES

S4: VER
E2: 21-13 = 2113
AB_CD|cat|raw L=21,R=13 2113->2113 vs 2113 YES

S5: LOCK: AB_CD|cat|raw

S6: APPLY
Target: 26-40
AB_CD: L=26,R=40
cat(26,40)=2640 raw->2640

S7: ANS=2640

\boxed{2640}"
35a89469,"In Alice's Wonderland, a secret set of transformation rules is applied to equations. Below are a few examples:
53[40 = 5340
29<13 = 377
92<24 = 2208
75<18 = 1350
Now, determine the result for: 95[25",9525,Equation Numeric,"I identify this as a symbol-digit (equation numeric) task: two-digit operands built from A,B,C,D, one operator, and a format. I group examples by the target operator, scan (pairing|op|format) until examples match and the target matches the boxed answer, then apply. I ignore flavor text.

S2: PARSE
Operator: '['
Target: 95[25  A=9,B=5,C=2,D=5
Examples using '[':
  E1: 53[40 = 5340

S3: SCAN
#1:AB_CD|cat|raw L=53,R=40 5340->5340 vs 5340 YES

S5: LOCK: AB_CD|cat|raw

S6: APPLY
Target: 95[25
AB_CD: L=95,R=25
cat(95,25)=9525 raw->9525

S7: ANS=9525

\boxed{9525}"
3687b4bb,"In Alice's Wonderland, a secret set of transformation rules is applied to equations. Below are a few examples:
24`28 = 3443
65#51 = 17
87`61 = 7421
52`01 = 942
14#57 = 611
Now, determine the result for: 53`95",4602,Equation Numeric,"I identify this as a symbol-digit (equation numeric) task: two-digit operands built from A,B,C,D, one operator, and a format. I group examples by the target operator, scan (pairing|op|format) until examples match and the target matches the boxed answer, then apply. I ignore flavor text.

S2: PARSE
Operator: '`'
Target: 53`95  A=5,B=3,C=9,D=5
Examples using '`':
  E1: 24`28 = 3443
  E2: 87`61 = 7421
  E3: 52`01 = 942

S3: SCAN
#1:AB_CD|cat|raw L=24,R=28 2428->2428 vs 3443 NO
#2:AB_CD|mul|raw L=24,R=28 672->672 vs 3443 NO
#3:AB_CD|add|raw L=24,R=28 52->52 vs 3443 NO
#4:AB_CD|sub|raw L=24,R=28 -4->-4 vs 3443 NO
#5:AB_CD|absdiff|raw L=24,R=28 4->4 vs 3443 NO
#6:BA_DC|cat|rev L=42,R=82 4282->2824 vs 3443 NO
#7:BA_DC|mul|rev L=42,R=82 3444->4443 vs 3443 NO
#8:BA_DC|add|rev L=42,R=82 124->421 vs 3443 NO
#9:BA_DC|cat|raw L=42,R=82 4282->4282 vs 3443 NO
#10:AB_CD|cat|rev L=24,R=28 2428->8242 vs 3443 NO
#11:AB_CD|mul|rev L=24,R=28 672->276 vs 3443 NO
#12:AB_CD|add|rev L=24,R=28 52->25 vs 3443 NO

S4: VER
E2: 87`61 = 7421
BA_DC|mulsub1|rev L=78,R=16 1247->7421 vs 7421 YES

S5: LOCK: BA_DC|mulsub1|rev

S6: APPLY
Target: 53`95
BA_DC: L=35,R=59
mulsub1(35,59)=2064 rev->4602

S7: ANS=4602

\boxed{4602}"
372bb422,"In Alice's Wonderland, a secret set of transformation rules is applied to equations. Below are a few examples:
74<46 = <28
43(81 = 4381
61<12 = <49
Now, determine the result for: 75(60",7560,Equation Numeric,"I identify this as a symbol-digit (equation numeric) task: two-digit operands built from A,B,C,D, one operator, and a format. I group examples by the target operator, scan (pairing|op|format) until examples match and the target matches the boxed answer, then apply. I ignore flavor text.

S2: PARSE
Operator: '('
Target: 75(60  A=7,B=5,C=6,D=0
Examples using '(':
  E1: 43(81 = 4381

S3: SCAN
#1:AB_CD|cat|raw L=43,R=81 4381->4381 vs 4381 YES

S5: LOCK: AB_CD|cat|raw

S6: APPLY
Target: 75(60
AB_CD: L=75,R=60
cat(75,60)=7560 raw->7560

S7: ANS=7560

\boxed{7560}"
379d18b7,"In Alice's Wonderland, a secret set of transformation rules is applied to equations. Below are a few examples:
84'59 = 241
84*67 = *82
78'78 = 371
93'18 = 911
05!84 = 0042
Now, determine the result for: 22!64",2101,Equation Numeric,"I identify this as a symbol-digit (equation numeric) task: two-digit operands built from A,B,C,D, one operator, and a format. I group examples by the target operator, scan (pairing|op|format) until examples match and the target matches the boxed answer, then apply. I ignore flavor text.

S2: PARSE
Operator: '!'
Target: 22!64  A=2,B=2,C=6,D=4
Examples using '!':
  E1: 05!84 = 0042

S3: SCAN
#1:AB_CD|cat|raw L=5,R=84 584->584 vs 0042 NO
#2:AB_CD|mul|raw L=5,R=84 420->420 vs 0042 NO
#3:AB_CD|add|raw L=5,R=84 89->89 vs 0042 NO
#4:AB_CD|sub|raw L=5,R=84 -79->-79 vs 0042 NO
#5:AB_CD|absdiff|raw L=5,R=84 79->79 vs 0042 NO
#6:BA_DC|cat|rev L=50,R=48 5048->8405 vs 0042 NO
#7:BA_DC|mul|rev L=50,R=48 2400->0042 vs 0042 YES

S5: LOCK: BA_DC|mul|rev

S6: APPLY
Target: 22!64
BA_DC: L=22,R=46
mul(22,46)=1012 rev->2101

S7: ANS=2101

\boxed{2101}"
37a2a7ff,"In Alice's Wonderland, a secret set of transformation rules is applied to equations. Below are a few examples:
46-53 = 2438
82#10 = 2
67#40 = 27
12/74 = 1274
Now, determine the result for: 84/83",8483,Equation Numeric,"I identify this as a symbol-digit (equation numeric) task: two-digit operands built from A,B,C,D, one operator, and a format. I group examples by the target operator, scan (pairing|op|format) until examples match and the target matches the boxed answer, then apply. I ignore flavor text.

S2: PARSE
Operator: '/'
Target: 84/83  A=8,B=4,C=8,D=3
Examples using '/':
  E1: 12/74 = 1274

S3: SCAN
#1:AB_CD|cat|raw L=12,R=74 1274->1274 vs 1274 YES

S5: LOCK: AB_CD|cat|raw

S6: APPLY
Target: 84/83
AB_CD: L=84,R=83
cat(84,83)=8483 raw->8483

S7: ANS=8483

\boxed{8483}"
37f04e3e,"In Alice's Wonderland, a secret set of transformation rules is applied to equations. Below are a few examples:
34}51 = 546
96}07 = 0384
29^41 = 601
Now, determine the result for: 85}05",0092,Equation Numeric,"I identify this as a symbol-digit (equation numeric) task: two-digit operands built from A,B,C,D, one operator, and a format. I group examples by the target operator, scan (pairing|op|format) until examples match and the target matches the boxed answer, then apply. I ignore flavor text.

S2: PARSE
Operator: '}'
Target: 85}05  A=8,B=5,C=0,D=5
Examples using '}':
  E1: 34}51 = 546
  E2: 96}07 = 0384

S3: SCAN
#1:AB_CD|cat|raw L=34,R=51 3451->3451 vs 546 NO
#2:AB_CD|mul|raw L=34,R=51 1734->1734 vs 546 NO
#3:AB_CD|add|raw L=34,R=51 85->85 vs 546 NO
#4:AB_CD|sub|raw L=34,R=51 -17->-17 vs 546 NO
#5:AB_CD|absdiff|raw L=34,R=51 17->17 vs 546 NO
#6:BA_DC|cat|rev L=43,R=15 4315->5134 vs 546 NO
#7:BA_DC|mul|rev L=43,R=15 645->546 vs 546 YES

S4: VER
E2: 96}07 = 0384
BA_DC|mul|rev L=69,R=70 4830->0384 vs 0384 YES

S5: LOCK: BA_DC|mul|rev

S6: APPLY
Target: 85}05
BA_DC: L=58,R=50
mul(58,50)=2900 rev->0092

S7: ANS=0092

\boxed{0092}"
3831c67a,"In Alice's Wonderland, a secret set of transformation rules is applied to equations. Below are a few examples:
32+26 = 58
83-49 = -65
11*27 = 2711
Now, determine the result for: 46*51",5146,Equation Numeric,"I identify this as a symbol-digit (equation numeric) task: two-digit operands built from A,B,C,D, one operator, and a format. I group examples by the target operator, scan (pairing|op|format) until examples match and the target matches the boxed answer, then apply. I ignore flavor text.

S2: PARSE
Operator: '*'
Target: 46*51  A=4,B=6,C=5,D=1
Examples using '*':
  E1: 11*27 = 2711

S3: SCAN
#1:AB_CD|cat|raw L=11,R=27 1127->1127 vs 2711 NO
#2:AB_CD|mul|raw L=11,R=27 297->297 vs 2711 NO
#3:AB_CD|add|raw L=11,R=27 38->38 vs 2711 NO
#4:AB_CD|sub|raw L=11,R=27 -16->-16 vs 2711 NO
#5:AB_CD|absdiff|raw L=11,R=27 16->16 vs 2711 NO
#6:BA_DC|cat|rev L=11,R=72 1172->2711 vs 2711 YES

S5: LOCK: BA_DC|cat|rev

S6: APPLY
Target: 46*51
BA_DC: L=64,R=15
cat(64,15)=6415 rev->5146

S7: ANS=5146

\boxed{5146}"
383889e1,"In Alice's Wonderland, a secret set of transformation rules is applied to equations. Below are a few examples:
28(26 = 02
51(95 = (44
88""85 = 8588
42""28 = 2842
Now, determine the result for: 85""51",5185,Equation Numeric,"I identify this as a symbol-digit (equation numeric) task: two-digit operands built from A,B,C,D, one operator, and a format. I group examples by the target operator, scan (pairing|op|format) until examples match and the target matches the boxed answer, then apply. I ignore flavor text.

S2: PARSE
Operator: '""'
Target: 85""51  A=8,B=5,C=5,D=1
Examples using '""':
  E1: 88""85 = 8588
  E2: 42""28 = 2842

S3: SCAN
#1:AB_CD|cat|raw L=88,R=85 8885->8885 vs 8588 NO
#2:AB_CD|mul|raw L=88,R=85 7480->7480 vs 8588 NO
#3:AB_CD|add|raw L=88,R=85 173->173 vs 8588 NO
#4:AB_CD|sub|raw L=88,R=85 3->3 vs 8588 NO
#5:AB_CD|absdiff|raw L=88,R=85 3->3 vs 8588 NO
#6:BA_DC|cat|rev L=88,R=58 8858->8588 vs 8588 YES

S4: VER
E2: 42""28 = 2842
BA_DC|cat|rev L=24,R=82 2482->2842 vs 2842 YES

S5: LOCK: BA_DC|cat|rev

S6: APPLY
Target: 85""51
BA_DC: L=58,R=15
cat(58,15)=5815 rev->5185

S7: ANS=5185

\boxed{5185}"
38e98135,"In Alice's Wonderland, a secret set of transformation rules is applied to equations. Below are a few examples:
39^23 = 898
92!33 = 59
50`47 = 98
Now, determine the result for: 88^57",5017,Equation Numeric,"I identify this as a symbol-digit (equation numeric) task: two-digit operands built from A,B,C,D, one operator, and a format. I group examples by the target operator, scan (pairing|op|format) until examples match and the target matches the boxed answer, then apply. I ignore flavor text.

S2: PARSE
Operator: '^'
Target: 88^57  A=8,B=8,C=5,D=7
Examples using '^':
  E1: 39^23 = 898

S3: SCAN
#1:AB_CD|cat|raw L=39,R=23 3923->3923 vs 898 NO
#2:AB_CD|mul|raw L=39,R=23 897->897 vs 898 NO
#3:AB_CD|add|raw L=39,R=23 62->62 vs 898 NO
#4:AB_CD|sub|raw L=39,R=23 16->16 vs 898 NO
#5:AB_CD|absdiff|raw L=39,R=23 16->16 vs 898 NO
#6:BA_DC|cat|rev L=93,R=32 9332->2339 vs 898 NO
#7:BA_DC|mul|rev L=93,R=32 2976->6792 vs 898 NO
#8:BA_DC|add|rev L=93,R=32 125->521 vs 898 NO
#9:BA_DC|cat|raw L=93,R=32 9332->9332 vs 898 NO
#10:AB_CD|cat|rev L=39,R=23 3923->3293 vs 898 NO
#11:AB_CD|mul|rev L=39,R=23 897->798 vs 898 NO
#12:AB_CD|add|rev L=39,R=23 62->26 vs 898 NO

S5: LOCK: AB_CD|muladd1|raw

S6: APPLY
Target: 88^57
AB_CD: L=88,R=57
muladd1(88,57)=5017 raw->5017

S7: ANS=5017

\boxed{5017}"
3937cbf8,"In Alice's Wonderland, a secret set of transformation rules is applied to equations. Below are a few examples:
23+52 = 75
84-64 = -2
33+82 = 16
01*95 = 985
Now, determine the result for: 84+61",46,Equation Numeric,"I identify this as a symbol-digit (equation numeric) task: two-digit operands built from A,B,C,D, one operator, and a format. I group examples by the target operator, scan (pairing|op|format) until examples match and the target matches the boxed answer, then apply. I ignore flavor text.

S2: PARSE
Operator: '+'
Target: 84+61  A=8,B=4,C=6,D=1
Examples using '+':
  E1: 23+52 = 75
  E2: 33+82 = 16

S3: SCAN
#1:AB_CD|cat|raw L=23,R=52 2352->2352 vs 75 NO
#2:AB_CD|mul|raw L=23,R=52 1196->1196 vs 75 NO
#3:AB_CD|add|raw L=23,R=52 75->75 vs 75 NO
#4:AB_CD|sub|raw L=23,R=52 -29->-29 vs 75 NO
#5:AB_CD|absdiff|raw L=23,R=52 29->29 vs 75 NO
#6:BA_DC|cat|rev L=32,R=25 3225->5223 vs 75 NO
#7:BA_DC|mul|rev L=32,R=25 800->008 vs 75 NO
#8:BA_DC|add|rev L=32,R=25 57->75 vs 75 YES

S4: VER
E2: 33+82 = 16
BA_DC|add|rev L=33,R=28 61->16 vs 16 YES

S5: LOCK: BA_DC|add|rev

S6: APPLY
Target: 84+61
BA_DC: L=48,R=16
add(48,16)=64 rev->46

S7: ANS=46

\boxed{46}"
39fd934f,"In Alice's Wonderland, a secret set of transformation rules is applied to equations. Below are a few examples:
34+33 = 57
31+13 = 34
25-74 = 5
98+55 = 341
69-42 = 27
Now, determine the result for: 32-23",-9,Equation Numeric,"I identify this as a symbol-digit (equation numeric) task: two-digit operands built from A,B,C,D, one operator, and a format. I group examples by the target operator, scan (pairing|op|format) until examples match and the target matches the boxed answer, then apply. I ignore flavor text.

S2: PARSE
Operator: '-'
Target: 32-23  A=3,B=2,C=2,D=3
Examples using '-':
  E1: 25-74 = 5
  E2: 69-42 = 27

S3: SCAN
#1:AB_CD|cat|raw L=25,R=74 2574->2574 vs 5 NO
#2:AB_CD|mul|raw L=25,R=74 1850->1850 vs 5 NO
#3:AB_CD|add|raw L=25,R=74 99->99 vs 5 NO
#4:AB_CD|sub|raw L=25,R=74 -49->-49 vs 5 NO
#5:AB_CD|absdiff|raw L=25,R=74 49->49 vs 5 NO
#6:BA_DC|cat|rev L=52,R=47 5247->7425 vs 5 NO
#7:BA_DC|mul|rev L=52,R=47 2444->4442 vs 5 NO
#8:BA_DC|add|rev L=52,R=47 99->99 vs 5 NO
#9:BA_DC|cat|raw L=52,R=47 5247->5247 vs 5 NO
#10:AB_CD|cat|rev L=25,R=74 2574->4752 vs 5 NO
#11:AB_CD|mul|rev L=25,R=74 1850->0581 vs 5 NO
#12:AB_CD|add|rev L=25,R=74 99->99 vs 5 NO

S4: VER
E2: 69-42 = 27
BA_DC|sub|rev L=96,R=24 72->27 vs 27 YES

S5: LOCK: BA_DC|sub|rev

S6: APPLY
Target: 32-23
BA_DC: L=23,R=32
sub(23,32)=-9 rev->-9

S7: ANS=-9

\boxed{-9}"
3acfa7a4,"In Alice's Wonderland, a secret set of transformation rules is applied to equations. Below are a few examples:
19-22 = 96
81}78 = 7881
44%92 = 6721
38-04 = 34
Now, determine the result for: 45%92",6651,Equation Numeric,"I identify this as a symbol-digit (equation numeric) task: two-digit operands built from A,B,C,D, one operator, and a format. I group examples by the target operator, scan (pairing|op|format) until examples match and the target matches the boxed answer, then apply. I ignore flavor text.

S2: PARSE
Operator: '%'
Target: 45%92  A=4,B=5,C=9,D=2
Examples using '%':
  E1: 44%92 = 6721

S3: SCAN
#1:AB_CD|cat|raw L=44,R=92 4492->4492 vs 6721 NO
#2:AB_CD|mul|raw L=44,R=92 4048->4048 vs 6721 NO
#3:AB_CD|add|raw L=44,R=92 136->136 vs 6721 NO
#4:AB_CD|sub|raw L=44,R=92 -48->-48 vs 6721 NO
#5:AB_CD|absdiff|raw L=44,R=92 48->48 vs 6721 NO
#6:BA_DC|cat|rev L=44,R=29 4429->9244 vs 6721 NO
#7:BA_DC|mul|rev L=44,R=29 1276->6721 vs 6721 YES

S5: LOCK: BA_DC|mul|rev

S6: APPLY
Target: 45%92
BA_DC: L=54,R=29
mul(54,29)=1566 rev->6651

S7: ANS=6651

\boxed{6651}"
3b2e0cc3,"In Alice's Wonderland, a secret set of transformation rules is applied to equations. Below are a few examples:
57-36 = 21
56+35 = 711
63-53 = 1
12*23 = 276
83*53 = 0331
Now, determine the result for: 57-38",8,Equation Numeric,"I identify this as a symbol-digit (equation numeric) task: two-digit operands built from A,B,C,D, one operator, and a format. I group examples by the target operator, scan (pairing|op|format) until examples match and the target matches the boxed answer, then apply. I ignore flavor text.

S2: PARSE
Operator: '-'
Target: 57-38  A=5,B=7,C=3,D=8
Examples using '-':
  E1: 57-36 = 21
  E2: 63-53 = 1

S3: SCAN
#1:AB_CD|cat|raw L=57,R=36 5736->5736 vs 21 NO
#2:AB_CD|mul|raw L=57,R=36 2052->2052 vs 21 NO
#3:AB_CD|add|raw L=57,R=36 93->93 vs 21 NO
#4:AB_CD|sub|raw L=57,R=36 21->21 vs 21 NO
#5:AB_CD|absdiff|raw L=57,R=36 21->21 vs 21 NO
#6:BA_DC|cat|rev L=75,R=63 7563->3657 vs 21 NO
#7:BA_DC|mul|rev L=75,R=63 4725->5274 vs 21 NO
#8:BA_DC|add|rev L=75,R=63 138->831 vs 21 NO
#9:BA_DC|cat|raw L=75,R=63 7563->7563 vs 21 NO
#10:AB_CD|cat|rev L=57,R=36 5736->6375 vs 21 NO
#11:AB_CD|mul|rev L=57,R=36 2052->2502 vs 21 NO
#12:AB_CD|add|rev L=57,R=36 93->39 vs 21 NO

S4: VER
E2: 63-53 = 1
BA_DC|absdiff|rev L=36,R=35 1->1 vs 1 YES

S5: LOCK: BA_DC|absdiff|rev

S6: APPLY
Target: 57-38
BA_DC: L=75,R=83
absdiff(75,83)=8 rev->8

S7: ANS=8

\boxed{8}"
3b51288b,"In Alice's Wonderland, a secret set of transformation rules is applied to equations. Below are a few examples:
19%38 = 3557
21%22 = 462
89+46 = +43
12%21 = 252
Now, determine the result for: 95%05",0592,Equation Numeric,"I identify this as a symbol-digit (equation numeric) task: two-digit operands built from A,B,C,D, one operator, and a format. I group examples by the target operator, scan (pairing|op|format) until examples match and the target matches the boxed answer, then apply. I ignore flavor text.

S2: PARSE
Operator: '%'
Target: 95%05  A=9,B=5,C=0,D=5
Examples using '%':
  E1: 19%38 = 3557
  E2: 21%22 = 462
  E3: 12%21 = 252

S3: SCAN
#1:AB_CD|cat|raw L=19,R=38 1938->1938 vs 3557 NO
#2:AB_CD|mul|raw L=19,R=38 722->722 vs 3557 NO
#3:AB_CD|add|raw L=19,R=38 57->57 vs 3557 NO
#4:AB_CD|sub|raw L=19,R=38 -19->-19 vs 3557 NO
#5:AB_CD|absdiff|raw L=19,R=38 19->19 vs 3557 NO
#6:BA_DC|cat|rev L=91,R=83 9183->3819 vs 3557 NO
#7:BA_DC|mul|rev L=91,R=83 7553->3557 vs 3557 YES

S4: VER
E2: 21%22 = 462
BA_DC|mul|rev L=12,R=22 264->462 vs 462 YES

S5: LOCK: BA_DC|mul|rev

S6: APPLY
Target: 95%05
BA_DC: L=59,R=50
mul(59,50)=2950 rev->0592

S7: ANS=0592

\boxed{0592}"
3b7e71b2,"In Alice's Wonderland, a secret set of transformation rules is applied to equations. Below are a few examples:
48|42 = 06|
02$89 = 811
54|77 = 23
02!67 = 1251
Now, determine the result for: 17!28",3285,Equation Numeric,"I identify this as a symbol-digit (equation numeric) task: two-digit operands built from A,B,C,D, one operator, and a format. I group examples by the target operator, scan (pairing|op|format) until examples match and the target matches the boxed answer, then apply. I ignore flavor text.

S2: PARSE
Operator: '!'
Target: 17!28  A=1,B=7,C=2,D=8
Examples using '!':
  E1: 02!67 = 1251

S3: SCAN
#1:AB_CD|cat|raw L=2,R=67 267->267 vs 1251 NO
#2:AB_CD|mul|raw L=2,R=67 134->134 vs 1251 NO
#3:AB_CD|add|raw L=2,R=67 69->69 vs 1251 NO
#4:AB_CD|sub|raw L=2,R=67 -65->-65 vs 1251 NO
#5:AB_CD|absdiff|raw L=2,R=67 65->65 vs 1251 NO
#6:BA_DC|cat|rev L=20,R=76 2076->6702 vs 1251 NO
#7:BA_DC|mul|rev L=20,R=76 1520->0251 vs 1251 NO
#8:BA_DC|add|rev L=20,R=76 96->69 vs 1251 NO
#9:BA_DC|cat|raw L=20,R=76 2076->2076 vs 1251 NO
#10:AB_CD|cat|rev L=2,R=67 267->762 vs 1251 NO
#11:AB_CD|mul|rev L=2,R=67 134->431 vs 1251 NO
#12:AB_CD|add|rev L=2,R=67 69->96 vs 1251 NO

S5: LOCK: BA_DC|muladd1|rev

S6: APPLY
Target: 17!28
BA_DC: L=71,R=82
muladd1(71,82)=5823 rev->3285

S7: ANS=3285

\boxed{3285}"
3b9e33f6,"In Alice's Wonderland, a secret set of transformation rules is applied to equations. Below are a few examples:
41+57 = 88
62*67 = 7791
12-19 = -07
27-79 = -52
Now, determine the result for: 31+39",501,Equation Numeric,"I identify this as a symbol-digit (equation numeric) task: two-digit operands built from A,B,C,D, one operator, and a format. I group examples by the target operator, scan (pairing|op|format) until examples match and the target matches the boxed answer, then apply. I ignore flavor text.

S2: PARSE
Operator: '+'
Target: 31+39  A=3,B=1,C=3,D=9
Examples using '+':
  E1: 41+57 = 88

S3: SCAN
#1:AB_CD|cat|raw L=41,R=57 4157->4157 vs 88 NO
#2:AB_CD|mul|raw L=41,R=57 2337->2337 vs 88 NO
#3:AB_CD|add|raw L=41,R=57 98->98 vs 88 NO
#4:AB_CD|sub|raw L=41,R=57 -16->-16 vs 88 NO
#5:AB_CD|absdiff|raw L=41,R=57 16->16 vs 88 NO
#6:BA_DC|cat|rev L=14,R=75 1475->5741 vs 88 NO
#7:BA_DC|mul|rev L=14,R=75 1050->0501 vs 88 NO
#8:BA_DC|add|rev L=14,R=75 89->98 vs 88 NO
#9:BA_DC|cat|raw L=14,R=75 1475->1475 vs 88 NO
#10:AB_CD|cat|rev L=41,R=57 4157->7514 vs 88 NO
#11:AB_CD|mul|rev L=41,R=57 2337->7332 vs 88 NO
#12:AB_CD|add|rev L=41,R=57 98->89 vs 88 NO

S5: LOCK: BA_DC|addm1|rev

S6: APPLY
Target: 31+39
BA_DC: L=13,R=93
addm1(13,93)=105 rev->501

S7: ANS=501

\boxed{501}"
3bf0875d,"In Alice's Wonderland, a secret set of transformation rules is applied to equations. Below are a few examples:
38%40 = 79
92/95 = 8741
75%74 = 150
62<38 = 24
Now, determine the result for: 28/38",1065,Equation Numeric,"I identify this as a symbol-digit (equation numeric) task: two-digit operands built from A,B,C,D, one operator, and a format. I group examples by the target operator, scan (pairing|op|format) until examples match and the target matches the boxed answer, then apply. I ignore flavor text.

S2: PARSE
Operator: '/'
Target: 28/38  A=2,B=8,C=3,D=8
Examples using '/':
  E1: 92/95 = 8741

S3: SCAN
#1:AB_CD|cat|raw L=92,R=95 9295->9295 vs 8741 NO
#2:AB_CD|mul|raw L=92,R=95 8740->8740 vs 8741 NO
#3:AB_CD|add|raw L=92,R=95 187->187 vs 8741 NO
#4:AB_CD|sub|raw L=92,R=95 -3->-3 vs 8741 NO
#5:AB_CD|absdiff|raw L=92,R=95 3->3 vs 8741 NO
#6:BA_DC|cat|rev L=29,R=59 2959->9592 vs 8741 NO
#7:BA_DC|mul|rev L=29,R=59 1711->1171 vs 8741 NO
#8:BA_DC|add|rev L=29,R=59 88->88 vs 8741 NO
#9:BA_DC|cat|raw L=29,R=59 2959->2959 vs 8741 NO
#10:AB_CD|cat|rev L=92,R=95 9295->5929 vs 8741 NO
#11:AB_CD|mul|rev L=92,R=95 8740->0478 vs 8741 NO
#12:AB_CD|add|rev L=92,R=95 187->781 vs 8741 NO

S5: LOCK: AB_CD|muladd1|raw

S6: APPLY
Target: 28/38
AB_CD: L=28,R=38
muladd1(28,38)=1065 raw->1065

S7: ANS=1065

\boxed{1065}"
3c12aeb9,"In Alice's Wonderland, a secret set of transformation rules is applied to equations. Below are a few examples:
68|06 = 62
12$29 = 311
29$51 = 701
98|25 = 73
27$85 = 031
Now, determine the result for: 27$15",321,Equation Numeric,"I identify this as a symbol-digit (equation numeric) task: two-digit operands built from A,B,C,D, one operator, and a format. I group examples by the target operator, scan (pairing|op|format) until examples match and the target matches the boxed answer, then apply. I ignore flavor text.

S2: PARSE
Operator: '$'
Target: 27$15  A=2,B=7,C=1,D=5
Examples using '$':
  E1: 12$29 = 311
  E2: 29$51 = 701
  E3: 27$85 = 031

S3: SCAN
#1:AB_CD|cat|raw L=12,R=29 1229->1229 vs 311 NO
#2:AB_CD|mul|raw L=12,R=29 348->348 vs 311 NO
#3:AB_CD|add|raw L=12,R=29 41->41 vs 311 NO
#4:AB_CD|sub|raw L=12,R=29 -17->-17 vs 311 NO
#5:AB_CD|absdiff|raw L=12,R=29 17->17 vs 311 NO
#6:BA_DC|cat|rev L=21,R=92 2192->2912 vs 311 NO
#7:BA_DC|mul|rev L=21,R=92 1932->2391 vs 311 NO
#8:BA_DC|add|rev L=21,R=92 113->311 vs 311 YES

S4: VER
E2: 29$51 = 701
BA_DC|add|rev L=92,R=15 107->701 vs 701 YES

S5: LOCK: BA_DC|add|rev

S6: APPLY
Target: 27$15
BA_DC: L=72,R=51
add(72,51)=123 rev->321

S7: ANS=321

\boxed{321}"
3c424916,"In Alice's Wonderland, a secret set of transformation rules is applied to equations. Below are a few examples:
26*84 = 5792
22+78 = 901
49*64 = 3234
Now, determine the result for: 82*55",9351,Equation Numeric,"I identify this as a symbol-digit (equation numeric) task: two-digit operands built from A,B,C,D, one operator, and a format. I group examples by the target operator, scan (pairing|op|format) until examples match and the target matches the boxed answer, then apply. I ignore flavor text.

S2: PARSE
Operator: '*'
Target: 82*55  A=8,B=2,C=5,D=5
Examples using '*':
  E1: 26*84 = 5792
  E2: 49*64 = 3234

S3: SCAN
#1:AB_CD|cat|raw L=26,R=84 2684->2684 vs 5792 NO
#2:AB_CD|mul|raw L=26,R=84 2184->2184 vs 5792 NO
#3:AB_CD|add|raw L=26,R=84 110->110 vs 5792 NO
#4:AB_CD|sub|raw L=26,R=84 -58->-58 vs 5792 NO
#5:AB_CD|absdiff|raw L=26,R=84 58->58 vs 5792 NO
#6:BA_DC|cat|rev L=62,R=48 6248->8426 vs 5792 NO
#7:BA_DC|mul|rev L=62,R=48 2976->6792 vs 5792 NO
#8:BA_DC|add|rev L=62,R=48 110->011 vs 5792 NO
#9:BA_DC|cat|raw L=62,R=48 6248->6248 vs 5792 NO
#10:AB_CD|cat|rev L=26,R=84 2684->4862 vs 5792 NO
#11:AB_CD|mul|rev L=26,R=84 2184->4812 vs 5792 NO
#12:AB_CD|add|rev L=26,R=84 110->011 vs 5792 NO

S4: VER
E2: 49*64 = 3234
BA_DC|mulsub1|rev L=94,R=46 4323->3234 vs 3234 YES

S5: LOCK: BA_DC|mulsub1|rev

S6: APPLY
Target: 82*55
BA_DC: L=28,R=55
mulsub1(28,55)=1539 rev->9351

S7: ANS=9351

\boxed{9351}"
3c8a4e7c,"In Alice's Wonderland, a secret set of transformation rules is applied to equations. Below are a few examples:
05{51 = 56
63{02 = 65
76\74 = 9413
44{27 = 611
Now, determine the result for: 21\34",615,Equation Numeric,"I identify this as a symbol-digit (equation numeric) task: two-digit operands built from A,B,C,D, one operator, and a format. I group examples by the target operator, scan (pairing|op|format) until examples match and the target matches the boxed answer, then apply. I ignore flavor text.

S2: PARSE
Operator: '\'
Target: 21\34  A=2,B=1,C=3,D=4
Examples using '\':
  E1: 76\74 = 9413

S3: SCAN
#1:AB_CD|cat|raw L=76,R=74 7674->7674 vs 9413 NO
#2:AB_CD|mul|raw L=76,R=74 5624->5624 vs 9413 NO
#3:AB_CD|add|raw L=76,R=74 150->150 vs 9413 NO
#4:AB_CD|sub|raw L=76,R=74 2->2 vs 9413 NO
#5:AB_CD|absdiff|raw L=76,R=74 2->2 vs 9413 NO
#6:BA_DC|cat|rev L=67,R=47 6747->7476 vs 9413 NO
#7:BA_DC|mul|rev L=67,R=47 3149->9413 vs 9413 YES

S5: LOCK: BA_DC|mul|rev

S6: APPLY
Target: 21\34
BA_DC: L=12,R=43
mul(12,43)=516 rev->615

S7: ANS=615

\boxed{615}"
3ec77e36,"In Alice's Wonderland, a secret set of transformation rules is applied to equations. Below are a few examples:
54*39 = 6814
75+51 = 27
73-26 = -52
68+37 = 951
87+28 = 061
Now, determine the result for: 86+83",601,Equation Numeric,"I identify this as a symbol-digit (equation numeric) task: two-digit operands built from A,B,C,D, one operator, and a format. I group examples by the target operator, scan (pairing|op|format) until examples match and the target matches the boxed answer, then apply. I ignore flavor text.

S2: PARSE
Operator: '+'
Target: 86+83  A=8,B=6,C=8,D=3
Examples using '+':
  E1: 75+51 = 27
  E2: 68+37 = 951
  E3: 87+28 = 061

S3: SCAN
#1:AB_CD|cat|raw L=75,R=51 7551->7551 vs 27 NO
#2:AB_CD|mul|raw L=75,R=51 3825->3825 vs 27 NO
#3:AB_CD|add|raw L=75,R=51 126->126 vs 27 NO
#4:AB_CD|sub|raw L=75,R=51 24->24 vs 27 NO
#5:AB_CD|absdiff|raw L=75,R=51 24->24 vs 27 NO
#6:BA_DC|cat|rev L=57,R=15 5715->5175 vs 27 NO
#7:BA_DC|mul|rev L=57,R=15 855->558 vs 27 NO
#8:BA_DC|add|rev L=57,R=15 72->27 vs 27 YES

S4: VER
E2: 68+37 = 951
BA_DC|add|rev L=86,R=73 159->951 vs 951 YES

S5: LOCK: BA_DC|add|rev

S6: APPLY
Target: 86+83
BA_DC: L=68,R=38
add(68,38)=106 rev->601

S7: ANS=601

\boxed{601}"
3ee36e0a,"In Alice's Wonderland, a secret set of transformation rules is applied to equations. Below are a few examples:
15-69 = -54
74)02 = 149
24>42 = 66
Now, determine the result for: 48-99",-51,Equation Numeric,"I identify this as a symbol-digit (equation numeric) task: two-digit operands built from A,B,C,D, one operator, and a format. I group examples by the target operator, scan (pairing|op|format) until examples match and the target matches the boxed answer, then apply. I ignore flavor text.

S2: PARSE
Operator: '-'
Target: 48-99  A=4,B=8,C=9,D=9
Examples using '-':
  E1: 15-69 = -54

S3: SCAN
#1:AB_CD|cat|raw L=15,R=69 1569->1569 vs -54 NO
#2:AB_CD|mul|raw L=15,R=69 1035->1035 vs -54 NO
#3:AB_CD|add|raw L=15,R=69 84->84 vs -54 NO
#4:AB_CD|sub|raw L=15,R=69 -54->-54 vs -54 YES

S5: LOCK: AB_CD|sub|raw

S6: APPLY
Target: 48-99
AB_CD: L=48,R=99
sub(48,99)=-51 raw->-51

S7: ANS=-51

\boxed{-51}"
3efc46c1,"In Alice's Wonderland, a secret set of transformation rules is applied to equations. Below are a few examples:
36[15 = 3615
55/38 = 93
67<89 = 22
86[39 = 8639
Now, determine the result for: 39[64",3964,Equation Numeric,"I identify this as a symbol-digit (equation numeric) task: two-digit operands built from A,B,C,D, one operator, and a format. I group examples by the target operator, scan (pairing|op|format) until examples match and the target matches the boxed answer, then apply. I ignore flavor text.

S2: PARSE
Operator: '['
Target: 39[64  A=3,B=9,C=6,D=4
Examples using '[':
  E1: 36[15 = 3615
  E2: 86[39 = 8639

S3: SCAN
#1:AB_CD|cat|raw L=36,R=15 3615->3615 vs 3615 YES

S4: VER
E2: 86[39 = 8639
AB_CD|cat|raw L=86,R=39 8639->8639 vs 8639 YES

S5: LOCK: AB_CD|cat|raw

S6: APPLY
Target: 39[64
AB_CD: L=39,R=64
cat(39,64)=3964 raw->3964

S7: ANS=3964

\boxed{3964}"
3fa49035,"In Alice's Wonderland, a secret set of transformation rules is applied to equations. Below are a few examples:
73/78 = 150
96#58 = 38
88>60 = 5280
23/75 = 97
Now, determine the result for: 24>29",696,Equation Numeric,"I identify this as a symbol-digit (equation numeric) task: two-digit operands built from A,B,C,D, one operator, and a format. I group examples by the target operator, scan (pairing|op|format) until examples match and the target matches the boxed answer, then apply. I ignore flavor text.

S2: PARSE
Operator: '>'
Target: 24>29  A=2,B=4,C=2,D=9
Examples using '>':
  E1: 88>60 = 5280

S3: SCAN
#1:AB_CD|cat|raw L=88,R=60 8860->8860 vs 5280 NO
#2:AB_CD|mul|raw L=88,R=60 5280->5280 vs 5280 YES

S5: LOCK: AB_CD|mul|raw

S6: APPLY
Target: 24>29
AB_CD: L=24,R=29
mul(24,29)=696 raw->696

S7: ANS=696

\boxed{696}"
4011d4e5,"In Alice's Wonderland, a secret set of transformation rules is applied to equations. Below are a few examples:
80)58 = 139
47!10 = 471
58?29 = 29
74?19 = 55
25?17 = 8
Now, determine the result for: 78!19",1483,Equation Numeric,"I identify this as a symbol-digit (equation numeric) task: two-digit operands built from A,B,C,D, one operator, and a format. I group examples by the target operator, scan (pairing|op|format) until examples match and the target matches the boxed answer, then apply. I ignore flavor text.

S2: PARSE
Operator: '!'
Target: 78!19  A=7,B=8,C=1,D=9
Examples using '!':
  E1: 47!10 = 471

S3: SCAN
#1:AB_CD|cat|raw L=47,R=10 4710->4710 vs 471 NO
#2:AB_CD|mul|raw L=47,R=10 470->470 vs 471 NO
#3:AB_CD|add|raw L=47,R=10 57->57 vs 471 NO
#4:AB_CD|sub|raw L=47,R=10 37->37 vs 471 NO
#5:AB_CD|absdiff|raw L=47,R=10 37->37 vs 471 NO
#6:BA_DC|cat|rev L=74,R=1 741->147 vs 471 NO
#7:BA_DC|mul|rev L=74,R=1 74->47 vs 471 NO
#8:BA_DC|add|rev L=74,R=1 75->57 vs 471 NO
#9:BA_DC|cat|raw L=74,R=1 741->741 vs 471 NO
#10:AB_CD|cat|rev L=47,R=10 4710->0174 vs 471 NO
#11:AB_CD|mul|rev L=47,R=10 470->074 vs 471 NO
#12:AB_CD|add|rev L=47,R=10 57->75 vs 471 NO

S5: LOCK: AB_CD|muladd1|raw

S6: APPLY
Target: 78!19
AB_CD: L=78,R=19
muladd1(78,19)=1483 raw->1483

S7: ANS=1483

\boxed{1483}"
40c53743,"In Alice's Wonderland, a secret set of transformation rules is applied to equations. Below are a few examples:
06-45 = 6
49*58 = 1997
22*17 = 3651
42-65 = -23
69*08 = 1867
Now, determine the result for: 24*88",7963,Equation Numeric,"I identify this as a symbol-digit (equation numeric) task: two-digit operands built from A,B,C,D, one operator, and a format. I group examples by the target operator, scan (pairing|op|format) until examples match and the target matches the boxed answer, then apply. I ignore flavor text.

S2: PARSE
Operator: '*'
Target: 24*88  A=2,B=4,C=8,D=8
Examples using '*':
  E1: 49*58 = 1997
  E2: 22*17 = 3651
  E3: 69*08 = 1867

S3: SCAN
#1:AB_CD|cat|raw L=49,R=58 4958->4958 vs 1997 NO
#2:AB_CD|mul|raw L=49,R=58 2842->2842 vs 1997 NO
#3:AB_CD|add|raw L=49,R=58 107->107 vs 1997 NO
#4:AB_CD|sub|raw L=49,R=58 -9->-9 vs 1997 NO
#5:AB_CD|absdiff|raw L=49,R=58 9->9 vs 1997 NO
#6:BA_DC|cat|rev L=94,R=85 9485->5849 vs 1997 NO
#7:BA_DC|mul|rev L=94,R=85 7990->0997 vs 1997 NO
#8:BA_DC|add|rev L=94,R=85 179->971 vs 1997 NO
#9:BA_DC|cat|raw L=94,R=85 9485->9485 vs 1997 NO
#10:AB_CD|cat|rev L=49,R=58 4958->8594 vs 1997 NO
#11:AB_CD|mul|rev L=49,R=58 2842->2482 vs 1997 NO
#12:AB_CD|add|rev L=49,R=58 107->701 vs 1997 NO

S4: VER
E2: 22*17 = 3651
BA_DC|muladd1|rev L=22,R=71 1563->3651 vs 3651 YES

S5: LOCK: BA_DC|muladd1|rev

S6: APPLY
Target: 24*88
BA_DC: L=42,R=88
muladd1(42,88)=3697 rev->7963

S7: ANS=7963

\boxed{7963}"
412a209f,"In Alice's Wonderland, a secret set of transformation rules is applied to equations. Below are a few examples:
37<57 = <2
49#13 = 521
73#68 = 321
04'79 = 9783
Now, determine the result for: 27'23",3032,Equation Numeric,"I identify this as a symbol-digit (equation numeric) task: two-digit operands built from A,B,C,D, one operator, and a format. I group examples by the target operator, scan (pairing|op|format) until examples match and the target matches the boxed answer, then apply. I ignore flavor text.

S2: PARSE
Operator: '''
Target: 27'23  A=2,B=7,C=2,D=3
Examples using ''':
  E1: 04'79 = 9783

S3: SCAN
#1:AB_CD|cat|raw L=4,R=79 479->479 vs 9783 NO
#2:AB_CD|mul|raw L=4,R=79 316->316 vs 9783 NO
#3:AB_CD|add|raw L=4,R=79 83->83 vs 9783 NO
#4:AB_CD|sub|raw L=4,R=79 -75->-75 vs 9783 NO
#5:AB_CD|absdiff|raw L=4,R=79 75->75 vs 9783 NO
#6:BA_DC|cat|rev L=40,R=97 4097->7904 vs 9783 NO
#7:BA_DC|mul|rev L=40,R=97 3880->0883 vs 9783 NO
#8:BA_DC|add|rev L=40,R=97 137->731 vs 9783 NO
#9:BA_DC|cat|raw L=40,R=97 4097->4097 vs 9783 NO
#10:AB_CD|cat|rev L=4,R=79 479->974 vs 9783 NO
#11:AB_CD|mul|rev L=4,R=79 316->613 vs 9783 NO
#12:AB_CD|add|rev L=4,R=79 83->38 vs 9783 NO

S5: LOCK: BA_DC|mulsub1|rev

S6: APPLY
Target: 27'23
BA_DC: L=72,R=32
mulsub1(72,32)=2303 rev->3032

S7: ANS=3032

\boxed{3032}"
4179c322,"In Alice's Wonderland, a secret set of transformation rules is applied to equations. Below are a few examples:
56*15 = 5133
04*28 = 0823
73*85 = 6412
24-65 = -41
76+06 = 0676
Now, determine the result for: 15-75",-6,Equation Numeric,"I identify this as a symbol-digit (equation numeric) task: two-digit operands built from A,B,C,D, one operator, and a format. I group examples by the target operator, scan (pairing|op|format) until examples match and the target matches the boxed answer, then apply. I ignore flavor text.

S2: PARSE
Operator: '-'
Target: 15-75  A=1,B=5,C=7,D=5
Examples using '-':
  E1: 24-65 = -41

S3: SCAN
#1:AB_CD|cat|raw L=24,R=65 2465->2465 vs -41 NO
#2:AB_CD|mul|raw L=24,R=65 1560->1560 vs -41 NO
#3:AB_CD|add|raw L=24,R=65 89->89 vs -41 NO
#4:AB_CD|sub|raw L=24,R=65 -41->-41 vs -41 NO
#5:AB_CD|absdiff|raw L=24,R=65 41->41 vs -41 NO
#6:BA_DC|cat|rev L=42,R=56 4256->6524 vs -41 NO
#7:BA_DC|mul|rev L=42,R=56 2352->2532 vs -41 NO
#8:BA_DC|add|rev L=42,R=56 98->89 vs -41 NO
#9:BA_DC|cat|raw L=42,R=56 4256->4256 vs -41 NO
#10:AB_CD|cat|rev L=24,R=65 2465->5642 vs -41 NO
#11:AB_CD|mul|rev L=24,R=65 1560->0651 vs -41 NO
#12:AB_CD|add|rev L=24,R=65 89->98 vs -41 NO

S5: LOCK: BA_DC|sub|rev

S6: APPLY
Target: 15-75
BA_DC: L=51,R=57
sub(51,57)=-6 rev->-6

S7: ANS=-6

\boxed{-6}"
418895f5,"In Alice's Wonderland, a secret set of transformation rules is applied to equations. Below are a few examples:
79-58 = 21
47*04 = 9592
58+61 = 101
Now, determine the result for: 85*95",1243,Equation Numeric,"I identify this as a symbol-digit (equation numeric) task: two-digit operands built from A,B,C,D, one operator, and a format. I group examples by the target operator, scan (pairing|op|format) until examples match and the target matches the boxed answer, then apply. I ignore flavor text.

S2: PARSE
Operator: '*'
Target: 85*95  A=8,B=5,C=9,D=5
Examples using '*':
  E1: 47*04 = 9592

S3: SCAN
#1:AB_CD|cat|raw L=47,R=4 474->474 vs 9592 NO
#2:AB_CD|mul|raw L=47,R=4 188->188 vs 9592 NO
#3:AB_CD|add|raw L=47,R=4 51->51 vs 9592 NO
#4:AB_CD|sub|raw L=47,R=4 43->43 vs 9592 NO
#5:AB_CD|absdiff|raw L=47,R=4 43->43 vs 9592 NO
#6:BA_DC|cat|rev L=74,R=40 7440->0447 vs 9592 NO
#7:BA_DC|mul|rev L=74,R=40 2960->0692 vs 9592 NO
#8:BA_DC|add|rev L=74,R=40 114->411 vs 9592 NO
#9:BA_DC|cat|raw L=74,R=40 7440->7440 vs 9592 NO
#10:AB_CD|cat|rev L=47,R=4 474->474 vs 9592 NO
#11:AB_CD|mul|rev L=47,R=4 188->881 vs 9592 NO
#12:AB_CD|add|rev L=47,R=4 51->15 vs 9592 NO

S5: LOCK: BA_DC|mulsub1|rev

S6: APPLY
Target: 85*95
BA_DC: L=58,R=59
mulsub1(58,59)=3421 rev->1243

S7: ANS=1243

\boxed{1243}"
41babefd,"In Alice's Wonderland, a secret set of transformation rules is applied to equations. Below are a few examples:
24/63 = 88
22/92 = 115
50/81 = 132
96{75 = 21
39*12 = 3912
Now, determine the result for: 41/85",127,Equation Numeric,"I identify this as a symbol-digit (equation numeric) task: two-digit operands built from A,B,C,D, one operator, and a format. I group examples by the target operator, scan (pairing|op|format) until examples match and the target matches the boxed answer, then apply. I ignore flavor text.

S2: PARSE
Operator: '/'
Target: 41/85  A=4,B=1,C=8,D=5
Examples using '/':
  E1: 24/63 = 88
  E2: 22/92 = 115
  E3: 50/81 = 132

S3: SCAN
#1:AB_CD|cat|raw L=24,R=63 2463->2463 vs 88 NO
#2:AB_CD|mul|raw L=24,R=63 1512->1512 vs 88 NO
#3:AB_CD|add|raw L=24,R=63 87->87 vs 88 NO
#4:AB_CD|sub|raw L=24,R=63 -39->-39 vs 88 NO
#5:AB_CD|absdiff|raw L=24,R=63 39->39 vs 88 NO
#6:BA_DC|cat|rev L=42,R=36 4236->6324 vs 88 NO
#7:BA_DC|mul|rev L=42,R=36 1512->2151 vs 88 NO
#8:BA_DC|add|rev L=42,R=36 78->87 vs 88 NO
#9:BA_DC|cat|raw L=42,R=36 4236->4236 vs 88 NO
#10:AB_CD|cat|rev L=24,R=63 2463->3642 vs 88 NO
#11:AB_CD|mul|rev L=24,R=63 1512->2151 vs 88 NO
#12:AB_CD|add|rev L=24,R=63 87->78 vs 88 NO

S4: VER
E2: 22/92 = 115
AB_CD|add1|raw L=22,R=92 115->115 vs 115 YES

S5: LOCK: AB_CD|add1|raw

S6: APPLY
Target: 41/85
AB_CD: L=41,R=85
add1(41,85)=127 raw->127

S7: ANS=127

\boxed{127}"
41e6cbfc,"In Alice's Wonderland, a secret set of transformation rules is applied to equations. Below are a few examples:
05+12 = 1205
02*63 = 6302
69+97 = 9769
61+47 = 4761
Now, determine the result for: 18+93",9318,Equation Numeric,"I identify this as a symbol-digit (equation numeric) task: two-digit operands built from A,B,C,D, one operator, and a format. I group examples by the target operator, scan (pairing|op|format) until examples match and the target matches the boxed answer, then apply. I ignore flavor text.

S2: PARSE
Operator: '+'
Target: 18+93  A=1,B=8,C=9,D=3
Examples using '+':
  E1: 05+12 = 1205
  E2: 69+97 = 9769
  E3: 61+47 = 4761

S3: SCAN
#1:AB_CD|cat|raw L=5,R=12 512->512 vs 1205 NO
#2:AB_CD|mul|raw L=5,R=12 60->60 vs 1205 NO
#3:AB_CD|add|raw L=5,R=12 17->17 vs 1205 NO
#4:AB_CD|sub|raw L=5,R=12 -7->-7 vs 1205 NO
#5:AB_CD|absdiff|raw L=5,R=12 7->7 vs 1205 NO
#6:BA_DC|cat|rev L=50,R=21 5021->1205 vs 1205 YES

S4: VER
E2: 69+97 = 9769
BA_DC|cat|rev L=96,R=79 9679->9769 vs 9769 YES

S5: LOCK: BA_DC|cat|rev

S6: APPLY
Target: 18+93
BA_DC: L=81,R=39
cat(81,39)=8139 rev->9318

S7: ANS=9318

\boxed{9318}"
422bc5b4,"In Alice's Wonderland, a secret set of transformation rules is applied to equations. Below are a few examples:
29]10 = 2910
51`33 = 1683
53&60 = 7
Now, determine the result for: 80&87",7,Equation Numeric,"I identify this as a symbol-digit (equation numeric) task: two-digit operands built from A,B,C,D, one operator, and a format. I group examples by the target operator, scan (pairing|op|format) until examples match and the target matches the boxed answer, then apply. I ignore flavor text.

S2: PARSE
Operator: '&'
Target: 80&87  A=8,B=0,C=8,D=7
Examples using '&':
  E1: 53&60 = 7

S3: SCAN
#1:AB_CD|cat|raw L=53,R=60 5360->5360 vs 7 NO
#2:AB_CD|mul|raw L=53,R=60 3180->3180 vs 7 NO
#3:AB_CD|add|raw L=53,R=60 113->113 vs 7 NO
#4:AB_CD|sub|raw L=53,R=60 -7->-7 vs 7 NO
#5:AB_CD|absdiff|raw L=53,R=60 7->7 vs 7 YES

S5: LOCK: AB_CD|absdiff|raw

S6: APPLY
Target: 80&87
AB_CD: L=80,R=87
absdiff(80,87)=7 raw->7

S7: ANS=7

\boxed{7}"
42553fde,"In Alice's Wonderland, a secret set of transformation rules is applied to equations. Below are a few examples:
16?21 = 37
48?06 = 441
12!65 = 6711
Now, determine the result for: 04?73",77,Equation Numeric,"I identify this as a symbol-digit (equation numeric) task: two-digit operands built from A,B,C,D, one operator, and a format. I group examples by the target operator, scan (pairing|op|format) until examples match and the target matches the boxed answer, then apply. I ignore flavor text.

S2: PARSE
Operator: '?'
Target: 04?73  A=0,B=4,C=7,D=3
Examples using '?':
  E1: 16?21 = 37
  E2: 48?06 = 441

S3: SCAN
#1:AB_CD|cat|raw L=16,R=21 1621->1621 vs 37 NO
#2:AB_CD|mul|raw L=16,R=21 336->336 vs 37 NO
#3:AB_CD|add|raw L=16,R=21 37->37 vs 37 NO
#4:AB_CD|sub|raw L=16,R=21 -5->-5 vs 37 NO
#5:AB_CD|absdiff|raw L=16,R=21 5->5 vs 37 NO
#6:BA_DC|cat|rev L=61,R=12 6112->2116 vs 37 NO
#7:BA_DC|mul|rev L=61,R=12 732->237 vs 37 NO
#8:BA_DC|add|rev L=61,R=12 73->37 vs 37 YES

S4: VER
E2: 48?06 = 441
BA_DC|add|rev L=84,R=60 144->441 vs 441 YES

S5: LOCK: BA_DC|add|rev

S6: APPLY
Target: 04?73
BA_DC: L=40,R=37
add(40,37)=77 rev->77

S7: ANS=77

\boxed{77}"
427ba852,"In Alice's Wonderland, a secret set of transformation rules is applied to equations. Below are a few examples:
16+65 = 711
56+45 = 911
66*55 = 5566
96*41 = 4196
67-34 = 33
Now, determine the result for: 14*22",2214,Equation Numeric,"I identify this as a symbol-digit (equation numeric) task: two-digit operands built from A,B,C,D, one operator, and a format. I group examples by the target operator, scan (pairing|op|format) until examples match and the target matches the boxed answer, then apply. I ignore flavor text.

S2: PARSE
Operator: '*'
Target: 14*22  A=1,B=4,C=2,D=2
Examples using '*':
  E1: 66*55 = 5566
  E2: 96*41 = 4196

S3: SCAN
#1:AB_CD|cat|raw L=66,R=55 6655->6655 vs 5566 NO
#2:AB_CD|mul|raw L=66,R=55 3630->3630 vs 5566 NO
#3:AB_CD|add|raw L=66,R=55 121->121 vs 5566 NO
#4:AB_CD|sub|raw L=66,R=55 11->11 vs 5566 NO
#5:AB_CD|absdiff|raw L=66,R=55 11->11 vs 5566 NO
#6:BA_DC|cat|rev L=66,R=55 6655->5566 vs 5566 YES

S4: VER
E2: 96*41 = 4196
BA_DC|cat|rev L=69,R=14 6914->4196 vs 4196 YES

S5: LOCK: BA_DC|cat|rev

S6: APPLY
Target: 14*22
BA_DC: L=41,R=22
cat(41,22)=4122 rev->2214

S7: ANS=2214

\boxed{2214}"
42cb233d,"In Alice's Wonderland, a secret set of transformation rules is applied to equations. Below are a few examples:
81*84 = 368
17+26 = 431
41-94 = -53
Now, determine the result for: 59+29",881,Equation Numeric,"I identify this as a symbol-digit (equation numeric) task: two-digit operands built from A,B,C,D, one operator, and a format. I group examples by the target operator, scan (pairing|op|format) until examples match and the target matches the boxed answer, then apply. I ignore flavor text.

S2: PARSE
Operator: '+'
Target: 59+29  A=5,B=9,C=2,D=9
Examples using '+':
  E1: 17+26 = 431

S3: SCAN
#1:AB_CD|cat|raw L=17,R=26 1726->1726 vs 431 NO
#2:AB_CD|mul|raw L=17,R=26 442->442 vs 431 NO
#3:AB_CD|add|raw L=17,R=26 43->43 vs 431 NO
#4:AB_CD|sub|raw L=17,R=26 -9->-9 vs 431 NO
#5:AB_CD|absdiff|raw L=17,R=26 9->9 vs 431 NO
#6:BA_DC|cat|rev L=71,R=62 7162->2617 vs 431 NO
#7:BA_DC|mul|rev L=71,R=62 4402->2044 vs 431 NO
#8:BA_DC|add|rev L=71,R=62 133->331 vs 431 NO
#9:BA_DC|cat|raw L=71,R=62 7162->7162 vs 431 NO
#10:AB_CD|cat|rev L=17,R=26 1726->6271 vs 431 NO
#11:AB_CD|mul|rev L=17,R=26 442->244 vs 431 NO
#12:AB_CD|add|rev L=17,R=26 43->34 vs 431 NO

S5: LOCK: BA_DC|add1|rev

S6: APPLY
Target: 59+29
BA_DC: L=95,R=92
add1(95,92)=188 rev->881

S7: ANS=881

\boxed{881}"
4350015c,"In Alice's Wonderland, a secret set of transformation rules is applied to equations. Below are a few examples:
57*59 = 4217
47-69 = 22
32-75 = 11
Now, determine the result for: 16*72",6461,Equation Numeric,"I identify this as a symbol-digit (equation numeric) task: two-digit operands built from A,B,C,D, one operator, and a format. I group examples by the target operator, scan (pairing|op|format) until examples match and the target matches the boxed answer, then apply. I ignore flavor text.

S2: PARSE
Operator: '*'
Target: 16*72  A=1,B=6,C=7,D=2
Examples using '*':
  E1: 57*59 = 4217

S3: SCAN
#1:AB_CD|cat|raw L=57,R=59 5759->5759 vs 4217 NO
#2:AB_CD|mul|raw L=57,R=59 3363->3363 vs 4217 NO
#3:AB_CD|add|raw L=57,R=59 116->116 vs 4217 NO
#4:AB_CD|sub|raw L=57,R=59 -2->-2 vs 4217 NO
#5:AB_CD|absdiff|raw L=57,R=59 2->2 vs 4217 NO
#6:BA_DC|cat|rev L=75,R=95 7595->5957 vs 4217 NO
#7:BA_DC|mul|rev L=75,R=95 7125->5217 vs 4217 NO
#8:BA_DC|add|rev L=75,R=95 170->071 vs 4217 NO
#9:BA_DC|cat|raw L=75,R=95 7595->7595 vs 4217 NO
#10:AB_CD|cat|rev L=57,R=59 5759->9575 vs 4217 NO
#11:AB_CD|mul|rev L=57,R=59 3363->3633 vs 4217 NO
#12:AB_CD|add|rev L=57,R=59 116->611 vs 4217 NO

S5: LOCK: BA_DC|mulsub1|rev

S6: APPLY
Target: 16*72
BA_DC: L=61,R=27
mulsub1(61,27)=1646 rev->6461

S7: ANS=6461

\boxed{6461}"
43837c5b,"In Alice's Wonderland, a secret set of transformation rules is applied to equations. Below are a few examples:
90^36 = 18
19*32 = 1932
15<45 = 675
54^25 = 4
Now, determine the result for: 45*72",4572,Equation Numeric,"I identify this as a symbol-digit (equation numeric) task: two-digit operands built from A,B,C,D, one operator, and a format. I group examples by the target operator, scan (pairing|op|format) until examples match and the target matches the boxed answer, then apply. I ignore flavor text.

S2: PARSE
Operator: '*'
Target: 45*72  A=4,B=5,C=7,D=2
Examples using '*':
  E1: 19*32 = 1932

S3: SCAN
#1:AB_CD|cat|raw L=19,R=32 1932->1932 vs 1932 YES

S5: LOCK: AB_CD|cat|raw

S6: APPLY
Target: 45*72
AB_CD: L=45,R=72
cat(45,72)=4572 raw->4572

S7: ANS=4572

\boxed{4572}"
44398869,"In Alice's Wonderland, a secret set of transformation rules is applied to equations. Below are a few examples:
09^83 = 0243
97^26 = 8984
37^04 = 0292
77^69 = 2937
67+97 = 551
Now, determine the result for: 54^17",5913,Equation Numeric,"I identify this as a symbol-digit (equation numeric) task: two-digit operands built from A,B,C,D, one operator, and a format. I group examples by the target operator, scan (pairing|op|format) until examples match and the target matches the boxed answer, then apply. I ignore flavor text.

S2: PARSE
Operator: '^'
Target: 54^17  A=5,B=4,C=1,D=7
Examples using '^':
  E1: 09^83 = 0243
  E2: 97^26 = 8984
  E3: 37^04 = 0292
  E4: 77^69 = 2937

S3: SCAN
#1:AB_CD|cat|raw L=9,R=83 983->983 vs 0243 NO
#2:AB_CD|mul|raw L=9,R=83 747->747 vs 0243 NO
#3:AB_CD|add|raw L=9,R=83 92->92 vs 0243 NO
#4:AB_CD|sub|raw L=9,R=83 -74->-74 vs 0243 NO
#5:AB_CD|absdiff|raw L=9,R=83 74->74 vs 0243 NO
#6:BA_DC|cat|rev L=90,R=38 9038->8309 vs 0243 NO
#7:BA_DC|mul|rev L=90,R=38 3420->0243 vs 0243 YES

S4: VER
E2: 97^26 = 8984
BA_DC|mul|rev L=79,R=62 4898->8984 vs 8984 YES

S5: LOCK: BA_DC|mul|rev

S6: APPLY
Target: 54^17
BA_DC: L=45,R=71
mul(45,71)=3195 rev->5913

S7: ANS=5913

\boxed{5913}"
44e69b7e,"In Alice's Wonderland, a secret set of transformation rules is applied to equations. Below are a few examples:
90%58 = 149
48{24 = {24
29:76 = 2204
95%35 = 131
32%84 = 117
Now, determine the result for: 83%35",119,Equation Numeric,"I identify this as a symbol-digit (equation numeric) task: two-digit operands built from A,B,C,D, one operator, and a format. I group examples by the target operator, scan (pairing|op|format) until examples match and the target matches the boxed answer, then apply. I ignore flavor text.

S2: PARSE
Operator: '%'
Target: 83%35  A=8,B=3,C=3,D=5
Examples using '%':
  E1: 90%58 = 149
  E2: 95%35 = 131
  E3: 32%84 = 117

S3: SCAN
#1:AB_CD|cat|raw L=90,R=58 9058->9058 vs 149 NO
#2:AB_CD|mul|raw L=90,R=58 5220->5220 vs 149 NO
#3:AB_CD|add|raw L=90,R=58 148->148 vs 149 NO
#4:AB_CD|sub|raw L=90,R=58 32->32 vs 149 NO
#5:AB_CD|absdiff|raw L=90,R=58 32->32 vs 149 NO
#6:BA_DC|cat|rev L=9,R=85 985->589 vs 149 NO
#7:BA_DC|mul|rev L=9,R=85 765->567 vs 149 NO
#8:BA_DC|add|rev L=9,R=85 94->49 vs 149 NO
#9:BA_DC|cat|raw L=9,R=85 985->985 vs 149 NO
#10:AB_CD|cat|rev L=90,R=58 9058->8509 vs 149 NO
#11:AB_CD|mul|rev L=90,R=58 5220->0225 vs 149 NO
#12:AB_CD|add|rev L=90,R=58 148->841 vs 149 NO

S4: VER
E2: 95%35 = 131
AB_CD|add1|raw L=95,R=35 131->131 vs 131 YES

S5: LOCK: AB_CD|add1|raw

S6: APPLY
Target: 83%35
AB_CD: L=83,R=35
add1(83,35)=119 raw->119

S7: ANS=119

\boxed{119}"
4530aff6,"In Alice's Wonderland, a secret set of transformation rules is applied to equations. Below are a few examples:
50:68 = 18
67&89 = 156
25:32 = 7
16`47 = 753
41:76 = 35
Now, determine the result for: 12&99",111,Equation Numeric,"I identify this as a symbol-digit (equation numeric) task: two-digit operands built from A,B,C,D, one operator, and a format. I group examples by the target operator, scan (pairing|op|format) until examples match and the target matches the boxed answer, then apply. I ignore flavor text.

S2: PARSE
Operator: '&'
Target: 12&99  A=1,B=2,C=9,D=9
Examples using '&':
  E1: 67&89 = 156

S3: SCAN
#1:AB_CD|cat|raw L=67,R=89 6789->6789 vs 156 NO
#2:AB_CD|mul|raw L=67,R=89 5963->5963 vs 156 NO
#3:AB_CD|add|raw L=67,R=89 156->156 vs 156 YES

S5: LOCK: AB_CD|add|raw

S6: APPLY
Target: 12&99
AB_CD: L=12,R=99
add(12,99)=111 raw->111

S7: ANS=111

\boxed{111}"
45582be0,"In Alice's Wonderland, a secret set of transformation rules is applied to equations. Below are a few examples:
17/59 = 76
73+71 = 5184
86+75 = 6451
15/46 = 61
78/98 = 176
Now, determine the result for: 68/36",104,Equation Numeric,"I identify this as a symbol-digit (equation numeric) task: two-digit operands built from A,B,C,D, one operator, and a format. I group examples by the target operator, scan (pairing|op|format) until examples match and the target matches the boxed answer, then apply. I ignore flavor text.

S2: PARSE
Operator: '/'
Target: 68/36  A=6,B=8,C=3,D=6
Examples using '/':
  E1: 17/59 = 76
  E2: 15/46 = 61
  E3: 78/98 = 176

S3: SCAN
#1:AB_CD|cat|raw L=17,R=59 1759->1759 vs 76 NO
#2:AB_CD|mul|raw L=17,R=59 1003->1003 vs 76 NO
#3:AB_CD|add|raw L=17,R=59 76->76 vs 76 YES

S4: VER
E2: 15/46 = 61
AB_CD|add|raw L=15,R=46 61->61 vs 61 YES

S5: LOCK: AB_CD|add|raw

S6: APPLY
Target: 68/36
AB_CD: L=68,R=36
add(68,36)=104 raw->104

S7: ANS=104

\boxed{104}"
45dbc1cc,"In Alice's Wonderland, a secret set of transformation rules is applied to equations. Below are a few examples:
46*53 = 0422
53-01 = -52
49+39 = 3949
Now, determine the result for: 98-63",-35,Equation Numeric,"I identify this as a symbol-digit (equation numeric) task: two-digit operands built from A,B,C,D, one operator, and a format. I group examples by the target operator, scan (pairing|op|format) until examples match and the target matches the boxed answer, then apply. I ignore flavor text.

S2: PARSE
Operator: '-'
Target: 98-63  A=9,B=8,C=6,D=3
Examples using '-':
  E1: 53-01 = -52

S3: SCAN
#1:AB_CD|cat|raw L=53,R=1 531->531 vs -52 NO
#2:AB_CD|mul|raw L=53,R=1 53->53 vs -52 NO
#3:AB_CD|add|raw L=53,R=1 54->54 vs -52 NO
#4:AB_CD|sub|raw L=53,R=1 52->52 vs -52 NO
#5:AB_CD|absdiff|raw L=53,R=1 52->52 vs -52 NO
#6:BA_DC|cat|rev L=35,R=10 3510->0153 vs -52 NO
#7:BA_DC|mul|rev L=35,R=10 350->053 vs -52 NO
#8:BA_DC|add|rev L=35,R=10 45->54 vs -52 NO
#9:BA_DC|cat|raw L=35,R=10 3510->3510 vs -52 NO
#10:AB_CD|cat|rev L=53,R=1 531->135 vs -52 NO
#11:AB_CD|mul|rev L=53,R=1 53->35 vs -52 NO
#12:AB_CD|add|rev L=53,R=1 54->45 vs -52 NO

S5: LOCK: AB_CD|sub|neg

S6: APPLY
Target: 98-63
AB_CD: L=98,R=63
sub(98,63)=35 neg->-35

S7: ANS=-35

\boxed{-35}"
45df54db,"In Alice's Wonderland, a secret set of transformation rules is applied to equations. Below are a few examples:
23-79 = 56
22+68 = 801
29-58 = 7
Now, determine the result for: 56-91",64,Equation Numeric,"I identify this as a symbol-digit (equation numeric) task: two-digit operands built from A,B,C,D, one operator, and a format. I group examples by the target operator, scan (pairing|op|format) until examples match and the target matches the boxed answer, then apply. I ignore flavor text.

S2: PARSE
Operator: '-'
Target: 56-91  A=5,B=6,C=9,D=1
Examples using '-':
  E1: 23-79 = 56
  E2: 29-58 = 7

S3: SCAN
#1:AB_CD|cat|raw L=23,R=79 2379->2379 vs 56 NO
#2:AB_CD|mul|raw L=23,R=79 1817->1817 vs 56 NO
#3:AB_CD|add|raw L=23,R=79 102->102 vs 56 NO
#4:AB_CD|sub|raw L=23,R=79 -56->-56 vs 56 NO
#5:AB_CD|absdiff|raw L=23,R=79 56->56 vs 56 NO
#6:BA_DC|cat|rev L=32,R=97 3297->7923 vs 56 NO
#7:BA_DC|mul|rev L=32,R=97 3104->4013 vs 56 NO
#8:BA_DC|add|rev L=32,R=97 129->921 vs 56 NO
#9:BA_DC|cat|raw L=32,R=97 3297->3297 vs 56 NO
#10:AB_CD|cat|rev L=23,R=79 2379->9732 vs 56 NO
#11:AB_CD|mul|rev L=23,R=79 1817->7181 vs 56 NO
#12:AB_CD|add|rev L=23,R=79 102->201 vs 56 NO

S4: VER
E2: 29-58 = 7
BA_DC|absdiff|rev L=92,R=85 7->7 vs 7 YES

S5: LOCK: BA_DC|absdiff|rev

S6: APPLY
Target: 56-91
BA_DC: L=65,R=19
absdiff(65,19)=46 rev->64

S7: ANS=64

\boxed{64}"
47c368d8,"In Alice's Wonderland, a secret set of transformation rules is applied to equations. Below are a few examples:
13:89 = 76
66!89 = 561
32!56 = 98
Now, determine the result for: 29!56",851,Equation Numeric,"I identify this as a symbol-digit (equation numeric) task: two-digit operands built from A,B,C,D, one operator, and a format. I group examples by the target operator, scan (pairing|op|format) until examples match and the target matches the boxed answer, then apply. I ignore flavor text.

S2: PARSE
Operator: '!'
Target: 29!56  A=2,B=9,C=5,D=6
Examples using '!':
  E1: 66!89 = 561
  E2: 32!56 = 98

S3: SCAN
#1:AB_CD|cat|raw L=66,R=89 6689->6689 vs 561 NO
#2:AB_CD|mul|raw L=66,R=89 5874->5874 vs 561 NO
#3:AB_CD|add|raw L=66,R=89 155->155 vs 561 NO
#4:AB_CD|sub|raw L=66,R=89 -23->-23 vs 561 NO
#5:AB_CD|absdiff|raw L=66,R=89 23->23 vs 561 NO
#6:BA_DC|cat|rev L=66,R=98 6698->8966 vs 561 NO
#7:BA_DC|mul|rev L=66,R=98 6468->8646 vs 561 NO
#8:BA_DC|add|rev L=66,R=98 164->461 vs 561 NO
#9:BA_DC|cat|raw L=66,R=98 6698->6698 vs 561 NO
#10:AB_CD|cat|rev L=66,R=89 6689->9866 vs 561 NO
#11:AB_CD|mul|rev L=66,R=89 5874->4785 vs 561 NO
#12:AB_CD|add|rev L=66,R=89 155->551 vs 561 NO

S4: VER
E2: 32!56 = 98
BA_DC|add1|rev L=23,R=65 89->98 vs 98 YES

S5: LOCK: BA_DC|add1|rev

S6: APPLY
Target: 29!56
BA_DC: L=92,R=65
add1(92,65)=158 rev->851

S7: ANS=851

\boxed{851}"
4895b955,"In Alice's Wonderland, a secret set of transformation rules is applied to equations. Below are a few examples:
40^13 = 1
86(19 = 8619
58{88 = 5104
99(67 = 9967
Now, determine the result for: 47(96",4796,Equation Numeric,"I identify this as a symbol-digit (equation numeric) task: two-digit operands built from A,B,C,D, one operator, and a format. I group examples by the target operator, scan (pairing|op|format) until examples match and the target matches the boxed answer, then apply. I ignore flavor text.

S2: PARSE
Operator: '('
Target: 47(96  A=4,B=7,C=9,D=6
Examples using '(':
  E1: 86(19 = 8619
  E2: 99(67 = 9967

S3: SCAN
#1:AB_CD|cat|raw L=86,R=19 8619->8619 vs 8619 YES

S4: VER
E2: 99(67 = 9967
AB_CD|cat|raw L=99,R=67 9967->9967 vs 9967 YES

S5: LOCK: AB_CD|cat|raw

S6: APPLY
Target: 47(96
AB_CD: L=47,R=96
cat(47,96)=4796 raw->4796

S7: ANS=4796

\boxed{4796}"
49578b02,"In Alice's Wonderland, a secret set of transformation rules is applied to equations. Below are a few examples:
05*63 = 1081
15+12 = 37
05-39 = -34
53*69 = 1633
Now, determine the result for: 07+22",39,Equation Numeric,"I identify this as a symbol-digit (equation numeric) task: two-digit operands built from A,B,C,D, one operator, and a format. I group examples by the target operator, scan (pairing|op|format) until examples match and the target matches the boxed answer, then apply. I ignore flavor text.

S2: PARSE
Operator: '+'
Target: 07+22  A=0,B=7,C=2,D=2
Examples using '+':
  E1: 15+12 = 37

S3: SCAN
#1:AB_CD|cat|raw L=15,R=12 1512->1512 vs 37 NO
#2:AB_CD|mul|raw L=15,R=12 180->180 vs 37 NO
#3:AB_CD|add|raw L=15,R=12 27->27 vs 37 NO
#4:AB_CD|sub|raw L=15,R=12 3->3 vs 37 NO
#5:AB_CD|absdiff|raw L=15,R=12 3->3 vs 37 NO
#6:BA_DC|cat|rev L=51,R=21 5121->1215 vs 37 NO
#7:BA_DC|mul|rev L=51,R=21 1071->1701 vs 37 NO
#8:BA_DC|add|rev L=51,R=21 72->27 vs 37 NO
#9:BA_DC|cat|raw L=51,R=21 5121->5121 vs 37 NO
#10:AB_CD|cat|rev L=15,R=12 1512->2151 vs 37 NO
#11:AB_CD|mul|rev L=15,R=12 180->081 vs 37 NO
#12:AB_CD|add|rev L=15,R=12 27->72 vs 37 NO

S5: LOCK: BA_DC|add1|rev

S6: APPLY
Target: 07+22
BA_DC: L=70,R=22
add1(70,22)=93 rev->39

S7: ANS=39

\boxed{39}"
49743645,"In Alice's Wonderland, a secret set of transformation rules is applied to equations. Below are a few examples:
83-86 = 03
72*86 = 7381
42+25 = 67
83+05 = 88
71+73 = 45
Now, determine the result for: 99*07",1396,Equation Numeric,"I identify this as a symbol-digit (equation numeric) task: two-digit operands built from A,B,C,D, one operator, and a format. I group examples by the target operator, scan (pairing|op|format) until examples match and the target matches the boxed answer, then apply. I ignore flavor text.

S2: PARSE
Operator: '*'
Target: 99*07  A=9,B=9,C=0,D=7
Examples using '*':
  E1: 72*86 = 7381

S3: SCAN
#1:AB_CD|cat|raw L=72,R=86 7286->7286 vs 7381 NO
#2:AB_CD|mul|raw L=72,R=86 6192->6192 vs 7381 NO
#3:AB_CD|add|raw L=72,R=86 158->158 vs 7381 NO
#4:AB_CD|sub|raw L=72,R=86 -14->-14 vs 7381 NO
#5:AB_CD|absdiff|raw L=72,R=86 14->14 vs 7381 NO
#6:BA_DC|cat|rev L=27,R=68 2768->8672 vs 7381 NO
#7:BA_DC|mul|rev L=27,R=68 1836->6381 vs 7381 NO
#8:BA_DC|add|rev L=27,R=68 95->59 vs 7381 NO
#9:BA_DC|cat|raw L=27,R=68 2768->2768 vs 7381 NO
#10:AB_CD|cat|rev L=72,R=86 7286->6827 vs 7381 NO
#11:AB_CD|mul|rev L=72,R=86 6192->2916 vs 7381 NO
#12:AB_CD|add|rev L=72,R=86 158->851 vs 7381 NO

S5: LOCK: BA_DC|muladd1|rev

S6: APPLY
Target: 99*07
BA_DC: L=99,R=70
muladd1(99,70)=6931 rev->1396

S7: ANS=1396

\boxed{1396}"
49ac9daf,"In Alice's Wonderland, a secret set of transformation rules is applied to equations. Below are a few examples:
75*17 = 921
18+32 = 85
07'05 = 0053
89+73 = 16
Now, determine the result for: 64*52",27,Equation Numeric,"I identify this as a symbol-digit (equation numeric) task: two-digit operands built from A,B,C,D, one operator, and a format. I group examples by the target operator, scan (pairing|op|format) until examples match and the target matches the boxed answer, then apply. I ignore flavor text.

S2: PARSE
Operator: '*'
Target: 64*52  A=6,B=4,C=5,D=2
Examples using '*':
  E1: 75*17 = 921

S3: SCAN
#1:AB_CD|cat|raw L=75,R=17 7517->7517 vs 921 NO
#2:AB_CD|mul|raw L=75,R=17 1275->1275 vs 921 NO
#3:AB_CD|add|raw L=75,R=17 92->92 vs 921 NO
#4:AB_CD|sub|raw L=75,R=17 58->58 vs 921 NO
#5:AB_CD|absdiff|raw L=75,R=17 58->58 vs 921 NO
#6:BA_DC|cat|rev L=57,R=71 5771->1775 vs 921 NO
#7:BA_DC|mul|rev L=57,R=71 4047->7404 vs 921 NO
#8:BA_DC|add|rev L=57,R=71 128->821 vs 921 NO
#9:BA_DC|cat|raw L=57,R=71 5771->5771 vs 921 NO
#10:AB_CD|cat|rev L=75,R=17 7517->7157 vs 921 NO
#11:AB_CD|mul|rev L=75,R=17 1275->5721 vs 921 NO
#12:AB_CD|add|rev L=75,R=17 92->29 vs 921 NO

S5: LOCK: BA_DC|add1|rev

S6: APPLY
Target: 64*52
BA_DC: L=46,R=25
add1(46,25)=72 rev->27

S7: ANS=27

\boxed{27}"
49bc1b7b,"In Alice's Wonderland, a secret set of transformation rules is applied to equations. Below are a few examples:
89`47 = 2527
05]86 = ]81
38[48 = 861
11]68 = ]57
Now, determine the result for: 88[79",681,Equation Numeric,"I identify this as a symbol-digit (equation numeric) task: two-digit operands built from A,B,C,D, one operator, and a format. I group examples by the target operator, scan (pairing|op|format) until examples match and the target matches the boxed answer, then apply. I ignore flavor text.

S2: PARSE
Operator: '['
Target: 88[79  A=8,B=8,C=7,D=9
Examples using '[':
  E1: 38[48 = 861

S3: SCAN
#1:AB_CD|cat|raw L=38,R=48 3848->3848 vs 861 NO
#2:AB_CD|mul|raw L=38,R=48 1824->1824 vs 861 NO
#3:AB_CD|add|raw L=38,R=48 86->86 vs 861 NO
#4:AB_CD|sub|raw L=38,R=48 -10->-10 vs 861 NO
#5:AB_CD|absdiff|raw L=38,R=48 10->10 vs 861 NO
#6:BA_DC|cat|rev L=83,R=84 8384->4838 vs 861 NO
#7:BA_DC|mul|rev L=83,R=84 6972->2796 vs 861 NO
#8:BA_DC|add|rev L=83,R=84 167->761 vs 861 NO
#9:BA_DC|cat|raw L=83,R=84 8384->8384 vs 861 NO
#10:AB_CD|cat|rev L=38,R=48 3848->8483 vs 861 NO
#11:AB_CD|mul|rev L=38,R=48 1824->4281 vs 861 NO
#12:AB_CD|add|rev L=38,R=48 86->68 vs 861 NO

S5: LOCK: BA_DC|add1|rev

S6: APPLY
Target: 88[79
BA_DC: L=88,R=97
add1(88,97)=186 rev->681

S7: ANS=681

\boxed{681}"
4a569495,"In Alice's Wonderland, a secret set of transformation rules is applied to equations. Below are a few examples:
52-27 = -74
02+79 = 611
13*13 = 1313
Now, determine the result for: 53+04",47,Equation Numeric,"I identify this as a symbol-digit (equation numeric) task: two-digit operands built from A,B,C,D, one operator, and a format. I group examples by the target operator, scan (pairing|op|format) until examples match and the target matches the boxed answer, then apply. I ignore flavor text.

S2: PARSE
Operator: '+'
Target: 53+04  A=5,B=3,C=0,D=4
Examples using '+':
  E1: 02+79 = 611

S3: SCAN
#1:AB_CD|cat|raw L=2,R=79 279->279 vs 611 NO
#2:AB_CD|mul|raw L=2,R=79 158->158 vs 611 NO
#3:AB_CD|add|raw L=2,R=79 81->81 vs 611 NO
#4:AB_CD|sub|raw L=2,R=79 -77->-77 vs 611 NO
#5:AB_CD|absdiff|raw L=2,R=79 77->77 vs 611 NO
#6:BA_DC|cat|rev L=20,R=97 2097->7902 vs 611 NO
#7:BA_DC|mul|rev L=20,R=97 1940->0491 vs 611 NO
#8:BA_DC|add|rev L=20,R=97 117->711 vs 611 NO
#9:BA_DC|cat|raw L=20,R=97 2097->2097 vs 611 NO
#10:AB_CD|cat|rev L=2,R=79 279->972 vs 611 NO
#11:AB_CD|mul|rev L=2,R=79 158->851 vs 611 NO
#12:AB_CD|add|rev L=2,R=79 81->18 vs 611 NO

S5: LOCK: BA_DC|addm1|rev

S6: APPLY
Target: 53+04
BA_DC: L=35,R=40
addm1(35,40)=74 rev->47

S7: ANS=47

\boxed{47}"
4a8eafe3,"In Alice's Wonderland, a secret set of transformation rules is applied to equations. Below are a few examples:
65+27 = 921
02*91 = 183
84*44 = 3112
82+62 = 55
Now, determine the result for: 95*68",5705,Equation Numeric,"I identify this as a symbol-digit (equation numeric) task: two-digit operands built from A,B,C,D, one operator, and a format. I group examples by the target operator, scan (pairing|op|format) until examples match and the target matches the boxed answer, then apply. I ignore flavor text.

S2: PARSE
Operator: '*'
Target: 95*68  A=9,B=5,C=6,D=8
Examples using '*':
  E1: 02*91 = 183
  E2: 84*44 = 3112

S3: SCAN
#1:AB_CD|cat|raw L=2,R=91 291->291 vs 183 NO
#2:AB_CD|mul|raw L=2,R=91 182->182 vs 183 NO
#3:AB_CD|add|raw L=2,R=91 93->93 vs 183 NO
#4:AB_CD|sub|raw L=2,R=91 -89->-89 vs 183 NO
#5:AB_CD|absdiff|raw L=2,R=91 89->89 vs 183 NO
#6:BA_DC|cat|rev L=20,R=19 2019->9102 vs 183 NO
#7:BA_DC|mul|rev L=20,R=19 380->083 vs 183 NO
#8:BA_DC|add|rev L=20,R=19 39->93 vs 183 NO
#9:BA_DC|cat|raw L=20,R=19 2019->2019 vs 183 NO
#10:AB_CD|cat|rev L=2,R=91 291->192 vs 183 NO
#11:AB_CD|mul|rev L=2,R=91 182->281 vs 183 NO
#12:AB_CD|add|rev L=2,R=91 93->39 vs 183 NO

S4: VER
E2: 84*44 = 3112
BA_DC|muladd1|rev L=48,R=44 2113->3112 vs 3112 YES

S5: LOCK: BA_DC|muladd1|rev

S6: APPLY
Target: 95*68
BA_DC: L=59,R=86
muladd1(59,86)=5075 rev->5705

S7: ANS=5705

\boxed{5705}"
4aabfc3b,"In Alice's Wonderland, a secret set of transformation rules is applied to equations. Below are a few examples:
03*61 = 64
05*84 = 89
27""97 = 8865
Now, determine the result for: 31*85",17,Equation Numeric,"I identify this as a symbol-digit (equation numeric) task: two-digit operands built from A,B,C,D, one operator, and a format. I group examples by the target operator, scan (pairing|op|format) until examples match and the target matches the boxed answer, then apply. I ignore flavor text.

S2: PARSE
Operator: '*'
Target: 31*85  A=3,B=1,C=8,D=5
Examples using '*':
  E1: 03*61 = 64
  E2: 05*84 = 89

S3: SCAN
#1:AB_CD|cat|raw L=3,R=61 361->361 vs 64 NO
#2:AB_CD|mul|raw L=3,R=61 183->183 vs 64 NO
#3:AB_CD|add|raw L=3,R=61 64->64 vs 64 NO
#4:AB_CD|sub|raw L=3,R=61 -58->-58 vs 64 NO
#5:AB_CD|absdiff|raw L=3,R=61 58->58 vs 64 NO
#6:BA_DC|cat|rev L=30,R=16 3016->6103 vs 64 NO
#7:BA_DC|mul|rev L=30,R=16 480->084 vs 64 NO
#8:BA_DC|add|rev L=30,R=16 46->64 vs 64 YES

S4: VER
E2: 05*84 = 89
BA_DC|add|rev L=50,R=48 98->89 vs 89 YES

S5: LOCK: BA_DC|add|rev

S6: APPLY
Target: 31*85
BA_DC: L=13,R=58
add(13,58)=71 rev->17

S7: ANS=17

\boxed{17}"
4aeed935,"In Alice's Wonderland, a secret set of transformation rules is applied to equations. Below are a few examples:
24*74 = 7424
75+78 = 7875
31+96 = 9631
07-19 = -12
Now, determine the result for: 55*14",1455,Equation Numeric,"I identify this as a symbol-digit (equation numeric) task: two-digit operands built from A,B,C,D, one operator, and a format. I group examples by the target operator, scan (pairing|op|format) until examples match and the target matches the boxed answer, then apply. I ignore flavor text.

S2: PARSE
Operator: '*'
Target: 55*14  A=5,B=5,C=1,D=4
Examples using '*':
  E1: 24*74 = 7424

S3: SCAN
#1:AB_CD|cat|raw L=24,R=74 2474->2474 vs 7424 NO
#2:AB_CD|mul|raw L=24,R=74 1776->1776 vs 7424 NO
#3:AB_CD|add|raw L=24,R=74 98->98 vs 7424 NO
#4:AB_CD|sub|raw L=24,R=74 -50->-50 vs 7424 NO
#5:AB_CD|absdiff|raw L=24,R=74 50->50 vs 7424 NO
#6:BA_DC|cat|rev L=42,R=47 4247->7424 vs 7424 YES

S5: LOCK: BA_DC|cat|rev

S6: APPLY
Target: 55*14
BA_DC: L=55,R=41
cat(55,41)=5541 rev->1455

S7: ANS=1455

\boxed{1455}"
4b70414e,"In Alice's Wonderland, a secret set of transformation rules is applied to equations. Below are a few examples:
35+44 = 79
41#55 = 967
07<13 = 93<
19+14 = 231
06#21 = 917
Now, determine the result for: 48#83",1913,Equation Numeric,"I identify this as a symbol-digit (equation numeric) task: two-digit operands built from A,B,C,D, one operator, and a format. I group examples by the target operator, scan (pairing|op|format) until examples match and the target matches the boxed answer, then apply. I ignore flavor text.

S2: PARSE
Operator: '#'
Target: 48#83  A=4,B=8,C=8,D=3
Examples using '#':
  E1: 41#55 = 967
  E2: 06#21 = 917

S3: SCAN
#1:AB_CD|cat|raw L=41,R=55 4155->4155 vs 967 NO
#2:AB_CD|mul|raw L=41,R=55 2255->2255 vs 967 NO
#3:AB_CD|add|raw L=41,R=55 96->96 vs 967 NO
#4:AB_CD|sub|raw L=41,R=55 -14->-14 vs 967 NO
#5:AB_CD|absdiff|raw L=41,R=55 14->14 vs 967 NO
#6:BA_DC|cat|rev L=14,R=55 1455->5541 vs 967 NO
#7:BA_DC|mul|rev L=14,R=55 770->077 vs 967 NO
#8:BA_DC|add|rev L=14,R=55 69->96 vs 967 NO
#9:BA_DC|cat|raw L=14,R=55 1455->1455 vs 967 NO
#10:AB_CD|cat|rev L=41,R=55 4155->5514 vs 967 NO
#11:AB_CD|mul|rev L=41,R=55 2255->5522 vs 967 NO
#12:AB_CD|add|rev L=41,R=55 96->69 vs 967 NO

S4: VER
E2: 06#21 = 917
BA_DC|mulsub1|rev L=60,R=12 719->917 vs 917 YES

S5: LOCK: BA_DC|mulsub1|rev

S6: APPLY
Target: 48#83
BA_DC: L=84,R=38
mulsub1(84,38)=3191 rev->1913

S7: ANS=1913

\boxed{1913}"
4bc6e6b5,"In Alice's Wonderland, a secret set of transformation rules is applied to equations. Below are a few examples:
16/70 = 6
59$26 = 1535
31/58 = 27
11/98 = 10
23+49 = 72
Now, determine the result for: 31+36",67,Equation Numeric,"I identify this as a symbol-digit (equation numeric) task: two-digit operands built from A,B,C,D, one operator, and a format. I group examples by the target operator, scan (pairing|op|format) until examples match and the target matches the boxed answer, then apply. I ignore flavor text.

S2: PARSE
Operator: '+'
Target: 31+36  A=3,B=1,C=3,D=6
Examples using '+':
  E1: 23+49 = 72

S3: SCAN
#1:AB_CD|cat|raw L=23,R=49 2349->2349 vs 72 NO
#2:AB_CD|mul|raw L=23,R=49 1127->1127 vs 72 NO
#3:AB_CD|add|raw L=23,R=49 72->72 vs 72 YES

S5: LOCK: AB_CD|add|raw

S6: APPLY
Target: 31+36
AB_CD: L=31,R=36
add(31,36)=67 raw->67

S7: ANS=67

\boxed{67}"
4c19c1cb,"In Alice's Wonderland, a secret set of transformation rules is applied to equations. Below are a few examples:
76?45 = 8163
72?62 = 207
91&14 = 9114
Now, determine the result for: 35?09",0774,Equation Numeric,"I identify this as a symbol-digit (equation numeric) task: two-digit operands built from A,B,C,D, one operator, and a format. I group examples by the target operator, scan (pairing|op|format) until examples match and the target matches the boxed answer, then apply. I ignore flavor text.

S2: PARSE
Operator: '?'
Target: 35?09  A=3,B=5,C=0,D=9
Examples using '?':
  E1: 76?45 = 8163
  E2: 72?62 = 207

S3: SCAN
#1:AB_CD|cat|raw L=76,R=45 7645->7645 vs 8163 NO
#2:AB_CD|mul|raw L=76,R=45 3420->3420 vs 8163 NO
#3:AB_CD|add|raw L=76,R=45 121->121 vs 8163 NO
#4:AB_CD|sub|raw L=76,R=45 31->31 vs 8163 NO
#5:AB_CD|absdiff|raw L=76,R=45 31->31 vs 8163 NO
#6:BA_DC|cat|rev L=67,R=54 6754->4576 vs 8163 NO
#7:BA_DC|mul|rev L=67,R=54 3618->8163 vs 8163 YES

S4: VER
E2: 72?62 = 207
BA_DC|mul|rev L=27,R=26 702->207 vs 207 YES

S5: LOCK: BA_DC|mul|rev

S6: APPLY
Target: 35?09
BA_DC: L=53,R=90
mul(53,90)=4770 rev->0774

S7: ANS=0774

\boxed{0774}"
4c6cf9d9,"In Alice's Wonderland, a secret set of transformation rules is applied to equations. Below are a few examples:
58*34 = 24
41`35 = 86
53`27 = 801
29*25 = 04
Now, determine the result for: 29*65",63,Equation Numeric,"I identify this as a symbol-digit (equation numeric) task: two-digit operands built from A,B,C,D, one operator, and a format. I group examples by the target operator, scan (pairing|op|format) until examples match and the target matches the boxed answer, then apply. I ignore flavor text.

S2: PARSE
Operator: '*'
Target: 29*65  A=2,B=9,C=6,D=5
Examples using '*':
  E1: 58*34 = 24
  E2: 29*25 = 04

S3: SCAN
#1:AB_CD|cat|raw L=58,R=34 5834->5834 vs 24 NO
#2:AB_CD|mul|raw L=58,R=34 1972->1972 vs 24 NO
#3:AB_CD|add|raw L=58,R=34 92->92 vs 24 NO
#4:AB_CD|sub|raw L=58,R=34 24->24 vs 24 NO
#5:AB_CD|absdiff|raw L=58,R=34 24->24 vs 24 NO
#6:BA_DC|cat|rev L=85,R=43 8543->3458 vs 24 NO
#7:BA_DC|mul|rev L=85,R=43 3655->5563 vs 24 NO
#8:BA_DC|add|rev L=85,R=43 128->821 vs 24 NO
#9:BA_DC|cat|raw L=85,R=43 8543->8543 vs 24 NO
#10:AB_CD|cat|rev L=58,R=34 5834->4385 vs 24 NO
#11:AB_CD|mul|rev L=58,R=34 1972->2791 vs 24 NO
#12:AB_CD|add|rev L=58,R=34 92->29 vs 24 NO

S4: VER
E2: 29*25 = 04
BA_DC|sub|rev L=92,R=52 40->04 vs 04 YES

S5: LOCK: BA_DC|sub|rev

S6: APPLY
Target: 29*65
BA_DC: L=92,R=56
sub(92,56)=36 rev->63

S7: ANS=63

\boxed{63}"
4cb5e927,"In Alice's Wonderland, a secret set of transformation rules is applied to equations. Below are a few examples:
37/18 = 665
88:71 = 159
25-97 = -72
Now, determine the result for: 69-49",-20,Equation Numeric,"I identify this as a symbol-digit (equation numeric) task: two-digit operands built from A,B,C,D, one operator, and a format. I group examples by the target operator, scan (pairing|op|format) until examples match and the target matches the boxed answer, then apply. I ignore flavor text.

S2: PARSE
Operator: '-'
Target: 69-49  A=6,B=9,C=4,D=9
Examples using '-':
  E1: 25-97 = -72

S3: SCAN
#1:AB_CD|cat|raw L=25,R=97 2597->2597 vs -72 NO
#2:AB_CD|mul|raw L=25,R=97 2425->2425 vs -72 NO
#3:AB_CD|add|raw L=25,R=97 122->122 vs -72 NO
#4:AB_CD|sub|raw L=25,R=97 -72->-72 vs -72 NO
#5:AB_CD|absdiff|raw L=25,R=97 72->72 vs -72 NO
#6:BA_DC|cat|rev L=52,R=79 5279->9725 vs -72 NO
#7:BA_DC|mul|rev L=52,R=79 4108->8014 vs -72 NO
#8:BA_DC|add|rev L=52,R=79 131->131 vs -72 NO
#9:BA_DC|cat|raw L=52,R=79 5279->5279 vs -72 NO
#10:AB_CD|cat|rev L=25,R=97 2597->7952 vs -72 NO
#11:AB_CD|mul|rev L=25,R=97 2425->5242 vs -72 NO
#12:AB_CD|add|rev L=25,R=97 122->221 vs -72 NO

S5: LOCK: AB_CD|sub|neg

S6: APPLY
Target: 69-49
AB_CD: L=69,R=49
sub(69,49)=20 neg->-20

S7: ANS=-20

\boxed{-20}"
4cf073bf,"In Alice's Wonderland, a secret set of transformation rules is applied to equations. Below are a few examples:
93+01 = 94
19^33 = 1933
04^26 = 0426
Now, determine the result for: 02+06",08,Equation Numeric,"I identify this as a symbol-digit (equation numeric) task: two-digit operands built from A,B,C,D, one operator, and a format. I group examples by the target operator, scan (pairing|op|format) until examples match and the target matches the boxed answer, then apply. I ignore flavor text.

S2: PARSE
Operator: '+'
Target: 02+06  A=0,B=2,C=0,D=6
Examples using '+':
  E1: 93+01 = 94

S3: SCAN
#1:AB_CD|cat|raw L=93,R=1 931->931 vs 94 NO
#2:AB_CD|mul|raw L=93,R=1 93->93 vs 94 NO
#3:AB_CD|add|raw L=93,R=1 94->94 vs 94 NO
#4:AB_CD|sub|raw L=93,R=1 92->92 vs 94 NO
#5:AB_CD|absdiff|raw L=93,R=1 92->92 vs 94 NO
#6:BA_DC|cat|rev L=39,R=10 3910->0193 vs 94 NO
#7:BA_DC|mul|rev L=39,R=10 390->093 vs 94 NO
#8:BA_DC|add|rev L=39,R=10 49->94 vs 94 YES

S5: LOCK: BA_DC|add|rev

S6: APPLY
Target: 02+06
BA_DC: L=20,R=60
add(20,60)=80 rev->08

S7: ANS=08

\boxed{08}"
4d39d098,"In Alice's Wonderland, a secret set of transformation rules is applied to equations. Below are a few examples:
94+92 = 97
92+66 = 69
12*99 = 9702
67-32 = -35
34*71 = 137
Now, determine the result for: 96*36",7434,Equation Numeric,"I identify this as a symbol-digit (equation numeric) task: two-digit operands built from A,B,C,D, one operator, and a format. I group examples by the target operator, scan (pairing|op|format) until examples match and the target matches the boxed answer, then apply. I ignore flavor text.

S2: PARSE
Operator: '*'
Target: 96*36  A=9,B=6,C=3,D=6
Examples using '*':
  E1: 12*99 = 9702
  E2: 34*71 = 137

S3: SCAN
#1:AB_CD|cat|raw L=12,R=99 1299->1299 vs 9702 NO
#2:AB_CD|mul|raw L=12,R=99 1188->1188 vs 9702 NO
#3:AB_CD|add|raw L=12,R=99 111->111 vs 9702 NO
#4:AB_CD|sub|raw L=12,R=99 -87->-87 vs 9702 NO
#5:AB_CD|absdiff|raw L=12,R=99 87->87 vs 9702 NO
#6:BA_DC|cat|rev L=21,R=99 2199->9912 vs 9702 NO
#7:BA_DC|mul|rev L=21,R=99 2079->9702 vs 9702 YES

S4: VER
E2: 34*71 = 137
BA_DC|mul|rev L=43,R=17 731->137 vs 137 YES

S5: LOCK: BA_DC|mul|rev

S6: APPLY
Target: 96*36
BA_DC: L=69,R=63
mul(69,63)=4347 rev->7434

S7: ANS=7434

\boxed{7434}"
4d714623,"In Alice's Wonderland, a secret set of transformation rules is applied to equations. Below are a few examples:
95""84 = 179
67""31 = 98
20""12 = 32
11""91 = 102
64:52 = 6452
Now, determine the result for: 57""50",107,Equation Numeric,"I identify this as a symbol-digit (equation numeric) task: two-digit operands built from A,B,C,D, one operator, and a format. I group examples by the target operator, scan (pairing|op|format) until examples match and the target matches the boxed answer, then apply. I ignore flavor text.

S2: PARSE
Operator: '""'
Target: 57""50  A=5,B=7,C=5,D=0
Examples using '""':
  E1: 95""84 = 179
  E2: 67""31 = 98
  E3: 20""12 = 32
  E4: 11""91 = 102

S3: SCAN
#1:AB_CD|cat|raw L=95,R=84 9584->9584 vs 179 NO
#2:AB_CD|mul|raw L=95,R=84 7980->7980 vs 179 NO
#3:AB_CD|add|raw L=95,R=84 179->179 vs 179 YES

S4: VER
E2: 67""31 = 98
AB_CD|add|raw L=67,R=31 98->98 vs 98 YES

S5: LOCK: AB_CD|add|raw

S6: APPLY
Target: 57""50
AB_CD: L=57,R=50
add(57,50)=107 raw->107

S7: ANS=107

\boxed{107}"
4d8f8111,"In Alice's Wonderland, a secret set of transformation rules is applied to equations. Below are a few examples:
98+78 = 7898
77-93 = 83
42-23 = 8
42*09 = 0612
92+63 = 6392
Now, determine the result for: 01+76",7601,Equation Numeric,"I identify this as a symbol-digit (equation numeric) task: two-digit operands built from A,B,C,D, one operator, and a format. I group examples by the target operator, scan (pairing|op|format) until examples match and the target matches the boxed answer, then apply. I ignore flavor text.

S2: PARSE
Operator: '+'
Target: 01+76  A=0,B=1,C=7,D=6
Examples using '+':
  E1: 98+78 = 7898
  E2: 92+63 = 6392

S3: SCAN
#1:AB_CD|cat|raw L=98,R=78 9878->9878 vs 7898 NO
#2:AB_CD|mul|raw L=98,R=78 7644->7644 vs 7898 NO
#3:AB_CD|add|raw L=98,R=78 176->176 vs 7898 NO
#4:AB_CD|sub|raw L=98,R=78 20->20 vs 7898 NO
#5:AB_CD|absdiff|raw L=98,R=78 20->20 vs 7898 NO
#6:BA_DC|cat|rev L=89,R=87 8987->7898 vs 7898 YES

S4: VER
E2: 92+63 = 6392
BA_DC|cat|rev L=29,R=36 2936->6392 vs 6392 YES

S5: LOCK: BA_DC|cat|rev

S6: APPLY
Target: 01+76
BA_DC: L=10,R=67
cat(10,67)=1067 rev->7601

S7: ANS=7601

\boxed{7601}"
4d92de08,"In Alice's Wonderland, a secret set of transformation rules is applied to equations. Below are a few examples:
03]36 = 39
13#44 = 4631
57]28 = 751
04<42 = 61
Now, determine the result for: 15#81",819,Equation Numeric,"I identify this as a symbol-digit (equation numeric) task: two-digit operands built from A,B,C,D, one operator, and a format. I group examples by the target operator, scan (pairing|op|format) until examples match and the target matches the boxed answer, then apply. I ignore flavor text.

S2: PARSE
Operator: '#'
Target: 15#81  A=1,B=5,C=8,D=1
Examples using '#':
  E1: 13#44 = 4631

S3: SCAN
#1:AB_CD|cat|raw L=13,R=44 1344->1344 vs 4631 NO
#2:AB_CD|mul|raw L=13,R=44 572->572 vs 4631 NO
#3:AB_CD|add|raw L=13,R=44 57->57 vs 4631 NO
#4:AB_CD|sub|raw L=13,R=44 -31->-31 vs 4631 NO
#5:AB_CD|absdiff|raw L=13,R=44 31->31 vs 4631 NO
#6:BA_DC|cat|rev L=31,R=44 3144->4413 vs 4631 NO
#7:BA_DC|mul|rev L=31,R=44 1364->4631 vs 4631 YES

S5: LOCK: BA_DC|mul|rev

S6: APPLY
Target: 15#81
BA_DC: L=51,R=18
mul(51,18)=918 rev->819

S7: ANS=819

\boxed{819}"
4dbec546,"In Alice's Wonderland, a secret set of transformation rules is applied to equations. Below are a few examples:
61-22 = -6
51+72 = 24
63*47 = 4763
18*63 = 6318
08*67 = 6708
Now, determine the result for: 06+65",611,Equation Numeric,"I identify this as a symbol-digit (equation numeric) task: two-digit operands built from A,B,C,D, one operator, and a format. I group examples by the target operator, scan (pairing|op|format) until examples match and the target matches the boxed answer, then apply. I ignore flavor text.

S2: PARSE
Operator: '+'
Target: 06+65  A=0,B=6,C=6,D=5
Examples using '+':
  E1: 51+72 = 24

S3: SCAN
#1:AB_CD|cat|raw L=51,R=72 5172->5172 vs 24 NO
#2:AB_CD|mul|raw L=51,R=72 3672->3672 vs 24 NO
#3:AB_CD|add|raw L=51,R=72 123->123 vs 24 NO
#4:AB_CD|sub|raw L=51,R=72 -21->-21 vs 24 NO
#5:AB_CD|absdiff|raw L=51,R=72 21->21 vs 24 NO
#6:BA_DC|cat|rev L=15,R=27 1527->7251 vs 24 NO
#7:BA_DC|mul|rev L=15,R=27 405->504 vs 24 NO
#8:BA_DC|add|rev L=15,R=27 42->24 vs 24 YES

S5: LOCK: BA_DC|add|rev

S6: APPLY
Target: 06+65
BA_DC: L=60,R=56
add(60,56)=116 rev->611

S7: ANS=611

\boxed{611}"
4dcc1844,"In Alice's Wonderland, a secret set of transformation rules is applied to equations. Below are a few examples:
17*71 = 87
63$50 = 13
85$33 = 52
28$92 = $64
69&17 = 6917
Now, determine the result for: 63*21",83,Equation Numeric,"I identify this as a symbol-digit (equation numeric) task: two-digit operands built from A,B,C,D, one operator, and a format. I group examples by the target operator, scan (pairing|op|format) until examples match and the target matches the boxed answer, then apply. I ignore flavor text.

S2: PARSE
Operator: '*'
Target: 63*21  A=6,B=3,C=2,D=1
Examples using '*':
  E1: 17*71 = 87

S3: SCAN
#1:AB_CD|cat|raw L=17,R=71 1771->1771 vs 87 NO
#2:AB_CD|mul|raw L=17,R=71 1207->1207 vs 87 NO
#3:AB_CD|add|raw L=17,R=71 88->88 vs 87 NO
#4:AB_CD|sub|raw L=17,R=71 -54->-54 vs 87 NO
#5:AB_CD|absdiff|raw L=17,R=71 54->54 vs 87 NO
#6:BA_DC|cat|rev L=71,R=17 7117->7117 vs 87 NO
#7:BA_DC|mul|rev L=71,R=17 1207->7021 vs 87 NO
#8:BA_DC|add|rev L=71,R=17 88->88 vs 87 NO
#9:BA_DC|cat|raw L=71,R=17 7117->7117 vs 87 NO
#10:AB_CD|cat|rev L=17,R=71 1771->1771 vs 87 NO
#11:AB_CD|mul|rev L=17,R=71 1207->7021 vs 87 NO
#12:AB_CD|add|rev L=17,R=71 88->88 vs 87 NO

S5: LOCK: AB_CD|addm1|raw

S6: APPLY
Target: 63*21
AB_CD: L=63,R=21
addm1(63,21)=83 raw->83

S7: ANS=83

\boxed{83}"
4df01584,"In Alice's Wonderland, a secret set of transformation rules is applied to equations. Below are a few examples:
07+04 = 0407
62-71 = 9
44-43 = 01
Now, determine the result for: 35+19",1935,Equation Numeric,"I identify this as a symbol-digit (equation numeric) task: two-digit operands built from A,B,C,D, one operator, and a format. I group examples by the target operator, scan (pairing|op|format) until examples match and the target matches the boxed answer, then apply. I ignore flavor text.

S2: PARSE
Operator: '+'
Target: 35+19  A=3,B=5,C=1,D=9
Examples using '+':
  E1: 07+04 = 0407

S3: SCAN
#1:AB_CD|cat|raw L=7,R=4 74->74 vs 0407 NO
#2:AB_CD|mul|raw L=7,R=4 28->28 vs 0407 NO
#3:AB_CD|add|raw L=7,R=4 11->11 vs 0407 NO
#4:AB_CD|sub|raw L=7,R=4 3->3 vs 0407 NO
#5:AB_CD|absdiff|raw L=7,R=4 3->3 vs 0407 NO
#6:BA_DC|cat|rev L=70,R=40 7040->0407 vs 0407 YES

S5: LOCK: BA_DC|cat|rev

S6: APPLY
Target: 35+19
BA_DC: L=53,R=91
cat(53,91)=5391 rev->1935

S7: ANS=1935

\boxed{1935}"
4e5fa95b,"In Alice's Wonderland, a secret set of transformation rules is applied to equations. Below are a few examples:
93(51 = 4744
44(82 = 3609
13(26 = 339
49+81 = 32
84?47 = 131
Now, determine the result for: 27?59",86,Equation Numeric,"I identify this as a symbol-digit (equation numeric) task: two-digit operands built from A,B,C,D, one operator, and a format. I group examples by the target operator, scan (pairing|op|format) until examples match and the target matches the boxed answer, then apply. I ignore flavor text.

S2: PARSE
Operator: '?'
Target: 27?59  A=2,B=7,C=5,D=9
Examples using '?':
  E1: 84?47 = 131

S3: SCAN
#1:AB_CD|cat|raw L=84,R=47 8447->8447 vs 131 NO
#2:AB_CD|mul|raw L=84,R=47 3948->3948 vs 131 NO
#3:AB_CD|add|raw L=84,R=47 131->131 vs 131 YES

S5: LOCK: AB_CD|add|raw

S6: APPLY
Target: 27?59
AB_CD: L=27,R=59
add(27,59)=86 raw->86

S7: ANS=86

\boxed{86}"
4f0e0273,"In Alice's Wonderland, a secret set of transformation rules is applied to equations. Below are a few examples:
64*49 = 4234
01{83 = 8
33@74 = 08
87{78 = 9
Now, determine the result for: 36*53",5022,Equation Numeric,"I identify this as a symbol-digit (equation numeric) task: two-digit operands built from A,B,C,D, one operator, and a format. I group examples by the target operator, scan (pairing|op|format) until examples match and the target matches the boxed answer, then apply. I ignore flavor text.

S2: PARSE
Operator: '*'
Target: 36*53  A=3,B=6,C=5,D=3
Examples using '*':
  E1: 64*49 = 4234

S3: SCAN
#1:AB_CD|cat|raw L=64,R=49 6449->6449 vs 4234 NO
#2:AB_CD|mul|raw L=64,R=49 3136->3136 vs 4234 NO
#3:AB_CD|add|raw L=64,R=49 113->113 vs 4234 NO
#4:AB_CD|sub|raw L=64,R=49 15->15 vs 4234 NO
#5:AB_CD|absdiff|raw L=64,R=49 15->15 vs 4234 NO
#6:BA_DC|cat|rev L=46,R=94 4694->4964 vs 4234 NO
#7:BA_DC|mul|rev L=46,R=94 4324->4234 vs 4234 YES

S5: LOCK: BA_DC|mul|rev

S6: APPLY
Target: 36*53
BA_DC: L=63,R=35
mul(63,35)=2205 rev->5022

S7: ANS=5022

\boxed{5022}"
4f660f4b,"In Alice's Wonderland, a secret set of transformation rules is applied to equations. Below are a few examples:
86[91 = 2921
33\14 = 37
94`42 = 52
41\69 = 901
Now, determine the result for: 76[86",6554,Equation Numeric,"I identify this as a symbol-digit (equation numeric) task: two-digit operands built from A,B,C,D, one operator, and a format. I group examples by the target operator, scan (pairing|op|format) until examples match and the target matches the boxed answer, then apply. I ignore flavor text.

S2: PARSE
Operator: '['
Target: 76[86  A=7,B=6,C=8,D=6
Examples using '[':
  E1: 86[91 = 2921

S3: SCAN
#1:AB_CD|cat|raw L=86,R=91 8691->8691 vs 2921 NO
#2:AB_CD|mul|raw L=86,R=91 7826->7826 vs 2921 NO
#3:AB_CD|add|raw L=86,R=91 177->177 vs 2921 NO
#4:AB_CD|sub|raw L=86,R=91 -5->-5 vs 2921 NO
#5:AB_CD|absdiff|raw L=86,R=91 5->5 vs 2921 NO
#6:BA_DC|cat|rev L=68,R=19 6819->9186 vs 2921 NO
#7:BA_DC|mul|rev L=68,R=19 1292->2921 vs 2921 YES

S5: LOCK: BA_DC|mul|rev

S6: APPLY
Target: 76[86
BA_DC: L=67,R=68
mul(67,68)=4556 rev->6554

S7: ANS=6554

\boxed{6554}"
4f8da43f,"In Alice's Wonderland, a secret set of transformation rules is applied to equations. Below are a few examples:
83>28 = 021
77'32 = 1771
99'39 = 7029
87>16 = 931
Now, determine the result for: 82>63",46,Equation Numeric,"I identify this as a symbol-digit (equation numeric) task: two-digit operands built from A,B,C,D, one operator, and a format. I group examples by the target operator, scan (pairing|op|format) until examples match and the target matches the boxed answer, then apply. I ignore flavor text.

S2: PARSE
Operator: '>'
Target: 82>63  A=8,B=2,C=6,D=3
Examples using '>':
  E1: 83>28 = 021
  E2: 87>16 = 931

S3: SCAN
#1:AB_CD|cat|raw L=83,R=28 8328->8328 vs 021 NO
#2:AB_CD|mul|raw L=83,R=28 2324->2324 vs 021 NO
#3:AB_CD|add|raw L=83,R=28 111->111 vs 021 NO
#4:AB_CD|sub|raw L=83,R=28 55->55 vs 021 NO
#5:AB_CD|absdiff|raw L=83,R=28 55->55 vs 021 NO
#6:BA_DC|cat|rev L=38,R=82 3882->2883 vs 021 NO
#7:BA_DC|mul|rev L=38,R=82 3116->6113 vs 021 NO
#8:BA_DC|add|rev L=38,R=82 120->021 vs 021 YES

S4: VER
E2: 87>16 = 931
BA_DC|add|rev L=78,R=61 139->931 vs 931 YES

S5: LOCK: BA_DC|add|rev

S6: APPLY
Target: 82>63
BA_DC: L=28,R=36
add(28,36)=64 rev->46

S7: ANS=46

\boxed{46}"
4ff92c73,"In Alice's Wonderland, a secret set of transformation rules is applied to equations. Below are a few examples:
33-91 = 41
32-33 = 01
31*13 = 204
82*28 = 5922
Now, determine the result for: 75-38",62,Equation Numeric,"I identify this as a symbol-digit (equation numeric) task: two-digit operands built from A,B,C,D, one operator, and a format. I group examples by the target operator, scan (pairing|op|format) until examples match and the target matches the boxed answer, then apply. I ignore flavor text.

S2: PARSE
Operator: '-'
Target: 75-38  A=7,B=5,C=3,D=8
Examples using '-':
  E1: 33-91 = 41
  E2: 32-33 = 01

S3: SCAN
#1:AB_CD|cat|raw L=33,R=91 3391->3391 vs 41 NO
#2:AB_CD|mul|raw L=33,R=91 3003->3003 vs 41 NO
#3:AB_CD|add|raw L=33,R=91 124->124 vs 41 NO
#4:AB_CD|sub|raw L=33,R=91 -58->-58 vs 41 NO
#5:AB_CD|absdiff|raw L=33,R=91 58->58 vs 41 NO
#6:BA_DC|cat|rev L=33,R=19 3319->9133 vs 41 NO
#7:BA_DC|mul|rev L=33,R=19 627->726 vs 41 NO
#8:BA_DC|add|rev L=33,R=19 52->25 vs 41 NO
#9:BA_DC|cat|raw L=33,R=19 3319->3319 vs 41 NO
#10:AB_CD|cat|rev L=33,R=91 3391->1933 vs 41 NO
#11:AB_CD|mul|rev L=33,R=91 3003->3003 vs 41 NO
#12:AB_CD|add|rev L=33,R=91 124->421 vs 41 NO

S4: VER
E2: 32-33 = 01
BA_DC|absdiff|rev L=23,R=33 10->01 vs 01 YES

S5: LOCK: BA_DC|absdiff|rev

S6: APPLY
Target: 75-38
BA_DC: L=57,R=83
absdiff(57,83)=26 rev->62

S7: ANS=62

\boxed{62}"
50adc396,"In Alice's Wonderland, a secret set of transformation rules is applied to equations. Below are a few examples:
34*06 = 0634
97+66 = 541
13*26 = 2613
16-23 = -92
Now, determine the result for: 15+88",931,Equation Numeric,"I identify this as a symbol-digit (equation numeric) task: two-digit operands built from A,B,C,D, one operator, and a format. I group examples by the target operator, scan (pairing|op|format) until examples match and the target matches the boxed answer, then apply. I ignore flavor text.

S2: PARSE
Operator: '+'
Target: 15+88  A=1,B=5,C=8,D=8
Examples using '+':
  E1: 97+66 = 541

S3: SCAN
#1:AB_CD|cat|raw L=97,R=66 9766->9766 vs 541 NO
#2:AB_CD|mul|raw L=97,R=66 6402->6402 vs 541 NO
#3:AB_CD|add|raw L=97,R=66 163->163 vs 541 NO
#4:AB_CD|sub|raw L=97,R=66 31->31 vs 541 NO
#5:AB_CD|absdiff|raw L=97,R=66 31->31 vs 541 NO
#6:BA_DC|cat|rev L=79,R=66 7966->6697 vs 541 NO
#7:BA_DC|mul|rev L=79,R=66 5214->4125 vs 541 NO
#8:BA_DC|add|rev L=79,R=66 145->541 vs 541 YES

S5: LOCK: BA_DC|add|rev

S6: APPLY
Target: 15+88
BA_DC: L=51,R=88
add(51,88)=139 rev->931

S7: ANS=931

\boxed{931}"
50adfd54,"In Alice's Wonderland, a secret set of transformation rules is applied to equations. Below are a few examples:
12*23 = 176
52-61 = 9
88*89 = 3268
Now, determine the result for: 42-18",-75,Equation Numeric,"I identify this as a symbol-digit (equation numeric) task: two-digit operands built from A,B,C,D, one operator, and a format. I group examples by the target operator, scan (pairing|op|format) until examples match and the target matches the boxed answer, then apply. I ignore flavor text.

S2: PARSE
Operator: '-'
Target: 42-18  A=4,B=2,C=1,D=8
Examples using '-':
  E1: 52-61 = 9

S3: SCAN
#1:AB_CD|cat|raw L=52,R=61 5261->5261 vs 9 NO
#2:AB_CD|mul|raw L=52,R=61 3172->3172 vs 9 NO
#3:AB_CD|add|raw L=52,R=61 113->113 vs 9 NO
#4:AB_CD|sub|raw L=52,R=61 -9->-9 vs 9 NO
#5:AB_CD|absdiff|raw L=52,R=61 9->9 vs 9 NO
#6:BA_DC|cat|rev L=25,R=16 2516->6152 vs 9 NO
#7:BA_DC|mul|rev L=25,R=16 400->004 vs 9 NO
#8:BA_DC|add|rev L=25,R=16 41->14 vs 9 NO
#9:BA_DC|cat|raw L=25,R=16 2516->2516 vs 9 NO
#10:AB_CD|cat|rev L=52,R=61 5261->1625 vs 9 NO
#11:AB_CD|mul|rev L=52,R=61 3172->2713 vs 9 NO
#12:AB_CD|add|rev L=52,R=61 113->311 vs 9 NO

S5: LOCK: BA_DC|sub|rev

S6: APPLY
Target: 42-18
BA_DC: L=24,R=81
sub(24,81)=-57 rev->-75

S7: ANS=-75

\boxed{-75}"
50c0b6f8,"In Alice's Wonderland, a secret set of transformation rules is applied to equations. Below are a few examples:
39+04 = 331
67*67 = 6767
21*56 = 5621
94+28 = 131
26-76 = 5
Now, determine the result for: 96+06",921,Equation Numeric,"I identify this as a symbol-digit (equation numeric) task: two-digit operands built from A,B,C,D, one operator, and a format. I group examples by the target operator, scan (pairing|op|format) until examples match and the target matches the boxed answer, then apply. I ignore flavor text.

S2: PARSE
Operator: '+'
Target: 96+06  A=9,B=6,C=0,D=6
Examples using '+':
  E1: 39+04 = 331
  E2: 94+28 = 131

S3: SCAN
#1:AB_CD|cat|raw L=39,R=4 394->394 vs 331 NO
#2:AB_CD|mul|raw L=39,R=4 156->156 vs 331 NO
#3:AB_CD|add|raw L=39,R=4 43->43 vs 331 NO
#4:AB_CD|sub|raw L=39,R=4 35->35 vs 331 NO
#5:AB_CD|absdiff|raw L=39,R=4 35->35 vs 331 NO
#6:BA_DC|cat|rev L=93,R=40 9340->0439 vs 331 NO
#7:BA_DC|mul|rev L=93,R=40 3720->0273 vs 331 NO
#8:BA_DC|add|rev L=93,R=40 133->331 vs 331 YES

S4: VER
E2: 94+28 = 131
BA_DC|add|rev L=49,R=82 131->131 vs 131 YES

S5: LOCK: BA_DC|add|rev

S6: APPLY
Target: 96+06
BA_DC: L=69,R=60
add(69,60)=129 rev->921

S7: ANS=921

\boxed{921}"
50f8e2c0,"In Alice's Wonderland, a secret set of transformation rules is applied to equations. Below are a few examples:
14-19 = -05
35+39 = 3935
62*58 = 1122
Now, determine the result for: 31-53",-22,Equation Numeric,"I identify this as a symbol-digit (equation numeric) task: two-digit operands built from A,B,C,D, one operator, and a format. I group examples by the target operator, scan (pairing|op|format) until examples match and the target matches the boxed answer, then apply. I ignore flavor text.

S2: PARSE
Operator: '-'
Target: 31-53  A=3,B=1,C=5,D=3
Examples using '-':
  E1: 14-19 = -05

S3: SCAN
#1:AB_CD|cat|raw L=14,R=19 1419->1419 vs -05 NO
#2:AB_CD|mul|raw L=14,R=19 266->266 vs -05 NO
#3:AB_CD|add|raw L=14,R=19 33->33 vs -05 NO
#4:AB_CD|sub|raw L=14,R=19 -5->-5 vs -05 NO
#5:AB_CD|absdiff|raw L=14,R=19 5->5 vs -05 NO
#6:BA_DC|cat|rev L=41,R=91 4191->1914 vs -05 NO
#7:BA_DC|mul|rev L=41,R=91 3731->1373 vs -05 NO
#8:BA_DC|add|rev L=41,R=91 132->231 vs -05 NO
#9:BA_DC|cat|raw L=41,R=91 4191->4191 vs -05 NO
#10:AB_CD|cat|rev L=14,R=19 1419->9141 vs -05 NO
#11:AB_CD|mul|rev L=14,R=19 266->662 vs -05 NO
#12:AB_CD|add|rev L=14,R=19 33->33 vs -05 NO

S5: LOCK: BA_DC|sub|rev

S6: APPLY
Target: 31-53
BA_DC: L=13,R=35
sub(13,35)=-22 rev->-22

S7: ANS=-22

\boxed{-22}"
5144897d,"In Alice's Wonderland, a secret set of transformation rules is applied to equations. Below are a few examples:
99-66 = 6533
13:92 = 1
49|31 = 80
76|65 = 141
Now, determine the result for: 90:15",0,Equation Numeric,"I identify this as a symbol-digit (equation numeric) task: two-digit operands built from A,B,C,D, one operator, and a format. I group examples by the target operator, scan (pairing|op|format) until examples match and the target matches the boxed answer, then apply. I ignore flavor text.

S2: PARSE
Operator: ':'
Target: 90:15  A=9,B=0,C=1,D=5
Examples using ':':
  E1: 13:92 = 1

S3: SCAN
#1:AB_CD|cat|raw L=13,R=92 1392->1392 vs 1 NO
#2:AB_CD|mul|raw L=13,R=92 1196->1196 vs 1 NO
#3:AB_CD|add|raw L=13,R=92 105->105 vs 1 NO
#4:AB_CD|sub|raw L=13,R=92 -79->-79 vs 1 NO
#5:AB_CD|absdiff|raw L=13,R=92 79->79 vs 1 NO
#6:BA_DC|cat|rev L=31,R=29 3129->9213 vs 1 NO
#7:BA_DC|mul|rev L=31,R=29 899->998 vs 1 NO
#8:BA_DC|add|rev L=31,R=29 60->06 vs 1 NO
#9:BA_DC|cat|raw L=31,R=29 3129->3129 vs 1 NO
#10:AB_CD|cat|rev L=13,R=92 1392->2931 vs 1 NO
#11:AB_CD|mul|rev L=13,R=92 1196->6911 vs 1 NO
#12:AB_CD|add|rev L=13,R=92 105->501 vs 1 NO

S5: LOCK: BA_DC|div|raw

S6: APPLY
Target: 90:15
BA_DC: L=9,R=51
div(9,51)=0 raw->0

S7: ANS=0

\boxed{0}"
51dafb5b,"In Alice's Wonderland, a secret set of transformation rules is applied to equations. Below are a few examples:
67*68 = 5356
03-99 = 96
11-81 = 7
02*14 = 918
14-35 = 21
Now, determine the result for: 86*53",9732,Equation Numeric,"I identify this as a symbol-digit (equation numeric) task: two-digit operands built from A,B,C,D, one operator, and a format. I group examples by the target operator, scan (pairing|op|format) until examples match and the target matches the boxed answer, then apply. I ignore flavor text.

S2: PARSE
Operator: '*'
Target: 86*53  A=8,B=6,C=5,D=3
Examples using '*':
  E1: 67*68 = 5356
  E2: 02*14 = 918

S3: SCAN
#1:AB_CD|cat|raw L=67,R=68 6768->6768 vs 5356 NO
#2:AB_CD|mul|raw L=67,R=68 4556->4556 vs 5356 NO
#3:AB_CD|add|raw L=67,R=68 135->135 vs 5356 NO
#4:AB_CD|sub|raw L=67,R=68 -1->-1 vs 5356 NO
#5:AB_CD|absdiff|raw L=67,R=68 1->1 vs 5356 NO
#6:BA_DC|cat|rev L=76,R=86 7686->6867 vs 5356 NO
#7:BA_DC|mul|rev L=76,R=86 6536->6356 vs 5356 NO
#8:BA_DC|add|rev L=76,R=86 162->261 vs 5356 NO
#9:BA_DC|cat|raw L=76,R=86 7686->7686 vs 5356 NO
#10:AB_CD|cat|rev L=67,R=68 6768->8676 vs 5356 NO
#11:AB_CD|mul|rev L=67,R=68 4556->6554 vs 5356 NO
#12:AB_CD|add|rev L=67,R=68 135->531 vs 5356 NO

S4: VER
E2: 02*14 = 918
BA_DC|mulsub1|rev L=20,R=41 819->918 vs 918 YES

S5: LOCK: BA_DC|mulsub1|rev

S6: APPLY
Target: 86*53
BA_DC: L=68,R=35
mulsub1(68,35)=2379 rev->9732

S7: ANS=9732

\boxed{9732}"
52c62a3e,"In Alice's Wonderland, a secret set of transformation rules is applied to equations. Below are a few examples:
48\75 = 72\
56\24 = 32\
62*43 = 4362
02*71 = 7102
77*33 = 3377
Now, determine the result for: 92*12",1292,Equation Numeric,"I identify this as a symbol-digit (equation numeric) task: two-digit operands built from A,B,C,D, one operator, and a format. I group examples by the target operator, scan (pairing|op|format) until examples match and the target matches the boxed answer, then apply. I ignore flavor text.

S2: PARSE
Operator: '*'
Target: 92*12  A=9,B=2,C=1,D=2
Examples using '*':
  E1: 62*43 = 4362
  E2: 02*71 = 7102
  E3: 77*33 = 3377

S3: SCAN
#1:AB_CD|cat|raw L=62,R=43 6243->6243 vs 4362 NO
#2:AB_CD|mul|raw L=62,R=43 2666->2666 vs 4362 NO
#3:AB_CD|add|raw L=62,R=43 105->105 vs 4362 NO
#4:AB_CD|sub|raw L=62,R=43 19->19 vs 4362 NO
#5:AB_CD|absdiff|raw L=62,R=43 19->19 vs 4362 NO
#6:BA_DC|cat|rev L=26,R=34 2634->4362 vs 4362 YES

S4: VER
E2: 02*71 = 7102
BA_DC|cat|rev L=20,R=17 2017->7102 vs 7102 YES

S5: LOCK: BA_DC|cat|rev

S6: APPLY
Target: 92*12
BA_DC: L=29,R=21
cat(29,21)=2921 rev->1292

S7: ANS=1292

\boxed{1292}"
53b48918,"In Alice's Wonderland, a secret set of transformation rules is applied to equations. Below are a few examples:
70|42 = 7042
51#94 = 4794
56#88 = 4928
22+71 = 49
Now, determine the result for: 91+10",81,Equation Numeric,"I identify this as a symbol-digit (equation numeric) task: two-digit operands built from A,B,C,D, one operator, and a format. I group examples by the target operator, scan (pairing|op|format) until examples match and the target matches the boxed answer, then apply. I ignore flavor text.

S2: PARSE
Operator: '+'
Target: 91+10  A=9,B=1,C=1,D=0
Examples using '+':
  E1: 22+71 = 49

S3: SCAN
#1:AB_CD|cat|raw L=22,R=71 2271->2271 vs 49 NO
#2:AB_CD|mul|raw L=22,R=71 1562->1562 vs 49 NO
#3:AB_CD|add|raw L=22,R=71 93->93 vs 49 NO
#4:AB_CD|sub|raw L=22,R=71 -49->-49 vs 49 NO
#5:AB_CD|absdiff|raw L=22,R=71 49->49 vs 49 YES

S5: LOCK: AB_CD|absdiff|raw

S6: APPLY
Target: 91+10
AB_CD: L=91,R=10
absdiff(91,10)=81 raw->81

S7: ANS=81

\boxed{81}"
54c9bde5,"In Alice's Wonderland, a secret set of transformation rules is applied to equations. Below are a few examples:
52(28 = 79
50-78 = 5078
71\89 = \18
36-79 = 3679
87(18 = 104
Now, determine the result for: 30-64",3064,Equation Numeric,"I identify this as a symbol-digit (equation numeric) task: two-digit operands built from A,B,C,D, one operator, and a format. I group examples by the target operator, scan (pairing|op|format) until examples match and the target matches the boxed answer, then apply. I ignore flavor text.

S2: PARSE
Operator: '-'
Target: 30-64  A=3,B=0,C=6,D=4
Examples using '-':
  E1: 50-78 = 5078
  E2: 36-79 = 3679

S3: SCAN
#1:AB_CD|cat|raw L=50,R=78 5078->5078 vs 5078 YES

S4: VER
E2: 36-79 = 3679
AB_CD|cat|raw L=36,R=79 3679->3679 vs 3679 YES

S5: LOCK: AB_CD|cat|raw

S6: APPLY
Target: 30-64
AB_CD: L=30,R=64
cat(30,64)=3064 raw->3064

S7: ANS=3064

\boxed{3064}"
552e14d7,"In Alice's Wonderland, a secret set of transformation rules is applied to equations. Below are a few examples:
59+94 = 9459
68+08 = 0868
14+35 = 3514
12+98 = 9812
76'52 = 24'
Now, determine the result for: 56+17",1756,Equation Numeric,"I identify this as a symbol-digit (equation numeric) task: two-digit operands built from A,B,C,D, one operator, and a format. I group examples by the target operator, scan (pairing|op|format) until examples match and the target matches the boxed answer, then apply. I ignore flavor text.

S2: PARSE
Operator: '+'
Target: 56+17  A=5,B=6,C=1,D=7
Examples using '+':
  E1: 59+94 = 9459
  E2: 68+08 = 0868
  E3: 14+35 = 3514
  E4: 12+98 = 9812

S3: SCAN
#1:AB_CD|cat|raw L=59,R=94 5994->5994 vs 9459 NO
#2:AB_CD|mul|raw L=59,R=94 5546->5546 vs 9459 NO
#3:AB_CD|add|raw L=59,R=94 153->153 vs 9459 NO
#4:AB_CD|sub|raw L=59,R=94 -35->-35 vs 9459 NO
#5:AB_CD|absdiff|raw L=59,R=94 35->35 vs 9459 NO
#6:BA_DC|cat|rev L=95,R=49 9549->9459 vs 9459 YES

S4: VER
E2: 68+08 = 0868
BA_DC|cat|rev L=86,R=80 8680->0868 vs 0868 YES

S5: LOCK: BA_DC|cat|rev

S6: APPLY
Target: 56+17
BA_DC: L=65,R=71
cat(65,71)=6571 rev->1756

S7: ANS=1756

\boxed{1756}"
55954e3c,"In Alice's Wonderland, a secret set of transformation rules is applied to equations. Below are a few examples:
02-87 = -85
73+51 = 25
53*69 = 1633
57+97 = 451
Now, determine the result for: 39*36",0685,Equation Numeric,"I identify this as a symbol-digit (equation numeric) task: two-digit operands built from A,B,C,D, one operator, and a format. I group examples by the target operator, scan (pairing|op|format) until examples match and the target matches the boxed answer, then apply. I ignore flavor text.

S2: PARSE
Operator: '*'
Target: 39*36  A=3,B=9,C=3,D=6
Examples using '*':
  E1: 53*69 = 1633

S3: SCAN
#1:AB_CD|cat|raw L=53,R=69 5369->5369 vs 1633 NO
#2:AB_CD|mul|raw L=53,R=69 3657->3657 vs 1633 NO
#3:AB_CD|add|raw L=53,R=69 122->122 vs 1633 NO
#4:AB_CD|sub|raw L=53,R=69 -16->-16 vs 1633 NO
#5:AB_CD|absdiff|raw L=53,R=69 16->16 vs 1633 NO
#6:BA_DC|cat|rev L=35,R=96 3596->6953 vs 1633 NO
#7:BA_DC|mul|rev L=35,R=96 3360->0633 vs 1633 NO
#8:BA_DC|add|rev L=35,R=96 131->131 vs 1633 NO
#9:BA_DC|cat|raw L=35,R=96 3596->3596 vs 1633 NO
#10:AB_CD|cat|rev L=53,R=69 5369->9635 vs 1633 NO
#11:AB_CD|mul|rev L=53,R=69 3657->7563 vs 1633 NO
#12:AB_CD|add|rev L=53,R=69 122->221 vs 1633 NO

S5: LOCK: BA_DC|muladd1|rev

S6: APPLY
Target: 39*36
BA_DC: L=93,R=63
muladd1(93,63)=5860 rev->0685

S7: ANS=0685

\boxed{0685}"
55f19327,"In Alice's Wonderland, a secret set of transformation rules is applied to equations. Below are a few examples:
47-84 = 131
72\97 = 6983
72-20 = 92
20:20 = 0
44\21 = 923
Now, determine the result for: 77:38",1,Equation Numeric,"I identify this as a symbol-digit (equation numeric) task: two-digit operands built from A,B,C,D, one operator, and a format. I group examples by the target operator, scan (pairing|op|format) until examples match and the target matches the boxed answer, then apply. I ignore flavor text.

S2: PARSE
Operator: ':'
Target: 77:38  A=7,B=7,C=3,D=8
Examples using ':':
  E1: 20:20 = 0

S3: SCAN
#1:AB_CD|cat|raw L=20,R=20 2020->2020 vs 0 NO
#2:AB_CD|mul|raw L=20,R=20 400->400 vs 0 NO
#3:AB_CD|add|raw L=20,R=20 40->40 vs 0 NO
#4:AB_CD|sub|raw L=20,R=20 0->0 vs 0 NO
#5:AB_CD|absdiff|raw L=20,R=20 0->0 vs 0 NO
#6:BA_DC|cat|rev L=2,R=2 22->22 vs 0 NO
#7:BA_DC|mul|rev L=2,R=2 4->4 vs 0 NO
#8:BA_DC|add|rev L=2,R=2 4->4 vs 0 NO
#9:BA_DC|cat|raw L=2,R=2 22->22 vs 0 NO
#10:AB_CD|cat|rev L=20,R=20 2020->0202 vs 0 NO
#11:AB_CD|mul|rev L=20,R=20 400->004 vs 0 NO
#12:AB_CD|add|rev L=20,R=20 40->04 vs 0 NO

S5: LOCK: AB_CD|mod|raw

S6: APPLY
Target: 77:38
AB_CD: L=77,R=38
mod(77,38)=1 raw->1

S7: ANS=1

\boxed{1}"
56343b77,"In Alice's Wonderland, a secret set of transformation rules is applied to equations. Below are a few examples:
02+35 = 27
34-08 = -73
79*44 = 4479
05-21 = 83
43*73 = 7343
Now, determine the result for: 17+74",711,Equation Numeric,"I identify this as a symbol-digit (equation numeric) task: two-digit operands built from A,B,C,D, one operator, and a format. I group examples by the target operator, scan (pairing|op|format) until examples match and the target matches the boxed answer, then apply. I ignore flavor text.

S2: PARSE
Operator: '+'
Target: 17+74  A=1,B=7,C=7,D=4
Examples using '+':
  E1: 02+35 = 27

S3: SCAN
#1:AB_CD|cat|raw L=2,R=35 235->235 vs 27 NO
#2:AB_CD|mul|raw L=2,R=35 70->70 vs 27 NO
#3:AB_CD|add|raw L=2,R=35 37->37 vs 27 NO
#4:AB_CD|sub|raw L=2,R=35 -33->-33 vs 27 NO
#5:AB_CD|absdiff|raw L=2,R=35 33->33 vs 27 NO
#6:BA_DC|cat|rev L=20,R=53 2053->3502 vs 27 NO
#7:BA_DC|mul|rev L=20,R=53 1060->0601 vs 27 NO
#8:BA_DC|add|rev L=20,R=53 73->37 vs 27 NO
#9:BA_DC|cat|raw L=20,R=53 2053->2053 vs 27 NO
#10:AB_CD|cat|rev L=2,R=35 235->532 vs 27 NO
#11:AB_CD|mul|rev L=2,R=35 70->07 vs 27 NO
#12:AB_CD|add|rev L=2,R=35 37->73 vs 27 NO

S5: LOCK: BA_DC|addm1|rev

S6: APPLY
Target: 17+74
BA_DC: L=71,R=47
addm1(71,47)=117 rev->711

S7: ANS=711

\boxed{711}"
56c59dfd,"In Alice's Wonderland, a secret set of transformation rules is applied to equations. Below are a few examples:
15+43 = 1543
34-87 = -53
28!85 = 112
14+75 = 1475
94+77 = 9477
Now, determine the result for: 96-74",22,Equation Numeric,"I identify this as a symbol-digit (equation numeric) task: two-digit operands built from A,B,C,D, one operator, and a format. I group examples by the target operator, scan (pairing|op|format) until examples match and the target matches the boxed answer, then apply. I ignore flavor text.

S2: PARSE
Operator: '-'
Target: 96-74  A=9,B=6,C=7,D=4
Examples using '-':
  E1: 34-87 = -53

S3: SCAN
#1:AB_CD|cat|raw L=34,R=87 3487->3487 vs -53 NO
#2:AB_CD|mul|raw L=34,R=87 2958->2958 vs -53 NO
#3:AB_CD|add|raw L=34,R=87 121->121 vs -53 NO
#4:AB_CD|sub|raw L=34,R=87 -53->-53 vs -53 YES

S5: LOCK: AB_CD|sub|raw

S6: APPLY
Target: 96-74
AB_CD: L=96,R=74
sub(96,74)=22 raw->22

S7: ANS=22

\boxed{22}"
585b3442,"In Alice's Wonderland, a secret set of transformation rules is applied to equations. Below are a few examples:
27+58 = 84
30}61 = 1
12}90 = 6
36$59 = 2124
Now, determine the result for: 32$97",3104,Equation Numeric,"I identify this as a symbol-digit (equation numeric) task: two-digit operands built from A,B,C,D, one operator, and a format. I group examples by the target operator, scan (pairing|op|format) until examples match and the target matches the boxed answer, then apply. I ignore flavor text.

S2: PARSE
Operator: '$'
Target: 32$97  A=3,B=2,C=9,D=7
Examples using '$':
  E1: 36$59 = 2124

S3: SCAN
#1:AB_CD|cat|raw L=36,R=59 3659->3659 vs 2124 NO
#2:AB_CD|mul|raw L=36,R=59 2124->2124 vs 2124 YES

S5: LOCK: AB_CD|mul|raw

S6: APPLY
Target: 32$97
AB_CD: L=32,R=97
mul(32,97)=3104 raw->3104

S7: ANS=3104

\boxed{3104}"
58f63e94,"In Alice's Wonderland, a secret set of transformation rules is applied to equations. Below are a few examples:
74*82 = 5131
07*42 = 9761
48-66 = -81
35+73 = 09
Now, determine the result for: 85+74",501,Equation Numeric,"I identify this as a symbol-digit (equation numeric) task: two-digit operands built from A,B,C,D, one operator, and a format. I group examples by the target operator, scan (pairing|op|format) until examples match and the target matches the boxed answer, then apply. I ignore flavor text.

S2: PARSE
Operator: '+'
Target: 85+74  A=8,B=5,C=7,D=4
Examples using '+':
  E1: 35+73 = 09

S3: SCAN
#1:AB_CD|cat|raw L=35,R=73 3573->3573 vs 09 NO
#2:AB_CD|mul|raw L=35,R=73 2555->2555 vs 09 NO
#3:AB_CD|add|raw L=35,R=73 108->108 vs 09 NO
#4:AB_CD|sub|raw L=35,R=73 -38->-38 vs 09 NO
#5:AB_CD|absdiff|raw L=35,R=73 38->38 vs 09 NO
#6:BA_DC|cat|rev L=53,R=37 5337->7335 vs 09 NO
#7:BA_DC|mul|rev L=53,R=37 1961->1691 vs 09 NO
#8:BA_DC|add|rev L=53,R=37 90->09 vs 09 YES

S5: LOCK: BA_DC|add|rev

S6: APPLY
Target: 85+74
BA_DC: L=58,R=47
add(58,47)=105 rev->501

S7: ANS=501

\boxed{501}"
59b2cbbf,"In Alice's Wonderland, a secret set of transformation rules is applied to equations. Below are a few examples:
38+27 = 551
97+57 = 451
74`59 = 84
64+54 = 19
87`28 = 4
Now, determine the result for: 83+47",211,Equation Numeric,"I identify this as a symbol-digit (equation numeric) task: two-digit operands built from A,B,C,D, one operator, and a format. I group examples by the target operator, scan (pairing|op|format) until examples match and the target matches the boxed answer, then apply. I ignore flavor text.

S2: PARSE
Operator: '+'
Target: 83+47  A=8,B=3,C=4,D=7
Examples using '+':
  E1: 38+27 = 551
  E2: 97+57 = 451
  E3: 64+54 = 19

S3: SCAN
#1:AB_CD|cat|raw L=38,R=27 3827->3827 vs 551 NO
#2:AB_CD|mul|raw L=38,R=27 1026->1026 vs 551 NO
#3:AB_CD|add|raw L=38,R=27 65->65 vs 551 NO
#4:AB_CD|sub|raw L=38,R=27 11->11 vs 551 NO
#5:AB_CD|absdiff|raw L=38,R=27 11->11 vs 551 NO
#6:BA_DC|cat|rev L=83,R=72 8372->2738 vs 551 NO
#7:BA_DC|mul|rev L=83,R=72 5976->6795 vs 551 NO
#8:BA_DC|add|rev L=83,R=72 155->551 vs 551 YES

S4: VER
E2: 97+57 = 451
BA_DC|add|rev L=79,R=75 154->451 vs 451 YES

S5: LOCK: BA_DC|add|rev

S6: APPLY
Target: 83+47
BA_DC: L=38,R=74
add(38,74)=112 rev->211

S7: ANS=211

\boxed{211}"
5a763686,"In Alice's Wonderland, a secret set of transformation rules is applied to equations. Below are a few examples:
67&82 = 6782
41)47 = 88
12>37 = 25
Now, determine the result for: 74&95",7495,Equation Numeric,"I identify this as a symbol-digit (equation numeric) task: two-digit operands built from A,B,C,D, one operator, and a format. I group examples by the target operator, scan (pairing|op|format) until examples match and the target matches the boxed answer, then apply. I ignore flavor text.

S2: PARSE
Operator: '&'
Target: 74&95  A=7,B=4,C=9,D=5
Examples using '&':
  E1: 67&82 = 6782

S3: SCAN
#1:AB_CD|cat|raw L=67,R=82 6782->6782 vs 6782 YES

S5: LOCK: AB_CD|cat|raw

S6: APPLY
Target: 74&95
AB_CD: L=74,R=95
cat(74,95)=7495 raw->7495

S7: ANS=7495

\boxed{7495}"
5aeb4ba5,"In Alice's Wonderland, a secret set of transformation rules is applied to equations. Below are a few examples:
32>84 = 4011
62%37 = 74
89>83 = 4273
72>55 = 5841
72>08 = 0612
Now, determine the result for: 17>38",3985,Equation Numeric,"I identify this as a symbol-digit (equation numeric) task: two-digit operands built from A,B,C,D, one operator, and a format. I group examples by the target operator, scan (pairing|op|format) until examples match and the target matches the boxed answer, then apply. I ignore flavor text.

S2: PARSE
Operator: '>'
Target: 17>38  A=1,B=7,C=3,D=8
Examples using '>':
  E1: 32>84 = 4011
  E2: 89>83 = 4273
  E3: 72>55 = 5841
  E4: 72>08 = 0612

S3: SCAN
#1:AB_CD|cat|raw L=32,R=84 3284->3284 vs 4011 NO
#2:AB_CD|mul|raw L=32,R=84 2688->2688 vs 4011 NO
#3:AB_CD|add|raw L=32,R=84 116->116 vs 4011 NO
#4:AB_CD|sub|raw L=32,R=84 -52->-52 vs 4011 NO
#5:AB_CD|absdiff|raw L=32,R=84 52->52 vs 4011 NO
#6:BA_DC|cat|rev L=23,R=48 2348->8432 vs 4011 NO
#7:BA_DC|mul|rev L=23,R=48 1104->4011 vs 4011 YES

S4: VER
E2: 89>83 = 4273
BA_DC|mul|rev L=98,R=38 3724->4273 vs 4273 YES

S5: LOCK: BA_DC|mul|rev

S6: APPLY
Target: 17>38
BA_DC: L=71,R=83
mul(71,83)=5893 rev->3985

S7: ANS=3985

\boxed{3985}"
5b06502f,"In Alice's Wonderland, a secret set of transformation rules is applied to equations. Below are a few examples:
20!22 = 441
37^62 = 25
77!93 = 7162
16!70 = 1121
98<87 = 185
Now, determine the result for: 31!57",1768,Equation Numeric,"I identify this as a symbol-digit (equation numeric) task: two-digit operands built from A,B,C,D, one operator, and a format. I group examples by the target operator, scan (pairing|op|format) until examples match and the target matches the boxed answer, then apply. I ignore flavor text.

S2: PARSE
Operator: '!'
Target: 31!57  A=3,B=1,C=5,D=7
Examples using '!':
  E1: 20!22 = 441
  E2: 77!93 = 7162
  E3: 16!70 = 1121

S3: SCAN
#1:AB_CD|cat|raw L=20,R=22 2022->2022 vs 441 NO
#2:AB_CD|mul|raw L=20,R=22 440->440 vs 441 NO
#3:AB_CD|add|raw L=20,R=22 42->42 vs 441 NO
#4:AB_CD|sub|raw L=20,R=22 -2->-2 vs 441 NO
#5:AB_CD|absdiff|raw L=20,R=22 2->2 vs 441 NO
#6:BA_DC|cat|rev L=2,R=22 222->222 vs 441 NO
#7:BA_DC|mul|rev L=2,R=22 44->44 vs 441 NO
#8:BA_DC|add|rev L=2,R=22 24->42 vs 441 NO
#9:BA_DC|cat|raw L=2,R=22 222->222 vs 441 NO
#10:AB_CD|cat|rev L=20,R=22 2022->2202 vs 441 NO
#11:AB_CD|mul|rev L=20,R=22 440->044 vs 441 NO
#12:AB_CD|add|rev L=20,R=22 42->24 vs 441 NO

S4: VER
E2: 77!93 = 7162
AB_CD|muladd1|raw L=77,R=93 7162->7162 vs 7162 YES

S5: LOCK: AB_CD|muladd1|raw

S6: APPLY
Target: 31!57
AB_CD: L=31,R=57
muladd1(31,57)=1768 raw->1768

S7: ANS=1768

\boxed{1768}"
5bc9b870,"In Alice's Wonderland, a secret set of transformation rules is applied to equations. Below are a few examples:
92<38 = 211
89|98 = 3278
97-05 = 92
87<18 = 951
01-57 = -56
Now, determine the result for: 24<48",621,Equation Numeric,"I identify this as a symbol-digit (equation numeric) task: two-digit operands built from A,B,C,D, one operator, and a format. I group examples by the target operator, scan (pairing|op|format) until examples match and the target matches the boxed answer, then apply. I ignore flavor text.

S2: PARSE
Operator: '<'
Target: 24<48  A=2,B=4,C=4,D=8
Examples using '<':
  E1: 92<38 = 211
  E2: 87<18 = 951

S3: SCAN
#1:AB_CD|cat|raw L=92,R=38 9238->9238 vs 211 NO
#2:AB_CD|mul|raw L=92,R=38 3496->3496 vs 211 NO
#3:AB_CD|add|raw L=92,R=38 130->130 vs 211 NO
#4:AB_CD|sub|raw L=92,R=38 54->54 vs 211 NO
#5:AB_CD|absdiff|raw L=92,R=38 54->54 vs 211 NO
#6:BA_DC|cat|rev L=29,R=83 2983->3892 vs 211 NO
#7:BA_DC|mul|rev L=29,R=83 2407->7042 vs 211 NO
#8:BA_DC|add|rev L=29,R=83 112->211 vs 211 YES

S4: VER
E2: 87<18 = 951
BA_DC|add|rev L=78,R=81 159->951 vs 951 YES

S5: LOCK: BA_DC|add|rev

S6: APPLY
Target: 24<48
BA_DC: L=42,R=84
add(42,84)=126 rev->621

S7: ANS=621

\boxed{621}"
5c008804,"In Alice's Wonderland, a secret set of transformation rules is applied to equations. Below are a few examples:
98'21 = 101
07)76 = 0964
91'15 = 07
19@84 = 34
Now, determine the result for: 83@36",52,Equation Numeric,"I identify this as a symbol-digit (equation numeric) task: two-digit operands built from A,B,C,D, one operator, and a format. I group examples by the target operator, scan (pairing|op|format) until examples match and the target matches the boxed answer, then apply. I ignore flavor text.

S2: PARSE
Operator: '@'
Target: 83@36  A=8,B=3,C=3,D=6
Examples using '@':
  E1: 19@84 = 34

S3: SCAN
#1:AB_CD|cat|raw L=19,R=84 1984->1984 vs 34 NO
#2:AB_CD|mul|raw L=19,R=84 1596->1596 vs 34 NO
#3:AB_CD|add|raw L=19,R=84 103->103 vs 34 NO
#4:AB_CD|sub|raw L=19,R=84 -65->-65 vs 34 NO
#5:AB_CD|absdiff|raw L=19,R=84 65->65 vs 34 NO
#6:BA_DC|cat|rev L=91,R=48 9148->8419 vs 34 NO
#7:BA_DC|mul|rev L=91,R=48 4368->8634 vs 34 NO
#8:BA_DC|add|rev L=91,R=48 139->931 vs 34 NO
#9:BA_DC|cat|raw L=91,R=48 9148->9148 vs 34 NO
#10:AB_CD|cat|rev L=19,R=84 1984->4891 vs 34 NO
#11:AB_CD|mul|rev L=19,R=84 1596->6951 vs 34 NO
#12:AB_CD|add|rev L=19,R=84 103->301 vs 34 NO

S5: LOCK: BA_DC|absdiff|rev

S6: APPLY
Target: 83@36
BA_DC: L=38,R=63
absdiff(38,63)=25 rev->52

S7: ANS=52

\boxed{52}"
5c743e8a,"In Alice's Wonderland, a secret set of transformation rules is applied to equations. Below are a few examples:
67(30 = 2010
85`55 = `30
91(23 = 2093
45(43 = 1935
83(26 = 2158
Now, determine the result for: 27(65",1755,Equation Numeric,"I identify this as a symbol-digit (equation numeric) task: two-digit operands built from A,B,C,D, one operator, and a format. I group examples by the target operator, scan (pairing|op|format) until examples match and the target matches the boxed answer, then apply. I ignore flavor text.

S2: PARSE
Operator: '('
Target: 27(65  A=2,B=7,C=6,D=5
Examples using '(':
  E1: 67(30 = 2010
  E2: 91(23 = 2093
  E3: 45(43 = 1935
  E4: 83(26 = 2158

S3: SCAN
#1:AB_CD|cat|raw L=67,R=30 6730->6730 vs 2010 NO
#2:AB_CD|mul|raw L=67,R=30 2010->2010 vs 2010 YES

S4: VER
E2: 91(23 = 2093
AB_CD|mul|raw L=91,R=23 2093->2093 vs 2093 YES

S5: LOCK: AB_CD|mul|raw

S6: APPLY
Target: 27(65
AB_CD: L=27,R=65
mul(27,65)=1755 raw->1755

S7: ANS=1755

\boxed{1755}"
5c938bea,"In Alice's Wonderland, a secret set of transformation rules is applied to equations. Below are a few examples:
97/53 = 5142
84(80 = 4
58/75 = 4351
90(82 = 8
37(72 = 35
Now, determine the result for: 48(75",27,Equation Numeric,"I identify this as a symbol-digit (equation numeric) task: two-digit operands built from A,B,C,D, one operator, and a format. I group examples by the target operator, scan (pairing|op|format) until examples match and the target matches the boxed answer, then apply. I ignore flavor text.

S2: PARSE
Operator: '('
Target: 48(75  A=4,B=8,C=7,D=5
Examples using '(':
  E1: 84(80 = 4
  E2: 90(82 = 8
  E3: 37(72 = 35

S3: SCAN
#1:AB_CD|cat|raw L=84,R=80 8480->8480 vs 4 NO
#2:AB_CD|mul|raw L=84,R=80 6720->6720 vs 4 NO
#3:AB_CD|add|raw L=84,R=80 164->164 vs 4 NO
#4:AB_CD|sub|raw L=84,R=80 4->4 vs 4 NO
#5:AB_CD|absdiff|raw L=84,R=80 4->4 vs 4 YES

S4: VER
E2: 90(82 = 8
AB_CD|absdiff|raw L=90,R=82 8->8 vs 8 YES

S5: LOCK: AB_CD|absdiff|raw

S6: APPLY
Target: 48(75
AB_CD: L=48,R=75
absdiff(48,75)=27 raw->27

S7: ANS=27

\boxed{27}"
5d44a0b2,"In Alice's Wonderland, a secret set of transformation rules is applied to equations. Below are a few examples:
98-57 = -41
19+77 = 861
86-68 = -81
17+87 = 941
16*34 = 4262
Now, determine the result for: 78*16",8035,Equation Numeric,"I identify this as a symbol-digit (equation numeric) task: two-digit operands built from A,B,C,D, one operator, and a format. I group examples by the target operator, scan (pairing|op|format) until examples match and the target matches the boxed answer, then apply. I ignore flavor text.

S2: PARSE
Operator: '*'
Target: 78*16  A=7,B=8,C=1,D=6
Examples using '*':
  E1: 16*34 = 4262

S3: SCAN
#1:AB_CD|cat|raw L=16,R=34 1634->1634 vs 4262 NO
#2:AB_CD|mul|raw L=16,R=34 544->544 vs 4262 NO
#3:AB_CD|add|raw L=16,R=34 50->50 vs 4262 NO
#4:AB_CD|sub|raw L=16,R=34 -18->-18 vs 4262 NO
#5:AB_CD|absdiff|raw L=16,R=34 18->18 vs 4262 NO
#6:BA_DC|cat|rev L=61,R=43 6143->3416 vs 4262 NO
#7:BA_DC|mul|rev L=61,R=43 2623->3262 vs 4262 NO
#8:BA_DC|add|rev L=61,R=43 104->401 vs 4262 NO
#9:BA_DC|cat|raw L=61,R=43 6143->6143 vs 4262 NO
#10:AB_CD|cat|rev L=16,R=34 1634->4361 vs 4262 NO
#11:AB_CD|mul|rev L=16,R=34 544->445 vs 4262 NO
#12:AB_CD|add|rev L=16,R=34 50->05 vs 4262 NO

S5: LOCK: BA_DC|muladd1|rev

S6: APPLY
Target: 78*16
BA_DC: L=87,R=61
muladd1(87,61)=5308 rev->8035

S7: ANS=8035

\boxed{8035}"
5d834875,"In Alice's Wonderland, a secret set of transformation rules is applied to equations. Below are a few examples:
08`18 = 0846
34-95 = 201
79`94 = 3574
33`23 = 6501
Now, determine the result for: 91-33",25,Equation Numeric,"I identify this as a symbol-digit (equation numeric) task: two-digit operands built from A,B,C,D, one operator, and a format. I group examples by the target operator, scan (pairing|op|format) until examples match and the target matches the boxed answer, then apply. I ignore flavor text.

S2: PARSE
Operator: '-'
Target: 91-33  A=9,B=1,C=3,D=3
Examples using '-':
  E1: 34-95 = 201

S3: SCAN
#1:AB_CD|cat|raw L=34,R=95 3495->3495 vs 201 NO
#2:AB_CD|mul|raw L=34,R=95 3230->3230 vs 201 NO
#3:AB_CD|add|raw L=34,R=95 129->129 vs 201 NO
#4:AB_CD|sub|raw L=34,R=95 -61->-61 vs 201 NO
#5:AB_CD|absdiff|raw L=34,R=95 61->61 vs 201 NO
#6:BA_DC|cat|rev L=43,R=59 4359->9534 vs 201 NO
#7:BA_DC|mul|rev L=43,R=59 2537->7352 vs 201 NO
#8:BA_DC|add|rev L=43,R=59 102->201 vs 201 YES

S5: LOCK: BA_DC|add|rev

S6: APPLY
Target: 91-33
BA_DC: L=19,R=33
add(19,33)=52 rev->25

S7: ANS=25

\boxed{25}"
5d8c51ce,"In Alice's Wonderland, a secret set of transformation rules is applied to equations. Below are a few examples:
65+29 = 941
44+88 = 331
87-24 = 63
Now, determine the result for: 91+04",06,Equation Numeric,"I identify this as a symbol-digit (equation numeric) task: two-digit operands built from A,B,C,D, one operator, and a format. I group examples by the target operator, scan (pairing|op|format) until examples match and the target matches the boxed answer, then apply. I ignore flavor text.

S2: PARSE
Operator: '+'
Target: 91+04  A=9,B=1,C=0,D=4
Examples using '+':
  E1: 65+29 = 941
  E2: 44+88 = 331

S3: SCAN
#1:AB_CD|cat|raw L=65,R=29 6529->6529 vs 941 NO
#2:AB_CD|mul|raw L=65,R=29 1885->1885 vs 941 NO
#3:AB_CD|add|raw L=65,R=29 94->94 vs 941 NO
#4:AB_CD|sub|raw L=65,R=29 36->36 vs 941 NO
#5:AB_CD|absdiff|raw L=65,R=29 36->36 vs 941 NO
#6:BA_DC|cat|rev L=56,R=92 5692->2965 vs 941 NO
#7:BA_DC|mul|rev L=56,R=92 5152->2515 vs 941 NO
#8:BA_DC|add|rev L=56,R=92 148->841 vs 941 NO
#9:BA_DC|cat|raw L=56,R=92 5692->5692 vs 941 NO
#10:AB_CD|cat|rev L=65,R=29 6529->9256 vs 941 NO
#11:AB_CD|mul|rev L=65,R=29 1885->5881 vs 941 NO
#12:AB_CD|add|rev L=65,R=29 94->49 vs 941 NO

S4: VER
E2: 44+88 = 331
BA_DC|add1|rev L=44,R=88 133->331 vs 331 YES

S5: LOCK: BA_DC|add1|rev

S6: APPLY
Target: 91+04
BA_DC: L=19,R=40
add1(19,40)=60 rev->06

S7: ANS=06

\boxed{06}"
5dc0aca5,"In Alice's Wonderland, a secret set of transformation rules is applied to equations. Below are a few examples:
87+93 = 6
70/47 = 118
10)86 = 860
69/17 = 87
75/37 = 113
Now, determine the result for: 15+12",3,Equation Numeric,"I identify this as a symbol-digit (equation numeric) task: two-digit operands built from A,B,C,D, one operator, and a format. I group examples by the target operator, scan (pairing|op|format) until examples match and the target matches the boxed answer, then apply. I ignore flavor text.

S2: PARSE
Operator: '+'
Target: 15+12  A=1,B=5,C=1,D=2
Examples using '+':
  E1: 87+93 = 6

S3: SCAN
#1:AB_CD|cat|raw L=87,R=93 8793->8793 vs 6 NO
#2:AB_CD|mul|raw L=87,R=93 8091->8091 vs 6 NO
#3:AB_CD|add|raw L=87,R=93 180->180 vs 6 NO
#4:AB_CD|sub|raw L=87,R=93 -6->-6 vs 6 NO
#5:AB_CD|absdiff|raw L=87,R=93 6->6 vs 6 YES

S5: LOCK: AB_CD|absdiff|raw

S6: APPLY
Target: 15+12
AB_CD: L=15,R=12
absdiff(15,12)=3 raw->3

S7: ANS=3

\boxed{3}"
5e67b1a1,"In Alice's Wonderland, a secret set of transformation rules is applied to equations. Below are a few examples:
93{16 = 001
18}99 = 9108
99{97 = 871
11<35 = 24<
Now, determine the result for: 32{31",63,Equation Numeric,"I identify this as a symbol-digit (equation numeric) task: two-digit operands built from A,B,C,D, one operator, and a format. I group examples by the target operator, scan (pairing|op|format) until examples match and the target matches the boxed answer, then apply. I ignore flavor text.

S2: PARSE
Operator: '{'
Target: 32{31  A=3,B=2,C=3,D=1
Examples using '{':
  E1: 93{16 = 001
  E2: 99{97 = 871

S3: SCAN
#1:AB_CD|cat|raw L=93,R=16 9316->9316 vs 001 NO
#2:AB_CD|mul|raw L=93,R=16 1488->1488 vs 001 NO
#3:AB_CD|add|raw L=93,R=16 109->109 vs 001 NO
#4:AB_CD|sub|raw L=93,R=16 77->77 vs 001 NO
#5:AB_CD|absdiff|raw L=93,R=16 77->77 vs 001 NO
#6:BA_DC|cat|rev L=39,R=61 3961->1693 vs 001 NO
#7:BA_DC|mul|rev L=39,R=61 2379->9732 vs 001 NO
#8:BA_DC|add|rev L=39,R=61 100->001 vs 001 YES

S4: VER
E2: 99{97 = 871
BA_DC|add|rev L=99,R=79 178->871 vs 871 YES

S5: LOCK: BA_DC|add|rev

S6: APPLY
Target: 32{31
BA_DC: L=23,R=13
add(23,13)=36 rev->63

S7: ANS=63

\boxed{63}"
5eea60e7,"In Alice's Wonderland, a secret set of transformation rules is applied to equations. Below are a few examples:
50`92 = 4601
51%42 = 9
10`79 = 791
Now, determine the result for: 79`10",791,Equation Numeric,"I identify this as a symbol-digit (equation numeric) task: two-digit operands built from A,B,C,D, one operator, and a format. I group examples by the target operator, scan (pairing|op|format) until examples match and the target matches the boxed answer, then apply. I ignore flavor text.

S2: PARSE
Operator: '`'
Target: 79`10  A=7,B=9,C=1,D=0
Examples using '`':
  E1: 50`92 = 4601
  E2: 10`79 = 791

S3: SCAN
#1:AB_CD|cat|raw L=50,R=92 5092->5092 vs 4601 NO
#2:AB_CD|mul|raw L=50,R=92 4600->4600 vs 4601 NO
#3:AB_CD|add|raw L=50,R=92 142->142 vs 4601 NO
#4:AB_CD|sub|raw L=50,R=92 -42->-42 vs 4601 NO
#5:AB_CD|absdiff|raw L=50,R=92 42->42 vs 4601 NO
#6:BA_DC|cat|rev L=5,R=29 529->925 vs 4601 NO
#7:BA_DC|mul|rev L=5,R=29 145->541 vs 4601 NO
#8:BA_DC|add|rev L=5,R=29 34->43 vs 4601 NO
#9:BA_DC|cat|raw L=5,R=29 529->529 vs 4601 NO
#10:AB_CD|cat|rev L=50,R=92 5092->2905 vs 4601 NO
#11:AB_CD|mul|rev L=50,R=92 4600->0064 vs 4601 NO
#12:AB_CD|add|rev L=50,R=92 142->241 vs 4601 NO

S4: VER
E2: 10`79 = 791
AB_CD|muladd1|raw L=10,R=79 791->791 vs 791 YES

S5: LOCK: AB_CD|muladd1|raw

S6: APPLY
Target: 79`10
AB_CD: L=79,R=10
muladd1(79,10)=791 raw->791

S7: ANS=791

\boxed{791}"
5f5a73ff,"In Alice's Wonderland, a secret set of transformation rules is applied to equations. Below are a few examples:
61""82 = 844
09}88 = 971
72}22 = 05
Now, determine the result for: 59""48",0897,Equation Numeric,"I identify this as a symbol-digit (equation numeric) task: two-digit operands built from A,B,C,D, one operator, and a format. I group examples by the target operator, scan (pairing|op|format) until examples match and the target matches the boxed answer, then apply. I ignore flavor text.

S2: PARSE
Operator: '""'
Target: 59""48  A=5,B=9,C=4,D=8
Examples using '""':
  E1: 61""82 = 844

S3: SCAN
#1:AB_CD|cat|raw L=61,R=82 6182->6182 vs 844 NO
#2:AB_CD|mul|raw L=61,R=82 5002->5002 vs 844 NO
#3:AB_CD|add|raw L=61,R=82 143->143 vs 844 NO
#4:AB_CD|sub|raw L=61,R=82 -21->-21 vs 844 NO
#5:AB_CD|absdiff|raw L=61,R=82 21->21 vs 844 NO
#6:BA_DC|cat|rev L=16,R=28 1628->8261 vs 844 NO
#7:BA_DC|mul|rev L=16,R=28 448->844 vs 844 YES

S5: LOCK: BA_DC|mul|rev

S6: APPLY
Target: 59""48
BA_DC: L=95,R=84
mul(95,84)=7980 rev->0897

S7: ANS=0897

\boxed{0897}"
5f6798e1,"In Alice's Wonderland, a secret set of transformation rules is applied to equations. Below are a few examples:
04-49 = -45
21-74 = -53
83*05 = 0583
Now, determine the result for: 06-71",34,Equation Numeric,"I identify this as a symbol-digit (equation numeric) task: two-digit operands built from A,B,C,D, one operator, and a format. I group examples by the target operator, scan (pairing|op|format) until examples match and the target matches the boxed answer, then apply. I ignore flavor text.

S2: PARSE
Operator: '-'
Target: 06-71  A=0,B=6,C=7,D=1
Examples using '-':
  E1: 04-49 = -45
  E2: 21-74 = -53

S3: SCAN
#1:AB_CD|cat|raw L=4,R=49 449->449 vs -45 NO
#2:AB_CD|mul|raw L=4,R=49 196->196 vs -45 NO
#3:AB_CD|add|raw L=4,R=49 53->53 vs -45 NO
#4:AB_CD|sub|raw L=4,R=49 -45->-45 vs -45 NO
#5:AB_CD|absdiff|raw L=4,R=49 45->45 vs -45 NO
#6:BA_DC|cat|rev L=40,R=94 4094->4904 vs -45 NO
#7:BA_DC|mul|rev L=40,R=94 3760->0673 vs -45 NO
#8:BA_DC|add|rev L=40,R=94 134->431 vs -45 NO
#9:BA_DC|cat|raw L=40,R=94 4094->4094 vs -45 NO
#10:AB_CD|cat|rev L=4,R=49 449->944 vs -45 NO
#11:AB_CD|mul|rev L=4,R=49 196->691 vs -45 NO
#12:AB_CD|add|rev L=4,R=49 53->35 vs -45 NO

S4: VER
E2: 21-74 = -53
BA_DC|sub|rev L=12,R=47 -35->-53 vs -53 YES

S5: LOCK: BA_DC|sub|rev

S6: APPLY
Target: 06-71
BA_DC: L=60,R=17
sub(60,17)=43 rev->34

S7: ANS=34

\boxed{34}"
5fe8d710,"In Alice's Wonderland, a secret set of transformation rules is applied to equations. Below are a few examples:
26-74 = 51
83+52 = 46
81*92 = 325
14+39 = 531
02*01 = 102
Now, determine the result for: 59+68",281,Equation Numeric,"I identify this as a symbol-digit (equation numeric) task: two-digit operands built from A,B,C,D, one operator, and a format. I group examples by the target operator, scan (pairing|op|format) until examples match and the target matches the boxed answer, then apply. I ignore flavor text.

S2: PARSE
Operator: '+'
Target: 59+68  A=5,B=9,C=6,D=8
Examples using '+':
  E1: 83+52 = 46
  E2: 14+39 = 531

S3: SCAN
#1:AB_CD|cat|raw L=83,R=52 8352->8352 vs 46 NO
#2:AB_CD|mul|raw L=83,R=52 4316->4316 vs 46 NO
#3:AB_CD|add|raw L=83,R=52 135->135 vs 46 NO
#4:AB_CD|sub|raw L=83,R=52 31->31 vs 46 NO
#5:AB_CD|absdiff|raw L=83,R=52 31->31 vs 46 NO
#6:BA_DC|cat|rev L=38,R=25 3825->5283 vs 46 NO
#7:BA_DC|mul|rev L=38,R=25 950->059 vs 46 NO
#8:BA_DC|add|rev L=38,R=25 63->36 vs 46 NO
#9:BA_DC|cat|raw L=38,R=25 3825->3825 vs 46 NO
#10:AB_CD|cat|rev L=83,R=52 8352->2538 vs 46 NO
#11:AB_CD|mul|rev L=83,R=52 4316->6134 vs 46 NO
#12:AB_CD|add|rev L=83,R=52 135->531 vs 46 NO

S4: VER
E2: 14+39 = 531
BA_DC|add1|rev L=41,R=93 135->531 vs 531 YES

S5: LOCK: BA_DC|add1|rev

S6: APPLY
Target: 59+68
BA_DC: L=95,R=86
add1(95,86)=182 rev->281

S7: ANS=281

\boxed{281}"
605e1c08,"In Alice's Wonderland, a secret set of transformation rules is applied to equations. Below are a few examples:
90""19 = 9019
38]92 = 3497
76+73 = 3
Now, determine the result for: 10""20",1020,Equation Numeric,"I identify this as a symbol-digit (equation numeric) task: two-digit operands built from A,B,C,D, one operator, and a format. I group examples by the target operator, scan (pairing|op|format) until examples match and the target matches the boxed answer, then apply. I ignore flavor text.

S2: PARSE
Operator: '""'
Target: 10""20  A=1,B=0,C=2,D=0
Examples using '""':
  E1: 90""19 = 9019

S3: SCAN
#1:AB_CD|cat|raw L=90,R=19 9019->9019 vs 9019 YES

S5: LOCK: AB_CD|cat|raw

S6: APPLY
Target: 10""20
AB_CD: L=10,R=20
cat(10,20)=1020 raw->1020

S7: ANS=1020

\boxed{1020}"
614408ea,"In Alice's Wonderland, a secret set of transformation rules is applied to equations. Below are a few examples:
32*88 = 011
71-22 = -5
86+55 = 0473
11+32 = 352
Now, determine the result for: 15*33",38,Equation Numeric,"I identify this as a symbol-digit (equation numeric) task: two-digit operands built from A,B,C,D, one operator, and a format. I group examples by the target operator, scan (pairing|op|format) until examples match and the target matches the boxed answer, then apply. I ignore flavor text.

S2: PARSE
Operator: '*'
Target: 15*33  A=1,B=5,C=3,D=3
Examples using '*':
  E1: 32*88 = 011

S3: SCAN
#1:AB_CD|cat|raw L=32,R=88 3288->3288 vs 011 NO
#2:AB_CD|mul|raw L=32,R=88 2816->2816 vs 011 NO
#3:AB_CD|add|raw L=32,R=88 120->120 vs 011 NO
#4:AB_CD|sub|raw L=32,R=88 -56->-56 vs 011 NO
#5:AB_CD|absdiff|raw L=32,R=88 56->56 vs 011 NO
#6:BA_DC|cat|rev L=23,R=88 2388->8832 vs 011 NO
#7:BA_DC|mul|rev L=23,R=88 2024->4202 vs 011 NO
#8:BA_DC|add|rev L=23,R=88 111->111 vs 011 NO
#9:BA_DC|cat|raw L=23,R=88 2388->2388 vs 011 NO
#10:AB_CD|cat|rev L=32,R=88 3288->8823 vs 011 NO
#11:AB_CD|mul|rev L=32,R=88 2816->6182 vs 011 NO
#12:AB_CD|add|rev L=32,R=88 120->021 vs 011 NO

S5: LOCK: BA_DC|addm1|rev

S6: APPLY
Target: 15*33
BA_DC: L=51,R=33
addm1(51,33)=83 rev->38

S7: ANS=38

\boxed{38}"
61766c6f,"In Alice's Wonderland, a secret set of transformation rules is applied to equations. Below are a few examples:
98[13 = 9572
33\41 = 74
23\23 = 46
Now, determine the result for: 46[34",2572,Equation Numeric,"I identify this as a symbol-digit (equation numeric) task: two-digit operands built from A,B,C,D, one operator, and a format. I group examples by the target operator, scan (pairing|op|format) until examples match and the target matches the boxed answer, then apply. I ignore flavor text.

S2: PARSE
Operator: '['
Target: 46[34  A=4,B=6,C=3,D=4
Examples using '[':
  E1: 98[13 = 9572

S3: SCAN
#1:AB_CD|cat|raw L=98,R=13 9813->9813 vs 9572 NO
#2:AB_CD|mul|raw L=98,R=13 1274->1274 vs 9572 NO
#3:AB_CD|add|raw L=98,R=13 111->111 vs 9572 NO
#4:AB_CD|sub|raw L=98,R=13 85->85 vs 9572 NO
#5:AB_CD|absdiff|raw L=98,R=13 85->85 vs 9572 NO
#6:BA_DC|cat|rev L=89,R=31 8931->1398 vs 9572 NO
#7:BA_DC|mul|rev L=89,R=31 2759->9572 vs 9572 YES

S5: LOCK: BA_DC|mul|rev

S6: APPLY
Target: 46[34
BA_DC: L=64,R=43
mul(64,43)=2752 rev->2572

S7: ANS=2572

\boxed{2572}"
61bbcdc3,"In Alice's Wonderland, a secret set of transformation rules is applied to equations. Below are a few examples:
06`77 = 631
61`93 = 45
95^89 = 2875
Now, determine the result for: 75`34",99,Equation Numeric,"I identify this as a symbol-digit (equation numeric) task: two-digit operands built from A,B,C,D, one operator, and a format. I group examples by the target operator, scan (pairing|op|format) until examples match and the target matches the boxed answer, then apply. I ignore flavor text.

S2: PARSE
Operator: '`'
Target: 75`34  A=7,B=5,C=3,D=4
Examples using '`':
  E1: 06`77 = 631
  E2: 61`93 = 45

S3: SCAN
#1:AB_CD|cat|raw L=6,R=77 677->677 vs 631 NO
#2:AB_CD|mul|raw L=6,R=77 462->462 vs 631 NO
#3:AB_CD|add|raw L=6,R=77 83->83 vs 631 NO
#4:AB_CD|sub|raw L=6,R=77 -71->-71 vs 631 NO
#5:AB_CD|absdiff|raw L=6,R=77 71->71 vs 631 NO
#6:BA_DC|cat|rev L=60,R=77 6077->7706 vs 631 NO
#7:BA_DC|mul|rev L=60,R=77 4620->0264 vs 631 NO
#8:BA_DC|add|rev L=60,R=77 137->731 vs 631 NO
#9:BA_DC|cat|raw L=60,R=77 6077->6077 vs 631 NO
#10:AB_CD|cat|rev L=6,R=77 677->776 vs 631 NO
#11:AB_CD|mul|rev L=6,R=77 462->264 vs 631 NO
#12:AB_CD|add|rev L=6,R=77 83->38 vs 631 NO

S4: VER
E2: 61`93 = 45
BA_DC|addm1|rev L=16,R=39 54->45 vs 45 YES

S5: LOCK: BA_DC|addm1|rev

S6: APPLY
Target: 75`34
BA_DC: L=57,R=43
addm1(57,43)=99 rev->99

S7: ANS=99

\boxed{99}"
620c2521,"In Alice's Wonderland, a secret set of transformation rules is applied to equations. Below are a few examples:
35-83 = -51
63+83 = 47
54*78 = 6193
Now, determine the result for: 85*11",936,Equation Numeric,"I identify this as a symbol-digit (equation numeric) task: two-digit operands built from A,B,C,D, one operator, and a format. I group examples by the target operator, scan (pairing|op|format) until examples match and the target matches the boxed answer, then apply. I ignore flavor text.

S2: PARSE
Operator: '*'
Target: 85*11  A=8,B=5,C=1,D=1
Examples using '*':
  E1: 54*78 = 6193

S3: SCAN
#1:AB_CD|cat|raw L=54,R=78 5478->5478 vs 6193 NO
#2:AB_CD|mul|raw L=54,R=78 4212->4212 vs 6193 NO
#3:AB_CD|add|raw L=54,R=78 132->132 vs 6193 NO
#4:AB_CD|sub|raw L=54,R=78 -24->-24 vs 6193 NO
#5:AB_CD|absdiff|raw L=54,R=78 24->24 vs 6193 NO
#6:BA_DC|cat|rev L=45,R=87 4587->7854 vs 6193 NO
#7:BA_DC|mul|rev L=45,R=87 3915->5193 vs 6193 NO
#8:BA_DC|add|rev L=45,R=87 132->231 vs 6193 NO
#9:BA_DC|cat|raw L=45,R=87 4587->4587 vs 6193 NO
#10:AB_CD|cat|rev L=54,R=78 5478->8745 vs 6193 NO
#11:AB_CD|mul|rev L=54,R=78 4212->2124 vs 6193 NO
#12:AB_CD|add|rev L=54,R=78 132->231 vs 6193 NO

S5: LOCK: BA_DC|muladd1|rev

S6: APPLY
Target: 85*11
BA_DC: L=58,R=11
muladd1(58,11)=639 rev->936

S7: ANS=936

\boxed{936}"
64fe405e,"In Alice's Wonderland, a secret set of transformation rules is applied to equations. Below are a few examples:
69<51 = 18
56\81 = 4535
44%71 = 115
58\29 = 1681
Now, determine the result for: 32<33",1,Equation Numeric,"I identify this as a symbol-digit (equation numeric) task: two-digit operands built from A,B,C,D, one operator, and a format. I group examples by the target operator, scan (pairing|op|format) until examples match and the target matches the boxed answer, then apply. I ignore flavor text.

S2: PARSE
Operator: '<'
Target: 32<33  A=3,B=2,C=3,D=3
Examples using '<':
  E1: 69<51 = 18

S3: SCAN
#1:AB_CD|cat|raw L=69,R=51 6951->6951 vs 18 NO
#2:AB_CD|mul|raw L=69,R=51 3519->3519 vs 18 NO
#3:AB_CD|add|raw L=69,R=51 120->120 vs 18 NO
#4:AB_CD|sub|raw L=69,R=51 18->18 vs 18 NO
#5:AB_CD|absdiff|raw L=69,R=51 18->18 vs 18 YES

S5: LOCK: AB_CD|absdiff|raw

S6: APPLY
Target: 32<33
AB_CD: L=32,R=33
absdiff(32,33)=1 raw->1

S7: ANS=1

\boxed{1}"
65c52214,"In Alice's Wonderland, a secret set of transformation rules is applied to equations. Below are a few examples:
67-65 = -02
06+31 = 37
44*27 = 7613
94+19 = 041
Now, determine the result for: 67*25",1593,Equation Numeric,"I identify this as a symbol-digit (equation numeric) task: two-digit operands built from A,B,C,D, one operator, and a format. I group examples by the target operator, scan (pairing|op|format) until examples match and the target matches the boxed answer, then apply. I ignore flavor text.

S2: PARSE
Operator: '*'
Target: 67*25  A=6,B=7,C=2,D=5
Examples using '*':
  E1: 44*27 = 7613

S3: SCAN
#1:AB_CD|cat|raw L=44,R=27 4427->4427 vs 7613 NO
#2:AB_CD|mul|raw L=44,R=27 1188->1188 vs 7613 NO
#3:AB_CD|add|raw L=44,R=27 71->71 vs 7613 NO
#4:AB_CD|sub|raw L=44,R=27 17->17 vs 7613 NO
#5:AB_CD|absdiff|raw L=44,R=27 17->17 vs 7613 NO
#6:BA_DC|cat|rev L=44,R=72 4472->2744 vs 7613 NO
#7:BA_DC|mul|rev L=44,R=72 3168->8613 vs 7613 NO
#8:BA_DC|add|rev L=44,R=72 116->611 vs 7613 NO
#9:BA_DC|cat|raw L=44,R=72 4472->4472 vs 7613 NO
#10:AB_CD|cat|rev L=44,R=27 4427->7244 vs 7613 NO
#11:AB_CD|mul|rev L=44,R=27 1188->8811 vs 7613 NO
#12:AB_CD|add|rev L=44,R=27 71->17 vs 7613 NO

S5: LOCK: BA_DC|mulsub1|rev

S6: APPLY
Target: 67*25
BA_DC: L=76,R=52
mulsub1(76,52)=3951 rev->1593

S7: ANS=1593

\boxed{1593}"
66c5974c,"In Alice's Wonderland, a secret set of transformation rules is applied to equations. Below are a few examples:
71-82 = 11
37-69 = 32
41*28 = 1148
64*58 = 3712
18^30 = 49
Now, determine the result for: 55^24",80,Equation Numeric,"I identify this as a symbol-digit (equation numeric) task: two-digit operands built from A,B,C,D, one operator, and a format. I group examples by the target operator, scan (pairing|op|format) until examples match and the target matches the boxed answer, then apply. I ignore flavor text.

S2: PARSE
Operator: '^'
Target: 55^24  A=5,B=5,C=2,D=4
Examples using '^':
  E1: 18^30 = 49

S3: SCAN
#1:AB_CD|cat|raw L=18,R=30 1830->1830 vs 49 NO
#2:AB_CD|mul|raw L=18,R=30 540->540 vs 49 NO
#3:AB_CD|add|raw L=18,R=30 48->48 vs 49 NO
#4:AB_CD|sub|raw L=18,R=30 -12->-12 vs 49 NO
#5:AB_CD|absdiff|raw L=18,R=30 12->12 vs 49 NO
#6:BA_DC|cat|rev L=81,R=3 813->318 vs 49 NO
#7:BA_DC|mul|rev L=81,R=3 243->342 vs 49 NO
#8:BA_DC|add|rev L=81,R=3 84->48 vs 49 NO
#9:BA_DC|cat|raw L=81,R=3 813->813 vs 49 NO
#10:AB_CD|cat|rev L=18,R=30 1830->0381 vs 49 NO
#11:AB_CD|mul|rev L=18,R=30 540->045 vs 49 NO
#12:AB_CD|add|rev L=18,R=30 48->84 vs 49 NO

S5: LOCK: AB_CD|add1|raw

S6: APPLY
Target: 55^24
AB_CD: L=55,R=24
add1(55,24)=80 raw->80

S7: ANS=80

\boxed{80}"
67de8e10,"In Alice's Wonderland, a secret set of transformation rules is applied to equations. Below are a few examples:
27+72 = 99
26+02 = 28
08-25 = 82
69-37 = 32
58+15 = 631
Now, determine the result for: 69+47",071,Equation Numeric,"I identify this as a symbol-digit (equation numeric) task: two-digit operands built from A,B,C,D, one operator, and a format. I group examples by the target operator, scan (pairing|op|format) until examples match and the target matches the boxed answer, then apply. I ignore flavor text.

S2: PARSE
Operator: '+'
Target: 69+47  A=6,B=9,C=4,D=7
Examples using '+':
  E1: 27+72 = 99
  E2: 26+02 = 28
  E3: 58+15 = 631

S3: SCAN
#1:AB_CD|cat|raw L=27,R=72 2772->2772 vs 99 NO
#2:AB_CD|mul|raw L=27,R=72 1944->1944 vs 99 NO
#3:AB_CD|add|raw L=27,R=72 99->99 vs 99 NO
#4:AB_CD|sub|raw L=27,R=72 -45->-45 vs 99 NO
#5:AB_CD|absdiff|raw L=27,R=72 45->45 vs 99 NO
#6:BA_DC|cat|rev L=72,R=27 7227->7227 vs 99 NO
#7:BA_DC|mul|rev L=72,R=27 1944->4491 vs 99 NO
#8:BA_DC|add|rev L=72,R=27 99->99 vs 99 YES

S4: VER
E2: 26+02 = 28
BA_DC|add|rev L=62,R=20 82->28 vs 28 YES

S5: LOCK: BA_DC|add|rev

S6: APPLY
Target: 69+47
BA_DC: L=96,R=74
add(96,74)=170 rev->071

S7: ANS=071

\boxed{071}"
67f1bc8a,"In Alice's Wonderland, a secret set of transformation rules is applied to equations. Below are a few examples:
72-79 = 8162
69?68 = 01?
35?88 = 53
31?46 = 15
76>64 = 311
Now, determine the result for: 77-61",1321,Equation Numeric,"I identify this as a symbol-digit (equation numeric) task: two-digit operands built from A,B,C,D, one operator, and a format. I group examples by the target operator, scan (pairing|op|format) until examples match and the target matches the boxed answer, then apply. I ignore flavor text.

S2: PARSE
Operator: '-'
Target: 77-61  A=7,B=7,C=6,D=1
Examples using '-':
  E1: 72-79 = 8162

S3: SCAN
#1:AB_CD|cat|raw L=72,R=79 7279->7279 vs 8162 NO
#2:AB_CD|mul|raw L=72,R=79 5688->5688 vs 8162 NO
#3:AB_CD|add|raw L=72,R=79 151->151 vs 8162 NO
#4:AB_CD|sub|raw L=72,R=79 -7->-7 vs 8162 NO
#5:AB_CD|absdiff|raw L=72,R=79 7->7 vs 8162 NO
#6:BA_DC|cat|rev L=27,R=97 2797->7972 vs 8162 NO
#7:BA_DC|mul|rev L=27,R=97 2619->9162 vs 8162 NO
#8:BA_DC|add|rev L=27,R=97 124->421 vs 8162 NO
#9:BA_DC|cat|raw L=27,R=97 2797->2797 vs 8162 NO
#10:AB_CD|cat|rev L=72,R=79 7279->9727 vs 8162 NO
#11:AB_CD|mul|rev L=72,R=79 5688->8865 vs 8162 NO
#12:AB_CD|add|rev L=72,R=79 151->151 vs 8162 NO

S5: LOCK: BA_DC|mulsub1|rev

S6: APPLY
Target: 77-61
BA_DC: L=77,R=16
mulsub1(77,16)=1231 rev->1321

S7: ANS=1321

\boxed{1321}"
680f19b3,"In Alice's Wonderland, a secret set of transformation rules is applied to equations. Below are a few examples:
28@11 = 308
76?18 = 7618
53)50 = )3
31?65 = 3165
Now, determine the result for: 97?56",9756,Equation Numeric,"I identify this as a symbol-digit (equation numeric) task: two-digit operands built from A,B,C,D, one operator, and a format. I group examples by the target operator, scan (pairing|op|format) until examples match and the target matches the boxed answer, then apply. I ignore flavor text.

S2: PARSE
Operator: '?'
Target: 97?56  A=9,B=7,C=5,D=6
Examples using '?':
  E1: 76?18 = 7618
  E2: 31?65 = 3165

S3: SCAN
#1:AB_CD|cat|raw L=76,R=18 7618->7618 vs 7618 YES

S4: VER
E2: 31?65 = 3165
AB_CD|cat|raw L=31,R=65 3165->3165 vs 3165 YES

S5: LOCK: AB_CD|cat|raw

S6: APPLY
Target: 97?56
AB_CD: L=97,R=56
cat(97,56)=9756 raw->9756

S7: ANS=9756

\boxed{9756}"
68b9b9a8,"In Alice's Wonderland, a secret set of transformation rules is applied to equations. Below are a few examples:
73*37 = 1072
16*82 = 8071
84*78 = 6714
11+42 = 63
71+39 = 111
Now, determine the result for: 45*18",4734,Equation Numeric,"I identify this as a symbol-digit (equation numeric) task: two-digit operands built from A,B,C,D, one operator, and a format. I group examples by the target operator, scan (pairing|op|format) until examples match and the target matches the boxed answer, then apply. I ignore flavor text.

S2: PARSE
Operator: '*'
Target: 45*18  A=4,B=5,C=1,D=8
Examples using '*':
  E1: 73*37 = 1072
  E2: 16*82 = 8071
  E3: 84*78 = 6714

S3: SCAN
#1:AB_CD|cat|raw L=73,R=37 7337->7337 vs 1072 NO
#2:AB_CD|mul|raw L=73,R=37 2701->2701 vs 1072 NO
#3:AB_CD|add|raw L=73,R=37 110->110 vs 1072 NO
#4:AB_CD|sub|raw L=73,R=37 36->36 vs 1072 NO
#5:AB_CD|absdiff|raw L=73,R=37 36->36 vs 1072 NO
#6:BA_DC|cat|rev L=37,R=73 3773->3773 vs 1072 NO
#7:BA_DC|mul|rev L=37,R=73 2701->1072 vs 1072 YES

S4: VER
E2: 16*82 = 8071
BA_DC|mul|rev L=61,R=28 1708->8071 vs 8071 YES

S5: LOCK: BA_DC|mul|rev

S6: APPLY
Target: 45*18
BA_DC: L=54,R=81
mul(54,81)=4374 rev->4734

S7: ANS=4734

\boxed{4734}"
69197d42,"In Alice's Wonderland, a secret set of transformation rules is applied to equations. Below are a few examples:
06{33 = 72{
78%14 = 7653
65%98 = 4894
93%03 = 0711
Now, determine the result for: 27%73",4662,Equation Numeric,"I identify this as a symbol-digit (equation numeric) task: two-digit operands built from A,B,C,D, one operator, and a format. I group examples by the target operator, scan (pairing|op|format) until examples match and the target matches the boxed answer, then apply. I ignore flavor text.

S2: PARSE
Operator: '%'
Target: 27%73  A=2,B=7,C=7,D=3
Examples using '%':
  E1: 78%14 = 7653
  E2: 65%98 = 4894
  E3: 93%03 = 0711

S3: SCAN
#1:AB_CD|cat|raw L=78,R=14 7814->7814 vs 7653 NO
#2:AB_CD|mul|raw L=78,R=14 1092->1092 vs 7653 NO
#3:AB_CD|add|raw L=78,R=14 92->92 vs 7653 NO
#4:AB_CD|sub|raw L=78,R=14 64->64 vs 7653 NO
#5:AB_CD|absdiff|raw L=78,R=14 64->64 vs 7653 NO
#6:BA_DC|cat|rev L=87,R=41 8741->1478 vs 7653 NO
#7:BA_DC|mul|rev L=87,R=41 3567->7653 vs 7653 YES

S4: VER
E2: 65%98 = 4894
BA_DC|mul|rev L=56,R=89 4984->4894 vs 4894 YES

S5: LOCK: BA_DC|mul|rev

S6: APPLY
Target: 27%73
BA_DC: L=72,R=37
mul(72,37)=2664 rev->4662

S7: ANS=4662

\boxed{4662}"
691f2f76,"In Alice's Wonderland, a secret set of transformation rules is applied to equations. Below are a few examples:
65+55 = 111
15+04 = 19
03+34 = 37
13+44 = 57
Now, determine the result for: 57+85",331,Equation Numeric,"I identify this as a symbol-digit (equation numeric) task: two-digit operands built from A,B,C,D, one operator, and a format. I group examples by the target operator, scan (pairing|op|format) until examples match and the target matches the boxed answer, then apply. I ignore flavor text.

S2: PARSE
Operator: '+'
Target: 57+85  A=5,B=7,C=8,D=5
Examples using '+':
  E1: 65+55 = 111
  E2: 15+04 = 19
  E3: 03+34 = 37
  E4: 13+44 = 57

S3: SCAN
#1:AB_CD|cat|raw L=65,R=55 6555->6555 vs 111 NO
#2:AB_CD|mul|raw L=65,R=55 3575->3575 vs 111 NO
#3:AB_CD|add|raw L=65,R=55 120->120 vs 111 NO
#4:AB_CD|sub|raw L=65,R=55 10->10 vs 111 NO
#5:AB_CD|absdiff|raw L=65,R=55 10->10 vs 111 NO
#6:BA_DC|cat|rev L=56,R=55 5655->5565 vs 111 NO
#7:BA_DC|mul|rev L=56,R=55 3080->0803 vs 111 NO
#8:BA_DC|add|rev L=56,R=55 111->111 vs 111 YES

S4: VER
E2: 15+04 = 19
BA_DC|add|rev L=51,R=40 91->19 vs 19 YES

S5: LOCK: BA_DC|add|rev

S6: APPLY
Target: 57+85
BA_DC: L=75,R=58
add(75,58)=133 rev->331

S7: ANS=331

\boxed{331}"
69aa57b3,"In Alice's Wonderland, a secret set of transformation rules is applied to equations. Below are a few examples:
65+83 = 8365
62-23 = -6
69*72 = 2952
Now, determine the result for: 72+44",4472,Equation Numeric,"I identify this as a symbol-digit (equation numeric) task: two-digit operands built from A,B,C,D, one operator, and a format. I group examples by the target operator, scan (pairing|op|format) until examples match and the target matches the boxed answer, then apply. I ignore flavor text.

S2: PARSE
Operator: '+'
Target: 72+44  A=7,B=2,C=4,D=4
Examples using '+':
  E1: 65+83 = 8365

S3: SCAN
#1:AB_CD|cat|raw L=65,R=83 6583->6583 vs 8365 NO
#2:AB_CD|mul|raw L=65,R=83 5395->5395 vs 8365 NO
#3:AB_CD|add|raw L=65,R=83 148->148 vs 8365 NO
#4:AB_CD|sub|raw L=65,R=83 -18->-18 vs 8365 NO
#5:AB_CD|absdiff|raw L=65,R=83 18->18 vs 8365 NO
#6:BA_DC|cat|rev L=56,R=38 5638->8365 vs 8365 YES

S5: LOCK: BA_DC|cat|rev

S6: APPLY
Target: 72+44
BA_DC: L=27,R=44
cat(27,44)=2744 rev->4472

S7: ANS=4472

\boxed{4472}"
6ab04968,"In Alice's Wonderland, a secret set of transformation rules is applied to equations. Below are a few examples:
66""29 = 1915
59(88 = 29
12(79 = 67
36(96 = 60
Now, determine the result for: 20""62",1241,Equation Numeric,"I identify this as a symbol-digit (equation numeric) task: two-digit operands built from A,B,C,D, one operator, and a format. I group examples by the target operator, scan (pairing|op|format) until examples match and the target matches the boxed answer, then apply. I ignore flavor text.

S2: PARSE
Operator: '""'
Target: 20""62  A=2,B=0,C=6,D=2
Examples using '""':
  E1: 66""29 = 1915

S3: SCAN
#1:AB_CD|cat|raw L=66,R=29 6629->6629 vs 1915 NO
#2:AB_CD|mul|raw L=66,R=29 1914->1914 vs 1915 NO
#3:AB_CD|add|raw L=66,R=29 95->95 vs 1915 NO
#4:AB_CD|sub|raw L=66,R=29 37->37 vs 1915 NO
#5:AB_CD|absdiff|raw L=66,R=29 37->37 vs 1915 NO
#6:BA_DC|cat|rev L=66,R=92 6692->2966 vs 1915 NO
#7:BA_DC|mul|rev L=66,R=92 6072->2706 vs 1915 NO
#8:BA_DC|add|rev L=66,R=92 158->851 vs 1915 NO
#9:BA_DC|cat|raw L=66,R=92 6692->6692 vs 1915 NO
#10:AB_CD|cat|rev L=66,R=29 6629->9266 vs 1915 NO
#11:AB_CD|mul|rev L=66,R=29 1914->4191 vs 1915 NO
#12:AB_CD|add|rev L=66,R=29 95->59 vs 1915 NO

S5: LOCK: AB_CD|muladd1|raw

S6: APPLY
Target: 20""62
AB_CD: L=20,R=62
muladd1(20,62)=1241 raw->1241

S7: ANS=1241

\boxed{1241}"
6b393b81,"In Alice's Wonderland, a secret set of transformation rules is applied to equations. Below are a few examples:
19>36 = 1936
63>24 = 6324
36>39 = 3639
50<19 = 5019
65<72 = 6572
Now, determine the result for: 40>46",4046,Equation Numeric,"I identify this as a symbol-digit (equation numeric) task: two-digit operands built from A,B,C,D, one operator, and a format. I group examples by the target operator, scan (pairing|op|format) until examples match and the target matches the boxed answer, then apply. I ignore flavor text.

S2: PARSE
Operator: '>'
Target: 40>46  A=4,B=0,C=4,D=6
Examples using '>':
  E1: 19>36 = 1936
  E2: 63>24 = 6324
  E3: 36>39 = 3639

S3: SCAN
#1:AB_CD|cat|raw L=19,R=36 1936->1936 vs 1936 YES

S4: VER
E2: 63>24 = 6324
AB_CD|cat|raw L=63,R=24 6324->6324 vs 6324 YES

S5: LOCK: AB_CD|cat|raw

S6: APPLY
Target: 40>46
AB_CD: L=40,R=46
cat(40,46)=4046 raw->4046

S7: ANS=4046

\boxed{4046}"
6bd59a1f,"In Alice's Wonderland, a secret set of transformation rules is applied to equations. Below are a few examples:
35+01 = 34
74$02 = 939
93[74 = 68
72[49 = 121
41$63 = 305
Now, determine the result for: 82$15",7241,Equation Numeric,"I identify this as a symbol-digit (equation numeric) task: two-digit operands built from A,B,C,D, one operator, and a format. I group examples by the target operator, scan (pairing|op|format) until examples match and the target matches the boxed answer, then apply. I ignore flavor text.

S2: PARSE
Operator: '$'
Target: 82$15  A=8,B=2,C=1,D=5
Examples using '$':
  E1: 74$02 = 939
  E2: 41$63 = 305

S3: SCAN
#1:AB_CD|cat|raw L=74,R=2 742->742 vs 939 NO
#2:AB_CD|mul|raw L=74,R=2 148->148 vs 939 NO
#3:AB_CD|add|raw L=74,R=2 76->76 vs 939 NO
#4:AB_CD|sub|raw L=74,R=2 72->72 vs 939 NO
#5:AB_CD|absdiff|raw L=74,R=2 72->72 vs 939 NO
#6:BA_DC|cat|rev L=47,R=20 4720->0274 vs 939 NO
#7:BA_DC|mul|rev L=47,R=20 940->049 vs 939 NO
#8:BA_DC|add|rev L=47,R=20 67->76 vs 939 NO
#9:BA_DC|cat|raw L=47,R=20 4720->4720 vs 939 NO
#10:AB_CD|cat|rev L=74,R=2 742->247 vs 939 NO
#11:AB_CD|mul|rev L=74,R=2 148->841 vs 939 NO
#12:AB_CD|add|rev L=74,R=2 76->67 vs 939 NO

S4: VER
E2: 41$63 = 305
BA_DC|mulsub1|rev L=14,R=36 503->305 vs 305 YES

S5: LOCK: BA_DC|mulsub1|rev

S6: APPLY
Target: 82$15
BA_DC: L=28,R=51
mulsub1(28,51)=1427 rev->7241

S7: ANS=7241

\boxed{7241}"
6c9e4485,"In Alice's Wonderland, a secret set of transformation rules is applied to equations. Below are a few examples:
85>17 = 31
28%99 = 8118
47%77 = 8965
68>34 = 34>
31%97 = 7201
Now, determine the result for: 28%34",6253,Equation Numeric,"I identify this as a symbol-digit (equation numeric) task: two-digit operands built from A,B,C,D, one operator, and a format. I group examples by the target operator, scan (pairing|op|format) until examples match and the target matches the boxed answer, then apply. I ignore flavor text.

S2: PARSE
Operator: '%'
Target: 28%34  A=2,B=8,C=3,D=4
Examples using '%':
  E1: 28%99 = 8118
  E2: 47%77 = 8965
  E3: 31%97 = 7201

S3: SCAN
#1:AB_CD|cat|raw L=28,R=99 2899->2899 vs 8118 NO
#2:AB_CD|mul|raw L=28,R=99 2772->2772 vs 8118 NO
#3:AB_CD|add|raw L=28,R=99 127->127 vs 8118 NO
#4:AB_CD|sub|raw L=28,R=99 -71->-71 vs 8118 NO
#5:AB_CD|absdiff|raw L=28,R=99 71->71 vs 8118 NO
#6:BA_DC|cat|rev L=82,R=99 8299->9928 vs 8118 NO
#7:BA_DC|mul|rev L=82,R=99 8118->8118 vs 8118 YES

S4: VER
E2: 47%77 = 8965
BA_DC|mul|rev L=74,R=77 5698->8965 vs 8965 YES

S5: LOCK: BA_DC|mul|rev

S6: APPLY
Target: 28%34
BA_DC: L=82,R=43
mul(82,43)=3526 rev->6253

S7: ANS=6253

\boxed{6253}"
6cd73bdd,"In Alice's Wonderland, a secret set of transformation rules is applied to equations. Below are a few examples:
29{89 = 6109
49#54 = 931
58{62 = 0122
03#77 = 701
44#82 = 27
Now, determine the result for: 37{28",6895,Equation Numeric,"I identify this as a symbol-digit (equation numeric) task: two-digit operands built from A,B,C,D, one operator, and a format. I group examples by the target operator, scan (pairing|op|format) until examples match and the target matches the boxed answer, then apply. I ignore flavor text.

S2: PARSE
Operator: '{'
Target: 37{28  A=3,B=7,C=2,D=8
Examples using '{':
  E1: 29{89 = 6109
  E2: 58{62 = 0122

S3: SCAN
#1:AB_CD|cat|raw L=29,R=89 2989->2989 vs 6109 NO
#2:AB_CD|mul|raw L=29,R=89 2581->2581 vs 6109 NO
#3:AB_CD|add|raw L=29,R=89 118->118 vs 6109 NO
#4:AB_CD|sub|raw L=29,R=89 -60->-60 vs 6109 NO
#5:AB_CD|absdiff|raw L=29,R=89 60->60 vs 6109 NO
#6:BA_DC|cat|rev L=92,R=98 9298->8929 vs 6109 NO
#7:BA_DC|mul|rev L=92,R=98 9016->6109 vs 6109 YES

S4: VER
E2: 58{62 = 0122
BA_DC|mul|rev L=85,R=26 2210->0122 vs 0122 YES

S5: LOCK: BA_DC|mul|rev

S6: APPLY
Target: 37{28
BA_DC: L=73,R=82
mul(73,82)=5986 rev->6895

S7: ANS=6895

\boxed{6895}"
6cdc3a9f,"In Alice's Wonderland, a secret set of transformation rules is applied to equations. Below are a few examples:
38>14 = 53
46!64 = 2944
64&98 = &34
36&13 = &23
Now, determine the result for: 43!76",3268,Equation Numeric,"I identify this as a symbol-digit (equation numeric) task: two-digit operands built from A,B,C,D, one operator, and a format. I group examples by the target operator, scan (pairing|op|format) until examples match and the target matches the boxed answer, then apply. I ignore flavor text.

S2: PARSE
Operator: '!'
Target: 43!76  A=4,B=3,C=7,D=6
Examples using '!':
  E1: 46!64 = 2944

S3: SCAN
#1:AB_CD|cat|raw L=46,R=64 4664->4664 vs 2944 NO
#2:AB_CD|mul|raw L=46,R=64 2944->2944 vs 2944 YES

S5: LOCK: AB_CD|mul|raw

S6: APPLY
Target: 43!76
AB_CD: L=43,R=76
mul(43,76)=3268 raw->3268

S7: ANS=3268

\boxed{3268}"
6d3b9da4,"In Alice's Wonderland, a secret set of transformation rules is applied to equations. Below are a few examples:
58[99 = 4148
26'22 = 04'
74<53 = 28
02'83 = 81
93'61 = 32'
Now, determine the result for: 67<32",99,Equation Numeric,"I identify this as a symbol-digit (equation numeric) task: two-digit operands built from A,B,C,D, one operator, and a format. I group examples by the target operator, scan (pairing|op|format) until examples match and the target matches the boxed answer, then apply. I ignore flavor text.

S2: PARSE
Operator: '<'
Target: 67<32  A=6,B=7,C=3,D=2
Examples using '<':
  E1: 74<53 = 28

S3: SCAN
#1:AB_CD|cat|raw L=74,R=53 7453->7453 vs 28 NO
#2:AB_CD|mul|raw L=74,R=53 3922->3922 vs 28 NO
#3:AB_CD|add|raw L=74,R=53 127->127 vs 28 NO
#4:AB_CD|sub|raw L=74,R=53 21->21 vs 28 NO
#5:AB_CD|absdiff|raw L=74,R=53 21->21 vs 28 NO
#6:BA_DC|cat|rev L=47,R=35 4735->5374 vs 28 NO
#7:BA_DC|mul|rev L=47,R=35 1645->5461 vs 28 NO
#8:BA_DC|add|rev L=47,R=35 82->28 vs 28 YES

S5: LOCK: BA_DC|add|rev

S6: APPLY
Target: 67<32
BA_DC: L=76,R=23
add(76,23)=99 rev->99

S7: ANS=99

\boxed{99}"
6da9eb9a,"In Alice's Wonderland, a secret set of transformation rules is applied to equations. Below are a few examples:
72""37 = 101
71&76 = 9311
47&05 = 0073
06""29 = 351
37""41 = 88
Now, determine the result for: 36&47",2664,Equation Numeric,"I identify this as a symbol-digit (equation numeric) task: two-digit operands built from A,B,C,D, one operator, and a format. I group examples by the target operator, scan (pairing|op|format) until examples match and the target matches the boxed answer, then apply. I ignore flavor text.

S2: PARSE
Operator: '&'
Target: 36&47  A=3,B=6,C=4,D=7
Examples using '&':
  E1: 71&76 = 9311
  E2: 47&05 = 0073

S3: SCAN
#1:AB_CD|cat|raw L=71,R=76 7176->7176 vs 9311 NO
#2:AB_CD|mul|raw L=71,R=76 5396->5396 vs 9311 NO
#3:AB_CD|add|raw L=71,R=76 147->147 vs 9311 NO
#4:AB_CD|sub|raw L=71,R=76 -5->-5 vs 9311 NO
#5:AB_CD|absdiff|raw L=71,R=76 5->5 vs 9311 NO
#6:BA_DC|cat|rev L=17,R=67 1767->7671 vs 9311 NO
#7:BA_DC|mul|rev L=17,R=67 1139->9311 vs 9311 YES

S4: VER
E2: 47&05 = 0073
BA_DC|mul|rev L=74,R=50 3700->0073 vs 0073 YES

S5: LOCK: BA_DC|mul|rev

S6: APPLY
Target: 36&47
BA_DC: L=63,R=74
mul(63,74)=4662 rev->2664

S7: ANS=2664

\boxed{2664}"
6dda26c0,"In Alice's Wonderland, a secret set of transformation rules is applied to equations. Below are a few examples:
47-51 = 2396
32[26 = 3226
50*72 = *22
Now, determine the result for: 46[43",4643,Equation Numeric,"I identify this as a symbol-digit (equation numeric) task: two-digit operands built from A,B,C,D, one operator, and a format. I group examples by the target operator, scan (pairing|op|format) until examples match and the target matches the boxed answer, then apply. I ignore flavor text.

S2: PARSE
Operator: '['
Target: 46[43  A=4,B=6,C=4,D=3
Examples using '[':
  E1: 32[26 = 3226

S3: SCAN
#1:AB_CD|cat|raw L=32,R=26 3226->3226 vs 3226 YES

S5: LOCK: AB_CD|cat|raw

S6: APPLY
Target: 46[43
AB_CD: L=46,R=43
cat(46,43)=4643 raw->4643

S7: ANS=4643

\boxed{4643}"
6e60b0c5,"In Alice's Wonderland, a secret set of transformation rules is applied to equations. Below are a few examples:
70)60 = 7060
89/98 = 8722
91/90 = 8190
79/76 = 6004
Now, determine the result for: 95)55",9555,Equation Numeric,"I identify this as a symbol-digit (equation numeric) task: two-digit operands built from A,B,C,D, one operator, and a format. I group examples by the target operator, scan (pairing|op|format) until examples match and the target matches the boxed answer, then apply. I ignore flavor text.

S2: PARSE
Operator: ')'
Target: 95)55  A=9,B=5,C=5,D=5
Examples using ')':
  E1: 70)60 = 7060

S3: SCAN
#1:AB_CD|cat|raw L=70,R=60 7060->7060 vs 7060 YES

S5: LOCK: AB_CD|cat|raw

S6: APPLY
Target: 95)55
AB_CD: L=95,R=55
cat(95,55)=9555 raw->9555

S7: ANS=9555

\boxed{9555}"
6e6f8d9c,"In Alice's Wonderland, a secret set of transformation rules is applied to equations. Below are a few examples:
49\62 = 86\
65\04 = 61\
68\49 = 8
14?48 = 421
29|59 = 0478
Now, determine the result for: 49?66",951,Equation Numeric,"I identify this as a symbol-digit (equation numeric) task: two-digit operands built from A,B,C,D, one operator, and a format. I group examples by the target operator, scan (pairing|op|format) until examples match and the target matches the boxed answer, then apply. I ignore flavor text.

S2: PARSE
Operator: '?'
Target: 49?66  A=4,B=9,C=6,D=6
Examples using '?':
  E1: 14?48 = 421

S3: SCAN
#1:AB_CD|cat|raw L=14,R=48 1448->1448 vs 421 NO
#2:AB_CD|mul|raw L=14,R=48 672->672 vs 421 NO
#3:AB_CD|add|raw L=14,R=48 62->62 vs 421 NO
#4:AB_CD|sub|raw L=14,R=48 -34->-34 vs 421 NO
#5:AB_CD|absdiff|raw L=14,R=48 34->34 vs 421 NO
#6:BA_DC|cat|rev L=41,R=84 4184->4814 vs 421 NO
#7:BA_DC|mul|rev L=41,R=84 3444->4443 vs 421 NO
#8:BA_DC|add|rev L=41,R=84 125->521 vs 421 NO
#9:BA_DC|cat|raw L=41,R=84 4184->4184 vs 421 NO
#10:AB_CD|cat|rev L=14,R=48 1448->8441 vs 421 NO
#11:AB_CD|mul|rev L=14,R=48 672->276 vs 421 NO
#12:AB_CD|add|rev L=14,R=48 62->26 vs 421 NO

S5: LOCK: BA_DC|addm1|rev

S6: APPLY
Target: 49?66
BA_DC: L=94,R=66
addm1(94,66)=159 rev->951

S7: ANS=951

\boxed{951}"
6f1211e2,"In Alice's Wonderland, a secret set of transformation rules is applied to equations. Below are a few examples:
71*91 = 9171
24-75 = 51
73-16 = 42
44+75 = 101
Now, determine the result for: 45*67",6745,Equation Numeric,"I identify this as a symbol-digit (equation numeric) task: two-digit operands built from A,B,C,D, one operator, and a format. I group examples by the target operator, scan (pairing|op|format) until examples match and the target matches the boxed answer, then apply. I ignore flavor text.

S2: PARSE
Operator: '*'
Target: 45*67  A=4,B=5,C=6,D=7
Examples using '*':
  E1: 71*91 = 9171

S3: SCAN
#1:AB_CD|cat|raw L=71,R=91 7191->7191 vs 9171 NO
#2:AB_CD|mul|raw L=71,R=91 6461->6461 vs 9171 NO
#3:AB_CD|add|raw L=71,R=91 162->162 vs 9171 NO
#4:AB_CD|sub|raw L=71,R=91 -20->-20 vs 9171 NO
#5:AB_CD|absdiff|raw L=71,R=91 20->20 vs 9171 NO
#6:BA_DC|cat|rev L=17,R=19 1719->9171 vs 9171 YES

S5: LOCK: BA_DC|cat|rev

S6: APPLY
Target: 45*67
BA_DC: L=54,R=76
cat(54,76)=5476 rev->6745

S7: ANS=6745

\boxed{6745}"
6f37d7be,"In Alice's Wonderland, a secret set of transformation rules is applied to equations. Below are a few examples:
84*84 = 0
89*38 = 51
42\83 = 8342
Now, determine the result for: 92*91",01,Equation Numeric,"I identify this as a symbol-digit (equation numeric) task: two-digit operands built from A,B,C,D, one operator, and a format. I group examples by the target operator, scan (pairing|op|format) until examples match and the target matches the boxed answer, then apply. I ignore flavor text.

S2: PARSE
Operator: '*'
Target: 92*91  A=9,B=2,C=9,D=1
Examples using '*':
  E1: 84*84 = 0
  E2: 89*38 = 51

S3: SCAN
#1:AB_CD|cat|raw L=84,R=84 8484->8484 vs 0 NO
#2:AB_CD|mul|raw L=84,R=84 7056->7056 vs 0 NO
#3:AB_CD|add|raw L=84,R=84 168->168 vs 0 NO
#4:AB_CD|sub|raw L=84,R=84 0->0 vs 0 NO
#5:AB_CD|absdiff|raw L=84,R=84 0->0 vs 0 NO
#6:BA_DC|cat|rev L=48,R=48 4848->8484 vs 0 NO
#7:BA_DC|mul|rev L=48,R=48 2304->4032 vs 0 NO
#8:BA_DC|add|rev L=48,R=48 96->69 vs 0 NO
#9:BA_DC|cat|raw L=48,R=48 4848->4848 vs 0 NO
#10:AB_CD|cat|rev L=84,R=84 8484->4848 vs 0 NO
#11:AB_CD|mul|rev L=84,R=84 7056->6507 vs 0 NO
#12:AB_CD|add|rev L=84,R=84 168->861 vs 0 NO

S4: VER
E2: 89*38 = 51
BA_DC|sub|rev L=98,R=83 15->51 vs 51 YES

S5: LOCK: BA_DC|sub|rev

S6: APPLY
Target: 92*91
BA_DC: L=29,R=19
sub(29,19)=10 rev->01

S7: ANS=01

\boxed{01}"
705bb686,"In Alice's Wonderland, a secret set of transformation rules is applied to equations. Below are a few examples:
95\91 = 2211
68\29 = 3197
47^12 = 35
15<68 = 731
Now, determine the result for: 54^04",5,Equation Numeric,"I identify this as a symbol-digit (equation numeric) task: two-digit operands built from A,B,C,D, one operator, and a format. I group examples by the target operator, scan (pairing|op|format) until examples match and the target matches the boxed answer, then apply. I ignore flavor text.

S2: PARSE
Operator: '^'
Target: 54^04  A=5,B=4,C=0,D=4
Examples using '^':
  E1: 47^12 = 35

S3: SCAN
#1:AB_CD|cat|raw L=47,R=12 4712->4712 vs 35 NO
#2:AB_CD|mul|raw L=47,R=12 564->564 vs 35 NO
#3:AB_CD|add|raw L=47,R=12 59->59 vs 35 NO
#4:AB_CD|sub|raw L=47,R=12 35->35 vs 35 NO
#5:AB_CD|absdiff|raw L=47,R=12 35->35 vs 35 NO
#6:BA_DC|cat|rev L=74,R=21 7421->1247 vs 35 NO
#7:BA_DC|mul|rev L=74,R=21 1554->4551 vs 35 NO
#8:BA_DC|add|rev L=74,R=21 95->59 vs 35 NO
#9:BA_DC|cat|raw L=74,R=21 7421->7421 vs 35 NO
#10:AB_CD|cat|rev L=47,R=12 4712->2174 vs 35 NO
#11:AB_CD|mul|rev L=47,R=12 564->465 vs 35 NO
#12:AB_CD|add|rev L=47,R=12 59->95 vs 35 NO

S5: LOCK: BA_DC|sub|rev

S6: APPLY
Target: 54^04
BA_DC: L=45,R=40
sub(45,40)=5 rev->5

S7: ANS=5

\boxed{5}"
7195cb7b,"In Alice's Wonderland, a secret set of transformation rules is applied to equations. Below are a few examples:
12[66 = [54
65\53 = 119
28}28 = 2828
49[49 = 0
68\48 = 117
Now, determine the result for: 33\34",68,Equation Numeric,"I identify this as a symbol-digit (equation numeric) task: two-digit operands built from A,B,C,D, one operator, and a format. I group examples by the target operator, scan (pairing|op|format) until examples match and the target matches the boxed answer, then apply. I ignore flavor text.

S2: PARSE
Operator: '\'
Target: 33\34  A=3,B=3,C=3,D=4
Examples using '\':
  E1: 65\53 = 119
  E2: 68\48 = 117

S3: SCAN
#1:AB_CD|cat|raw L=65,R=53 6553->6553 vs 119 NO
#2:AB_CD|mul|raw L=65,R=53 3445->3445 vs 119 NO
#3:AB_CD|add|raw L=65,R=53 118->118 vs 119 NO
#4:AB_CD|sub|raw L=65,R=53 12->12 vs 119 NO
#5:AB_CD|absdiff|raw L=65,R=53 12->12 vs 119 NO
#6:BA_DC|cat|rev L=56,R=35 5635->5365 vs 119 NO
#7:BA_DC|mul|rev L=56,R=35 1960->0691 vs 119 NO
#8:BA_DC|add|rev L=56,R=35 91->19 vs 119 NO
#9:BA_DC|cat|raw L=56,R=35 5635->5635 vs 119 NO
#10:AB_CD|cat|rev L=65,R=53 6553->3556 vs 119 NO
#11:AB_CD|mul|rev L=65,R=53 3445->5443 vs 119 NO
#12:AB_CD|add|rev L=65,R=53 118->811 vs 119 NO

S4: VER
E2: 68\48 = 117
AB_CD|add1|raw L=68,R=48 117->117 vs 117 YES

S5: LOCK: AB_CD|add1|raw

S6: APPLY
Target: 33\34
AB_CD: L=33,R=34
add1(33,34)=68 raw->68

S7: ANS=68

\boxed{68}"
71e02000,"In Alice's Wonderland, a secret set of transformation rules is applied to equations. Below are a few examples:
56-66 = -10
25$31 = 2531
47-19 = -28
Now, determine the result for: 37$67",3767,Equation Numeric,"I identify this as a symbol-digit (equation numeric) task: two-digit operands built from A,B,C,D, one operator, and a format. I group examples by the target operator, scan (pairing|op|format) until examples match and the target matches the boxed answer, then apply. I ignore flavor text.

S2: PARSE
Operator: '$'
Target: 37$67  A=3,B=7,C=6,D=7
Examples using '$':
  E1: 25$31 = 2531

S3: SCAN
#1:AB_CD|cat|raw L=25,R=31 2531->2531 vs 2531 YES

S5: LOCK: AB_CD|cat|raw

S6: APPLY
Target: 37$67
AB_CD: L=37,R=67
cat(37,67)=3767 raw->3767

S7: ANS=3767

\boxed{3767}"
72336119,"In Alice's Wonderland, a secret set of transformation rules is applied to equations. Below are a few examples:
77>12 = 925
99?83 = 9983
92*43 = 49
69>92 = 6349
Now, determine the result for: 85>39",3316,Equation Numeric,"I identify this as a symbol-digit (equation numeric) task: two-digit operands built from A,B,C,D, one operator, and a format. I group examples by the target operator, scan (pairing|op|format) until examples match and the target matches the boxed answer, then apply. I ignore flavor text.

S2: PARSE
Operator: '>'
Target: 85>39  A=8,B=5,C=3,D=9
Examples using '>':
  E1: 77>12 = 925
  E2: 69>92 = 6349

S3: SCAN
#1:AB_CD|cat|raw L=77,R=12 7712->7712 vs 925 NO
#2:AB_CD|mul|raw L=77,R=12 924->924 vs 925 NO
#3:AB_CD|add|raw L=77,R=12 89->89 vs 925 NO
#4:AB_CD|sub|raw L=77,R=12 65->65 vs 925 NO
#5:AB_CD|absdiff|raw L=77,R=12 65->65 vs 925 NO
#6:BA_DC|cat|rev L=77,R=21 7721->1277 vs 925 NO
#7:BA_DC|mul|rev L=77,R=21 1617->7161 vs 925 NO
#8:BA_DC|add|rev L=77,R=21 98->89 vs 925 NO
#9:BA_DC|cat|raw L=77,R=21 7721->7721 vs 925 NO
#10:AB_CD|cat|rev L=77,R=12 7712->2177 vs 925 NO
#11:AB_CD|mul|rev L=77,R=12 924->429 vs 925 NO
#12:AB_CD|add|rev L=77,R=12 89->98 vs 925 NO

S4: VER
E2: 69>92 = 6349
AB_CD|muladd1|raw L=69,R=92 6349->6349 vs 6349 YES

S5: LOCK: AB_CD|muladd1|raw

S6: APPLY
Target: 85>39
AB_CD: L=85,R=39
muladd1(85,39)=3316 raw->3316

S7: ANS=3316

\boxed{3316}"
7306613b,"In Alice's Wonderland, a secret set of transformation rules is applied to equations. Below are a few examples:
59+02 = 411
91+62 = 44
94+64 = 49
86-82 = 04
39*01 = 139
Now, determine the result for: 79+65",251,Equation Numeric,"I identify this as a symbol-digit (equation numeric) task: two-digit operands built from A,B,C,D, one operator, and a format. I group examples by the target operator, scan (pairing|op|format) until examples match and the target matches the boxed answer, then apply. I ignore flavor text.

S2: PARSE
Operator: '+'
Target: 79+65  A=7,B=9,C=6,D=5
Examples using '+':
  E1: 59+02 = 411
  E2: 91+62 = 44
  E3: 94+64 = 49

S3: SCAN
#1:AB_CD|cat|raw L=59,R=2 592->592 vs 411 NO
#2:AB_CD|mul|raw L=59,R=2 118->118 vs 411 NO
#3:AB_CD|add|raw L=59,R=2 61->61 vs 411 NO
#4:AB_CD|sub|raw L=59,R=2 57->57 vs 411 NO
#5:AB_CD|absdiff|raw L=59,R=2 57->57 vs 411 NO
#6:BA_DC|cat|rev L=95,R=20 9520->0259 vs 411 NO
#7:BA_DC|mul|rev L=95,R=20 1900->0091 vs 411 NO
#8:BA_DC|add|rev L=95,R=20 115->511 vs 411 NO
#9:BA_DC|cat|raw L=95,R=20 9520->9520 vs 411 NO
#10:AB_CD|cat|rev L=59,R=2 592->295 vs 411 NO
#11:AB_CD|mul|rev L=59,R=2 118->811 vs 411 NO
#12:AB_CD|add|rev L=59,R=2 61->16 vs 411 NO

S4: VER
E2: 91+62 = 44
BA_DC|addm1|rev L=19,R=26 44->44 vs 44 YES

S5: LOCK: BA_DC|addm1|rev

S6: APPLY
Target: 79+65
BA_DC: L=97,R=56
addm1(97,56)=152 rev->251

S7: ANS=251

\boxed{251}"
743a293d,"In Alice's Wonderland, a secret set of transformation rules is applied to equations. Below are a few examples:
31*58 = 5011
81*72 = 684
25+11 = 1125
96-25 = 71
25-71 = 53
Now, determine the result for: 32+24",2432,Equation Numeric,"I identify this as a symbol-digit (equation numeric) task: two-digit operands built from A,B,C,D, one operator, and a format. I group examples by the target operator, scan (pairing|op|format) until examples match and the target matches the boxed answer, then apply. I ignore flavor text.

S2: PARSE
Operator: '+'
Target: 32+24  A=3,B=2,C=2,D=4
Examples using '+':
  E1: 25+11 = 1125

S3: SCAN
#1:AB_CD|cat|raw L=25,R=11 2511->2511 vs 1125 NO
#2:AB_CD|mul|raw L=25,R=11 275->275 vs 1125 NO
#3:AB_CD|add|raw L=25,R=11 36->36 vs 1125 NO
#4:AB_CD|sub|raw L=25,R=11 14->14 vs 1125 NO
#5:AB_CD|absdiff|raw L=25,R=11 14->14 vs 1125 NO
#6:BA_DC|cat|rev L=52,R=11 5211->1125 vs 1125 YES

S5: LOCK: BA_DC|cat|rev

S6: APPLY
Target: 32+24
BA_DC: L=23,R=42
cat(23,42)=2342 rev->2432

S7: ANS=2432

\boxed{2432}"
74b9b0ec,"In Alice's Wonderland, a secret set of transformation rules is applied to equations. Below are a few examples:
17$24 = 1724
64^02 = 029
26[97 = 71
Now, determine the result for: 22[38",16,Equation Numeric,"I identify this as a symbol-digit (equation numeric) task: two-digit operands built from A,B,C,D, one operator, and a format. I group examples by the target operator, scan (pairing|op|format) until examples match and the target matches the boxed answer, then apply. I ignore flavor text.

S2: PARSE
Operator: '['
Target: 22[38  A=2,B=2,C=3,D=8
Examples using '[':
  E1: 26[97 = 71

S3: SCAN
#1:AB_CD|cat|raw L=26,R=97 2697->2697 vs 71 NO
#2:AB_CD|mul|raw L=26,R=97 2522->2522 vs 71 NO
#3:AB_CD|add|raw L=26,R=97 123->123 vs 71 NO
#4:AB_CD|sub|raw L=26,R=97 -71->-71 vs 71 NO
#5:AB_CD|absdiff|raw L=26,R=97 71->71 vs 71 YES

S5: LOCK: AB_CD|absdiff|raw

S6: APPLY
Target: 22[38
AB_CD: L=22,R=38
absdiff(22,38)=16 raw->16

S7: ANS=16

\boxed{16}"
74fff108,"In Alice's Wonderland, a secret set of transformation rules is applied to equations. Below are a few examples:
69-27 = 95
58^91 = 33
71?49 = 3479
41?10 = 410
26-82 = 107
Now, determine the result for: 65^16",49,Equation Numeric,"I identify this as a symbol-digit (equation numeric) task: two-digit operands built from A,B,C,D, one operator, and a format. I group examples by the target operator, scan (pairing|op|format) until examples match and the target matches the boxed answer, then apply. I ignore flavor text.

S2: PARSE
Operator: '^'
Target: 65^16  A=6,B=5,C=1,D=6
Examples using '^':
  E1: 58^91 = 33

S3: SCAN
#1:AB_CD|cat|raw L=58,R=91 5891->5891 vs 33 NO
#2:AB_CD|mul|raw L=58,R=91 5278->5278 vs 33 NO
#3:AB_CD|add|raw L=58,R=91 149->149 vs 33 NO
#4:AB_CD|sub|raw L=58,R=91 -33->-33 vs 33 NO
#5:AB_CD|absdiff|raw L=58,R=91 33->33 vs 33 YES

S5: LOCK: AB_CD|absdiff|raw

S6: APPLY
Target: 65^16
AB_CD: L=65,R=16
absdiff(65,16)=49 raw->49

S7: ANS=49

\boxed{49}"
75032b65,"In Alice's Wonderland, a secret set of transformation rules is applied to equations. Below are a few examples:
64&31 = 33
28'15 = 419
40'85 = 3399
54&29 = 25
Now, determine the result for: 52&25",27,Equation Numeric,"I identify this as a symbol-digit (equation numeric) task: two-digit operands built from A,B,C,D, one operator, and a format. I group examples by the target operator, scan (pairing|op|format) until examples match and the target matches the boxed answer, then apply. I ignore flavor text.

S2: PARSE
Operator: '&'
Target: 52&25  A=5,B=2,C=2,D=5
Examples using '&':
  E1: 64&31 = 33
  E2: 54&29 = 25

S3: SCAN
#1:AB_CD|cat|raw L=64,R=31 6431->6431 vs 33 NO
#2:AB_CD|mul|raw L=64,R=31 1984->1984 vs 33 NO
#3:AB_CD|add|raw L=64,R=31 95->95 vs 33 NO
#4:AB_CD|sub|raw L=64,R=31 33->33 vs 33 YES

S4: VER
E2: 54&29 = 25
AB_CD|sub|raw L=54,R=29 25->25 vs 25 YES

S5: LOCK: AB_CD|sub|raw

S6: APPLY
Target: 52&25
AB_CD: L=52,R=25
sub(52,25)=27 raw->27

S7: ANS=27

\boxed{27}"
75645166,"In Alice's Wonderland, a secret set of transformation rules is applied to equations. Below are a few examples:
96*78 = 7896
51*64 = 6451
85<97 = 2854
Now, determine the result for: 35<94",7952,Equation Numeric,"I identify this as a symbol-digit (equation numeric) task: two-digit operands built from A,B,C,D, one operator, and a format. I group examples by the target operator, scan (pairing|op|format) until examples match and the target matches the boxed answer, then apply. I ignore flavor text.

S2: PARSE
Operator: '<'
Target: 35<94  A=3,B=5,C=9,D=4
Examples using '<':
  E1: 85<97 = 2854

S3: SCAN
#1:AB_CD|cat|raw L=85,R=97 8597->8597 vs 2854 NO
#2:AB_CD|mul|raw L=85,R=97 8245->8245 vs 2854 NO
#3:AB_CD|add|raw L=85,R=97 182->182 vs 2854 NO
#4:AB_CD|sub|raw L=85,R=97 -12->-12 vs 2854 NO
#5:AB_CD|absdiff|raw L=85,R=97 12->12 vs 2854 NO
#6:BA_DC|cat|rev L=58,R=79 5879->9785 vs 2854 NO
#7:BA_DC|mul|rev L=58,R=79 4582->2854 vs 2854 YES

S5: LOCK: BA_DC|mul|rev

S6: APPLY
Target: 35<94
BA_DC: L=53,R=49
mul(53,49)=2597 rev->7952

S7: ANS=7952

\boxed{7952}"
759cbdde,"In Alice's Wonderland, a secret set of transformation rules is applied to equations. Below are a few examples:
18*04 = 121
82(56 = 9181
44'34 = 1
Now, determine the result for: 84*46",211,Equation Numeric,"I identify this as a symbol-digit (equation numeric) task: two-digit operands built from A,B,C,D, one operator, and a format. I group examples by the target operator, scan (pairing|op|format) until examples match and the target matches the boxed answer, then apply. I ignore flavor text.

S2: PARSE
Operator: '*'
Target: 84*46  A=8,B=4,C=4,D=6
Examples using '*':
  E1: 18*04 = 121

S3: SCAN
#1:AB_CD|cat|raw L=18,R=4 184->184 vs 121 NO
#2:AB_CD|mul|raw L=18,R=4 72->72 vs 121 NO
#3:AB_CD|add|raw L=18,R=4 22->22 vs 121 NO
#4:AB_CD|sub|raw L=18,R=4 14->14 vs 121 NO
#5:AB_CD|absdiff|raw L=18,R=4 14->14 vs 121 NO
#6:BA_DC|cat|rev L=81,R=40 8140->0418 vs 121 NO
#7:BA_DC|mul|rev L=81,R=40 3240->0423 vs 121 NO
#8:BA_DC|add|rev L=81,R=40 121->121 vs 121 YES

S5: LOCK: BA_DC|add|rev

S6: APPLY
Target: 84*46
BA_DC: L=48,R=64
add(48,64)=112 rev->211

S7: ANS=211

\boxed{211}"
75eaf687,"In Alice's Wonderland, a secret set of transformation rules is applied to equations. Below are a few examples:
57'86 = 7
77?09 = 1396
56*96 = 431
54'72 = 81
Now, determine the result for: 79'82",96,Equation Numeric,"I identify this as a symbol-digit (equation numeric) task: two-digit operands built from A,B,C,D, one operator, and a format. I group examples by the target operator, scan (pairing|op|format) until examples match and the target matches the boxed answer, then apply. I ignore flavor text.

S2: PARSE
Operator: '''
Target: 79'82  A=7,B=9,C=8,D=2
Examples using ''':
  E1: 57'86 = 7
  E2: 54'72 = 81

S3: SCAN
#1:AB_CD|cat|raw L=57,R=86 5786->5786 vs 7 NO
#2:AB_CD|mul|raw L=57,R=86 4902->4902 vs 7 NO
#3:AB_CD|add|raw L=57,R=86 143->143 vs 7 NO
#4:AB_CD|sub|raw L=57,R=86 -29->-29 vs 7 NO
#5:AB_CD|absdiff|raw L=57,R=86 29->29 vs 7 NO
#6:BA_DC|cat|rev L=75,R=68 7568->8657 vs 7 NO
#7:BA_DC|mul|rev L=75,R=68 5100->0015 vs 7 NO
#8:BA_DC|add|rev L=75,R=68 143->341 vs 7 NO
#9:BA_DC|cat|raw L=75,R=68 7568->7568 vs 7 NO
#10:AB_CD|cat|rev L=57,R=86 5786->6875 vs 7 NO
#11:AB_CD|mul|rev L=57,R=86 4902->2094 vs 7 NO
#12:AB_CD|add|rev L=57,R=86 143->341 vs 7 NO

S4: VER
E2: 54'72 = 81
BA_DC|sub|rev L=45,R=27 18->81 vs 81 YES

S5: LOCK: BA_DC|sub|rev

S6: APPLY
Target: 79'82
BA_DC: L=97,R=28
sub(97,28)=69 rev->96

S7: ANS=96

\boxed{96}"
764b4288,"In Alice's Wonderland, a secret set of transformation rules is applied to equations. Below are a few examples:
72^14 = 41
63^22 = 41
68^34 = 34
Now, determine the result for: 49^76",72,Equation Numeric,"I identify this as a symbol-digit (equation numeric) task: two-digit operands built from A,B,C,D, one operator, and a format. I group examples by the target operator, scan (pairing|op|format) until examples match and the target matches the boxed answer, then apply. I ignore flavor text.

S2: PARSE
Operator: '^'
Target: 49^76  A=4,B=9,C=7,D=6
Examples using '^':
  E1: 72^14 = 41
  E2: 63^22 = 41
  E3: 68^34 = 34

S3: SCAN
#1:AB_CD|cat|raw L=72,R=14 7214->7214 vs 41 NO
#2:AB_CD|mul|raw L=72,R=14 1008->1008 vs 41 NO
#3:AB_CD|add|raw L=72,R=14 86->86 vs 41 NO
#4:AB_CD|sub|raw L=72,R=14 58->58 vs 41 NO
#5:AB_CD|absdiff|raw L=72,R=14 58->58 vs 41 NO
#6:BA_DC|cat|rev L=27,R=41 2741->1472 vs 41 NO
#7:BA_DC|mul|rev L=27,R=41 1107->7011 vs 41 NO
#8:BA_DC|add|rev L=27,R=41 68->86 vs 41 NO
#9:BA_DC|cat|raw L=27,R=41 2741->2741 vs 41 NO
#10:AB_CD|cat|rev L=72,R=14 7214->4127 vs 41 NO
#11:AB_CD|mul|rev L=72,R=14 1008->8001 vs 41 NO
#12:AB_CD|add|rev L=72,R=14 86->68 vs 41 NO

S4: VER
E2: 63^22 = 41
BA_DC|absdiff|rev L=36,R=22 14->41 vs 41 YES

S5: LOCK: BA_DC|absdiff|rev

S6: APPLY
Target: 49^76
BA_DC: L=94,R=67
absdiff(94,67)=27 rev->72

S7: ANS=72

\boxed{72}"
7688e06e,"In Alice's Wonderland, a secret set of transformation rules is applied to equations. Below are a few examples:
06-63 = 42
96-32 = 64
87-15 = 72
58-64 = 93
87-63 = 24
Now, determine the result for: 63-19",-55,Equation Numeric,"I identify this as a symbol-digit (equation numeric) task: two-digit operands built from A,B,C,D, one operator, and a format. I group examples by the target operator, scan (pairing|op|format) until examples match and the target matches the boxed answer, then apply. I ignore flavor text.

S2: PARSE
Operator: '-'
Target: 63-19  A=6,B=3,C=1,D=9
Examples using '-':
  E1: 06-63 = 42
  E2: 96-32 = 64
  E3: 87-15 = 72
  E4: 58-64 = 93
  E5: 87-63 = 24

S3: SCAN
#1:AB_CD|cat|raw L=6,R=63 663->663 vs 42 NO
#2:AB_CD|mul|raw L=6,R=63 378->378 vs 42 NO
#3:AB_CD|add|raw L=6,R=63 69->69 vs 42 NO
#4:AB_CD|sub|raw L=6,R=63 -57->-57 vs 42 NO
#5:AB_CD|absdiff|raw L=6,R=63 57->57 vs 42 NO
#6:BA_DC|cat|rev L=60,R=36 6036->6306 vs 42 NO
#7:BA_DC|mul|rev L=60,R=36 2160->0612 vs 42 NO
#8:BA_DC|add|rev L=60,R=36 96->69 vs 42 NO
#9:BA_DC|cat|raw L=60,R=36 6036->6036 vs 42 NO
#10:AB_CD|cat|rev L=6,R=63 663->366 vs 42 NO
#11:AB_CD|mul|rev L=6,R=63 378->873 vs 42 NO
#12:AB_CD|add|rev L=6,R=63 69->96 vs 42 NO

S4: VER
E2: 96-32 = 64
BA_DC|sub|rev L=69,R=23 46->64 vs 64 YES

S5: LOCK: BA_DC|sub|rev

S6: APPLY
Target: 63-19
BA_DC: L=36,R=91
sub(36,91)=-55 rev->-55

S7: ANS=-55

\boxed{-55}"
76b79a0c,"In Alice's Wonderland, a secret set of transformation rules is applied to equations. Below are a few examples:
99}79 = 691
24}03 = 27
14}25 = 39
42@14 = 489
Now, determine the result for: 23@19",2192,Equation Numeric,"I identify this as a symbol-digit (equation numeric) task: two-digit operands built from A,B,C,D, one operator, and a format. I group examples by the target operator, scan (pairing|op|format) until examples match and the target matches the boxed answer, then apply. I ignore flavor text.

S2: PARSE
Operator: '@'
Target: 23@19  A=2,B=3,C=1,D=9
Examples using '@':
  E1: 42@14 = 489

S3: SCAN
#1:AB_CD|cat|raw L=42,R=14 4214->4214 vs 489 NO
#2:AB_CD|mul|raw L=42,R=14 588->588 vs 489 NO
#3:AB_CD|add|raw L=42,R=14 56->56 vs 489 NO
#4:AB_CD|sub|raw L=42,R=14 28->28 vs 489 NO
#5:AB_CD|absdiff|raw L=42,R=14 28->28 vs 489 NO
#6:BA_DC|cat|rev L=24,R=41 2441->1442 vs 489 NO
#7:BA_DC|mul|rev L=24,R=41 984->489 vs 489 YES

S5: LOCK: BA_DC|mul|rev

S6: APPLY
Target: 23@19
BA_DC: L=32,R=91
mul(32,91)=2912 rev->2192

S7: ANS=2192

\boxed{2192}"
76d2ee64,"In Alice's Wonderland, a secret set of transformation rules is applied to equations. Below are a few examples:
82-66 = -83
97-87 = -1
04*03 = 0021
61*04 = 046
06+39 = 3906
Now, determine the result for: 02+94",9402,Equation Numeric,"I identify this as a symbol-digit (equation numeric) task: two-digit operands built from A,B,C,D, one operator, and a format. I group examples by the target operator, scan (pairing|op|format) until examples match and the target matches the boxed answer, then apply. I ignore flavor text.

S2: PARSE
Operator: '+'
Target: 02+94  A=0,B=2,C=9,D=4
Examples using '+':
  E1: 06+39 = 3906

S3: SCAN
#1:AB_CD|cat|raw L=6,R=39 639->639 vs 3906 NO
#2:AB_CD|mul|raw L=6,R=39 234->234 vs 3906 NO
#3:AB_CD|add|raw L=6,R=39 45->45 vs 3906 NO
#4:AB_CD|sub|raw L=6,R=39 -33->-33 vs 3906 NO
#5:AB_CD|absdiff|raw L=6,R=39 33->33 vs 3906 NO
#6:BA_DC|cat|rev L=60,R=93 6093->3906 vs 3906 YES

S5: LOCK: BA_DC|cat|rev

S6: APPLY
Target: 02+94
BA_DC: L=20,R=49
cat(20,49)=2049 rev->9402

S7: ANS=9402

\boxed{9402}"
76e6f646,"In Alice's Wonderland, a secret set of transformation rules is applied to equations. Below are a few examples:
59{68 = 5968
41^89 = 3649
32$71 = 39
89{86 = 8986
Now, determine the result for: 65{57",6557,Equation Numeric,"I identify this as a symbol-digit (equation numeric) task: two-digit operands built from A,B,C,D, one operator, and a format. I group examples by the target operator, scan (pairing|op|format) until examples match and the target matches the boxed answer, then apply. I ignore flavor text.

S2: PARSE
Operator: '{'
Target: 65{57  A=6,B=5,C=5,D=7
Examples using '{':
  E1: 59{68 = 5968
  E2: 89{86 = 8986

S3: SCAN
#1:AB_CD|cat|raw L=59,R=68 5968->5968 vs 5968 YES

S4: VER
E2: 89{86 = 8986
AB_CD|cat|raw L=89,R=86 8986->8986 vs 8986 YES

S5: LOCK: AB_CD|cat|raw

S6: APPLY
Target: 65{57
AB_CD: L=65,R=57
cat(65,57)=6557 raw->6557

S7: ANS=6557

\boxed{6557}"
773ca8a9,"In Alice's Wonderland, a secret set of transformation rules is applied to equations. Below are a few examples:
17^54 = 611
76*83 = 92
16-15 = 1113
Now, determine the result for: 41^42",83,Equation Numeric,"I identify this as a symbol-digit (equation numeric) task: two-digit operands built from A,B,C,D, one operator, and a format. I group examples by the target operator, scan (pairing|op|format) until examples match and the target matches the boxed answer, then apply. I ignore flavor text.

S2: PARSE
Operator: '^'
Target: 41^42  A=4,B=1,C=4,D=2
Examples using '^':
  E1: 17^54 = 611

S3: SCAN
#1:AB_CD|cat|raw L=17,R=54 1754->1754 vs 611 NO
#2:AB_CD|mul|raw L=17,R=54 918->918 vs 611 NO
#3:AB_CD|add|raw L=17,R=54 71->71 vs 611 NO
#4:AB_CD|sub|raw L=17,R=54 -37->-37 vs 611 NO
#5:AB_CD|absdiff|raw L=17,R=54 37->37 vs 611 NO
#6:BA_DC|cat|rev L=71,R=45 7145->5417 vs 611 NO
#7:BA_DC|mul|rev L=71,R=45 3195->5913 vs 611 NO
#8:BA_DC|add|rev L=71,R=45 116->611 vs 611 YES

S5: LOCK: BA_DC|add|rev

S6: APPLY
Target: 41^42
BA_DC: L=14,R=24
add(14,24)=38 rev->83

S7: ANS=83

\boxed{83}"
791056ce,"In Alice's Wonderland, a secret set of transformation rules is applied to equations. Below are a few examples:
15)47 = 521
06{81 = 9701
46*29 = *82
96*02 = 94
57)31 = 88
Now, determine the result for: 58{72",4922,Equation Numeric,"I identify this as a symbol-digit (equation numeric) task: two-digit operands built from A,B,C,D, one operator, and a format. I group examples by the target operator, scan (pairing|op|format) until examples match and the target matches the boxed answer, then apply. I ignore flavor text.

S2: PARSE
Operator: '{'
Target: 58{72  A=5,B=8,C=7,D=2
Examples using '{':
  E1: 06{81 = 9701

S3: SCAN
#1:AB_CD|cat|raw L=6,R=81 681->681 vs 9701 NO
#2:AB_CD|mul|raw L=6,R=81 486->486 vs 9701 NO
#3:AB_CD|add|raw L=6,R=81 87->87 vs 9701 NO
#4:AB_CD|sub|raw L=6,R=81 -75->-75 vs 9701 NO
#5:AB_CD|absdiff|raw L=6,R=81 75->75 vs 9701 NO
#6:BA_DC|cat|rev L=60,R=18 6018->8106 vs 9701 NO
#7:BA_DC|mul|rev L=60,R=18 1080->0801 vs 9701 NO
#8:BA_DC|add|rev L=60,R=18 78->87 vs 9701 NO
#9:BA_DC|cat|raw L=60,R=18 6018->6018 vs 9701 NO
#10:AB_CD|cat|rev L=6,R=81 681->186 vs 9701 NO
#11:AB_CD|mul|rev L=6,R=81 486->684 vs 9701 NO
#12:AB_CD|add|rev L=6,R=81 87->78 vs 9701 NO

S5: LOCK: BA_DC|mulsub1|rev

S6: APPLY
Target: 58{72
BA_DC: L=85,R=27
mulsub1(85,27)=2294 rev->4922

S7: ANS=4922

\boxed{4922}"
791fc537,"In Alice's Wonderland, a secret set of transformation rules is applied to equations. Below are a few examples:
01`26 = 2601
76-39 = -62
85/52 = 38
53`71 = 7153
61/44 = 06
Now, determine the result for: 42`53",5342,Equation Numeric,"I identify this as a symbol-digit (equation numeric) task: two-digit operands built from A,B,C,D, one operator, and a format. I group examples by the target operator, scan (pairing|op|format) until examples match and the target matches the boxed answer, then apply. I ignore flavor text.

S2: PARSE
Operator: '`'
Target: 42`53  A=4,B=2,C=5,D=3
Examples using '`':
  E1: 01`26 = 2601
  E2: 53`71 = 7153

S3: SCAN
#1:AB_CD|cat|raw L=1,R=26 126->126 vs 2601 NO
#2:AB_CD|mul|raw L=1,R=26 26->26 vs 2601 NO
#3:AB_CD|add|raw L=1,R=26 27->27 vs 2601 NO
#4:AB_CD|sub|raw L=1,R=26 -25->-25 vs 2601 NO
#5:AB_CD|absdiff|raw L=1,R=26 25->25 vs 2601 NO
#6:BA_DC|cat|rev L=10,R=62 1062->2601 vs 2601 YES

S4: VER
E2: 53`71 = 7153
BA_DC|cat|rev L=35,R=17 3517->7153 vs 7153 YES

S5: LOCK: BA_DC|cat|rev

S6: APPLY
Target: 42`53
BA_DC: L=24,R=35
cat(24,35)=2435 rev->5342

S7: ANS=5342

\boxed{5342}"
794f71ed,"In Alice's Wonderland, a secret set of transformation rules is applied to equations. Below are a few examples:
42-16 = -73
43*45 = 6381
28-17 = -11
14-53 = -6
Now, determine the result for: 53*76",5432,Equation Numeric,"I identify this as a symbol-digit (equation numeric) task: two-digit operands built from A,B,C,D, one operator, and a format. I group examples by the target operator, scan (pairing|op|format) until examples match and the target matches the boxed answer, then apply. I ignore flavor text.

S2: PARSE
Operator: '*'
Target: 53*76  A=5,B=3,C=7,D=6
Examples using '*':
  E1: 43*45 = 6381

S3: SCAN
#1:AB_CD|cat|raw L=43,R=45 4345->4345 vs 6381 NO
#2:AB_CD|mul|raw L=43,R=45 1935->1935 vs 6381 NO
#3:AB_CD|add|raw L=43,R=45 88->88 vs 6381 NO
#4:AB_CD|sub|raw L=43,R=45 -2->-2 vs 6381 NO
#5:AB_CD|absdiff|raw L=43,R=45 2->2 vs 6381 NO
#6:BA_DC|cat|rev L=34,R=54 3454->4543 vs 6381 NO
#7:BA_DC|mul|rev L=34,R=54 1836->6381 vs 6381 YES

S5: LOCK: BA_DC|mul|rev

S6: APPLY
Target: 53*76
BA_DC: L=35,R=67
mul(35,67)=2345 rev->5432

S7: ANS=5432

\boxed{5432}"
79acd75c,"In Alice's Wonderland, a secret set of transformation rules is applied to equations. Below are a few examples:
61""88 = 27
13)48 = 4062
99)02 = 0891
91)51 = 582
Now, determine the result for: 99)23",8613,Equation Numeric,"I identify this as a symbol-digit (equation numeric) task: two-digit operands built from A,B,C,D, one operator, and a format. I group examples by the target operator, scan (pairing|op|format) until examples match and the target matches the boxed answer, then apply. I ignore flavor text.

S2: PARSE
Operator: ')'
Target: 99)23  A=9,B=9,C=2,D=3
Examples using ')':
  E1: 13)48 = 4062
  E2: 99)02 = 0891
  E3: 91)51 = 582

S3: SCAN
#1:AB_CD|cat|raw L=13,R=48 1348->1348 vs 4062 NO
#2:AB_CD|mul|raw L=13,R=48 624->624 vs 4062 NO
#3:AB_CD|add|raw L=13,R=48 61->61 vs 4062 NO
#4:AB_CD|sub|raw L=13,R=48 -35->-35 vs 4062 NO
#5:AB_CD|absdiff|raw L=13,R=48 35->35 vs 4062 NO
#6:BA_DC|cat|rev L=31,R=84 3184->4813 vs 4062 NO
#7:BA_DC|mul|rev L=31,R=84 2604->4062 vs 4062 YES

S4: VER
E2: 99)02 = 0891
BA_DC|mul|rev L=99,R=20 1980->0891 vs 0891 YES

S5: LOCK: BA_DC|mul|rev

S6: APPLY
Target: 99)23
BA_DC: L=99,R=32
mul(99,32)=3168 rev->8613

S7: ANS=8613

\boxed{8613}"
79f29eb5,"In Alice's Wonderland, a secret set of transformation rules is applied to equations. Below are a few examples:
15$96 = 112
26$80 = 107
55<61 = 3355
34<35 = 1190
89%78 = %11
Now, determine the result for: 30<79",2370,Equation Numeric,"I identify this as a symbol-digit (equation numeric) task: two-digit operands built from A,B,C,D, one operator, and a format. I group examples by the target operator, scan (pairing|op|format) until examples match and the target matches the boxed answer, then apply. I ignore flavor text.

S2: PARSE
Operator: '<'
Target: 30<79  A=3,B=0,C=7,D=9
Examples using '<':
  E1: 55<61 = 3355
  E2: 34<35 = 1190

S3: SCAN
#1:AB_CD|cat|raw L=55,R=61 5561->5561 vs 3355 NO
#2:AB_CD|mul|raw L=55,R=61 3355->3355 vs 3355 YES

S4: VER
E2: 34<35 = 1190
AB_CD|mul|raw L=34,R=35 1190->1190 vs 1190 YES

S5: LOCK: AB_CD|mul|raw

S6: APPLY
Target: 30<79
AB_CD: L=30,R=79
mul(30,79)=2370 raw->2370

S7: ANS=2370

\boxed{2370}"
7a962e17,"In Alice's Wonderland, a secret set of transformation rules is applied to equations. Below are a few examples:
66$29 = 62$
48[63 = 4203
16/68 = 741
21/09 = 201
Now, determine the result for: 77/68",361,Equation Numeric,"I identify this as a symbol-digit (equation numeric) task: two-digit operands built from A,B,C,D, one operator, and a format. I group examples by the target operator, scan (pairing|op|format) until examples match and the target matches the boxed answer, then apply. I ignore flavor text.

S2: PARSE
Operator: '/'
Target: 77/68  A=7,B=7,C=6,D=8
Examples using '/':
  E1: 16/68 = 741
  E2: 21/09 = 201

S3: SCAN
#1:AB_CD|cat|raw L=16,R=68 1668->1668 vs 741 NO
#2:AB_CD|mul|raw L=16,R=68 1088->1088 vs 741 NO
#3:AB_CD|add|raw L=16,R=68 84->84 vs 741 NO
#4:AB_CD|sub|raw L=16,R=68 -52->-52 vs 741 NO
#5:AB_CD|absdiff|raw L=16,R=68 52->52 vs 741 NO
#6:BA_DC|cat|rev L=61,R=86 6186->6816 vs 741 NO
#7:BA_DC|mul|rev L=61,R=86 5246->6425 vs 741 NO
#8:BA_DC|add|rev L=61,R=86 147->741 vs 741 YES

S4: VER
E2: 21/09 = 201
BA_DC|add|rev L=12,R=90 102->201 vs 201 YES

S5: LOCK: BA_DC|add|rev

S6: APPLY
Target: 77/68
BA_DC: L=77,R=86
add(77,86)=163 rev->361

S7: ANS=361

\boxed{361}"
7c5c7b73,"In Alice's Wonderland, a secret set of transformation rules is applied to equations. Below are a few examples:
62)72 = 4464
57)17 = 969
30!18 = 12
Now, determine the result for: 21!34",13,Equation Numeric,"I identify this as a symbol-digit (equation numeric) task: two-digit operands built from A,B,C,D, one operator, and a format. I group examples by the target operator, scan (pairing|op|format) until examples match and the target matches the boxed answer, then apply. I ignore flavor text.

S2: PARSE
Operator: '!'
Target: 21!34  A=2,B=1,C=3,D=4
Examples using '!':
  E1: 30!18 = 12

S3: SCAN
#1:AB_CD|cat|raw L=30,R=18 3018->3018 vs 12 NO
#2:AB_CD|mul|raw L=30,R=18 540->540 vs 12 NO
#3:AB_CD|add|raw L=30,R=18 48->48 vs 12 NO
#4:AB_CD|sub|raw L=30,R=18 12->12 vs 12 NO
#5:AB_CD|absdiff|raw L=30,R=18 12->12 vs 12 YES

S5: LOCK: AB_CD|absdiff|raw

S6: APPLY
Target: 21!34
AB_CD: L=21,R=34
absdiff(21,34)=13 raw->13

S7: ANS=13

\boxed{13}"
7c72ad99,"In Alice's Wonderland, a secret set of transformation rules is applied to equations. Below are a few examples:
69*91 = 9169
33*27 = 2733
19*34 = 3419
Now, determine the result for: 33*27",2733,Equation Numeric,"I identify this as a symbol-digit (equation numeric) task: two-digit operands built from A,B,C,D, one operator, and a format. I group examples by the target operator, scan (pairing|op|format) until examples match and the target matches the boxed answer, then apply. I ignore flavor text.

S2: PARSE
Operator: '*'
Target: 33*27  A=3,B=3,C=2,D=7
Examples using '*':
  E1: 69*91 = 9169
  E2: 33*27 = 2733
  E3: 19*34 = 3419

S3: SCAN
#1:AB_CD|cat|raw L=69,R=91 6991->6991 vs 9169 NO
#2:AB_CD|mul|raw L=69,R=91 6279->6279 vs 9169 NO
#3:AB_CD|add|raw L=69,R=91 160->160 vs 9169 NO
#4:AB_CD|sub|raw L=69,R=91 -22->-22 vs 9169 NO
#5:AB_CD|absdiff|raw L=69,R=91 22->22 vs 9169 NO
#6:BA_DC|cat|rev L=96,R=19 9619->9169 vs 9169 YES

S4: VER
E2: 33*27 = 2733
BA_DC|cat|rev L=33,R=72 3372->2733 vs 2733 YES

S5: LOCK: BA_DC|cat|rev

S6: APPLY
Target: 33*27
BA_DC: L=33,R=72
cat(33,72)=3372 rev->2733

S7: ANS=2733

\boxed{2733}"
7e2e8a95,"In Alice's Wonderland, a secret set of transformation rules is applied to equations. Below are a few examples:
52&36 = 88
20$43 = 861
29$68 = 1973
47*96 = 2
Now, determine the result for: 63$86",5419,Equation Numeric,"I identify this as a symbol-digit (equation numeric) task: two-digit operands built from A,B,C,D, one operator, and a format. I group examples by the target operator, scan (pairing|op|format) until examples match and the target matches the boxed answer, then apply. I ignore flavor text.

S2: PARSE
Operator: '$'
Target: 63$86  A=6,B=3,C=8,D=6
Examples using '$':
  E1: 20$43 = 861
  E2: 29$68 = 1973

S3: SCAN
#1:AB_CD|cat|raw L=20,R=43 2043->2043 vs 861 NO
#2:AB_CD|mul|raw L=20,R=43 860->860 vs 861 NO
#3:AB_CD|add|raw L=20,R=43 63->63 vs 861 NO
#4:AB_CD|sub|raw L=20,R=43 -23->-23 vs 861 NO
#5:AB_CD|absdiff|raw L=20,R=43 23->23 vs 861 NO
#6:BA_DC|cat|rev L=2,R=34 234->432 vs 861 NO
#7:BA_DC|mul|rev L=2,R=34 68->86 vs 861 NO
#8:BA_DC|add|rev L=2,R=34 36->63 vs 861 NO
#9:BA_DC|cat|raw L=2,R=34 234->234 vs 861 NO
#10:AB_CD|cat|rev L=20,R=43 2043->3402 vs 861 NO
#11:AB_CD|mul|rev L=20,R=43 860->068 vs 861 NO
#12:AB_CD|add|rev L=20,R=43 63->36 vs 861 NO

S4: VER
E2: 29$68 = 1973
AB_CD|muladd1|raw L=29,R=68 1973->1973 vs 1973 YES

S5: LOCK: AB_CD|muladd1|raw

S6: APPLY
Target: 63$86
AB_CD: L=63,R=86
muladd1(63,86)=5419 raw->5419

S7: ANS=5419

\boxed{5419}"
7ecdae14,"In Alice's Wonderland, a secret set of transformation rules is applied to equations. Below are a few examples:
95!51 = 688
43!93 = 7231
95!14 = 0242
Now, determine the result for: 17!32",4361,Equation Numeric,"I identify this as a symbol-digit (equation numeric) task: two-digit operands built from A,B,C,D, one operator, and a format. I group examples by the target operator, scan (pairing|op|format) until examples match and the target matches the boxed answer, then apply. I ignore flavor text.

S2: PARSE
Operator: '!'
Target: 17!32  A=1,B=7,C=3,D=2
Examples using '!':
  E1: 95!51 = 688
  E2: 43!93 = 7231
  E3: 95!14 = 0242

S3: SCAN
#1:AB_CD|cat|raw L=95,R=51 9551->9551 vs 688 NO
#2:AB_CD|mul|raw L=95,R=51 4845->4845 vs 688 NO
#3:AB_CD|add|raw L=95,R=51 146->146 vs 688 NO
#4:AB_CD|sub|raw L=95,R=51 44->44 vs 688 NO
#5:AB_CD|absdiff|raw L=95,R=51 44->44 vs 688 NO
#6:BA_DC|cat|rev L=59,R=15 5915->5195 vs 688 NO
#7:BA_DC|mul|rev L=59,R=15 885->588 vs 688 NO
#8:BA_DC|add|rev L=59,R=15 74->47 vs 688 NO
#9:BA_DC|cat|raw L=59,R=15 5915->5915 vs 688 NO
#10:AB_CD|cat|rev L=95,R=51 9551->1559 vs 688 NO
#11:AB_CD|mul|rev L=95,R=51 4845->5484 vs 688 NO
#12:AB_CD|add|rev L=95,R=51 146->641 vs 688 NO

S4: VER
E2: 43!93 = 7231
BA_DC|muladd1|rev L=34,R=39 1327->7231 vs 7231 YES

S5: LOCK: BA_DC|muladd1|rev

S6: APPLY
Target: 17!32
BA_DC: L=71,R=23
muladd1(71,23)=1634 rev->4361

S7: ANS=4361

\boxed{4361}"
7ed40e8a,"In Alice's Wonderland, a secret set of transformation rules is applied to equations. Below are a few examples:
56*48 = 2688
81/77 = /4
16&69 = 84
Now, determine the result for: 99&82",180,Equation Numeric,"I identify this as a symbol-digit (equation numeric) task: two-digit operands built from A,B,C,D, one operator, and a format. I group examples by the target operator, scan (pairing|op|format) until examples match and the target matches the boxed answer, then apply. I ignore flavor text.

S2: PARSE
Operator: '&'
Target: 99&82  A=9,B=9,C=8,D=2
Examples using '&':
  E1: 16&69 = 84

S3: SCAN
#1:AB_CD|cat|raw L=16,R=69 1669->1669 vs 84 NO
#2:AB_CD|mul|raw L=16,R=69 1104->1104 vs 84 NO
#3:AB_CD|add|raw L=16,R=69 85->85 vs 84 NO
#4:AB_CD|sub|raw L=16,R=69 -53->-53 vs 84 NO
#5:AB_CD|absdiff|raw L=16,R=69 53->53 vs 84 NO
#6:BA_DC|cat|rev L=61,R=96 6196->6916 vs 84 NO
#7:BA_DC|mul|rev L=61,R=96 5856->6585 vs 84 NO
#8:BA_DC|add|rev L=61,R=96 157->751 vs 84 NO
#9:BA_DC|cat|raw L=61,R=96 6196->6196 vs 84 NO
#10:AB_CD|cat|rev L=16,R=69 1669->9661 vs 84 NO
#11:AB_CD|mul|rev L=16,R=69 1104->4011 vs 84 NO
#12:AB_CD|add|rev L=16,R=69 85->58 vs 84 NO

S5: LOCK: AB_CD|addm1|raw

S6: APPLY
Target: 99&82
AB_CD: L=99,R=82
addm1(99,82)=180 raw->180

S7: ANS=180

\boxed{180}"
8021718e,"In Alice's Wonderland, a secret set of transformation rules is applied to equations. Below are a few examples:
92-71 = 21
18-52 = 6
26-63 = 62
86*33 = 3386
76-15 = 61
Now, determine the result for: 79*64",6479,Equation Numeric,"I identify this as a symbol-digit (equation numeric) task: two-digit operands built from A,B,C,D, one operator, and a format. I group examples by the target operator, scan (pairing|op|format) until examples match and the target matches the boxed answer, then apply. I ignore flavor text.

S2: PARSE
Operator: '*'
Target: 79*64  A=7,B=9,C=6,D=4
Examples using '*':
  E1: 86*33 = 3386

S3: SCAN
#1:AB_CD|cat|raw L=86,R=33 8633->8633 vs 3386 NO
#2:AB_CD|mul|raw L=86,R=33 2838->2838 vs 3386 NO
#3:AB_CD|add|raw L=86,R=33 119->119 vs 3386 NO
#4:AB_CD|sub|raw L=86,R=33 53->53 vs 3386 NO
#5:AB_CD|absdiff|raw L=86,R=33 53->53 vs 3386 NO
#6:BA_DC|cat|rev L=68,R=33 6833->3386 vs 3386 YES

S5: LOCK: BA_DC|cat|rev

S6: APPLY
Target: 79*64
BA_DC: L=97,R=46
cat(97,46)=9746 rev->6479

S7: ANS=6479

\boxed{6479}"
806eba07,"In Alice's Wonderland, a secret set of transformation rules is applied to equations. Below are a few examples:
72$08 = 35
28$47 = 8
92*36 = 7281
17$14 = 03
28:08 = 261
Now, determine the result for: 93:48",321,Equation Numeric,"I identify this as a symbol-digit (equation numeric) task: two-digit operands built from A,B,C,D, one operator, and a format. I group examples by the target operator, scan (pairing|op|format) until examples match and the target matches the boxed answer, then apply. I ignore flavor text.

S2: PARSE
Operator: ':'
Target: 93:48  A=9,B=3,C=4,D=8
Examples using ':':
  E1: 28:08 = 261

S3: SCAN
#1:AB_CD|cat|raw L=28,R=8 288->288 vs 261 NO
#2:AB_CD|mul|raw L=28,R=8 224->224 vs 261 NO
#3:AB_CD|add|raw L=28,R=8 36->36 vs 261 NO
#4:AB_CD|sub|raw L=28,R=8 20->20 vs 261 NO
#5:AB_CD|absdiff|raw L=28,R=8 20->20 vs 261 NO
#6:BA_DC|cat|rev L=82,R=80 8280->0828 vs 261 NO
#7:BA_DC|mul|rev L=82,R=80 6560->0656 vs 261 NO
#8:BA_DC|add|rev L=82,R=80 162->261 vs 261 YES

S5: LOCK: BA_DC|add|rev

S6: APPLY
Target: 93:48
BA_DC: L=39,R=84
add(39,84)=123 rev->321

S7: ANS=321

\boxed{321}"
808a8f62,"In Alice's Wonderland, a secret set of transformation rules is applied to equations. Below are a few examples:
91-81 = 1
69+89 = 591
76-26 = 5
17-02 = 15
Now, determine the result for: 35-72",62,Equation Numeric,"I identify this as a symbol-digit (equation numeric) task: two-digit operands built from A,B,C,D, one operator, and a format. I group examples by the target operator, scan (pairing|op|format) until examples match and the target matches the boxed answer, then apply. I ignore flavor text.

S2: PARSE
Operator: '-'
Target: 35-72  A=3,B=5,C=7,D=2
Examples using '-':
  E1: 91-81 = 1
  E2: 76-26 = 5
  E3: 17-02 = 15

S3: SCAN
#1:AB_CD|cat|raw L=91,R=81 9181->9181 vs 1 NO
#2:AB_CD|mul|raw L=91,R=81 7371->7371 vs 1 NO
#3:AB_CD|add|raw L=91,R=81 172->172 vs 1 NO
#4:AB_CD|sub|raw L=91,R=81 10->10 vs 1 NO
#5:AB_CD|absdiff|raw L=91,R=81 10->10 vs 1 NO
#6:BA_DC|cat|rev L=19,R=18 1918->8191 vs 1 NO
#7:BA_DC|mul|rev L=19,R=18 342->243 vs 1 NO
#8:BA_DC|add|rev L=19,R=18 37->73 vs 1 NO
#9:BA_DC|cat|raw L=19,R=18 1918->1918 vs 1 NO
#10:AB_CD|cat|rev L=91,R=81 9181->1819 vs 1 NO
#11:AB_CD|mul|rev L=91,R=81 7371->1737 vs 1 NO
#12:AB_CD|add|rev L=91,R=81 172->271 vs 1 NO

S4: VER
E2: 76-26 = 5
BA_DC|sub|rev L=67,R=62 5->5 vs 5 YES

S5: LOCK: BA_DC|sub|rev

S6: APPLY
Target: 35-72
BA_DC: L=53,R=27
sub(53,27)=26 rev->62

S7: ANS=62

\boxed{62}"
8321a400,"In Alice's Wonderland, a secret set of transformation rules is applied to equations. Below are a few examples:
98*36 = 3698
04*82 = 8204
26-11 = 15
64*02 = 0264
25+94 = 9425
Now, determine the result for: 15*69",6915,Equation Numeric,"I identify this as a symbol-digit (equation numeric) task: two-digit operands built from A,B,C,D, one operator, and a format. I group examples by the target operator, scan (pairing|op|format) until examples match and the target matches the boxed answer, then apply. I ignore flavor text.

S2: PARSE
Operator: '*'
Target: 15*69  A=1,B=5,C=6,D=9
Examples using '*':
  E1: 98*36 = 3698
  E2: 04*82 = 8204
  E3: 64*02 = 0264

S3: SCAN
#1:AB_CD|cat|raw L=98,R=36 9836->9836 vs 3698 NO
#2:AB_CD|mul|raw L=98,R=36 3528->3528 vs 3698 NO
#3:AB_CD|add|raw L=98,R=36 134->134 vs 3698 NO
#4:AB_CD|sub|raw L=98,R=36 62->62 vs 3698 NO
#5:AB_CD|absdiff|raw L=98,R=36 62->62 vs 3698 NO
#6:BA_DC|cat|rev L=89,R=63 8963->3698 vs 3698 YES

S4: VER
E2: 04*82 = 8204
BA_DC|cat|rev L=40,R=28 4028->8204 vs 8204 YES

S5: LOCK: BA_DC|cat|rev

S6: APPLY
Target: 15*69
BA_DC: L=51,R=96
cat(51,96)=5196 rev->6915

S7: ANS=6915

\boxed{6915}"
836d6c4a,"In Alice's Wonderland, a secret set of transformation rules is applied to equations. Below are a few examples:
31*08 = *76
22>88 = 6391
98>24 = 8373
23*63 = *4
09<86 = 751
Now, determine the result for: 99>53",5643,Equation Numeric,"I identify this as a symbol-digit (equation numeric) task: two-digit operands built from A,B,C,D, one operator, and a format. I group examples by the target operator, scan (pairing|op|format) until examples match and the target matches the boxed answer, then apply. I ignore flavor text.

S2: PARSE
Operator: '>'
Target: 99>53  A=9,B=9,C=5,D=3
Examples using '>':
  E1: 22>88 = 6391
  E2: 98>24 = 8373

S3: SCAN
#1:AB_CD|cat|raw L=22,R=88 2288->2288 vs 6391 NO
#2:AB_CD|mul|raw L=22,R=88 1936->1936 vs 6391 NO
#3:AB_CD|add|raw L=22,R=88 110->110 vs 6391 NO
#4:AB_CD|sub|raw L=22,R=88 -66->-66 vs 6391 NO
#5:AB_CD|absdiff|raw L=22,R=88 66->66 vs 6391 NO
#6:BA_DC|cat|rev L=22,R=88 2288->8822 vs 6391 NO
#7:BA_DC|mul|rev L=22,R=88 1936->6391 vs 6391 YES

S4: VER
E2: 98>24 = 8373
BA_DC|mul|rev L=89,R=42 3738->8373 vs 8373 YES

S5: LOCK: BA_DC|mul|rev

S6: APPLY
Target: 99>53
BA_DC: L=99,R=35
mul(99,35)=3465 rev->5643

S7: ANS=5643

\boxed{5643}"
8373daa8,"In Alice's Wonderland, a secret set of transformation rules is applied to equations. Below are a few examples:
82+74 = 7482
68+89 = 8968
05-58 = -53
02*61 = 913
41+77 = 7741
Now, determine the result for: 08-23",84,Equation Numeric,"I identify this as a symbol-digit (equation numeric) task: two-digit operands built from A,B,C,D, one operator, and a format. I group examples by the target operator, scan (pairing|op|format) until examples match and the target matches the boxed answer, then apply. I ignore flavor text.

S2: PARSE
Operator: '-'
Target: 08-23  A=0,B=8,C=2,D=3
Examples using '-':
  E1: 05-58 = -53

S3: SCAN
#1:AB_CD|cat|raw L=5,R=58 558->558 vs -53 NO
#2:AB_CD|mul|raw L=5,R=58 290->290 vs -53 NO
#3:AB_CD|add|raw L=5,R=58 63->63 vs -53 NO
#4:AB_CD|sub|raw L=5,R=58 -53->-53 vs -53 NO
#5:AB_CD|absdiff|raw L=5,R=58 53->53 vs -53 NO
#6:BA_DC|cat|rev L=50,R=85 5085->5805 vs -53 NO
#7:BA_DC|mul|rev L=50,R=85 4250->0524 vs -53 NO
#8:BA_DC|add|rev L=50,R=85 135->531 vs -53 NO
#9:BA_DC|cat|raw L=50,R=85 5085->5085 vs -53 NO
#10:AB_CD|cat|rev L=5,R=58 558->855 vs -53 NO
#11:AB_CD|mul|rev L=5,R=58 290->092 vs -53 NO
#12:AB_CD|add|rev L=5,R=58 63->36 vs -53 NO

S5: LOCK: BA_DC|sub|rev

S6: APPLY
Target: 08-23
BA_DC: L=80,R=32
sub(80,32)=48 rev->84

S7: ANS=84

\boxed{84}"
837af955,"In Alice's Wonderland, a secret set of transformation rules is applied to equations. Below are a few examples:
95-23 = 72
23*83 = 6121
19-33 = 85
12+55 = 77
04*64 = 0481
Now, determine the result for: 67*55",0814,Equation Numeric,"I identify this as a symbol-digit (equation numeric) task: two-digit operands built from A,B,C,D, one operator, and a format. I group examples by the target operator, scan (pairing|op|format) until examples match and the target matches the boxed answer, then apply. I ignore flavor text.

S2: PARSE
Operator: '*'
Target: 67*55  A=6,B=7,C=5,D=5
Examples using '*':
  E1: 23*83 = 6121
  E2: 04*64 = 0481

S3: SCAN
#1:AB_CD|cat|raw L=23,R=83 2383->2383 vs 6121 NO
#2:AB_CD|mul|raw L=23,R=83 1909->1909 vs 6121 NO
#3:AB_CD|add|raw L=23,R=83 106->106 vs 6121 NO
#4:AB_CD|sub|raw L=23,R=83 -60->-60 vs 6121 NO
#5:AB_CD|absdiff|raw L=23,R=83 60->60 vs 6121 NO
#6:BA_DC|cat|rev L=32,R=38 3238->8323 vs 6121 NO
#7:BA_DC|mul|rev L=32,R=38 1216->6121 vs 6121 YES

S4: VER
E2: 04*64 = 0481
BA_DC|mul|rev L=40,R=46 1840->0481 vs 0481 YES

S5: LOCK: BA_DC|mul|rev

S6: APPLY
Target: 67*55
BA_DC: L=76,R=55
mul(76,55)=4180 rev->0814

S7: ANS=0814

\boxed{0814}"
845e726e,"In Alice's Wonderland, a secret set of transformation rules is applied to equations. Below are a few examples:
66-39 = 72
61+41 = 03
65+18 = 731
72*34 = 3472
78-82 = 3
Now, determine the result for: 67+47",051,Equation Numeric,"I identify this as a symbol-digit (equation numeric) task: two-digit operands built from A,B,C,D, one operator, and a format. I group examples by the target operator, scan (pairing|op|format) until examples match and the target matches the boxed answer, then apply. I ignore flavor text.

S2: PARSE
Operator: '+'
Target: 67+47  A=6,B=7,C=4,D=7
Examples using '+':
  E1: 61+41 = 03
  E2: 65+18 = 731

S3: SCAN
#1:AB_CD|cat|raw L=61,R=41 6141->6141 vs 03 NO
#2:AB_CD|mul|raw L=61,R=41 2501->2501 vs 03 NO
#3:AB_CD|add|raw L=61,R=41 102->102 vs 03 NO
#4:AB_CD|sub|raw L=61,R=41 20->20 vs 03 NO
#5:AB_CD|absdiff|raw L=61,R=41 20->20 vs 03 NO
#6:BA_DC|cat|rev L=16,R=14 1614->4161 vs 03 NO
#7:BA_DC|mul|rev L=16,R=14 224->422 vs 03 NO
#8:BA_DC|add|rev L=16,R=14 30->03 vs 03 YES

S4: VER
E2: 65+18 = 731
BA_DC|add|rev L=56,R=81 137->731 vs 731 YES

S5: LOCK: BA_DC|add|rev

S6: APPLY
Target: 67+47
BA_DC: L=76,R=74
add(76,74)=150 rev->051

S7: ANS=051

\boxed{051}"
84af5d7e,"In Alice's Wonderland, a secret set of transformation rules is applied to equations. Below are a few examples:
61-23 = -61
62-64 = -02
47+74 = 7447
48*52 = 9902
57*37 = 4745
Now, determine the result for: 55+61",6155,Equation Numeric,"I identify this as a symbol-digit (equation numeric) task: two-digit operands built from A,B,C,D, one operator, and a format. I group examples by the target operator, scan (pairing|op|format) until examples match and the target matches the boxed answer, then apply. I ignore flavor text.

S2: PARSE
Operator: '+'
Target: 55+61  A=5,B=5,C=6,D=1
Examples using '+':
  E1: 47+74 = 7447

S3: SCAN
#1:AB_CD|cat|raw L=47,R=74 4774->4774 vs 7447 NO
#2:AB_CD|mul|raw L=47,R=74 3478->3478 vs 7447 NO
#3:AB_CD|add|raw L=47,R=74 121->121 vs 7447 NO
#4:AB_CD|sub|raw L=47,R=74 -27->-27 vs 7447 NO
#5:AB_CD|absdiff|raw L=47,R=74 27->27 vs 7447 NO
#6:BA_DC|cat|rev L=74,R=47 7447->7447 vs 7447 YES

S5: LOCK: BA_DC|cat|rev

S6: APPLY
Target: 55+61
BA_DC: L=55,R=16
cat(55,16)=5516 rev->6155

S7: ANS=6155

\boxed{6155}"
850dc715,"In Alice's Wonderland, a secret set of transformation rules is applied to equations. Below are a few examples:
43*32 = 187
23-06 = -82
17*14 = 0192
69*56 = 9326
Now, determine the result for: 96*68",3395,Equation Numeric,"I identify this as a symbol-digit (equation numeric) task: two-digit operands built from A,B,C,D, one operator, and a format. I group examples by the target operator, scan (pairing|op|format) until examples match and the target matches the boxed answer, then apply. I ignore flavor text.

S2: PARSE
Operator: '*'
Target: 96*68  A=9,B=6,C=6,D=8
Examples using '*':
  E1: 43*32 = 187
  E2: 17*14 = 0192
  E3: 69*56 = 9326

S3: SCAN
#1:AB_CD|cat|raw L=43,R=32 4332->4332 vs 187 NO
#2:AB_CD|mul|raw L=43,R=32 1376->1376 vs 187 NO
#3:AB_CD|add|raw L=43,R=32 75->75 vs 187 NO
#4:AB_CD|sub|raw L=43,R=32 11->11 vs 187 NO
#5:AB_CD|absdiff|raw L=43,R=32 11->11 vs 187 NO
#6:BA_DC|cat|rev L=34,R=23 3423->3243 vs 187 NO
#7:BA_DC|mul|rev L=34,R=23 782->287 vs 187 NO
#8:BA_DC|add|rev L=34,R=23 57->75 vs 187 NO
#9:BA_DC|cat|raw L=34,R=23 3423->3423 vs 187 NO
#10:AB_CD|cat|rev L=43,R=32 4332->2334 vs 187 NO
#11:AB_CD|mul|rev L=43,R=32 1376->6731 vs 187 NO
#12:AB_CD|add|rev L=43,R=32 75->57 vs 187 NO

S4: VER
E2: 17*14 = 0192
BA_DC|mulsub1|rev L=71,R=41 2910->0192 vs 0192 YES

S5: LOCK: BA_DC|mulsub1|rev

S6: APPLY
Target: 96*68
BA_DC: L=69,R=86
mulsub1(69,86)=5933 rev->3395

S7: ANS=3395

\boxed{3395}"
86cda2ec,"In Alice's Wonderland, a secret set of transformation rules is applied to equations. Below are a few examples:
12-75 = 63
73*21 = 444
88+31 = 201
Now, determine the result for: 26-39",13,Equation Numeric,"I identify this as a symbol-digit (equation numeric) task: two-digit operands built from A,B,C,D, one operator, and a format. I group examples by the target operator, scan (pairing|op|format) until examples match and the target matches the boxed answer, then apply. I ignore flavor text.

S2: PARSE
Operator: '-'
Target: 26-39  A=2,B=6,C=3,D=9
Examples using '-':
  E1: 12-75 = 63

S3: SCAN
#1:AB_CD|cat|raw L=12,R=75 1275->1275 vs 63 NO
#2:AB_CD|mul|raw L=12,R=75 900->900 vs 63 NO
#3:AB_CD|add|raw L=12,R=75 87->87 vs 63 NO
#4:AB_CD|sub|raw L=12,R=75 -63->-63 vs 63 NO
#5:AB_CD|absdiff|raw L=12,R=75 63->63 vs 63 YES

S5: LOCK: AB_CD|absdiff|raw

S6: APPLY
Target: 26-39
AB_CD: L=26,R=39
absdiff(26,39)=13 raw->13

S7: ANS=13

\boxed{13}"
87711597,"In Alice's Wonderland, a secret set of transformation rules is applied to equations. Below are a few examples:
84[77 = 521
82[77 = 501
57!25 = 32
Now, determine the result for: 49!82",01,Equation Numeric,"I identify this as a symbol-digit (equation numeric) task: two-digit operands built from A,B,C,D, one operator, and a format. I group examples by the target operator, scan (pairing|op|format) until examples match and the target matches the boxed answer, then apply. I ignore flavor text.

S2: PARSE
Operator: '!'
Target: 49!82  A=4,B=9,C=8,D=2
Examples using '!':
  E1: 57!25 = 32

S3: SCAN
#1:AB_CD|cat|raw L=57,R=25 5725->5725 vs 32 NO
#2:AB_CD|mul|raw L=57,R=25 1425->1425 vs 32 NO
#3:AB_CD|add|raw L=57,R=25 82->82 vs 32 NO
#4:AB_CD|sub|raw L=57,R=25 32->32 vs 32 NO
#5:AB_CD|absdiff|raw L=57,R=25 32->32 vs 32 NO
#6:BA_DC|cat|rev L=75,R=52 7552->2557 vs 32 NO
#7:BA_DC|mul|rev L=75,R=52 3900->0093 vs 32 NO
#8:BA_DC|add|rev L=75,R=52 127->721 vs 32 NO
#9:BA_DC|cat|raw L=75,R=52 7552->7552 vs 32 NO
#10:AB_CD|cat|rev L=57,R=25 5725->5275 vs 32 NO
#11:AB_CD|mul|rev L=57,R=25 1425->5241 vs 32 NO
#12:AB_CD|add|rev L=57,R=25 82->28 vs 32 NO

S5: LOCK: BA_DC|mod|rev

S6: APPLY
Target: 49!82
BA_DC: L=94,R=28
mod(94,28)=10 rev->01

S7: ANS=01

\boxed{01}"
878c843c,"In Alice's Wonderland, a secret set of transformation rules is applied to equations. Below are a few examples:
99/10 = 89
37'26 = 3726
76'94 = 7694
57'21 = 5721
88/47 = 41
Now, determine the result for: 80/45",35,Equation Numeric,"I identify this as a symbol-digit (equation numeric) task: two-digit operands built from A,B,C,D, one operator, and a format. I group examples by the target operator, scan (pairing|op|format) until examples match and the target matches the boxed answer, then apply. I ignore flavor text.

S2: PARSE
Operator: '/'
Target: 80/45  A=8,B=0,C=4,D=5
Examples using '/':
  E1: 99/10 = 89
  E2: 88/47 = 41

S3: SCAN
#1:AB_CD|cat|raw L=99,R=10 9910->9910 vs 89 NO
#2:AB_CD|mul|raw L=99,R=10 990->990 vs 89 NO
#3:AB_CD|add|raw L=99,R=10 109->109 vs 89 NO
#4:AB_CD|sub|raw L=99,R=10 89->89 vs 89 YES

S4: VER
E2: 88/47 = 41
AB_CD|sub|raw L=88,R=47 41->41 vs 41 YES

S5: LOCK: AB_CD|sub|raw

S6: APPLY
Target: 80/45
AB_CD: L=80,R=45
sub(80,45)=35 raw->35

S7: ANS=35

\boxed{35}"
87a89786,"In Alice's Wonderland, a secret set of transformation rules is applied to equations. Below are a few examples:
24+33 = 67
28+81 = 101
98*39 = 7728
Now, determine the result for: 53+53",17,Equation Numeric,"I identify this as a symbol-digit (equation numeric) task: two-digit operands built from A,B,C,D, one operator, and a format. I group examples by the target operator, scan (pairing|op|format) until examples match and the target matches the boxed answer, then apply. I ignore flavor text.

S2: PARSE
Operator: '+'
Target: 53+53  A=5,B=3,C=5,D=3
Examples using '+':
  E1: 24+33 = 67
  E2: 28+81 = 101

S3: SCAN
#1:AB_CD|cat|raw L=24,R=33 2433->2433 vs 67 NO
#2:AB_CD|mul|raw L=24,R=33 792->792 vs 67 NO
#3:AB_CD|add|raw L=24,R=33 57->57 vs 67 NO
#4:AB_CD|sub|raw L=24,R=33 -9->-9 vs 67 NO
#5:AB_CD|absdiff|raw L=24,R=33 9->9 vs 67 NO
#6:BA_DC|cat|rev L=42,R=33 4233->3324 vs 67 NO
#7:BA_DC|mul|rev L=42,R=33 1386->6831 vs 67 NO
#8:BA_DC|add|rev L=42,R=33 75->57 vs 67 NO
#9:BA_DC|cat|raw L=42,R=33 4233->4233 vs 67 NO
#10:AB_CD|cat|rev L=24,R=33 2433->3342 vs 67 NO
#11:AB_CD|mul|rev L=24,R=33 792->297 vs 67 NO
#12:AB_CD|add|rev L=24,R=33 57->75 vs 67 NO

S4: VER
E2: 28+81 = 101
BA_DC|add1|rev L=82,R=18 101->101 vs 101 YES

S5: LOCK: BA_DC|add1|rev

S6: APPLY
Target: 53+53
BA_DC: L=35,R=35
add1(35,35)=71 rev->17

S7: ANS=17

\boxed{17}"
87a902eb,"In Alice's Wonderland, a secret set of transformation rules is applied to equations. Below are a few examples:
82*17 = 7891
83+59 = 331
52*95 = 4741
Now, determine the result for: 75*31",047,Equation Numeric,"I identify this as a symbol-digit (equation numeric) task: two-digit operands built from A,B,C,D, one operator, and a format. I group examples by the target operator, scan (pairing|op|format) until examples match and the target matches the boxed answer, then apply. I ignore flavor text.

S2: PARSE
Operator: '*'
Target: 75*31  A=7,B=5,C=3,D=1
Examples using '*':
  E1: 82*17 = 7891
  E2: 52*95 = 4741

S3: SCAN
#1:AB_CD|cat|raw L=82,R=17 8217->8217 vs 7891 NO
#2:AB_CD|mul|raw L=82,R=17 1394->1394 vs 7891 NO
#3:AB_CD|add|raw L=82,R=17 99->99 vs 7891 NO
#4:AB_CD|sub|raw L=82,R=17 65->65 vs 7891 NO
#5:AB_CD|absdiff|raw L=82,R=17 65->65 vs 7891 NO
#6:BA_DC|cat|rev L=28,R=71 2871->1782 vs 7891 NO
#7:BA_DC|mul|rev L=28,R=71 1988->8891 vs 7891 NO
#8:BA_DC|add|rev L=28,R=71 99->99 vs 7891 NO
#9:BA_DC|cat|raw L=28,R=71 2871->2871 vs 7891 NO
#10:AB_CD|cat|rev L=82,R=17 8217->7128 vs 7891 NO
#11:AB_CD|mul|rev L=82,R=17 1394->4931 vs 7891 NO
#12:AB_CD|add|rev L=82,R=17 99->99 vs 7891 NO

S4: VER
E2: 52*95 = 4741
BA_DC|mulsub1|rev L=25,R=59 1474->4741 vs 4741 YES

S5: LOCK: BA_DC|mulsub1|rev

S6: APPLY
Target: 75*31
BA_DC: L=57,R=13
mulsub1(57,13)=740 rev->047

S7: ANS=047

\boxed{047}"
88b43464,"In Alice's Wonderland, a secret set of transformation rules is applied to equations. Below are a few examples:
34*04 = 0271
85*32 = 4331
15-15 = 0
97*77 = 3806
76+05 = 0576
Now, determine the result for: 11+53",5311,Equation Numeric,"I identify this as a symbol-digit (equation numeric) task: two-digit operands built from A,B,C,D, one operator, and a format. I group examples by the target operator, scan (pairing|op|format) until examples match and the target matches the boxed answer, then apply. I ignore flavor text.

S2: PARSE
Operator: '+'
Target: 11+53  A=1,B=1,C=5,D=3
Examples using '+':
  E1: 76+05 = 0576

S3: SCAN
#1:AB_CD|cat|raw L=76,R=5 765->765 vs 0576 NO
#2:AB_CD|mul|raw L=76,R=5 380->380 vs 0576 NO
#3:AB_CD|add|raw L=76,R=5 81->81 vs 0576 NO
#4:AB_CD|sub|raw L=76,R=5 71->71 vs 0576 NO
#5:AB_CD|absdiff|raw L=76,R=5 71->71 vs 0576 NO
#6:BA_DC|cat|rev L=67,R=50 6750->0576 vs 0576 YES

S5: LOCK: BA_DC|cat|rev

S6: APPLY
Target: 11+53
BA_DC: L=11,R=35
cat(11,35)=1135 rev->5311

S7: ANS=5311

\boxed{5311}"
88c93c2c,"In Alice's Wonderland, a secret set of transformation rules is applied to equations. Below are a few examples:
76*62 = 2471
68-47 = 21
04-49 = 41
44*51 = 066
Now, determine the result for: 43*37",2842,Equation Numeric,"I identify this as a symbol-digit (equation numeric) task: two-digit operands built from A,B,C,D, one operator, and a format. I group examples by the target operator, scan (pairing|op|format) until examples match and the target matches the boxed answer, then apply. I ignore flavor text.

S2: PARSE
Operator: '*'
Target: 43*37  A=4,B=3,C=3,D=7
Examples using '*':
  E1: 76*62 = 2471
  E2: 44*51 = 066

S3: SCAN
#1:AB_CD|cat|raw L=76,R=62 7662->7662 vs 2471 NO
#2:AB_CD|mul|raw L=76,R=62 4712->4712 vs 2471 NO
#3:AB_CD|add|raw L=76,R=62 138->138 vs 2471 NO
#4:AB_CD|sub|raw L=76,R=62 14->14 vs 2471 NO
#5:AB_CD|absdiff|raw L=76,R=62 14->14 vs 2471 NO
#6:BA_DC|cat|rev L=67,R=26 6726->6276 vs 2471 NO
#7:BA_DC|mul|rev L=67,R=26 1742->2471 vs 2471 YES

S4: VER
E2: 44*51 = 066
BA_DC|mul|rev L=44,R=15 660->066 vs 066 YES

S5: LOCK: BA_DC|mul|rev

S6: APPLY
Target: 43*37
BA_DC: L=34,R=73
mul(34,73)=2482 rev->2842

S7: ANS=2842

\boxed{2842}"
88fe5a52,"In Alice's Wonderland, a secret set of transformation rules is applied to equations. Below are a few examples:
49*95 = 5455
03-58 = -55
33*77 = 0452
57+59 = 961
79+61 = 211
Now, determine the result for: 97*17",8065,Equation Numeric,"I identify this as a symbol-digit (equation numeric) task: two-digit operands built from A,B,C,D, one operator, and a format. I group examples by the target operator, scan (pairing|op|format) until examples match and the target matches the boxed answer, then apply. I ignore flavor text.

S2: PARSE
Operator: '*'
Target: 97*17  A=9,B=7,C=1,D=7
Examples using '*':
  E1: 49*95 = 5455
  E2: 33*77 = 0452

S3: SCAN
#1:AB_CD|cat|raw L=49,R=95 4995->4995 vs 5455 NO
#2:AB_CD|mul|raw L=49,R=95 4655->4655 vs 5455 NO
#3:AB_CD|add|raw L=49,R=95 144->144 vs 5455 NO
#4:AB_CD|sub|raw L=49,R=95 -46->-46 vs 5455 NO
#5:AB_CD|absdiff|raw L=49,R=95 46->46 vs 5455 NO
#6:BA_DC|cat|rev L=94,R=59 9459->9549 vs 5455 NO
#7:BA_DC|mul|rev L=94,R=59 5546->6455 vs 5455 NO
#8:BA_DC|add|rev L=94,R=59 153->351 vs 5455 NO
#9:BA_DC|cat|raw L=94,R=59 9459->9459 vs 5455 NO
#10:AB_CD|cat|rev L=49,R=95 4995->5994 vs 5455 NO
#11:AB_CD|mul|rev L=49,R=95 4655->5564 vs 5455 NO
#12:AB_CD|add|rev L=49,R=95 144->441 vs 5455 NO

S4: VER
E2: 33*77 = 0452
BA_DC|mulsub1|rev L=33,R=77 2540->0452 vs 0452 YES

S5: LOCK: BA_DC|mulsub1|rev

S6: APPLY
Target: 97*17
BA_DC: L=79,R=71
mulsub1(79,71)=5608 rev->8065

S7: ANS=8065

\boxed{8065}"
891942ba,"In Alice's Wonderland, a secret set of transformation rules is applied to equations. Below are a few examples:
72+29 = 2972
91-11 = 8
66*11 = 627
88+19 = 1988
Now, determine the result for: 85-88",03,Equation Numeric,"I identify this as a symbol-digit (equation numeric) task: two-digit operands built from A,B,C,D, one operator, and a format. I group examples by the target operator, scan (pairing|op|format) until examples match and the target matches the boxed answer, then apply. I ignore flavor text.

S2: PARSE
Operator: '-'
Target: 85-88  A=8,B=5,C=8,D=8
Examples using '-':
  E1: 91-11 = 8

S3: SCAN
#1:AB_CD|cat|raw L=91,R=11 9111->9111 vs 8 NO
#2:AB_CD|mul|raw L=91,R=11 1001->1001 vs 8 NO
#3:AB_CD|add|raw L=91,R=11 102->102 vs 8 NO
#4:AB_CD|sub|raw L=91,R=11 80->80 vs 8 NO
#5:AB_CD|absdiff|raw L=91,R=11 80->80 vs 8 NO
#6:BA_DC|cat|rev L=19,R=11 1911->1191 vs 8 NO
#7:BA_DC|mul|rev L=19,R=11 209->902 vs 8 NO
#8:BA_DC|add|rev L=19,R=11 30->03 vs 8 NO
#9:BA_DC|cat|raw L=19,R=11 1911->1911 vs 8 NO
#10:AB_CD|cat|rev L=91,R=11 9111->1119 vs 8 NO
#11:AB_CD|mul|rev L=91,R=11 1001->1001 vs 8 NO
#12:AB_CD|add|rev L=91,R=11 102->201 vs 8 NO

S5: LOCK: BA_DC|absdiff|rev

S6: APPLY
Target: 85-88
BA_DC: L=58,R=88
absdiff(58,88)=30 rev->03

S7: ANS=03

\boxed{03}"
89780a3c,"In Alice's Wonderland, a secret set of transformation rules is applied to equations. Below are a few examples:
99]18 = 1782
59!45 = 105
43]50 = 2150
Now, determine the result for: 85!42",128,Equation Numeric,"I identify this as a symbol-digit (equation numeric) task: two-digit operands built from A,B,C,D, one operator, and a format. I group examples by the target operator, scan (pairing|op|format) until examples match and the target matches the boxed answer, then apply. I ignore flavor text.

S2: PARSE
Operator: '!'
Target: 85!42  A=8,B=5,C=4,D=2
Examples using '!':
  E1: 59!45 = 105

S3: SCAN
#1:AB_CD|cat|raw L=59,R=45 5945->5945 vs 105 NO
#2:AB_CD|mul|raw L=59,R=45 2655->2655 vs 105 NO
#3:AB_CD|add|raw L=59,R=45 104->104 vs 105 NO
#4:AB_CD|sub|raw L=59,R=45 14->14 vs 105 NO
#5:AB_CD|absdiff|raw L=59,R=45 14->14 vs 105 NO
#6:BA_DC|cat|rev L=95,R=54 9554->4559 vs 105 NO
#7:BA_DC|mul|rev L=95,R=54 5130->0315 vs 105 NO
#8:BA_DC|add|rev L=95,R=54 149->941 vs 105 NO
#9:BA_DC|cat|raw L=95,R=54 9554->9554 vs 105 NO
#10:AB_CD|cat|rev L=59,R=45 5945->5495 vs 105 NO
#11:AB_CD|mul|rev L=59,R=45 2655->5562 vs 105 NO
#12:AB_CD|add|rev L=59,R=45 104->401 vs 105 NO

S5: LOCK: AB_CD|add1|raw

S6: APPLY
Target: 85!42
AB_CD: L=85,R=42
add1(85,42)=128 raw->128

S7: ANS=128

\boxed{128}"
8a800607,"In Alice's Wonderland, a secret set of transformation rules is applied to equations. Below are a few examples:
76-71 = 5396
80]69 = 11
14-53 = 742
21-27 = 567
67]82 = 15
Now, determine the result for: 65]67",2,Equation Numeric,"I identify this as a symbol-digit (equation numeric) task: two-digit operands built from A,B,C,D, one operator, and a format. I group examples by the target operator, scan (pairing|op|format) until examples match and the target matches the boxed answer, then apply. I ignore flavor text.

S2: PARSE
Operator: ']'
Target: 65]67  A=6,B=5,C=6,D=7
Examples using ']':
  E1: 80]69 = 11
  E2: 67]82 = 15

S3: SCAN
#1:AB_CD|cat|raw L=80,R=69 8069->8069 vs 11 NO
#2:AB_CD|mul|raw L=80,R=69 5520->5520 vs 11 NO
#3:AB_CD|add|raw L=80,R=69 149->149 vs 11 NO
#4:AB_CD|sub|raw L=80,R=69 11->11 vs 11 NO
#5:AB_CD|absdiff|raw L=80,R=69 11->11 vs 11 YES

S4: VER
E2: 67]82 = 15
AB_CD|absdiff|raw L=67,R=82 15->15 vs 15 YES

S5: LOCK: AB_CD|absdiff|raw

S6: APPLY
Target: 65]67
AB_CD: L=65,R=67
absdiff(65,67)=2 raw->2

S7: ANS=2

\boxed{2}"
8bc66fd7,"In Alice's Wonderland, a secret set of transformation rules is applied to equations. Below are a few examples:
28-27 = 01
19*98 = 0018
33+82 = 26
45+02 = 57
Now, determine the result for: 64*15",7432,Equation Numeric,"I identify this as a symbol-digit (equation numeric) task: two-digit operands built from A,B,C,D, one operator, and a format. I group examples by the target operator, scan (pairing|op|format) until examples match and the target matches the boxed answer, then apply. I ignore flavor text.

S2: PARSE
Operator: '*'
Target: 64*15  A=6,B=4,C=1,D=5
Examples using '*':
  E1: 19*98 = 0018

S3: SCAN
#1:AB_CD|cat|raw L=19,R=98 1998->1998 vs 0018 NO
#2:AB_CD|mul|raw L=19,R=98 1862->1862 vs 0018 NO
#3:AB_CD|add|raw L=19,R=98 117->117 vs 0018 NO
#4:AB_CD|sub|raw L=19,R=98 -79->-79 vs 0018 NO
#5:AB_CD|absdiff|raw L=19,R=98 79->79 vs 0018 NO
#6:BA_DC|cat|rev L=91,R=89 9189->9819 vs 0018 NO
#7:BA_DC|mul|rev L=91,R=89 8099->9908 vs 0018 NO
#8:BA_DC|add|rev L=91,R=89 180->081 vs 0018 NO
#9:BA_DC|cat|raw L=91,R=89 9189->9189 vs 0018 NO
#10:AB_CD|cat|rev L=19,R=98 1998->8991 vs 0018 NO
#11:AB_CD|mul|rev L=19,R=98 1862->2681 vs 0018 NO
#12:AB_CD|add|rev L=19,R=98 117->711 vs 0018 NO

S5: LOCK: BA_DC|muladd1|rev

S6: APPLY
Target: 64*15
BA_DC: L=46,R=51
muladd1(46,51)=2347 rev->7432

S7: ANS=7432

\boxed{7432}"
8bc6a26c,"In Alice's Wonderland, a secret set of transformation rules is applied to equations. Below are a few examples:
34{85 = 2889
26#93 = 119
20#75 = 95
43*40 = *3
Now, determine the result for: 12#26",38,Equation Numeric,"I identify this as a symbol-digit (equation numeric) task: two-digit operands built from A,B,C,D, one operator, and a format. I group examples by the target operator, scan (pairing|op|format) until examples match and the target matches the boxed answer, then apply. I ignore flavor text.

S2: PARSE
Operator: '#'
Target: 12#26  A=1,B=2,C=2,D=6
Examples using '#':
  E1: 26#93 = 119
  E2: 20#75 = 95

S3: SCAN
#1:AB_CD|cat|raw L=26,R=93 2693->2693 vs 119 NO
#2:AB_CD|mul|raw L=26,R=93 2418->2418 vs 119 NO
#3:AB_CD|add|raw L=26,R=93 119->119 vs 119 YES

S4: VER
E2: 20#75 = 95
AB_CD|add|raw L=20,R=75 95->95 vs 95 YES

S5: LOCK: AB_CD|add|raw

S6: APPLY
Target: 12#26
AB_CD: L=12,R=26
add(12,26)=38 raw->38

S7: ANS=38

\boxed{38}"
8bebef83,"In Alice's Wonderland, a secret set of transformation rules is applied to equations. Below are a few examples:
55{76 = 4180
75{33 = 2475
95*43 = 9
73/97 = 169
Now, determine the result for: 44{77",3388,Equation Numeric,"I identify this as a symbol-digit (equation numeric) task: two-digit operands built from A,B,C,D, one operator, and a format. I group examples by the target operator, scan (pairing|op|format) until examples match and the target matches the boxed answer, then apply. I ignore flavor text.

S2: PARSE
Operator: '{'
Target: 44{77  A=4,B=4,C=7,D=7
Examples using '{':
  E1: 55{76 = 4180
  E2: 75{33 = 2475

S3: SCAN
#1:AB_CD|cat|raw L=55,R=76 5576->5576 vs 4180 NO
#2:AB_CD|mul|raw L=55,R=76 4180->4180 vs 4180 YES

S4: VER
E2: 75{33 = 2475
AB_CD|mul|raw L=75,R=33 2475->2475 vs 2475 YES

S5: LOCK: AB_CD|mul|raw

S6: APPLY
Target: 44{77
AB_CD: L=44,R=77
mul(44,77)=3388 raw->3388

S7: ANS=3388

\boxed{3388}"
8c1529e1,"In Alice's Wonderland, a secret set of transformation rules is applied to equations. Below are a few examples:
71-86 = -15
62*67 = 7791
02+49 = 311
Now, determine the result for: 65-18",-52,Equation Numeric,"I identify this as a symbol-digit (equation numeric) task: two-digit operands built from A,B,C,D, one operator, and a format. I group examples by the target operator, scan (pairing|op|format) until examples match and the target matches the boxed answer, then apply. I ignore flavor text.

S2: PARSE
Operator: '-'
Target: 65-18  A=6,B=5,C=1,D=8
Examples using '-':
  E1: 71-86 = -15

S3: SCAN
#1:AB_CD|cat|raw L=71,R=86 7186->7186 vs -15 NO
#2:AB_CD|mul|raw L=71,R=86 6106->6106 vs -15 NO
#3:AB_CD|add|raw L=71,R=86 157->157 vs -15 NO
#4:AB_CD|sub|raw L=71,R=86 -15->-15 vs -15 NO
#5:AB_CD|absdiff|raw L=71,R=86 15->15 vs -15 NO
#6:BA_DC|cat|rev L=17,R=68 1768->8671 vs -15 NO
#7:BA_DC|mul|rev L=17,R=68 1156->6511 vs -15 NO
#8:BA_DC|add|rev L=17,R=68 85->58 vs -15 NO
#9:BA_DC|cat|raw L=17,R=68 1768->1768 vs -15 NO
#10:AB_CD|cat|rev L=71,R=86 7186->6817 vs -15 NO
#11:AB_CD|mul|rev L=71,R=86 6106->6016 vs -15 NO
#12:AB_CD|add|rev L=71,R=86 157->751 vs -15 NO

S5: LOCK: BA_DC|sub|rev

S6: APPLY
Target: 65-18
BA_DC: L=56,R=81
sub(56,81)=-25 rev->-52

S7: ANS=-52

\boxed{-52}"
8d2546a5,"In Alice's Wonderland, a secret set of transformation rules is applied to equations. Below are a few examples:
33#75 = 9
31#27 = 4
22[73 = 95
25-79 = 2579
38[90 = 128
Now, determine the result for: 12-11",1211,Equation Numeric,"I identify this as a symbol-digit (equation numeric) task: two-digit operands built from A,B,C,D, one operator, and a format. I group examples by the target operator, scan (pairing|op|format) until examples match and the target matches the boxed answer, then apply. I ignore flavor text.

S2: PARSE
Operator: '-'
Target: 12-11  A=1,B=2,C=1,D=1
Examples using '-':
  E1: 25-79 = 2579

S3: SCAN
#1:AB_CD|cat|raw L=25,R=79 2579->2579 vs 2579 YES

S5: LOCK: AB_CD|cat|raw

S6: APPLY
Target: 12-11
AB_CD: L=12,R=11
cat(12,11)=1211 raw->1211

S7: ANS=1211

\boxed{1211}"
8d652f91,"In Alice's Wonderland, a secret set of transformation rules is applied to equations. Below are a few examples:
46*21 = 967
39-82 = 56
17+13 = 101
94+72 = 57
79+11 = 701
Now, determine the result for: 97-57",4,Equation Numeric,"I identify this as a symbol-digit (equation numeric) task: two-digit operands built from A,B,C,D, one operator, and a format. I group examples by the target operator, scan (pairing|op|format) until examples match and the target matches the boxed answer, then apply. I ignore flavor text.

S2: PARSE
Operator: '-'
Target: 97-57  A=9,B=7,C=5,D=7
Examples using '-':
  E1: 39-82 = 56

S3: SCAN
#1:AB_CD|cat|raw L=39,R=82 3982->3982 vs 56 NO
#2:AB_CD|mul|raw L=39,R=82 3198->3198 vs 56 NO
#3:AB_CD|add|raw L=39,R=82 121->121 vs 56 NO
#4:AB_CD|sub|raw L=39,R=82 -43->-43 vs 56 NO
#5:AB_CD|absdiff|raw L=39,R=82 43->43 vs 56 NO
#6:BA_DC|cat|rev L=93,R=28 9328->8239 vs 56 NO
#7:BA_DC|mul|rev L=93,R=28 2604->4062 vs 56 NO
#8:BA_DC|add|rev L=93,R=28 121->121 vs 56 NO
#9:BA_DC|cat|raw L=93,R=28 9328->9328 vs 56 NO
#10:AB_CD|cat|rev L=39,R=82 3982->2893 vs 56 NO
#11:AB_CD|mul|rev L=39,R=82 3198->8913 vs 56 NO
#12:AB_CD|add|rev L=39,R=82 121->121 vs 56 NO

S5: LOCK: BA_DC|sub|rev

S6: APPLY
Target: 97-57
BA_DC: L=79,R=75
sub(79,75)=4 rev->4

S7: ANS=4

\boxed{4}"
8dea05d7,"In Alice's Wonderland, a secret set of transformation rules is applied to equations. Below are a few examples:
03+06 = 0603
45+81 = 8145
41-24 = 82
33-37 = 04
Now, determine the result for: 07+39",3907,Equation Numeric,"I identify this as a symbol-digit (equation numeric) task: two-digit operands built from A,B,C,D, one operator, and a format. I group examples by the target operator, scan (pairing|op|format) until examples match and the target matches the boxed answer, then apply. I ignore flavor text.

S2: PARSE
Operator: '+'
Target: 07+39  A=0,B=7,C=3,D=9
Examples using '+':
  E1: 03+06 = 0603
  E2: 45+81 = 8145

S3: SCAN
#1:AB_CD|cat|raw L=3,R=6 36->36 vs 0603 NO
#2:AB_CD|mul|raw L=3,R=6 18->18 vs 0603 NO
#3:AB_CD|add|raw L=3,R=6 9->9 vs 0603 NO
#4:AB_CD|sub|raw L=3,R=6 -3->-3 vs 0603 NO
#5:AB_CD|absdiff|raw L=3,R=6 3->3 vs 0603 NO
#6:BA_DC|cat|rev L=30,R=60 3060->0603 vs 0603 YES

S4: VER
E2: 45+81 = 8145
BA_DC|cat|rev L=54,R=18 5418->8145 vs 8145 YES

S5: LOCK: BA_DC|cat|rev

S6: APPLY
Target: 07+39
BA_DC: L=70,R=93
cat(70,93)=7093 rev->3907

S7: ANS=3907

\boxed{3907}"
8e169174,"In Alice's Wonderland, a secret set of transformation rules is applied to equations. Below are a few examples:
84:14 = 0
36/69 = 2483
27/31 = 836
24:73 = 1
45?78 = 123
Now, determine the result for: 48/11",527,Equation Numeric,"I identify this as a symbol-digit (equation numeric) task: two-digit operands built from A,B,C,D, one operator, and a format. I group examples by the target operator, scan (pairing|op|format) until examples match and the target matches the boxed answer, then apply. I ignore flavor text.

S2: PARSE
Operator: '/'
Target: 48/11  A=4,B=8,C=1,D=1
Examples using '/':
  E1: 36/69 = 2483
  E2: 27/31 = 836

S3: SCAN
#1:AB_CD|cat|raw L=36,R=69 3669->3669 vs 2483 NO
#2:AB_CD|mul|raw L=36,R=69 2484->2484 vs 2483 NO
#3:AB_CD|add|raw L=36,R=69 105->105 vs 2483 NO
#4:AB_CD|sub|raw L=36,R=69 -33->-33 vs 2483 NO
#5:AB_CD|absdiff|raw L=36,R=69 33->33 vs 2483 NO
#6:BA_DC|cat|rev L=63,R=96 6396->6936 vs 2483 NO
#7:BA_DC|mul|rev L=63,R=96 6048->8406 vs 2483 NO
#8:BA_DC|add|rev L=63,R=96 159->951 vs 2483 NO
#9:BA_DC|cat|raw L=63,R=96 6396->6396 vs 2483 NO
#10:AB_CD|cat|rev L=36,R=69 3669->9663 vs 2483 NO
#11:AB_CD|mul|rev L=36,R=69 2484->4842 vs 2483 NO
#12:AB_CD|add|rev L=36,R=69 105->501 vs 2483 NO

S4: VER
E2: 27/31 = 836
AB_CD|mulsub1|raw L=27,R=31 836->836 vs 836 YES

S5: LOCK: AB_CD|mulsub1|raw

S6: APPLY
Target: 48/11
AB_CD: L=48,R=11
mulsub1(48,11)=527 raw->527

S7: ANS=527

\boxed{527}"
8e359dc8,"In Alice's Wonderland, a secret set of transformation rules is applied to equations. Below are a few examples:
89*42 = 3532
35[46 = 11
24[58 = 34
48^18 = 561
54*19 = 6904
Now, determine the result for: 37^75",031,Equation Numeric,"I identify this as a symbol-digit (equation numeric) task: two-digit operands built from A,B,C,D, one operator, and a format. I group examples by the target operator, scan (pairing|op|format) until examples match and the target matches the boxed answer, then apply. I ignore flavor text.

S2: PARSE
Operator: '^'
Target: 37^75  A=3,B=7,C=7,D=5
Examples using '^':
  E1: 48^18 = 561

S3: SCAN
#1:AB_CD|cat|raw L=48,R=18 4818->4818 vs 561 NO
#2:AB_CD|mul|raw L=48,R=18 864->864 vs 561 NO
#3:AB_CD|add|raw L=48,R=18 66->66 vs 561 NO
#4:AB_CD|sub|raw L=48,R=18 30->30 vs 561 NO
#5:AB_CD|absdiff|raw L=48,R=18 30->30 vs 561 NO
#6:BA_DC|cat|rev L=84,R=81 8481->1848 vs 561 NO
#7:BA_DC|mul|rev L=84,R=81 6804->4086 vs 561 NO
#8:BA_DC|add|rev L=84,R=81 165->561 vs 561 YES

S5: LOCK: BA_DC|add|rev

S6: APPLY
Target: 37^75
BA_DC: L=73,R=57
add(73,57)=130 rev->031

S7: ANS=031

\boxed{031}"
8eac8f69,"In Alice's Wonderland, a secret set of transformation rules is applied to equations. Below are a few examples:
99(38 = 9938
57+32 = 5271
05(03 = 0503
01+31 = 031
Now, determine the result for: 21+94",885,Equation Numeric,"I identify this as a symbol-digit (equation numeric) task: two-digit operands built from A,B,C,D, one operator, and a format. I group examples by the target operator, scan (pairing|op|format) until examples match and the target matches the boxed answer, then apply. I ignore flavor text.

S2: PARSE
Operator: '+'
Target: 21+94  A=2,B=1,C=9,D=4
Examples using '+':
  E1: 57+32 = 5271
  E2: 01+31 = 031

S3: SCAN
#1:AB_CD|cat|raw L=57,R=32 5732->5732 vs 5271 NO
#2:AB_CD|mul|raw L=57,R=32 1824->1824 vs 5271 NO
#3:AB_CD|add|raw L=57,R=32 89->89 vs 5271 NO
#4:AB_CD|sub|raw L=57,R=32 25->25 vs 5271 NO
#5:AB_CD|absdiff|raw L=57,R=32 25->25 vs 5271 NO
#6:BA_DC|cat|rev L=75,R=23 7523->3257 vs 5271 NO
#7:BA_DC|mul|rev L=75,R=23 1725->5271 vs 5271 YES

S4: VER
E2: 01+31 = 031
BA_DC|mul|rev L=10,R=13 130->031 vs 031 YES

S5: LOCK: BA_DC|mul|rev

S6: APPLY
Target: 21+94
BA_DC: L=12,R=49
mul(12,49)=588 rev->885

S7: ANS=885

\boxed{885}"
8fad338f,"In Alice's Wonderland, a secret set of transformation rules is applied to equations. Below are a few examples:
42%53 = 96
12-64 = 767
76(83 = (7
Now, determine the result for: 72-66",4751,Equation Numeric,"I identify this as a symbol-digit (equation numeric) task: two-digit operands built from A,B,C,D, one operator, and a format. I group examples by the target operator, scan (pairing|op|format) until examples match and the target matches the boxed answer, then apply. I ignore flavor text.

S2: PARSE
Operator: '-'
Target: 72-66  A=7,B=2,C=6,D=6
Examples using '-':
  E1: 12-64 = 767

S3: SCAN
#1:AB_CD|cat|raw L=12,R=64 1264->1264 vs 767 NO
#2:AB_CD|mul|raw L=12,R=64 768->768 vs 767 NO
#3:AB_CD|add|raw L=12,R=64 76->76 vs 767 NO
#4:AB_CD|sub|raw L=12,R=64 -52->-52 vs 767 NO
#5:AB_CD|absdiff|raw L=12,R=64 52->52 vs 767 NO
#6:BA_DC|cat|rev L=21,R=46 2146->6412 vs 767 NO
#7:BA_DC|mul|rev L=21,R=46 966->669 vs 767 NO
#8:BA_DC|add|rev L=21,R=46 67->76 vs 767 NO
#9:BA_DC|cat|raw L=21,R=46 2146->2146 vs 767 NO
#10:AB_CD|cat|rev L=12,R=64 1264->4621 vs 767 NO
#11:AB_CD|mul|rev L=12,R=64 768->867 vs 767 NO
#12:AB_CD|add|rev L=12,R=64 76->67 vs 767 NO

S5: LOCK: AB_CD|mulsub1|raw

S6: APPLY
Target: 72-66
AB_CD: L=72,R=66
mulsub1(72,66)=4751 raw->4751

S7: ANS=4751

\boxed{4751}"
902da958,"In Alice's Wonderland, a secret set of transformation rules is applied to equations. Below are a few examples:
63`03 = 9701
79/85 = 551
32`23 = 537
Now, determine the result for: 38/48",761,Equation Numeric,"I identify this as a symbol-digit (equation numeric) task: two-digit operands built from A,B,C,D, one operator, and a format. I group examples by the target operator, scan (pairing|op|format) until examples match and the target matches the boxed answer, then apply. I ignore flavor text.

S2: PARSE
Operator: '/'
Target: 38/48  A=3,B=8,C=4,D=8
Examples using '/':
  E1: 79/85 = 551

S3: SCAN
#1:AB_CD|cat|raw L=79,R=85 7985->7985 vs 551 NO
#2:AB_CD|mul|raw L=79,R=85 6715->6715 vs 551 NO
#3:AB_CD|add|raw L=79,R=85 164->164 vs 551 NO
#4:AB_CD|sub|raw L=79,R=85 -6->-6 vs 551 NO
#5:AB_CD|absdiff|raw L=79,R=85 6->6 vs 551 NO
#6:BA_DC|cat|rev L=97,R=58 9758->8579 vs 551 NO
#7:BA_DC|mul|rev L=97,R=58 5626->6265 vs 551 NO
#8:BA_DC|add|rev L=97,R=58 155->551 vs 551 YES

S5: LOCK: BA_DC|add|rev

S6: APPLY
Target: 38/48
BA_DC: L=83,R=84
add(83,84)=167 rev->761

S7: ANS=761

\boxed{761}"
90d57388,"In Alice's Wonderland, a secret set of transformation rules is applied to equations. Below are a few examples:
26-88 = 62
15*16 = 1113
09-54 = 0
61+78 = 7861
02-98 = 9
Now, determine the result for: 15+26",2615,Equation Numeric,"I identify this as a symbol-digit (equation numeric) task: two-digit operands built from A,B,C,D, one operator, and a format. I group examples by the target operator, scan (pairing|op|format) until examples match and the target matches the boxed answer, then apply. I ignore flavor text.

S2: PARSE
Operator: '+'
Target: 15+26  A=1,B=5,C=2,D=6
Examples using '+':
  E1: 61+78 = 7861

S3: SCAN
#1:AB_CD|cat|raw L=61,R=78 6178->6178 vs 7861 NO
#2:AB_CD|mul|raw L=61,R=78 4758->4758 vs 7861 NO
#3:AB_CD|add|raw L=61,R=78 139->139 vs 7861 NO
#4:AB_CD|sub|raw L=61,R=78 -17->-17 vs 7861 NO
#5:AB_CD|absdiff|raw L=61,R=78 17->17 vs 7861 NO
#6:BA_DC|cat|rev L=16,R=87 1687->7861 vs 7861 YES

S5: LOCK: BA_DC|cat|rev

S6: APPLY
Target: 15+26
BA_DC: L=51,R=62
cat(51,62)=5162 rev->2615

S7: ANS=2615

\boxed{2615}"
912c6ea5,"In Alice's Wonderland, a secret set of transformation rules is applied to equations. Below are a few examples:
06+15 = 1603
26+26 = 5483
06+03 = 1081
56}46 = 921
Now, determine the result for: 47}69",071,Equation Numeric,"I identify this as a symbol-digit (equation numeric) task: two-digit operands built from A,B,C,D, one operator, and a format. I group examples by the target operator, scan (pairing|op|format) until examples match and the target matches the boxed answer, then apply. I ignore flavor text.

S2: PARSE
Operator: '}'
Target: 47}69  A=4,B=7,C=6,D=9
Examples using '}':
  E1: 56}46 = 921

S3: SCAN
#1:AB_CD|cat|raw L=56,R=46 5646->5646 vs 921 NO
#2:AB_CD|mul|raw L=56,R=46 2576->2576 vs 921 NO
#3:AB_CD|add|raw L=56,R=46 102->102 vs 921 NO
#4:AB_CD|sub|raw L=56,R=46 10->10 vs 921 NO
#5:AB_CD|absdiff|raw L=56,R=46 10->10 vs 921 NO
#6:BA_DC|cat|rev L=65,R=64 6564->4656 vs 921 NO
#7:BA_DC|mul|rev L=65,R=64 4160->0614 vs 921 NO
#8:BA_DC|add|rev L=65,R=64 129->921 vs 921 YES

S5: LOCK: BA_DC|add|rev

S6: APPLY
Target: 47}69
BA_DC: L=74,R=96
add(74,96)=170 rev->071

S7: ANS=071

\boxed{071}"
912d2b79,"In Alice's Wonderland, a secret set of transformation rules is applied to equations. Below are a few examples:
83*91 = 127
06-94 = 11
69+22 = 711
46-71 = 74
16+95 = 911
Now, determine the result for: 08+03",901,Equation Numeric,"I identify this as a symbol-digit (equation numeric) task: two-digit operands built from A,B,C,D, one operator, and a format. I group examples by the target operator, scan (pairing|op|format) until examples match and the target matches the boxed answer, then apply. I ignore flavor text.

S2: PARSE
Operator: '+'
Target: 08+03  A=0,B=8,C=0,D=3
Examples using '+':
  E1: 69+22 = 711
  E2: 16+95 = 911

S3: SCAN
#1:AB_CD|cat|raw L=69,R=22 6922->6922 vs 711 NO
#2:AB_CD|mul|raw L=69,R=22 1518->1518 vs 711 NO
#3:AB_CD|add|raw L=69,R=22 91->91 vs 711 NO
#4:AB_CD|sub|raw L=69,R=22 47->47 vs 711 NO
#5:AB_CD|absdiff|raw L=69,R=22 47->47 vs 711 NO
#6:BA_DC|cat|rev L=96,R=22 9622->2269 vs 711 NO
#7:BA_DC|mul|rev L=96,R=22 2112->2112 vs 711 NO
#8:BA_DC|add|rev L=96,R=22 118->811 vs 711 NO
#9:BA_DC|cat|raw L=96,R=22 9622->9622 vs 711 NO
#10:AB_CD|cat|rev L=69,R=22 6922->2296 vs 711 NO
#11:AB_CD|mul|rev L=69,R=22 1518->8151 vs 711 NO
#12:AB_CD|add|rev L=69,R=22 91->19 vs 711 NO

S4: VER
E2: 16+95 = 911
BA_DC|addm1|rev L=61,R=59 119->911 vs 911 YES

S5: LOCK: BA_DC|addm1|rev

S6: APPLY
Target: 08+03
BA_DC: L=80,R=30
addm1(80,30)=109 rev->901

S7: ANS=901

\boxed{901}"
913b2d7f,"In Alice's Wonderland, a secret set of transformation rules is applied to equations. Below are a few examples:
40""92 = 52
59*38 = 2242
75]92 = 166
Now, determine the result for: 38]66",103,Equation Numeric,"I identify this as a symbol-digit (equation numeric) task: two-digit operands built from A,B,C,D, one operator, and a format. I group examples by the target operator, scan (pairing|op|format) until examples match and the target matches the boxed answer, then apply. I ignore flavor text.

S2: PARSE
Operator: ']'
Target: 38]66  A=3,B=8,C=6,D=6
Examples using ']':
  E1: 75]92 = 166

S3: SCAN
#1:AB_CD|cat|raw L=75,R=92 7592->7592 vs 166 NO
#2:AB_CD|mul|raw L=75,R=92 6900->6900 vs 166 NO
#3:AB_CD|add|raw L=75,R=92 167->167 vs 166 NO
#4:AB_CD|sub|raw L=75,R=92 -17->-17 vs 166 NO
#5:AB_CD|absdiff|raw L=75,R=92 17->17 vs 166 NO
#6:BA_DC|cat|rev L=57,R=29 5729->9275 vs 166 NO
#7:BA_DC|mul|rev L=57,R=29 1653->3561 vs 166 NO
#8:BA_DC|add|rev L=57,R=29 86->68 vs 166 NO
#9:BA_DC|cat|raw L=57,R=29 5729->5729 vs 166 NO
#10:AB_CD|cat|rev L=75,R=92 7592->2957 vs 166 NO
#11:AB_CD|mul|rev L=75,R=92 6900->0096 vs 166 NO
#12:AB_CD|add|rev L=75,R=92 167->761 vs 166 NO

S5: LOCK: AB_CD|addm1|raw

S6: APPLY
Target: 38]66
AB_CD: L=38,R=66
addm1(38,66)=103 raw->103

S7: ANS=103

\boxed{103}"
913fdf86,"In Alice's Wonderland, a secret set of transformation rules is applied to equations. Below are a few examples:
45*99 = 6435
73-43 = -3
24+34 = 68
Now, determine the result for: 72+32",15,Equation Numeric,"I identify this as a symbol-digit (equation numeric) task: two-digit operands built from A,B,C,D, one operator, and a format. I group examples by the target operator, scan (pairing|op|format) until examples match and the target matches the boxed answer, then apply. I ignore flavor text.

S2: PARSE
Operator: '+'
Target: 72+32  A=7,B=2,C=3,D=2
Examples using '+':
  E1: 24+34 = 68

S3: SCAN
#1:AB_CD|cat|raw L=24,R=34 2434->2434 vs 68 NO
#2:AB_CD|mul|raw L=24,R=34 816->816 vs 68 NO
#3:AB_CD|add|raw L=24,R=34 58->58 vs 68 NO
#4:AB_CD|sub|raw L=24,R=34 -10->-10 vs 68 NO
#5:AB_CD|absdiff|raw L=24,R=34 10->10 vs 68 NO
#6:BA_DC|cat|rev L=42,R=43 4243->3424 vs 68 NO
#7:BA_DC|mul|rev L=42,R=43 1806->6081 vs 68 NO
#8:BA_DC|add|rev L=42,R=43 85->58 vs 68 NO
#9:BA_DC|cat|raw L=42,R=43 4243->4243 vs 68 NO
#10:AB_CD|cat|rev L=24,R=34 2434->4342 vs 68 NO
#11:AB_CD|mul|rev L=24,R=34 816->618 vs 68 NO
#12:AB_CD|add|rev L=24,R=34 58->85 vs 68 NO

S5: LOCK: BA_DC|add1|rev

S6: APPLY
Target: 72+32
BA_DC: L=27,R=23
add1(27,23)=51 rev->15

S7: ANS=15

\boxed{15}"
91488dc9,"In Alice's Wonderland, a secret set of transformation rules is applied to equations. Below are a few examples:
53?64 = 5364
54?80 = 5480
94(33 = 61
Now, determine the result for: 34?31",3431,Equation Numeric,"I identify this as a symbol-digit (equation numeric) task: two-digit operands built from A,B,C,D, one operator, and a format. I group examples by the target operator, scan (pairing|op|format) until examples match and the target matches the boxed answer, then apply. I ignore flavor text.

S2: PARSE
Operator: '?'
Target: 34?31  A=3,B=4,C=3,D=1
Examples using '?':
  E1: 53?64 = 5364
  E2: 54?80 = 5480

S3: SCAN
#1:AB_CD|cat|raw L=53,R=64 5364->5364 vs 5364 YES

S4: VER
E2: 54?80 = 5480
AB_CD|cat|raw L=54,R=80 5480->5480 vs 5480 YES

S5: LOCK: AB_CD|cat|raw

S6: APPLY
Target: 34?31
AB_CD: L=34,R=31
cat(34,31)=3431 raw->3431

S7: ANS=3431

\boxed{3431}"
91b42a45,"In Alice's Wonderland, a secret set of transformation rules is applied to equations. Below are a few examples:
94>73 = 21
97'87 = 185
56'40 = 97
Now, determine the result for: 73'96",170,Equation Numeric,"I identify this as a symbol-digit (equation numeric) task: two-digit operands built from A,B,C,D, one operator, and a format. I group examples by the target operator, scan (pairing|op|format) until examples match and the target matches the boxed answer, then apply. I ignore flavor text.

S2: PARSE
Operator: '''
Target: 73'96  A=7,B=3,C=9,D=6
Examples using ''':
  E1: 97'87 = 185
  E2: 56'40 = 97

S3: SCAN
#1:AB_CD|cat|raw L=97,R=87 9787->9787 vs 185 NO
#2:AB_CD|mul|raw L=97,R=87 8439->8439 vs 185 NO
#3:AB_CD|add|raw L=97,R=87 184->184 vs 185 NO
#4:AB_CD|sub|raw L=97,R=87 10->10 vs 185 NO
#5:AB_CD|absdiff|raw L=97,R=87 10->10 vs 185 NO
#6:BA_DC|cat|rev L=79,R=78 7978->8797 vs 185 NO
#7:BA_DC|mul|rev L=79,R=78 6162->2616 vs 185 NO
#8:BA_DC|add|rev L=79,R=78 157->751 vs 185 NO
#9:BA_DC|cat|raw L=79,R=78 7978->7978 vs 185 NO
#10:AB_CD|cat|rev L=97,R=87 9787->7879 vs 185 NO
#11:AB_CD|mul|rev L=97,R=87 8439->9348 vs 185 NO
#12:AB_CD|add|rev L=97,R=87 184->481 vs 185 NO

S4: VER
E2: 56'40 = 97
AB_CD|add1|raw L=56,R=40 97->97 vs 97 YES

S5: LOCK: AB_CD|add1|raw

S6: APPLY
Target: 73'96
AB_CD: L=73,R=96
add1(73,96)=170 raw->170

S7: ANS=170

\boxed{170}"
921da788,"In Alice's Wonderland, a secret set of transformation rules is applied to equations. Below are a few examples:
47:51 = 98
41|72 = 873
25|07 = 0463
86|92 = 2791
Now, determine the result for: 53|78",5403,Equation Numeric,"I identify this as a symbol-digit (equation numeric) task: two-digit operands built from A,B,C,D, one operator, and a format. I group examples by the target operator, scan (pairing|op|format) until examples match and the target matches the boxed answer, then apply. I ignore flavor text.

S2: PARSE
Operator: '|'
Target: 53|78  A=5,B=3,C=7,D=8
Examples using '|':
  E1: 41|72 = 873
  E2: 25|07 = 0463
  E3: 86|92 = 2791

S3: SCAN
#1:AB_CD|cat|raw L=41,R=72 4172->4172 vs 873 NO
#2:AB_CD|mul|raw L=41,R=72 2952->2952 vs 873 NO
#3:AB_CD|add|raw L=41,R=72 113->113 vs 873 NO
#4:AB_CD|sub|raw L=41,R=72 -31->-31 vs 873 NO
#5:AB_CD|absdiff|raw L=41,R=72 31->31 vs 873 NO
#6:BA_DC|cat|rev L=14,R=27 1427->7241 vs 873 NO
#7:BA_DC|mul|rev L=14,R=27 378->873 vs 873 YES

S4: VER
E2: 25|07 = 0463
BA_DC|mul|rev L=52,R=70 3640->0463 vs 0463 YES

S5: LOCK: BA_DC|mul|rev

S6: APPLY
Target: 53|78
BA_DC: L=35,R=87
mul(35,87)=3045 rev->5403

S7: ANS=5403

\boxed{5403}"
92471ca4,"In Alice's Wonderland, a secret set of transformation rules is applied to equations. Below are a few examples:
71+45 = 4571
37+09 = 0937
34-63 = 7
Now, determine the result for: 02-38",36,Equation Numeric,"I identify this as a symbol-digit (equation numeric) task: two-digit operands built from A,B,C,D, one operator, and a format. I group examples by the target operator, scan (pairing|op|format) until examples match and the target matches the boxed answer, then apply. I ignore flavor text.

S2: PARSE
Operator: '-'
Target: 02-38  A=0,B=2,C=3,D=8
Examples using '-':
  E1: 34-63 = 7

S3: SCAN
#1:AB_CD|cat|raw L=34,R=63 3463->3463 vs 7 NO
#2:AB_CD|mul|raw L=34,R=63 2142->2142 vs 7 NO
#3:AB_CD|add|raw L=34,R=63 97->97 vs 7 NO
#4:AB_CD|sub|raw L=34,R=63 -29->-29 vs 7 NO
#5:AB_CD|absdiff|raw L=34,R=63 29->29 vs 7 NO
#6:BA_DC|cat|rev L=43,R=36 4336->6334 vs 7 NO
#7:BA_DC|mul|rev L=43,R=36 1548->8451 vs 7 NO
#8:BA_DC|add|rev L=43,R=36 79->97 vs 7 NO
#9:BA_DC|cat|raw L=43,R=36 4336->4336 vs 7 NO
#10:AB_CD|cat|rev L=34,R=63 3463->3643 vs 7 NO
#11:AB_CD|mul|rev L=34,R=63 2142->2412 vs 7 NO
#12:AB_CD|add|rev L=34,R=63 97->79 vs 7 NO

S5: LOCK: BA_DC|absdiff|rev

S6: APPLY
Target: 02-38
BA_DC: L=20,R=83
absdiff(20,83)=63 rev->36

S7: ANS=36

\boxed{36}"
93481650,"In Alice's Wonderland, a secret set of transformation rules is applied to equations. Below are a few examples:
82+64 = 47
35+89 = 151
94-76 = 81
21+25 = 46
87+73 = 511
Now, determine the result for: 42+61",04,Equation Numeric,"I identify this as a symbol-digit (equation numeric) task: two-digit operands built from A,B,C,D, one operator, and a format. I group examples by the target operator, scan (pairing|op|format) until examples match and the target matches the boxed answer, then apply. I ignore flavor text.

S2: PARSE
Operator: '+'
Target: 42+61  A=4,B=2,C=6,D=1
Examples using '+':
  E1: 82+64 = 47
  E2: 35+89 = 151
  E3: 21+25 = 46
  E4: 87+73 = 511

S3: SCAN
#1:AB_CD|cat|raw L=82,R=64 8264->8264 vs 47 NO
#2:AB_CD|mul|raw L=82,R=64 5248->5248 vs 47 NO
#3:AB_CD|add|raw L=82,R=64 146->146 vs 47 NO
#4:AB_CD|sub|raw L=82,R=64 18->18 vs 47 NO
#5:AB_CD|absdiff|raw L=82,R=64 18->18 vs 47 NO
#6:BA_DC|cat|rev L=28,R=46 2846->6482 vs 47 NO
#7:BA_DC|mul|rev L=28,R=46 1288->8821 vs 47 NO
#8:BA_DC|add|rev L=28,R=46 74->47 vs 47 YES

S4: VER
E2: 35+89 = 151
BA_DC|add|rev L=53,R=98 151->151 vs 151 YES

S5: LOCK: BA_DC|add|rev

S6: APPLY
Target: 42+61
BA_DC: L=24,R=16
add(24,16)=40 rev->04

S7: ANS=04

\boxed{04}"
93d1c7eb,"In Alice's Wonderland, a secret set of transformation rules is applied to equations. Below are a few examples:
29[22 = 07
24[68 = [44
54`61 = 027
Now, determine the result for: 28`55",0154,Equation Numeric,"I identify this as a symbol-digit (equation numeric) task: two-digit operands built from A,B,C,D, one operator, and a format. I group examples by the target operator, scan (pairing|op|format) until examples match and the target matches the boxed answer, then apply. I ignore flavor text.

S2: PARSE
Operator: '`'
Target: 28`55  A=2,B=8,C=5,D=5
Examples using '`':
  E1: 54`61 = 027

S3: SCAN
#1:AB_CD|cat|raw L=54,R=61 5461->5461 vs 027 NO
#2:AB_CD|mul|raw L=54,R=61 3294->3294 vs 027 NO
#3:AB_CD|add|raw L=54,R=61 115->115 vs 027 NO
#4:AB_CD|sub|raw L=54,R=61 -7->-7 vs 027 NO
#5:AB_CD|absdiff|raw L=54,R=61 7->7 vs 027 NO
#6:BA_DC|cat|rev L=45,R=16 4516->6154 vs 027 NO
#7:BA_DC|mul|rev L=45,R=16 720->027 vs 027 YES

S5: LOCK: BA_DC|mul|rev

S6: APPLY
Target: 28`55
BA_DC: L=82,R=55
mul(82,55)=4510 rev->0154

S7: ANS=0154

\boxed{0154}"
93f3ae6b,"In Alice's Wonderland, a secret set of transformation rules is applied to equations. Below are a few examples:
38-25 = 13
24-38 = -14
42[88 = 211
Now, determine the result for: 74[06",701,Equation Numeric,"I identify this as a symbol-digit (equation numeric) task: two-digit operands built from A,B,C,D, one operator, and a format. I group examples by the target operator, scan (pairing|op|format) until examples match and the target matches the boxed answer, then apply. I ignore flavor text.

S2: PARSE
Operator: '['
Target: 74[06  A=7,B=4,C=0,D=6
Examples using '[':
  E1: 42[88 = 211

S3: SCAN
#1:AB_CD|cat|raw L=42,R=88 4288->4288 vs 211 NO
#2:AB_CD|mul|raw L=42,R=88 3696->3696 vs 211 NO
#3:AB_CD|add|raw L=42,R=88 130->130 vs 211 NO
#4:AB_CD|sub|raw L=42,R=88 -46->-46 vs 211 NO
#5:AB_CD|absdiff|raw L=42,R=88 46->46 vs 211 NO
#6:BA_DC|cat|rev L=24,R=88 2488->8842 vs 211 NO
#7:BA_DC|mul|rev L=24,R=88 2112->2112 vs 211 NO
#8:BA_DC|add|rev L=24,R=88 112->211 vs 211 YES

S5: LOCK: BA_DC|add|rev

S6: APPLY
Target: 74[06
BA_DC: L=47,R=60
add(47,60)=107 rev->701

S7: ANS=701

\boxed{701}"
94b92001,"In Alice's Wonderland, a secret set of transformation rules is applied to equations. Below are a few examples:
51-63 = -12
67*54 = 0243
88+05 = 731
Now, determine the result for: 95+05",801,Equation Numeric,"I identify this as a symbol-digit (equation numeric) task: two-digit operands built from A,B,C,D, one operator, and a format. I group examples by the target operator, scan (pairing|op|format) until examples match and the target matches the boxed answer, then apply. I ignore flavor text.

S2: PARSE
Operator: '+'
Target: 95+05  A=9,B=5,C=0,D=5
Examples using '+':
  E1: 88+05 = 731

S3: SCAN
#1:AB_CD|cat|raw L=88,R=5 885->885 vs 731 NO
#2:AB_CD|mul|raw L=88,R=5 440->440 vs 731 NO
#3:AB_CD|add|raw L=88,R=5 93->93 vs 731 NO
#4:AB_CD|sub|raw L=88,R=5 83->83 vs 731 NO
#5:AB_CD|absdiff|raw L=88,R=5 83->83 vs 731 NO
#6:BA_DC|cat|rev L=88,R=50 8850->0588 vs 731 NO
#7:BA_DC|mul|rev L=88,R=50 4400->0044 vs 731 NO
#8:BA_DC|add|rev L=88,R=50 138->831 vs 731 NO
#9:BA_DC|cat|raw L=88,R=50 8850->8850 vs 731 NO
#10:AB_CD|cat|rev L=88,R=5 885->588 vs 731 NO
#11:AB_CD|mul|rev L=88,R=5 440->044 vs 731 NO
#12:AB_CD|add|rev L=88,R=5 93->39 vs 731 NO

S5: LOCK: BA_DC|addm1|rev

S6: APPLY
Target: 95+05
BA_DC: L=59,R=50
addm1(59,50)=108 rev->801

S7: ANS=801

\boxed{801}"
94bf323a,"In Alice's Wonderland, a secret set of transformation rules is applied to equations. Below are a few examples:
78*97 = 9778
91+36 = 28
55*83 = 8355
47+02 = 49
06*57 = 5706
Now, determine the result for: 58+19",671,Equation Numeric,"I identify this as a symbol-digit (equation numeric) task: two-digit operands built from A,B,C,D, one operator, and a format. I group examples by the target operator, scan (pairing|op|format) until examples match and the target matches the boxed answer, then apply. I ignore flavor text.

S2: PARSE
Operator: '+'
Target: 58+19  A=5,B=8,C=1,D=9
Examples using '+':
  E1: 91+36 = 28
  E2: 47+02 = 49

S3: SCAN
#1:AB_CD|cat|raw L=91,R=36 9136->9136 vs 28 NO
#2:AB_CD|mul|raw L=91,R=36 3276->3276 vs 28 NO
#3:AB_CD|add|raw L=91,R=36 127->127 vs 28 NO
#4:AB_CD|sub|raw L=91,R=36 55->55 vs 28 NO
#5:AB_CD|absdiff|raw L=91,R=36 55->55 vs 28 NO
#6:BA_DC|cat|rev L=19,R=63 1963->3691 vs 28 NO
#7:BA_DC|mul|rev L=19,R=63 1197->7911 vs 28 NO
#8:BA_DC|add|rev L=19,R=63 82->28 vs 28 YES

S4: VER
E2: 47+02 = 49
BA_DC|add|rev L=74,R=20 94->49 vs 49 YES

S5: LOCK: BA_DC|add|rev

S6: APPLY
Target: 58+19
BA_DC: L=85,R=91
add(85,91)=176 rev->671

S7: ANS=671

\boxed{671}"
957c70fd,"In Alice's Wonderland, a secret set of transformation rules is applied to equations. Below are a few examples:
89-96 = 92
69+79 = 291
96+07 = 831
28-37 = 9
Now, determine the result for: 07-77",-7,Equation Numeric,"I identify this as a symbol-digit (equation numeric) task: two-digit operands built from A,B,C,D, one operator, and a format. I group examples by the target operator, scan (pairing|op|format) until examples match and the target matches the boxed answer, then apply. I ignore flavor text.

S2: PARSE
Operator: '-'
Target: 07-77  A=0,B=7,C=7,D=7
Examples using '-':
  E1: 89-96 = 92
  E2: 28-37 = 9

S3: SCAN
#1:AB_CD|cat|raw L=89,R=96 8996->8996 vs 92 NO
#2:AB_CD|mul|raw L=89,R=96 8544->8544 vs 92 NO
#3:AB_CD|add|raw L=89,R=96 185->185 vs 92 NO
#4:AB_CD|sub|raw L=89,R=96 -7->-7 vs 92 NO
#5:AB_CD|absdiff|raw L=89,R=96 7->7 vs 92 NO
#6:BA_DC|cat|rev L=98,R=69 9869->9689 vs 92 NO
#7:BA_DC|mul|rev L=98,R=69 6762->2676 vs 92 NO
#8:BA_DC|add|rev L=98,R=69 167->761 vs 92 NO
#9:BA_DC|cat|raw L=98,R=69 9869->9869 vs 92 NO
#10:AB_CD|cat|rev L=89,R=96 8996->6998 vs 92 NO
#11:AB_CD|mul|rev L=89,R=96 8544->4458 vs 92 NO
#12:AB_CD|add|rev L=89,R=96 185->581 vs 92 NO

S4: VER
E2: 28-37 = 9
BA_DC|sub|rev L=82,R=73 9->9 vs 9 YES

S5: LOCK: BA_DC|sub|rev

S6: APPLY
Target: 07-77
BA_DC: L=70,R=77
sub(70,77)=-7 rev->-7

S7: ANS=-7

\boxed{-7}"
95afbb5f,"In Alice's Wonderland, a secret set of transformation rules is applied to equations. Below are a few examples:
96#53 = 150
11`93 = `82
22#40 = 63
84`92 = `8
31}39 = 1210
Now, determine the result for: 97}47",4560,Equation Numeric,"I identify this as a symbol-digit (equation numeric) task: two-digit operands built from A,B,C,D, one operator, and a format. I group examples by the target operator, scan (pairing|op|format) until examples match and the target matches the boxed answer, then apply. I ignore flavor text.

S2: PARSE
Operator: '}'
Target: 97}47  A=9,B=7,C=4,D=7
Examples using '}':
  E1: 31}39 = 1210

S3: SCAN
#1:AB_CD|cat|raw L=31,R=39 3139->3139 vs 1210 NO
#2:AB_CD|mul|raw L=31,R=39 1209->1209 vs 1210 NO
#3:AB_CD|add|raw L=31,R=39 70->70 vs 1210 NO
#4:AB_CD|sub|raw L=31,R=39 -8->-8 vs 1210 NO
#5:AB_CD|absdiff|raw L=31,R=39 8->8 vs 1210 NO
#6:BA_DC|cat|rev L=13,R=93 1393->3931 vs 1210 NO
#7:BA_DC|mul|rev L=13,R=93 1209->9021 vs 1210 NO
#8:BA_DC|add|rev L=13,R=93 106->601 vs 1210 NO
#9:BA_DC|cat|raw L=13,R=93 1393->1393 vs 1210 NO
#10:AB_CD|cat|rev L=31,R=39 3139->9313 vs 1210 NO
#11:AB_CD|mul|rev L=31,R=39 1209->9021 vs 1210 NO
#12:AB_CD|add|rev L=31,R=39 70->07 vs 1210 NO

S5: LOCK: AB_CD|muladd1|raw

S6: APPLY
Target: 97}47
AB_CD: L=97,R=47
muladd1(97,47)=4560 raw->4560

S7: ANS=4560

\boxed{4560}"
95d8ff2c,"In Alice's Wonderland, a secret set of transformation rules is applied to equations. Below are a few examples:
06""61 = 57
19""33 = 321
43|44 = 01
16|87 = 71
99""96 = 761
Now, determine the result for: 88""96",651,Equation Numeric,"I identify this as a symbol-digit (equation numeric) task: two-digit operands built from A,B,C,D, one operator, and a format. I group examples by the target operator, scan (pairing|op|format) until examples match and the target matches the boxed answer, then apply. I ignore flavor text.

S2: PARSE
Operator: '""'
Target: 88""96  A=8,B=8,C=9,D=6
Examples using '""':
  E1: 06""61 = 57
  E2: 19""33 = 321
  E3: 99""96 = 761

S3: SCAN
#1:AB_CD|cat|raw L=6,R=61 661->661 vs 57 NO
#2:AB_CD|mul|raw L=6,R=61 366->366 vs 57 NO
#3:AB_CD|add|raw L=6,R=61 67->67 vs 57 NO
#4:AB_CD|sub|raw L=6,R=61 -55->-55 vs 57 NO
#5:AB_CD|absdiff|raw L=6,R=61 55->55 vs 57 NO
#6:BA_DC|cat|rev L=60,R=16 6016->6106 vs 57 NO
#7:BA_DC|mul|rev L=60,R=16 960->069 vs 57 NO
#8:BA_DC|add|rev L=60,R=16 76->67 vs 57 NO
#9:BA_DC|cat|raw L=60,R=16 6016->6016 vs 57 NO
#10:AB_CD|cat|rev L=6,R=61 661->166 vs 57 NO
#11:AB_CD|mul|rev L=6,R=61 366->663 vs 57 NO
#12:AB_CD|add|rev L=6,R=61 67->76 vs 57 NO

S4: VER
E2: 19""33 = 321
BA_DC|addm1|rev L=91,R=33 123->321 vs 321 YES

S5: LOCK: BA_DC|addm1|rev

S6: APPLY
Target: 88""96
BA_DC: L=88,R=69
addm1(88,69)=156 rev->651

S7: ANS=651

\boxed{651}"
9610985a,"In Alice's Wonderland, a secret set of transformation rules is applied to equations. Below are a few examples:
36)18 = 648
14-49 = -35
88-72 = -16
Now, determine the result for: 64-42",-22,Equation Numeric,"I identify this as a symbol-digit (equation numeric) task: two-digit operands built from A,B,C,D, one operator, and a format. I group examples by the target operator, scan (pairing|op|format) until examples match and the target matches the boxed answer, then apply. I ignore flavor text.

S2: PARSE
Operator: '-'
Target: 64-42  A=6,B=4,C=4,D=2
Examples using '-':
  E1: 14-49 = -35
  E2: 88-72 = -16

S3: SCAN
#1:AB_CD|cat|raw L=14,R=49 1449->1449 vs -35 NO
#2:AB_CD|mul|raw L=14,R=49 686->686 vs -35 NO
#3:AB_CD|add|raw L=14,R=49 63->63 vs -35 NO
#4:AB_CD|sub|raw L=14,R=49 -35->-35 vs -35 NO
#5:AB_CD|absdiff|raw L=14,R=49 35->35 vs -35 NO
#6:BA_DC|cat|rev L=41,R=94 4194->4914 vs -35 NO
#7:BA_DC|mul|rev L=41,R=94 3854->4583 vs -35 NO
#8:BA_DC|add|rev L=41,R=94 135->531 vs -35 NO
#9:BA_DC|cat|raw L=41,R=94 4194->4194 vs -35 NO
#10:AB_CD|cat|rev L=14,R=49 1449->9441 vs -35 NO
#11:AB_CD|mul|rev L=14,R=49 686->686 vs -35 NO
#12:AB_CD|add|rev L=14,R=49 63->36 vs -35 NO

S4: VER
E2: 88-72 = -16
AB_CD|sub|neg L=88,R=72 16->-16 vs -16 YES

S5: LOCK: AB_CD|sub|neg

S6: APPLY
Target: 64-42
AB_CD: L=64,R=42
sub(64,42)=22 neg->-22

S7: ANS=-22

\boxed{-22}"
963bdc67,"In Alice's Wonderland, a secret set of transformation rules is applied to equations. Below are a few examples:
52*81 = 7
49-83 = 2753
96\83 = 9683
Now, determine the result for: 99\73",9973,Equation Numeric,"I identify this as a symbol-digit (equation numeric) task: two-digit operands built from A,B,C,D, one operator, and a format. I group examples by the target operator, scan (pairing|op|format) until examples match and the target matches the boxed answer, then apply. I ignore flavor text.

S2: PARSE
Operator: '\'
Target: 99\73  A=9,B=9,C=7,D=3
Examples using '\':
  E1: 96\83 = 9683

S3: SCAN
#1:AB_CD|cat|raw L=96,R=83 9683->9683 vs 9683 YES

S5: LOCK: AB_CD|cat|raw

S6: APPLY
Target: 99\73
AB_CD: L=99,R=73
cat(99,73)=9973 raw->9973

S7: ANS=9973

\boxed{9973}"
963e85bb,"In Alice's Wonderland, a secret set of transformation rules is applied to equations. Below are a few examples:
70@44 = 3081
93$33 = 126
94@73 = 6863
43@37 = 1592
Now, determine the result for: 52$24",76,Equation Numeric,"I identify this as a symbol-digit (equation numeric) task: two-digit operands built from A,B,C,D, one operator, and a format. I group examples by the target operator, scan (pairing|op|format) until examples match and the target matches the boxed answer, then apply. I ignore flavor text.

S2: PARSE
Operator: '$'
Target: 52$24  A=5,B=2,C=2,D=4
Examples using '$':
  E1: 93$33 = 126

S3: SCAN
#1:AB_CD|cat|raw L=93,R=33 9333->9333 vs 126 NO
#2:AB_CD|mul|raw L=93,R=33 3069->3069 vs 126 NO
#3:AB_CD|add|raw L=93,R=33 126->126 vs 126 YES

S5: LOCK: AB_CD|add|raw

S6: APPLY
Target: 52$24
AB_CD: L=52,R=24
add(52,24)=76 raw->76

S7: ANS=76

\boxed{76}"
9760032a,"In Alice's Wonderland, a secret set of transformation rules is applied to equations. Below are a few examples:
32+98 = 9832
51-63 = -12
38+76 = 7638
Now, determine the result for: 72+93",9372,Equation Numeric,"I identify this as a symbol-digit (equation numeric) task: two-digit operands built from A,B,C,D, one operator, and a format. I group examples by the target operator, scan (pairing|op|format) until examples match and the target matches the boxed answer, then apply. I ignore flavor text.

S2: PARSE
Operator: '+'
Target: 72+93  A=7,B=2,C=9,D=3
Examples using '+':
  E1: 32+98 = 9832
  E2: 38+76 = 7638

S3: SCAN
#1:AB_CD|cat|raw L=32,R=98 3298->3298 vs 9832 NO
#2:AB_CD|mul|raw L=32,R=98 3136->3136 vs 9832 NO
#3:AB_CD|add|raw L=32,R=98 130->130 vs 9832 NO
#4:AB_CD|sub|raw L=32,R=98 -66->-66 vs 9832 NO
#5:AB_CD|absdiff|raw L=32,R=98 66->66 vs 9832 NO
#6:BA_DC|cat|rev L=23,R=89 2389->9832 vs 9832 YES

S4: VER
E2: 38+76 = 7638
BA_DC|cat|rev L=83,R=67 8367->7638 vs 7638 YES

S5: LOCK: BA_DC|cat|rev

S6: APPLY
Target: 72+93
BA_DC: L=27,R=39
cat(27,39)=2739 rev->9372

S7: ANS=9372

\boxed{9372}"
9769bade,"In Alice's Wonderland, a secret set of transformation rules is applied to equations. Below are a few examples:
84`61 = 23
94!97 = 9119
43[84 = 127
97`32 = 65
Now, determine the result for: 58!89",5163,Equation Numeric,"I identify this as a symbol-digit (equation numeric) task: two-digit operands built from A,B,C,D, one operator, and a format. I group examples by the target operator, scan (pairing|op|format) until examples match and the target matches the boxed answer, then apply. I ignore flavor text.

S2: PARSE
Operator: '!'
Target: 58!89  A=5,B=8,C=8,D=9
Examples using '!':
  E1: 94!97 = 9119

S3: SCAN
#1:AB_CD|cat|raw L=94,R=97 9497->9497 vs 9119 NO
#2:AB_CD|mul|raw L=94,R=97 9118->9118 vs 9119 NO
#3:AB_CD|add|raw L=94,R=97 191->191 vs 9119 NO
#4:AB_CD|sub|raw L=94,R=97 -3->-3 vs 9119 NO
#5:AB_CD|absdiff|raw L=94,R=97 3->3 vs 9119 NO
#6:BA_DC|cat|rev L=49,R=79 4979->9794 vs 9119 NO
#7:BA_DC|mul|rev L=49,R=79 3871->1783 vs 9119 NO
#8:BA_DC|add|rev L=49,R=79 128->821 vs 9119 NO
#9:BA_DC|cat|raw L=49,R=79 4979->4979 vs 9119 NO
#10:AB_CD|cat|rev L=94,R=97 9497->7949 vs 9119 NO
#11:AB_CD|mul|rev L=94,R=97 9118->8119 vs 9119 NO
#12:AB_CD|add|rev L=94,R=97 191->191 vs 9119 NO

S5: LOCK: AB_CD|muladd1|raw

S6: APPLY
Target: 58!89
AB_CD: L=58,R=89
muladd1(58,89)=5163 raw->5163

S7: ANS=5163

\boxed{5163}"
98a2636e,"In Alice's Wonderland, a secret set of transformation rules is applied to equations. Below are a few examples:
51+73 = 25
75-59 = 83
41-27 = 2
Now, determine the result for: 36+73",001,Equation Numeric,"I identify this as a symbol-digit (equation numeric) task: two-digit operands built from A,B,C,D, one operator, and a format. I group examples by the target operator, scan (pairing|op|format) until examples match and the target matches the boxed answer, then apply. I ignore flavor text.

S2: PARSE
Operator: '+'
Target: 36+73  A=3,B=6,C=7,D=3
Examples using '+':
  E1: 51+73 = 25

S3: SCAN
#1:AB_CD|cat|raw L=51,R=73 5173->5173 vs 25 NO
#2:AB_CD|mul|raw L=51,R=73 3723->3723 vs 25 NO
#3:AB_CD|add|raw L=51,R=73 124->124 vs 25 NO
#4:AB_CD|sub|raw L=51,R=73 -22->-22 vs 25 NO
#5:AB_CD|absdiff|raw L=51,R=73 22->22 vs 25 NO
#6:BA_DC|cat|rev L=15,R=37 1537->7351 vs 25 NO
#7:BA_DC|mul|rev L=15,R=37 555->555 vs 25 NO
#8:BA_DC|add|rev L=15,R=37 52->25 vs 25 YES

S5: LOCK: BA_DC|add|rev

S6: APPLY
Target: 36+73
BA_DC: L=63,R=37
add(63,37)=100 rev->001

S7: ANS=001

\boxed{001}"
98bb54f7,"In Alice's Wonderland, a secret set of transformation rules is applied to equations. Below are a few examples:
24-55 = 31
48*02 = 9761
21*42 = 782
49+96 = 361
33+06 = 39
Now, determine the result for: 96*49",5846,Equation Numeric,"I identify this as a symbol-digit (equation numeric) task: two-digit operands built from A,B,C,D, one operator, and a format. I group examples by the target operator, scan (pairing|op|format) until examples match and the target matches the boxed answer, then apply. I ignore flavor text.

S2: PARSE
Operator: '*'
Target: 96*49  A=9,B=6,C=4,D=9
Examples using '*':
  E1: 48*02 = 9761
  E2: 21*42 = 782

S3: SCAN
#1:AB_CD|cat|raw L=48,R=2 482->482 vs 9761 NO
#2:AB_CD|mul|raw L=48,R=2 96->96 vs 9761 NO
#3:AB_CD|add|raw L=48,R=2 50->50 vs 9761 NO
#4:AB_CD|sub|raw L=48,R=2 46->46 vs 9761 NO
#5:AB_CD|absdiff|raw L=48,R=2 46->46 vs 9761 NO
#6:BA_DC|cat|rev L=84,R=20 8420->0248 vs 9761 NO
#7:BA_DC|mul|rev L=84,R=20 1680->0861 vs 9761 NO
#8:BA_DC|add|rev L=84,R=20 104->401 vs 9761 NO
#9:BA_DC|cat|raw L=84,R=20 8420->8420 vs 9761 NO
#10:AB_CD|cat|rev L=48,R=2 482->284 vs 9761 NO
#11:AB_CD|mul|rev L=48,R=2 96->69 vs 9761 NO
#12:AB_CD|add|rev L=48,R=2 50->05 vs 9761 NO

S4: VER
E2: 21*42 = 782
BA_DC|mulsub1|rev L=12,R=24 287->782 vs 782 YES

S5: LOCK: BA_DC|mulsub1|rev

S6: APPLY
Target: 96*49
BA_DC: L=69,R=94
mulsub1(69,94)=6485 rev->5846

S7: ANS=5846

\boxed{5846}"
99e2cf41,"In Alice's Wonderland, a secret set of transformation rules is applied to equations. Below are a few examples:
09+62 = 6209
32*63 = 828
83+45 = 4583
42*87 = 2781
Now, determine the result for: 15+44",4415,Equation Numeric,"I identify this as a symbol-digit (equation numeric) task: two-digit operands built from A,B,C,D, one operator, and a format. I group examples by the target operator, scan (pairing|op|format) until examples match and the target matches the boxed answer, then apply. I ignore flavor text.

S2: PARSE
Operator: '+'
Target: 15+44  A=1,B=5,C=4,D=4
Examples using '+':
  E1: 09+62 = 6209
  E2: 83+45 = 4583

S3: SCAN
#1:AB_CD|cat|raw L=9,R=62 962->962 vs 6209 NO
#2:AB_CD|mul|raw L=9,R=62 558->558 vs 6209 NO
#3:AB_CD|add|raw L=9,R=62 71->71 vs 6209 NO
#4:AB_CD|sub|raw L=9,R=62 -53->-53 vs 6209 NO
#5:AB_CD|absdiff|raw L=9,R=62 53->53 vs 6209 NO
#6:BA_DC|cat|rev L=90,R=26 9026->6209 vs 6209 YES

S4: VER
E2: 83+45 = 4583
BA_DC|cat|rev L=38,R=54 3854->4583 vs 4583 YES

S5: LOCK: BA_DC|cat|rev

S6: APPLY
Target: 15+44
BA_DC: L=51,R=44
cat(51,44)=5144 rev->4415

S7: ANS=4415

\boxed{4415}"
9a9f6025,"In Alice's Wonderland, a secret set of transformation rules is applied to equations. Below are a few examples:
44-28 = -83
56-18 = -61
53*21 = 2153
41+68 = 001
29+56 = 751
Now, determine the result for: 03-59",-56,Equation Numeric,"I identify this as a symbol-digit (equation numeric) task: two-digit operands built from A,B,C,D, one operator, and a format. I group examples by the target operator, scan (pairing|op|format) until examples match and the target matches the boxed answer, then apply. I ignore flavor text.

S2: PARSE
Operator: '-'
Target: 03-59  A=0,B=3,C=5,D=9
Examples using '-':
  E1: 44-28 = -83
  E2: 56-18 = -61

S3: SCAN
#1:AB_CD|cat|raw L=44,R=28 4428->4428 vs -83 NO
#2:AB_CD|mul|raw L=44,R=28 1232->1232 vs -83 NO
#3:AB_CD|add|raw L=44,R=28 72->72 vs -83 NO
#4:AB_CD|sub|raw L=44,R=28 16->16 vs -83 NO
#5:AB_CD|absdiff|raw L=44,R=28 16->16 vs -83 NO
#6:BA_DC|cat|rev L=44,R=82 4482->2844 vs -83 NO
#7:BA_DC|mul|rev L=44,R=82 3608->8063 vs -83 NO
#8:BA_DC|add|rev L=44,R=82 126->621 vs -83 NO
#9:BA_DC|cat|raw L=44,R=82 4482->4482 vs -83 NO
#10:AB_CD|cat|rev L=44,R=28 4428->8244 vs -83 NO
#11:AB_CD|mul|rev L=44,R=28 1232->2321 vs -83 NO
#12:AB_CD|add|rev L=44,R=28 72->27 vs -83 NO

S4: VER
E2: 56-18 = -61
BA_DC|sub|rev L=65,R=81 -16->-61 vs -61 YES

S5: LOCK: BA_DC|sub|rev

S6: APPLY
Target: 03-59
BA_DC: L=30,R=95
sub(30,95)=-65 rev->-56

S7: ANS=-56

\boxed{-56}"
9ae3b78e,"In Alice's Wonderland, a secret set of transformation rules is applied to equations. Below are a few examples:
15@99 = 9405
78|61 = 401
64|17 = 811
16\35 = 8\
Now, determine the result for: 57@55",5214,Equation Numeric,"I identify this as a symbol-digit (equation numeric) task: two-digit operands built from A,B,C,D, one operator, and a format. I group examples by the target operator, scan (pairing|op|format) until examples match and the target matches the boxed answer, then apply. I ignore flavor text.

S2: PARSE
Operator: '@'
Target: 57@55  A=5,B=7,C=5,D=5
Examples using '@':
  E1: 15@99 = 9405

S3: SCAN
#1:AB_CD|cat|raw L=15,R=99 1599->1599 vs 9405 NO
#2:AB_CD|mul|raw L=15,R=99 1485->1485 vs 9405 NO
#3:AB_CD|add|raw L=15,R=99 114->114 vs 9405 NO
#4:AB_CD|sub|raw L=15,R=99 -84->-84 vs 9405 NO
#5:AB_CD|absdiff|raw L=15,R=99 84->84 vs 9405 NO
#6:BA_DC|cat|rev L=51,R=99 5199->9915 vs 9405 NO
#7:BA_DC|mul|rev L=51,R=99 5049->9405 vs 9405 YES

S5: LOCK: BA_DC|mul|rev

S6: APPLY
Target: 57@55
BA_DC: L=75,R=55
mul(75,55)=4125 rev->5214

S7: ANS=5214

\boxed{5214}"
9b1ea308,"In Alice's Wonderland, a secret set of transformation rules is applied to equations. Below are a few examples:
37\35 = 02
03|42 = 45
81:87 = 8781
18\91 = 26
Now, determine the result for: 99|36",261,Equation Numeric,"I identify this as a symbol-digit (equation numeric) task: two-digit operands built from A,B,C,D, one operator, and a format. I group examples by the target operator, scan (pairing|op|format) until examples match and the target matches the boxed answer, then apply. I ignore flavor text.

S2: PARSE
Operator: '|'
Target: 99|36  A=9,B=9,C=3,D=6
Examples using '|':
  E1: 03|42 = 45

S3: SCAN
#1:AB_CD|cat|raw L=3,R=42 342->342 vs 45 NO
#2:AB_CD|mul|raw L=3,R=42 126->126 vs 45 NO
#3:AB_CD|add|raw L=3,R=42 45->45 vs 45 NO
#4:AB_CD|sub|raw L=3,R=42 -39->-39 vs 45 NO
#5:AB_CD|absdiff|raw L=3,R=42 39->39 vs 45 NO
#6:BA_DC|cat|rev L=30,R=24 3024->4203 vs 45 NO
#7:BA_DC|mul|rev L=30,R=24 720->027 vs 45 NO
#8:BA_DC|add|rev L=30,R=24 54->45 vs 45 YES

S5: LOCK: BA_DC|add|rev

S6: APPLY
Target: 99|36
BA_DC: L=99,R=63
add(99,63)=162 rev->261

S7: ANS=261

\boxed{261}"
9b458fbc,"In Alice's Wonderland, a secret set of transformation rules is applied to equations. Below are a few examples:
84:48 = 4032
20@34 = 2034
12:85 = 1020
42[50 = 8
Now, determine the result for: 34[73",39,Equation Numeric,"I identify this as a symbol-digit (equation numeric) task: two-digit operands built from A,B,C,D, one operator, and a format. I group examples by the target operator, scan (pairing|op|format) until examples match and the target matches the boxed answer, then apply. I ignore flavor text.

S2: PARSE
Operator: '['
Target: 34[73  A=3,B=4,C=7,D=3
Examples using '[':
  E1: 42[50 = 8

S3: SCAN
#1:AB_CD|cat|raw L=42,R=50 4250->4250 vs 8 NO
#2:AB_CD|mul|raw L=42,R=50 2100->2100 vs 8 NO
#3:AB_CD|add|raw L=42,R=50 92->92 vs 8 NO
#4:AB_CD|sub|raw L=42,R=50 -8->-8 vs 8 NO
#5:AB_CD|absdiff|raw L=42,R=50 8->8 vs 8 YES

S5: LOCK: AB_CD|absdiff|raw

S6: APPLY
Target: 34[73
AB_CD: L=34,R=73
absdiff(34,73)=39 raw->39

S7: ANS=39

\boxed{39}"
9b820b4e,"In Alice's Wonderland, a secret set of transformation rules is applied to equations. Below are a few examples:
29|97 = |68
99*46 = 146
20|32 = |12
11}22 = 241
13}43 = 558
Now, determine the result for: 65}68",4419,Equation Numeric,"I identify this as a symbol-digit (equation numeric) task: two-digit operands built from A,B,C,D, one operator, and a format. I group examples by the target operator, scan (pairing|op|format) until examples match and the target matches the boxed answer, then apply. I ignore flavor text.

S2: PARSE
Operator: '}'
Target: 65}68  A=6,B=5,C=6,D=8
Examples using '}':
  E1: 11}22 = 241
  E2: 13}43 = 558

S3: SCAN
#1:AB_CD|cat|raw L=11,R=22 1122->1122 vs 241 NO
#2:AB_CD|mul|raw L=11,R=22 242->242 vs 241 NO
#3:AB_CD|add|raw L=11,R=22 33->33 vs 241 NO
#4:AB_CD|sub|raw L=11,R=22 -11->-11 vs 241 NO
#5:AB_CD|absdiff|raw L=11,R=22 11->11 vs 241 NO
#6:BA_DC|cat|rev L=11,R=22 1122->2211 vs 241 NO
#7:BA_DC|mul|rev L=11,R=22 242->242 vs 241 NO
#8:BA_DC|add|rev L=11,R=22 33->33 vs 241 NO
#9:BA_DC|cat|raw L=11,R=22 1122->1122 vs 241 NO
#10:AB_CD|cat|rev L=11,R=22 1122->2211 vs 241 NO
#11:AB_CD|mul|rev L=11,R=22 242->242 vs 241 NO
#12:AB_CD|add|rev L=11,R=22 33->33 vs 241 NO

S4: VER
E2: 13}43 = 558
AB_CD|mulsub1|raw L=13,R=43 558->558 vs 558 YES

S5: LOCK: AB_CD|mulsub1|raw

S6: APPLY
Target: 65}68
AB_CD: L=65,R=68
mulsub1(65,68)=4419 raw->4419

S7: ANS=4419

\boxed{4419}"
9b9e024b,"In Alice's Wonderland, a secret set of transformation rules is applied to equations. Below are a few examples:
66""66 = 6666
88#67 = 461
75\65 = 1\
Now, determine the result for: 23#29",421,Equation Numeric,"I identify this as a symbol-digit (equation numeric) task: two-digit operands built from A,B,C,D, one operator, and a format. I group examples by the target operator, scan (pairing|op|format) until examples match and the target matches the boxed answer, then apply. I ignore flavor text.

S2: PARSE
Operator: '#'
Target: 23#29  A=2,B=3,C=2,D=9
Examples using '#':
  E1: 88#67 = 461

S3: SCAN
#1:AB_CD|cat|raw L=88,R=67 8867->8867 vs 461 NO
#2:AB_CD|mul|raw L=88,R=67 5896->5896 vs 461 NO
#3:AB_CD|add|raw L=88,R=67 155->155 vs 461 NO
#4:AB_CD|sub|raw L=88,R=67 21->21 vs 461 NO
#5:AB_CD|absdiff|raw L=88,R=67 21->21 vs 461 NO
#6:BA_DC|cat|rev L=88,R=76 8876->6788 vs 461 NO
#7:BA_DC|mul|rev L=88,R=76 6688->8866 vs 461 NO
#8:BA_DC|add|rev L=88,R=76 164->461 vs 461 YES

S5: LOCK: BA_DC|add|rev

S6: APPLY
Target: 23#29
BA_DC: L=32,R=92
add(32,92)=124 rev->421

S7: ANS=421

\boxed{421}"
9c8eef89,"In Alice's Wonderland, a secret set of transformation rules is applied to equations. Below are a few examples:
29!92 = !63
49""56 = 2744
93!86 = !7
19-49 = 67
Now, determine the result for: 36""48",1728,Equation Numeric,"I identify this as a symbol-digit (equation numeric) task: two-digit operands built from A,B,C,D, one operator, and a format. I group examples by the target operator, scan (pairing|op|format) until examples match and the target matches the boxed answer, then apply. I ignore flavor text.

S2: PARSE
Operator: '""'
Target: 36""48  A=3,B=6,C=4,D=8
Examples using '""':
  E1: 49""56 = 2744

S3: SCAN
#1:AB_CD|cat|raw L=49,R=56 4956->4956 vs 2744 NO
#2:AB_CD|mul|raw L=49,R=56 2744->2744 vs 2744 YES

S5: LOCK: AB_CD|mul|raw

S6: APPLY
Target: 36""48
AB_CD: L=36,R=48
mul(36,48)=1728 raw->1728

S7: ANS=1728

\boxed{1728}"
9cb03277,"In Alice's Wonderland, a secret set of transformation rules is applied to equations. Below are a few examples:
46*79 = 9026
74*92 = 4631
55`84 = 301
57!58 = 01
01*42 = 142
Now, determine the result for: 52!78",26,Equation Numeric,"I identify this as a symbol-digit (equation numeric) task: two-digit operands built from A,B,C,D, one operator, and a format. I group examples by the target operator, scan (pairing|op|format) until examples match and the target matches the boxed answer, then apply. I ignore flavor text.

S2: PARSE
Operator: '!'
Target: 52!78  A=5,B=2,C=7,D=8
Examples using '!':
  E1: 57!58 = 01

S3: SCAN
#1:AB_CD|cat|raw L=57,R=58 5758->5758 vs 01 NO
#2:AB_CD|mul|raw L=57,R=58 3306->3306 vs 01 NO
#3:AB_CD|add|raw L=57,R=58 115->115 vs 01 NO
#4:AB_CD|sub|raw L=57,R=58 -1->-1 vs 01 NO
#5:AB_CD|absdiff|raw L=57,R=58 1->1 vs 01 NO
#6:BA_DC|cat|rev L=75,R=85 7585->5857 vs 01 NO
#7:BA_DC|mul|rev L=75,R=85 6375->5736 vs 01 NO
#8:BA_DC|add|rev L=75,R=85 160->061 vs 01 NO
#9:BA_DC|cat|raw L=75,R=85 7585->7585 vs 01 NO
#10:AB_CD|cat|rev L=57,R=58 5758->8575 vs 01 NO
#11:AB_CD|mul|rev L=57,R=58 3306->6033 vs 01 NO
#12:AB_CD|add|rev L=57,R=58 115->511 vs 01 NO

S5: LOCK: AB_CD|absdiff|zpad2

S6: APPLY
Target: 52!78
AB_CD: L=52,R=78
absdiff(52,78)=26 zpad2->26

S7: ANS=26

\boxed{26}"
9d4ae6b8,"In Alice's Wonderland, a secret set of transformation rules is applied to equations. Below are a few examples:
18)69 = 1869
96|81 = 177
80-13 = 67
Now, determine the result for: 51-35",16,Equation Numeric,"I identify this as a symbol-digit (equation numeric) task: two-digit operands built from A,B,C,D, one operator, and a format. I group examples by the target operator, scan (pairing|op|format) until examples match and the target matches the boxed answer, then apply. I ignore flavor text.

S2: PARSE
Operator: '-'
Target: 51-35  A=5,B=1,C=3,D=5
Examples using '-':
  E1: 80-13 = 67

S3: SCAN
#1:AB_CD|cat|raw L=80,R=13 8013->8013 vs 67 NO
#2:AB_CD|mul|raw L=80,R=13 1040->1040 vs 67 NO
#3:AB_CD|add|raw L=80,R=13 93->93 vs 67 NO
#4:AB_CD|sub|raw L=80,R=13 67->67 vs 67 YES

S5: LOCK: AB_CD|sub|raw

S6: APPLY
Target: 51-35
AB_CD: L=51,R=35
sub(51,35)=16 raw->16

S7: ANS=16

\boxed{16}"
9d575da5,"In Alice's Wonderland, a secret set of transformation rules is applied to equations. Below are a few examples:
78-42 = 36
27*08 = 1675
61-86 = 25
03+68 = 611
Now, determine the result for: 32+88",111,Equation Numeric,"I identify this as a symbol-digit (equation numeric) task: two-digit operands built from A,B,C,D, one operator, and a format. I group examples by the target operator, scan (pairing|op|format) until examples match and the target matches the boxed answer, then apply. I ignore flavor text.

S2: PARSE
Operator: '+'
Target: 32+88  A=3,B=2,C=8,D=8
Examples using '+':
  E1: 03+68 = 611

S3: SCAN
#1:AB_CD|cat|raw L=3,R=68 368->368 vs 611 NO
#2:AB_CD|mul|raw L=3,R=68 204->204 vs 611 NO
#3:AB_CD|add|raw L=3,R=68 71->71 vs 611 NO
#4:AB_CD|sub|raw L=3,R=68 -65->-65 vs 611 NO
#5:AB_CD|absdiff|raw L=3,R=68 65->65 vs 611 NO
#6:BA_DC|cat|rev L=30,R=86 3086->6803 vs 611 NO
#7:BA_DC|mul|rev L=30,R=86 2580->0852 vs 611 NO
#8:BA_DC|add|rev L=30,R=86 116->611 vs 611 YES

S5: LOCK: BA_DC|add|rev

S6: APPLY
Target: 32+88
BA_DC: L=23,R=88
add(23,88)=111 rev->111

S7: ANS=111

\boxed{111}"
9d7af57b,"In Alice's Wonderland, a secret set of transformation rules is applied to equations. Below are a few examples:
37`44 = 711
96`97 = 841
31&82 = 463
51&27 = 0801
23`41 = 64
Now, determine the result for: 33`56",89,Equation Numeric,"I identify this as a symbol-digit (equation numeric) task: two-digit operands built from A,B,C,D, one operator, and a format. I group examples by the target operator, scan (pairing|op|format) until examples match and the target matches the boxed answer, then apply. I ignore flavor text.

S2: PARSE
Operator: '`'
Target: 33`56  A=3,B=3,C=5,D=6
Examples using '`':
  E1: 37`44 = 711
  E2: 96`97 = 841
  E3: 23`41 = 64

S3: SCAN
#1:AB_CD|cat|raw L=37,R=44 3744->3744 vs 711 NO
#2:AB_CD|mul|raw L=37,R=44 1628->1628 vs 711 NO
#3:AB_CD|add|raw L=37,R=44 81->81 vs 711 NO
#4:AB_CD|sub|raw L=37,R=44 -7->-7 vs 711 NO
#5:AB_CD|absdiff|raw L=37,R=44 7->7 vs 711 NO
#6:BA_DC|cat|rev L=73,R=44 7344->4437 vs 711 NO
#7:BA_DC|mul|rev L=73,R=44 3212->2123 vs 711 NO
#8:BA_DC|add|rev L=73,R=44 117->711 vs 711 YES

S4: VER
E2: 96`97 = 841
BA_DC|add|rev L=69,R=79 148->841 vs 841 YES

S5: LOCK: BA_DC|add|rev

S6: APPLY
Target: 33`56
BA_DC: L=33,R=65
add(33,65)=98 rev->89

S7: ANS=89

\boxed{89}"
9dd8adaa,"In Alice's Wonderland, a secret set of transformation rules is applied to equations. Below are a few examples:
05+69 = 641
98+28 = 171
49*19 = 1949
02*83 = 8302
Now, determine the result for: 08*43",4308,Equation Numeric,"I identify this as a symbol-digit (equation numeric) task: two-digit operands built from A,B,C,D, one operator, and a format. I group examples by the target operator, scan (pairing|op|format) until examples match and the target matches the boxed answer, then apply. I ignore flavor text.

S2: PARSE
Operator: '*'
Target: 08*43  A=0,B=8,C=4,D=3
Examples using '*':
  E1: 49*19 = 1949
  E2: 02*83 = 8302

S3: SCAN
#1:AB_CD|cat|raw L=49,R=19 4919->4919 vs 1949 NO
#2:AB_CD|mul|raw L=49,R=19 931->931 vs 1949 NO
#3:AB_CD|add|raw L=49,R=19 68->68 vs 1949 NO
#4:AB_CD|sub|raw L=49,R=19 30->30 vs 1949 NO
#5:AB_CD|absdiff|raw L=49,R=19 30->30 vs 1949 NO
#6:BA_DC|cat|rev L=94,R=91 9491->1949 vs 1949 YES

S4: VER
E2: 02*83 = 8302
BA_DC|cat|rev L=20,R=38 2038->8302 vs 8302 YES

S5: LOCK: BA_DC|cat|rev

S6: APPLY
Target: 08*43
BA_DC: L=80,R=34
cat(80,34)=8034 rev->4308

S7: ANS=4308

\boxed{4308}"
9e5d97de,"In Alice's Wonderland, a secret set of transformation rules is applied to equations. Below are a few examples:
65-44 = 001
97-88 = 761
71%76 = 8311
96?03 = 93?
Now, determine the result for: 48-31",79,Equation Numeric,"I identify this as a symbol-digit (equation numeric) task: two-digit operands built from A,B,C,D, one operator, and a format. I group examples by the target operator, scan (pairing|op|format) until examples match and the target matches the boxed answer, then apply. I ignore flavor text.

S2: PARSE
Operator: '-'
Target: 48-31  A=4,B=8,C=3,D=1
Examples using '-':
  E1: 65-44 = 001
  E2: 97-88 = 761

S3: SCAN
#1:AB_CD|cat|raw L=65,R=44 6544->6544 vs 001 NO
#2:AB_CD|mul|raw L=65,R=44 2860->2860 vs 001 NO
#3:AB_CD|add|raw L=65,R=44 109->109 vs 001 NO
#4:AB_CD|sub|raw L=65,R=44 21->21 vs 001 NO
#5:AB_CD|absdiff|raw L=65,R=44 21->21 vs 001 NO
#6:BA_DC|cat|rev L=56,R=44 5644->4465 vs 001 NO
#7:BA_DC|mul|rev L=56,R=44 2464->4642 vs 001 NO
#8:BA_DC|add|rev L=56,R=44 100->001 vs 001 YES

S4: VER
E2: 97-88 = 761
BA_DC|add|rev L=79,R=88 167->761 vs 761 YES

S5: LOCK: BA_DC|add|rev

S6: APPLY
Target: 48-31
BA_DC: L=84,R=13
add(84,13)=97 rev->79

S7: ANS=79

\boxed{79}"
9f2fae58,"In Alice's Wonderland, a secret set of transformation rules is applied to equations. Below are a few examples:
88+71 = 501
76$06 = 9104
99+56 = 461
86+56 = 331
93$23 = 7421
Now, determine the result for: 88$13",7272,Equation Numeric,"I identify this as a symbol-digit (equation numeric) task: two-digit operands built from A,B,C,D, one operator, and a format. I group examples by the target operator, scan (pairing|op|format) until examples match and the target matches the boxed answer, then apply. I ignore flavor text.

S2: PARSE
Operator: '$'
Target: 88$13  A=8,B=8,C=1,D=3
Examples using '$':
  E1: 76$06 = 9104
  E2: 93$23 = 7421

S3: SCAN
#1:AB_CD|cat|raw L=76,R=6 766->766 vs 9104 NO
#2:AB_CD|mul|raw L=76,R=6 456->456 vs 9104 NO
#3:AB_CD|add|raw L=76,R=6 82->82 vs 9104 NO
#4:AB_CD|sub|raw L=76,R=6 70->70 vs 9104 NO
#5:AB_CD|absdiff|raw L=76,R=6 70->70 vs 9104 NO
#6:BA_DC|cat|rev L=67,R=60 6760->0676 vs 9104 NO
#7:BA_DC|mul|rev L=67,R=60 4020->0204 vs 9104 NO
#8:BA_DC|add|rev L=67,R=60 127->721 vs 9104 NO
#9:BA_DC|cat|raw L=67,R=60 6760->6760 vs 9104 NO
#10:AB_CD|cat|rev L=76,R=6 766->667 vs 9104 NO
#11:AB_CD|mul|rev L=76,R=6 456->654 vs 9104 NO
#12:AB_CD|add|rev L=76,R=6 82->28 vs 9104 NO

S4: VER
E2: 93$23 = 7421
BA_DC|mulsub1|rev L=39,R=32 1247->7421 vs 7421 YES

S5: LOCK: BA_DC|mulsub1|rev

S6: APPLY
Target: 88$13
BA_DC: L=88,R=31
mulsub1(88,31)=2727 rev->7272

S7: ANS=7272

\boxed{7272}"
9fb854c3,"In Alice's Wonderland, a secret set of transformation rules is applied to equations. Below are a few examples:
65*34 = 3465
26-16 = 1
09*81 = 8109
Now, determine the result for: 83-43",4,Equation Numeric,"I identify this as a symbol-digit (equation numeric) task: two-digit operands built from A,B,C,D, one operator, and a format. I group examples by the target operator, scan (pairing|op|format) until examples match and the target matches the boxed answer, then apply. I ignore flavor text.

S2: PARSE
Operator: '-'
Target: 83-43  A=8,B=3,C=4,D=3
Examples using '-':
  E1: 26-16 = 1

S3: SCAN
#1:AB_CD|cat|raw L=26,R=16 2616->2616 vs 1 NO
#2:AB_CD|mul|raw L=26,R=16 416->416 vs 1 NO
#3:AB_CD|add|raw L=26,R=16 42->42 vs 1 NO
#4:AB_CD|sub|raw L=26,R=16 10->10 vs 1 NO
#5:AB_CD|absdiff|raw L=26,R=16 10->10 vs 1 NO
#6:BA_DC|cat|rev L=62,R=61 6261->1626 vs 1 NO
#7:BA_DC|mul|rev L=62,R=61 3782->2873 vs 1 NO
#8:BA_DC|add|rev L=62,R=61 123->321 vs 1 NO
#9:BA_DC|cat|raw L=62,R=61 6261->6261 vs 1 NO
#10:AB_CD|cat|rev L=26,R=16 2616->6162 vs 1 NO
#11:AB_CD|mul|rev L=26,R=16 416->614 vs 1 NO
#12:AB_CD|add|rev L=26,R=16 42->24 vs 1 NO

S5: LOCK: BA_DC|sub|rev

S6: APPLY
Target: 83-43
BA_DC: L=38,R=34
sub(38,34)=4 rev->4

S7: ANS=4

\boxed{4}"
9ff6e9d2,"In Alice's Wonderland, a secret set of transformation rules is applied to equations. Below are a few examples:
18-55 = 62
26-15 = 11
02+03 = 05
Now, determine the result for: 65-54",11,Equation Numeric,"I identify this as a symbol-digit (equation numeric) task: two-digit operands built from A,B,C,D, one operator, and a format. I group examples by the target operator, scan (pairing|op|format) until examples match and the target matches the boxed answer, then apply. I ignore flavor text.

S2: PARSE
Operator: '-'
Target: 65-54  A=6,B=5,C=5,D=4
Examples using '-':
  E1: 18-55 = 62
  E2: 26-15 = 11

S3: SCAN
#1:AB_CD|cat|raw L=18,R=55 1855->1855 vs 62 NO
#2:AB_CD|mul|raw L=18,R=55 990->990 vs 62 NO
#3:AB_CD|add|raw L=18,R=55 73->73 vs 62 NO
#4:AB_CD|sub|raw L=18,R=55 -37->-37 vs 62 NO
#5:AB_CD|absdiff|raw L=18,R=55 37->37 vs 62 NO
#6:BA_DC|cat|rev L=81,R=55 8155->5518 vs 62 NO
#7:BA_DC|mul|rev L=81,R=55 4455->5544 vs 62 NO
#8:BA_DC|add|rev L=81,R=55 136->631 vs 62 NO
#9:BA_DC|cat|raw L=81,R=55 8155->8155 vs 62 NO
#10:AB_CD|cat|rev L=18,R=55 1855->5581 vs 62 NO
#11:AB_CD|mul|rev L=18,R=55 990->099 vs 62 NO
#12:AB_CD|add|rev L=18,R=55 73->37 vs 62 NO

S4: VER
E2: 26-15 = 11
BA_DC|sub|rev L=62,R=51 11->11 vs 11 YES

S5: LOCK: BA_DC|sub|rev

S6: APPLY
Target: 65-54
BA_DC: L=56,R=45
sub(56,45)=11 rev->11

S7: ANS=11

\boxed{11}"
a1523a63,"In Alice's Wonderland, a secret set of transformation rules is applied to equations. Below are a few examples:
77(78 = 01
03%18 = 011
05%08 = 921
Now, determine the result for: 66%31",87,Equation Numeric,"I identify this as a symbol-digit (equation numeric) task: two-digit operands built from A,B,C,D, one operator, and a format. I group examples by the target operator, scan (pairing|op|format) until examples match and the target matches the boxed answer, then apply. I ignore flavor text.

S2: PARSE
Operator: '%'
Target: 66%31  A=6,B=6,C=3,D=1
Examples using '%':
  E1: 03%18 = 011
  E2: 05%08 = 921

S3: SCAN
#1:AB_CD|cat|raw L=3,R=18 318->318 vs 011 NO
#2:AB_CD|mul|raw L=3,R=18 54->54 vs 011 NO
#3:AB_CD|add|raw L=3,R=18 21->21 vs 011 NO
#4:AB_CD|sub|raw L=3,R=18 -15->-15 vs 011 NO
#5:AB_CD|absdiff|raw L=3,R=18 15->15 vs 011 NO
#6:BA_DC|cat|rev L=30,R=81 3081->1803 vs 011 NO
#7:BA_DC|mul|rev L=30,R=81 2430->0342 vs 011 NO
#8:BA_DC|add|rev L=30,R=81 111->111 vs 011 NO
#9:BA_DC|cat|raw L=30,R=81 3081->3081 vs 011 NO
#10:AB_CD|cat|rev L=3,R=18 318->813 vs 011 NO
#11:AB_CD|mul|rev L=3,R=18 54->45 vs 011 NO
#12:AB_CD|add|rev L=3,R=18 21->12 vs 011 NO

S4: VER
E2: 05%08 = 921
BA_DC|addm1|rev L=50,R=80 129->921 vs 921 YES

S5: LOCK: BA_DC|addm1|rev

S6: APPLY
Target: 66%31
BA_DC: L=66,R=13
addm1(66,13)=78 rev->87

S7: ANS=87

\boxed{87}"
a1bae076,"In Alice's Wonderland, a secret set of transformation rules is applied to equations. Below are a few examples:
82]58 = 0832
56/43 = 99
86/73 = 501
Now, determine the result for: 05]02",0001,Equation Numeric,"I identify this as a symbol-digit (equation numeric) task: two-digit operands built from A,B,C,D, one operator, and a format. I group examples by the target operator, scan (pairing|op|format) until examples match and the target matches the boxed answer, then apply. I ignore flavor text.

S2: PARSE
Operator: ']'
Target: 05]02  A=0,B=5,C=0,D=2
Examples using ']':
  E1: 82]58 = 0832

S3: SCAN
#1:AB_CD|cat|raw L=82,R=58 8258->8258 vs 0832 NO
#2:AB_CD|mul|raw L=82,R=58 4756->4756 vs 0832 NO
#3:AB_CD|add|raw L=82,R=58 140->140 vs 0832 NO
#4:AB_CD|sub|raw L=82,R=58 24->24 vs 0832 NO
#5:AB_CD|absdiff|raw L=82,R=58 24->24 vs 0832 NO
#6:BA_DC|cat|rev L=28,R=85 2885->5882 vs 0832 NO
#7:BA_DC|mul|rev L=28,R=85 2380->0832 vs 0832 YES

S5: LOCK: BA_DC|mul|rev

S6: APPLY
Target: 05]02
BA_DC: L=50,R=20
mul(50,20)=1000 rev->0001

S7: ANS=0001

\boxed{0001}"
a2252b88,"In Alice's Wonderland, a secret set of transformation rules is applied to equations. Below are a few examples:
13)49 = 36
89^55 = 0935
52)52 = 0
98)78 = 2)
Now, determine the result for: 66^73",2442,Equation Numeric,"I identify this as a symbol-digit (equation numeric) task: two-digit operands built from A,B,C,D, one operator, and a format. I group examples by the target operator, scan (pairing|op|format) until examples match and the target matches the boxed answer, then apply. I ignore flavor text.

S2: PARSE
Operator: '^'
Target: 66^73  A=6,B=6,C=7,D=3
Examples using '^':
  E1: 89^55 = 0935

S3: SCAN
#1:AB_CD|cat|raw L=89,R=55 8955->8955 vs 0935 NO
#2:AB_CD|mul|raw L=89,R=55 4895->4895 vs 0935 NO
#3:AB_CD|add|raw L=89,R=55 144->144 vs 0935 NO
#4:AB_CD|sub|raw L=89,R=55 34->34 vs 0935 NO
#5:AB_CD|absdiff|raw L=89,R=55 34->34 vs 0935 NO
#6:BA_DC|cat|rev L=98,R=55 9855->5589 vs 0935 NO
#7:BA_DC|mul|rev L=98,R=55 5390->0935 vs 0935 YES

S5: LOCK: BA_DC|mul|rev

S6: APPLY
Target: 66^73
BA_DC: L=66,R=37
mul(66,37)=2442 rev->2442

S7: ANS=2442

\boxed{2442}"
a23e7ecb,"In Alice's Wonderland, a secret set of transformation rules is applied to equations. Below are a few examples:
66]91 = 68
93`42 = 639
16`57 = 5754
Now, determine the result for: 71`44",847,Equation Numeric,"I identify this as a symbol-digit (equation numeric) task: two-digit operands built from A,B,C,D, one operator, and a format. I group examples by the target operator, scan (pairing|op|format) until examples match and the target matches the boxed answer, then apply. I ignore flavor text.

S2: PARSE
Operator: '`'
Target: 71`44  A=7,B=1,C=4,D=4
Examples using '`':
  E1: 93`42 = 639
  E2: 16`57 = 5754

S3: SCAN
#1:AB_CD|cat|raw L=93,R=42 9342->9342 vs 639 NO
#2:AB_CD|mul|raw L=93,R=42 3906->3906 vs 639 NO
#3:AB_CD|add|raw L=93,R=42 135->135 vs 639 NO
#4:AB_CD|sub|raw L=93,R=42 51->51 vs 639 NO
#5:AB_CD|absdiff|raw L=93,R=42 51->51 vs 639 NO
#6:BA_DC|cat|rev L=39,R=24 3924->4293 vs 639 NO
#7:BA_DC|mul|rev L=39,R=24 936->639 vs 639 YES

S4: VER
E2: 16`57 = 5754
BA_DC|mul|rev L=61,R=75 4575->5754 vs 5754 YES

S5: LOCK: BA_DC|mul|rev

S6: APPLY
Target: 71`44
BA_DC: L=17,R=44
mul(17,44)=748 rev->847

S7: ANS=847

\boxed{847}"
a311baec,"In Alice's Wonderland, a secret set of transformation rules is applied to equations. Below are a few examples:
29+59 = 681
27-27 = 0
95+54 = 301
51-43 = 4
Now, determine the result for: 26+46",521,Equation Numeric,"I identify this as a symbol-digit (equation numeric) task: two-digit operands built from A,B,C,D, one operator, and a format. I group examples by the target operator, scan (pairing|op|format) until examples match and the target matches the boxed answer, then apply. I ignore flavor text.

S2: PARSE
Operator: '+'
Target: 26+46  A=2,B=6,C=4,D=6
Examples using '+':
  E1: 29+59 = 681
  E2: 95+54 = 301

S3: SCAN
#1:AB_CD|cat|raw L=29,R=59 2959->2959 vs 681 NO
#2:AB_CD|mul|raw L=29,R=59 1711->1711 vs 681 NO
#3:AB_CD|add|raw L=29,R=59 88->88 vs 681 NO
#4:AB_CD|sub|raw L=29,R=59 -30->-30 vs 681 NO
#5:AB_CD|absdiff|raw L=29,R=59 30->30 vs 681 NO
#6:BA_DC|cat|rev L=92,R=95 9295->5929 vs 681 NO
#7:BA_DC|mul|rev L=92,R=95 8740->0478 vs 681 NO
#8:BA_DC|add|rev L=92,R=95 187->781 vs 681 NO
#9:BA_DC|cat|raw L=92,R=95 9295->9295 vs 681 NO
#10:AB_CD|cat|rev L=29,R=59 2959->9592 vs 681 NO
#11:AB_CD|mul|rev L=29,R=59 1711->1171 vs 681 NO
#12:AB_CD|add|rev L=29,R=59 88->88 vs 681 NO

S4: VER
E2: 95+54 = 301
BA_DC|addm1|rev L=59,R=45 103->301 vs 301 YES

S5: LOCK: BA_DC|addm1|rev

S6: APPLY
Target: 26+46
BA_DC: L=62,R=64
addm1(62,64)=125 rev->521

S7: ANS=521

\boxed{521}"
a5124cb4,"In Alice's Wonderland, a secret set of transformation rules is applied to equations. Below are a few examples:
89-80 = 9
84(16 = 101
95(69 = 165
15-40 = -25
80?13 = 1039
Now, determine the result for: 62-86",-24,Equation Numeric,"I identify this as a symbol-digit (equation numeric) task: two-digit operands built from A,B,C,D, one operator, and a format. I group examples by the target operator, scan (pairing|op|format) until examples match and the target matches the boxed answer, then apply. I ignore flavor text.

S2: PARSE
Operator: '-'
Target: 62-86  A=6,B=2,C=8,D=6
Examples using '-':
  E1: 89-80 = 9
  E2: 15-40 = -25

S3: SCAN
#1:AB_CD|cat|raw L=89,R=80 8980->8980 vs 9 NO
#2:AB_CD|mul|raw L=89,R=80 7120->7120 vs 9 NO
#3:AB_CD|add|raw L=89,R=80 169->169 vs 9 NO
#4:AB_CD|sub|raw L=89,R=80 9->9 vs 9 YES

S4: VER
E2: 15-40 = -25
AB_CD|sub|raw L=15,R=40 -25->-25 vs -25 YES

S5: LOCK: AB_CD|sub|raw

S6: APPLY
Target: 62-86
AB_CD: L=62,R=86
sub(62,86)=-24 raw->-24

S7: ANS=-24

\boxed{-24}"
a5f3a1ea,"In Alice's Wonderland, a secret set of transformation rules is applied to equations. Below are a few examples:
17-38 = 21
31*72 = 053
46-29 = 82
46+28 = 641
Now, determine the result for: 52+11",63,Equation Numeric,"I identify this as a symbol-digit (equation numeric) task: two-digit operands built from A,B,C,D, one operator, and a format. I group examples by the target operator, scan (pairing|op|format) until examples match and the target matches the boxed answer, then apply. I ignore flavor text.

S2: PARSE
Operator: '+'
Target: 52+11  A=5,B=2,C=1,D=1
Examples using '+':
  E1: 46+28 = 641

S3: SCAN
#1:AB_CD|cat|raw L=46,R=28 4628->4628 vs 641 NO
#2:AB_CD|mul|raw L=46,R=28 1288->1288 vs 641 NO
#3:AB_CD|add|raw L=46,R=28 74->74 vs 641 NO
#4:AB_CD|sub|raw L=46,R=28 18->18 vs 641 NO
#5:AB_CD|absdiff|raw L=46,R=28 18->18 vs 641 NO
#6:BA_DC|cat|rev L=64,R=82 6482->2846 vs 641 NO
#7:BA_DC|mul|rev L=64,R=82 5248->8425 vs 641 NO
#8:BA_DC|add|rev L=64,R=82 146->641 vs 641 YES

S5: LOCK: BA_DC|add|rev

S6: APPLY
Target: 52+11
BA_DC: L=25,R=11
add(25,11)=36 rev->63

S7: ANS=63

\boxed{63}"
a7454fdb,"In Alice's Wonderland, a secret set of transformation rules is applied to equations. Below are a few examples:
03-91 = 11
24-36 = 12
29+76 = 951
88-14 = 74
49*92 = 9249
Now, determine the result for: 74+19",831,Equation Numeric,"I identify this as a symbol-digit (equation numeric) task: two-digit operands built from A,B,C,D, one operator, and a format. I group examples by the target operator, scan (pairing|op|format) until examples match and the target matches the boxed answer, then apply. I ignore flavor text.

S2: PARSE
Operator: '+'
Target: 74+19  A=7,B=4,C=1,D=9
Examples using '+':
  E1: 29+76 = 951

S3: SCAN
#1:AB_CD|cat|raw L=29,R=76 2976->2976 vs 951 NO
#2:AB_CD|mul|raw L=29,R=76 2204->2204 vs 951 NO
#3:AB_CD|add|raw L=29,R=76 105->105 vs 951 NO
#4:AB_CD|sub|raw L=29,R=76 -47->-47 vs 951 NO
#5:AB_CD|absdiff|raw L=29,R=76 47->47 vs 951 NO
#6:BA_DC|cat|rev L=92,R=67 9267->7629 vs 951 NO
#7:BA_DC|mul|rev L=92,R=67 6164->4616 vs 951 NO
#8:BA_DC|add|rev L=92,R=67 159->951 vs 951 YES

S5: LOCK: BA_DC|add|rev

S6: APPLY
Target: 74+19
BA_DC: L=47,R=91
add(47,91)=138 rev->831

S7: ANS=831

\boxed{831}"
a7d582da,"In Alice's Wonderland, a secret set of transformation rules is applied to equations. Below are a few examples:
36-03 = 33
65-07 = -41
02*44 = 4402
43*44 = 4443
Now, determine the result for: 92-41",51,Equation Numeric,"I identify this as a symbol-digit (equation numeric) task: two-digit operands built from A,B,C,D, one operator, and a format. I group examples by the target operator, scan (pairing|op|format) until examples match and the target matches the boxed answer, then apply. I ignore flavor text.

S2: PARSE
Operator: '-'
Target: 92-41  A=9,B=2,C=4,D=1
Examples using '-':
  E1: 36-03 = 33
  E2: 65-07 = -41

S3: SCAN
#1:AB_CD|cat|raw L=36,R=3 363->363 vs 33 NO
#2:AB_CD|mul|raw L=36,R=3 108->108 vs 33 NO
#3:AB_CD|add|raw L=36,R=3 39->39 vs 33 NO
#4:AB_CD|sub|raw L=36,R=3 33->33 vs 33 NO
#5:AB_CD|absdiff|raw L=36,R=3 33->33 vs 33 NO
#6:BA_DC|cat|rev L=63,R=30 6330->0336 vs 33 NO
#7:BA_DC|mul|rev L=63,R=30 1890->0981 vs 33 NO
#8:BA_DC|add|rev L=63,R=30 93->39 vs 33 NO
#9:BA_DC|cat|raw L=63,R=30 6330->6330 vs 33 NO
#10:AB_CD|cat|rev L=36,R=3 363->363 vs 33 NO
#11:AB_CD|mul|rev L=36,R=3 108->801 vs 33 NO
#12:AB_CD|add|rev L=36,R=3 39->93 vs 33 NO

S4: VER
E2: 65-07 = -41
BA_DC|sub|rev L=56,R=70 -14->-41 vs -41 YES

S5: LOCK: BA_DC|sub|rev

S6: APPLY
Target: 92-41
BA_DC: L=29,R=14
sub(29,14)=15 rev->51

S7: ANS=51

\boxed{51}"
a8e033fe,"In Alice's Wonderland, a secret set of transformation rules is applied to equations. Below are a few examples:
94?48 = 9448
86}36 = 121
38{18 = 20
87{62 = 25
13?39 = 1339
Now, determine the result for: 68?54",6854,Equation Numeric,"I identify this as a symbol-digit (equation numeric) task: two-digit operands built from A,B,C,D, one operator, and a format. I group examples by the target operator, scan (pairing|op|format) until examples match and the target matches the boxed answer, then apply. I ignore flavor text.

S2: PARSE
Operator: '?'
Target: 68?54  A=6,B=8,C=5,D=4
Examples using '?':
  E1: 94?48 = 9448
  E2: 13?39 = 1339

S3: SCAN
#1:AB_CD|cat|raw L=94,R=48 9448->9448 vs 9448 YES

S4: VER
E2: 13?39 = 1339
AB_CD|cat|raw L=13,R=39 1339->1339 vs 1339 YES

S5: LOCK: AB_CD|cat|raw

S6: APPLY
Target: 68?54
AB_CD: L=68,R=54
cat(68,54)=6854 raw->6854

S7: ANS=6854

\boxed{6854}"
a8e5eca1,"In Alice's Wonderland, a secret set of transformation rules is applied to equations. Below are a few examples:
44+54 = 98
75-06 = -3
93*77 = 7793
Now, determine the result for: 74*42",4274,Equation Numeric,"I identify this as a symbol-digit (equation numeric) task: two-digit operands built from A,B,C,D, one operator, and a format. I group examples by the target operator, scan (pairing|op|format) until examples match and the target matches the boxed answer, then apply. I ignore flavor text.

S2: PARSE
Operator: '*'
Target: 74*42  A=7,B=4,C=4,D=2
Examples using '*':
  E1: 93*77 = 7793

S3: SCAN
#1:AB_CD|cat|raw L=93,R=77 9377->9377 vs 7793 NO
#2:AB_CD|mul|raw L=93,R=77 7161->7161 vs 7793 NO
#3:AB_CD|add|raw L=93,R=77 170->170 vs 7793 NO
#4:AB_CD|sub|raw L=93,R=77 16->16 vs 7793 NO
#5:AB_CD|absdiff|raw L=93,R=77 16->16 vs 7793 NO
#6:BA_DC|cat|rev L=39,R=77 3977->7793 vs 7793 YES

S5: LOCK: BA_DC|cat|rev

S6: APPLY
Target: 74*42
BA_DC: L=47,R=24
cat(47,24)=4724 rev->4274

S7: ANS=4274

\boxed{4274}"
a928ad6e,"In Alice's Wonderland, a secret set of transformation rules is applied to equations. Below are a few examples:
66+17 = 631
33*65 = 8481
48-08 = 4
55-18 = 62
05+64 = 59
Now, determine the result for: 13+68",611,Equation Numeric,"I identify this as a symbol-digit (equation numeric) task: two-digit operands built from A,B,C,D, one operator, and a format. I group examples by the target operator, scan (pairing|op|format) until examples match and the target matches the boxed answer, then apply. I ignore flavor text.

S2: PARSE
Operator: '+'
Target: 13+68  A=1,B=3,C=6,D=8
Examples using '+':
  E1: 66+17 = 631
  E2: 05+64 = 59

S3: SCAN
#1:AB_CD|cat|raw L=66,R=17 6617->6617 vs 631 NO
#2:AB_CD|mul|raw L=66,R=17 1122->1122 vs 631 NO
#3:AB_CD|add|raw L=66,R=17 83->83 vs 631 NO
#4:AB_CD|sub|raw L=66,R=17 49->49 vs 631 NO
#5:AB_CD|absdiff|raw L=66,R=17 49->49 vs 631 NO
#6:BA_DC|cat|rev L=66,R=71 6671->1766 vs 631 NO
#7:BA_DC|mul|rev L=66,R=71 4686->6864 vs 631 NO
#8:BA_DC|add|rev L=66,R=71 137->731 vs 631 NO
#9:BA_DC|cat|raw L=66,R=71 6671->6671 vs 631 NO
#10:AB_CD|cat|rev L=66,R=17 6617->7166 vs 631 NO
#11:AB_CD|mul|rev L=66,R=17 1122->2211 vs 631 NO
#12:AB_CD|add|rev L=66,R=17 83->38 vs 631 NO

S4: VER
E2: 05+64 = 59
BA_DC|addm1|rev L=50,R=46 95->59 vs 59 YES

S5: LOCK: BA_DC|addm1|rev

S6: APPLY
Target: 13+68
BA_DC: L=31,R=86
addm1(31,86)=116 rev->611

S7: ANS=611

\boxed{611}"
a9c57983,"In Alice's Wonderland, a secret set of transformation rules is applied to equations. Below are a few examples:
48{63 = 911
39\58 = 5097
94{08 = 821
Now, determine the result for: 22{97",001,Equation Numeric,"I identify this as a symbol-digit (equation numeric) task: two-digit operands built from A,B,C,D, one operator, and a format. I group examples by the target operator, scan (pairing|op|format) until examples match and the target matches the boxed answer, then apply. I ignore flavor text.

S2: PARSE
Operator: '{'
Target: 22{97  A=2,B=2,C=9,D=7
Examples using '{':
  E1: 48{63 = 911
  E2: 94{08 = 821

S3: SCAN
#1:AB_CD|cat|raw L=48,R=63 4863->4863 vs 911 NO
#2:AB_CD|mul|raw L=48,R=63 3024->3024 vs 911 NO
#3:AB_CD|add|raw L=48,R=63 111->111 vs 911 NO
#4:AB_CD|sub|raw L=48,R=63 -15->-15 vs 911 NO
#5:AB_CD|absdiff|raw L=48,R=63 15->15 vs 911 NO
#6:BA_DC|cat|rev L=84,R=36 8436->6348 vs 911 NO
#7:BA_DC|mul|rev L=84,R=36 3024->4203 vs 911 NO
#8:BA_DC|add|rev L=84,R=36 120->021 vs 911 NO
#9:BA_DC|cat|raw L=84,R=36 8436->8436 vs 911 NO
#10:AB_CD|cat|rev L=48,R=63 4863->3684 vs 911 NO
#11:AB_CD|mul|rev L=48,R=63 3024->4203 vs 911 NO
#12:AB_CD|add|rev L=48,R=63 111->111 vs 911 NO

S4: VER
E2: 94{08 = 821
BA_DC|addm1|rev L=49,R=80 128->821 vs 821 YES

S5: LOCK: BA_DC|addm1|rev

S6: APPLY
Target: 22{97
BA_DC: L=22,R=79
addm1(22,79)=100 rev->001

S7: ANS=001

\boxed{001}"
a9deb8b5,"In Alice's Wonderland, a secret set of transformation rules is applied to equations. Below are a few examples:
91*76 = 2721
84*44 = 1112
68*97 = 3976
Now, determine the result for: 75*32",0131,Equation Numeric,"I identify this as a symbol-digit (equation numeric) task: two-digit operands built from A,B,C,D, one operator, and a format. I group examples by the target operator, scan (pairing|op|format) until examples match and the target matches the boxed answer, then apply. I ignore flavor text.

S2: PARSE
Operator: '*'
Target: 75*32  A=7,B=5,C=3,D=2
Examples using '*':
  E1: 91*76 = 2721
  E2: 84*44 = 1112
  E3: 68*97 = 3976

S3: SCAN
#1:AB_CD|cat|raw L=91,R=76 9176->9176 vs 2721 NO
#2:AB_CD|mul|raw L=91,R=76 6916->6916 vs 2721 NO
#3:AB_CD|add|raw L=91,R=76 167->167 vs 2721 NO
#4:AB_CD|sub|raw L=91,R=76 15->15 vs 2721 NO
#5:AB_CD|absdiff|raw L=91,R=76 15->15 vs 2721 NO
#6:BA_DC|cat|rev L=19,R=67 1967->7691 vs 2721 NO
#7:BA_DC|mul|rev L=19,R=67 1273->3721 vs 2721 NO
#8:BA_DC|add|rev L=19,R=67 86->68 vs 2721 NO
#9:BA_DC|cat|raw L=19,R=67 1967->1967 vs 2721 NO
#10:AB_CD|cat|rev L=91,R=76 9176->6719 vs 2721 NO
#11:AB_CD|mul|rev L=91,R=76 6916->6196 vs 2721 NO
#12:AB_CD|add|rev L=91,R=76 167->761 vs 2721 NO

S4: VER
E2: 84*44 = 1112
BA_DC|mulsub1|rev L=48,R=44 2111->1112 vs 1112 YES

S5: LOCK: BA_DC|mulsub1|rev

S6: APPLY
Target: 75*32
BA_DC: L=57,R=23
mulsub1(57,23)=1310 rev->0131

S7: ANS=0131

\boxed{0131}"
aa7f06f4,"In Alice's Wonderland, a secret set of transformation rules is applied to equations. Below are a few examples:
78?62 = 6278
28&23 = 05
38&49 = &11
Now, determine the result for: 12?32",3212,Equation Numeric,"I identify this as a symbol-digit (equation numeric) task: two-digit operands built from A,B,C,D, one operator, and a format. I group examples by the target operator, scan (pairing|op|format) until examples match and the target matches the boxed answer, then apply. I ignore flavor text.

S2: PARSE
Operator: '?'
Target: 12?32  A=1,B=2,C=3,D=2
Examples using '?':
  E1: 78?62 = 6278

S3: SCAN
#1:AB_CD|cat|raw L=78,R=62 7862->7862 vs 6278 NO
#2:AB_CD|mul|raw L=78,R=62 4836->4836 vs 6278 NO
#3:AB_CD|add|raw L=78,R=62 140->140 vs 6278 NO
#4:AB_CD|sub|raw L=78,R=62 16->16 vs 6278 NO
#5:AB_CD|absdiff|raw L=78,R=62 16->16 vs 6278 NO
#6:BA_DC|cat|rev L=87,R=26 8726->6278 vs 6278 YES

S5: LOCK: BA_DC|cat|rev

S6: APPLY
Target: 12?32
BA_DC: L=21,R=23
cat(21,23)=2123 rev->3212

S7: ANS=3212

\boxed{3212}"
aa8c76a1,"In Alice's Wonderland, a secret set of transformation rules is applied to equations. Below are a few examples:
23*34 = 3423
85+56 = 421
53-45 = -91
Now, determine the result for: 61*08",0861,Equation Numeric,"I identify this as a symbol-digit (equation numeric) task: two-digit operands built from A,B,C,D, one operator, and a format. I group examples by the target operator, scan (pairing|op|format) until examples match and the target matches the boxed answer, then apply. I ignore flavor text.

S2: PARSE
Operator: '*'
Target: 61*08  A=6,B=1,C=0,D=8
Examples using '*':
  E1: 23*34 = 3423

S3: SCAN
#1:AB_CD|cat|raw L=23,R=34 2334->2334 vs 3423 NO
#2:AB_CD|mul|raw L=23,R=34 782->782 vs 3423 NO
#3:AB_CD|add|raw L=23,R=34 57->57 vs 3423 NO
#4:AB_CD|sub|raw L=23,R=34 -11->-11 vs 3423 NO
#5:AB_CD|absdiff|raw L=23,R=34 11->11 vs 3423 NO
#6:BA_DC|cat|rev L=32,R=43 3243->3423 vs 3423 YES

S5: LOCK: BA_DC|cat|rev

S6: APPLY
Target: 61*08
BA_DC: L=16,R=80
cat(16,80)=1680 rev->0861

S7: ANS=0861

\boxed{0861}"
aaec36e0,"In Alice's Wonderland, a secret set of transformation rules is applied to equations. Below are a few examples:
33-71 = 61
38+52 = 901
98*75 = 3705
Now, determine the result for: 39*11",3201,Equation Numeric,"I identify this as a symbol-digit (equation numeric) task: two-digit operands built from A,B,C,D, one operator, and a format. I group examples by the target operator, scan (pairing|op|format) until examples match and the target matches the boxed answer, then apply. I ignore flavor text.

S2: PARSE
Operator: '*'
Target: 39*11  A=3,B=9,C=1,D=1
Examples using '*':
  E1: 98*75 = 3705

S3: SCAN
#1:AB_CD|cat|raw L=98,R=75 9875->9875 vs 3705 NO
#2:AB_CD|mul|raw L=98,R=75 7350->7350 vs 3705 NO
#3:AB_CD|add|raw L=98,R=75 173->173 vs 3705 NO
#4:AB_CD|sub|raw L=98,R=75 23->23 vs 3705 NO
#5:AB_CD|absdiff|raw L=98,R=75 23->23 vs 3705 NO
#6:BA_DC|cat|rev L=89,R=57 8957->7598 vs 3705 NO
#7:BA_DC|mul|rev L=89,R=57 5073->3705 vs 3705 YES

S5: LOCK: BA_DC|mul|rev

S6: APPLY
Target: 39*11
BA_DC: L=93,R=11
mul(93,11)=1023 rev->3201

S7: ANS=3201

\boxed{3201}"
ab779293,"In Alice's Wonderland, a secret set of transformation rules is applied to equations. Below are a few examples:
44?30 = 1321
28?40 = 1121
63[25 = 38
14:20 = 35
94[89 = 5
Now, determine the result for: 89[11",78,Equation Numeric,"I identify this as a symbol-digit (equation numeric) task: two-digit operands built from A,B,C,D, one operator, and a format. I group examples by the target operator, scan (pairing|op|format) until examples match and the target matches the boxed answer, then apply. I ignore flavor text.

S2: PARSE
Operator: '['
Target: 89[11  A=8,B=9,C=1,D=1
Examples using '[':
  E1: 63[25 = 38
  E2: 94[89 = 5

S3: SCAN
#1:AB_CD|cat|raw L=63,R=25 6325->6325 vs 38 NO
#2:AB_CD|mul|raw L=63,R=25 1575->1575 vs 38 NO
#3:AB_CD|add|raw L=63,R=25 88->88 vs 38 NO
#4:AB_CD|sub|raw L=63,R=25 38->38 vs 38 YES

S4: VER
E2: 94[89 = 5
AB_CD|sub|raw L=94,R=89 5->5 vs 5 YES

S5: LOCK: AB_CD|sub|raw

S6: APPLY
Target: 89[11
AB_CD: L=89,R=11
sub(89,11)=78 raw->78

S7: ANS=78

\boxed{78}"
ab7809d1,"In Alice's Wonderland, a secret set of transformation rules is applied to equations. Below are a few examples:
37+03 = 0337
11-01 = -1
76-56 = -2
79*02 = 0491
Now, determine the result for: 72+25",2572,Equation Numeric,"I identify this as a symbol-digit (equation numeric) task: two-digit operands built from A,B,C,D, one operator, and a format. I group examples by the target operator, scan (pairing|op|format) until examples match and the target matches the boxed answer, then apply. I ignore flavor text.

S2: PARSE
Operator: '+'
Target: 72+25  A=7,B=2,C=2,D=5
Examples using '+':
  E1: 37+03 = 0337

S3: SCAN
#1:AB_CD|cat|raw L=37,R=3 373->373 vs 0337 NO
#2:AB_CD|mul|raw L=37,R=3 111->111 vs 0337 NO
#3:AB_CD|add|raw L=37,R=3 40->40 vs 0337 NO
#4:AB_CD|sub|raw L=37,R=3 34->34 vs 0337 NO
#5:AB_CD|absdiff|raw L=37,R=3 34->34 vs 0337 NO
#6:BA_DC|cat|rev L=73,R=30 7330->0337 vs 0337 YES

S5: LOCK: BA_DC|cat|rev

S6: APPLY
Target: 72+25
BA_DC: L=27,R=52
cat(27,52)=2752 rev->2572

S7: ANS=2572

\boxed{2572}"
ac262f12,"In Alice's Wonderland, a secret set of transformation rules is applied to equations. Below are a few examples:
42+63 = 16
52*79 = 4242
86-26 = 6
Now, determine the result for: 19*92",8362,Equation Numeric,"I identify this as a symbol-digit (equation numeric) task: two-digit operands built from A,B,C,D, one operator, and a format. I group examples by the target operator, scan (pairing|op|format) until examples match and the target matches the boxed answer, then apply. I ignore flavor text.

S2: PARSE
Operator: '*'
Target: 19*92  A=1,B=9,C=9,D=2
Examples using '*':
  E1: 52*79 = 4242

S3: SCAN
#1:AB_CD|cat|raw L=52,R=79 5279->5279 vs 4242 NO
#2:AB_CD|mul|raw L=52,R=79 4108->4108 vs 4242 NO
#3:AB_CD|add|raw L=52,R=79 131->131 vs 4242 NO
#4:AB_CD|sub|raw L=52,R=79 -27->-27 vs 4242 NO
#5:AB_CD|absdiff|raw L=52,R=79 27->27 vs 4242 NO
#6:BA_DC|cat|rev L=25,R=97 2597->7952 vs 4242 NO
#7:BA_DC|mul|rev L=25,R=97 2425->5242 vs 4242 NO
#8:BA_DC|add|rev L=25,R=97 122->221 vs 4242 NO
#9:BA_DC|cat|raw L=25,R=97 2597->2597 vs 4242 NO
#10:AB_CD|cat|rev L=52,R=79 5279->9725 vs 4242 NO
#11:AB_CD|mul|rev L=52,R=79 4108->8014 vs 4242 NO
#12:AB_CD|add|rev L=52,R=79 131->131 vs 4242 NO

S5: LOCK: BA_DC|mulsub1|rev

S6: APPLY
Target: 19*92
BA_DC: L=91,R=29
mulsub1(91,29)=2638 rev->8362

S7: ANS=8362

\boxed{8362}"
adad547a,"In Alice's Wonderland, a secret set of transformation rules is applied to equations. Below are a few examples:
66+13 = 69
11*29 = 2101
41*41 = 691
Now, determine the result for: 52*67",0091,Equation Numeric,"I identify this as a symbol-digit (equation numeric) task: two-digit operands built from A,B,C,D, one operator, and a format. I group examples by the target operator, scan (pairing|op|format) until examples match and the target matches the boxed answer, then apply. I ignore flavor text.

S2: PARSE
Operator: '*'
Target: 52*67  A=5,B=2,C=6,D=7
Examples using '*':
  E1: 11*29 = 2101
  E2: 41*41 = 691

S3: SCAN
#1:AB_CD|cat|raw L=11,R=29 1129->1129 vs 2101 NO
#2:AB_CD|mul|raw L=11,R=29 319->319 vs 2101 NO
#3:AB_CD|add|raw L=11,R=29 40->40 vs 2101 NO
#4:AB_CD|sub|raw L=11,R=29 -18->-18 vs 2101 NO
#5:AB_CD|absdiff|raw L=11,R=29 18->18 vs 2101 NO
#6:BA_DC|cat|rev L=11,R=92 1192->2911 vs 2101 NO
#7:BA_DC|mul|rev L=11,R=92 1012->2101 vs 2101 YES

S4: VER
E2: 41*41 = 691
BA_DC|mul|rev L=14,R=14 196->691 vs 691 YES

S5: LOCK: BA_DC|mul|rev

S6: APPLY
Target: 52*67
BA_DC: L=25,R=76
mul(25,76)=1900 rev->0091

S7: ANS=0091

\boxed{0091}"
b03ab026,"In Alice's Wonderland, a secret set of transformation rules is applied to equations. Below are a few examples:
10&65 = 650
98{96 = 2
54&31 = 1674
Now, determine the result for: 97{23",74,Equation Numeric,"I identify this as a symbol-digit (equation numeric) task: two-digit operands built from A,B,C,D, one operator, and a format. I group examples by the target operator, scan (pairing|op|format) until examples match and the target matches the boxed answer, then apply. I ignore flavor text.

S2: PARSE
Operator: '{'
Target: 97{23  A=9,B=7,C=2,D=3
Examples using '{':
  E1: 98{96 = 2

S3: SCAN
#1:AB_CD|cat|raw L=98,R=96 9896->9896 vs 2 NO
#2:AB_CD|mul|raw L=98,R=96 9408->9408 vs 2 NO
#3:AB_CD|add|raw L=98,R=96 194->194 vs 2 NO
#4:AB_CD|sub|raw L=98,R=96 2->2 vs 2 YES

S5: LOCK: AB_CD|sub|raw

S6: APPLY
Target: 97{23
AB_CD: L=97,R=23
sub(97,23)=74 raw->74

S7: ANS=74

\boxed{74}"
b0d0dd45,"In Alice's Wonderland, a secret set of transformation rules is applied to equations. Below are a few examples:
30{65 = {35
33`24 = 791
48}84 = 133
Now, determine the result for: 90`81",7289,Equation Numeric,"I identify this as a symbol-digit (equation numeric) task: two-digit operands built from A,B,C,D, one operator, and a format. I group examples by the target operator, scan (pairing|op|format) until examples match and the target matches the boxed answer, then apply. I ignore flavor text.

S2: PARSE
Operator: '`'
Target: 90`81  A=9,B=0,C=8,D=1
Examples using '`':
  E1: 33`24 = 791

S3: SCAN
#1:AB_CD|cat|raw L=33,R=24 3324->3324 vs 791 NO
#2:AB_CD|mul|raw L=33,R=24 792->792 vs 791 NO
#3:AB_CD|add|raw L=33,R=24 57->57 vs 791 NO
#4:AB_CD|sub|raw L=33,R=24 9->9 vs 791 NO
#5:AB_CD|absdiff|raw L=33,R=24 9->9 vs 791 NO
#6:BA_DC|cat|rev L=33,R=42 3342->2433 vs 791 NO
#7:BA_DC|mul|rev L=33,R=42 1386->6831 vs 791 NO
#8:BA_DC|add|rev L=33,R=42 75->57 vs 791 NO
#9:BA_DC|cat|raw L=33,R=42 3342->3342 vs 791 NO
#10:AB_CD|cat|rev L=33,R=24 3324->4233 vs 791 NO
#11:AB_CD|mul|rev L=33,R=24 792->297 vs 791 NO
#12:AB_CD|add|rev L=33,R=24 57->75 vs 791 NO

S5: LOCK: AB_CD|mulsub1|raw

S6: APPLY
Target: 90`81
AB_CD: L=90,R=81
mulsub1(90,81)=7289 raw->7289

S7: ANS=7289

\boxed{7289}"
b193f06a,"In Alice's Wonderland, a secret set of transformation rules is applied to equations. Below are a few examples:
49?74 = 74?
41!17 = 58
76!87 = 541
97}56 = 9756
Now, determine the result for: 31}82",3182,Equation Numeric,"I identify this as a symbol-digit (equation numeric) task: two-digit operands built from A,B,C,D, one operator, and a format. I group examples by the target operator, scan (pairing|op|format) until examples match and the target matches the boxed answer, then apply. I ignore flavor text.

S2: PARSE
Operator: '}'
Target: 31}82  A=3,B=1,C=8,D=2
Examples using '}':
  E1: 97}56 = 9756

S3: SCAN
#1:AB_CD|cat|raw L=97,R=56 9756->9756 vs 9756 YES

S5: LOCK: AB_CD|cat|raw

S6: APPLY
Target: 31}82
AB_CD: L=31,R=82
cat(31,82)=3182 raw->3182

S7: ANS=3182

\boxed{3182}"
b26d8818,"In Alice's Wonderland, a secret set of transformation rules is applied to equations. Below are a few examples:
23]23 = 528
23]21 = 482
21]31 = 650
Now, determine the result for: 68]88",5983,Equation Numeric,"I identify this as a symbol-digit (equation numeric) task: two-digit operands built from A,B,C,D, one operator, and a format. I group examples by the target operator, scan (pairing|op|format) until examples match and the target matches the boxed answer, then apply. I ignore flavor text.

S2: PARSE
Operator: ']'
Target: 68]88  A=6,B=8,C=8,D=8
Examples using ']':
  E1: 23]23 = 528
  E2: 23]21 = 482
  E3: 21]31 = 650

S3: SCAN
#1:AB_CD|cat|raw L=23,R=23 2323->2323 vs 528 NO
#2:AB_CD|mul|raw L=23,R=23 529->529 vs 528 NO
#3:AB_CD|add|raw L=23,R=23 46->46 vs 528 NO
#4:AB_CD|sub|raw L=23,R=23 0->0 vs 528 NO
#5:AB_CD|absdiff|raw L=23,R=23 0->0 vs 528 NO
#6:BA_DC|cat|rev L=32,R=32 3232->2323 vs 528 NO
#7:BA_DC|mul|rev L=32,R=32 1024->4201 vs 528 NO
#8:BA_DC|add|rev L=32,R=32 64->46 vs 528 NO
#9:BA_DC|cat|raw L=32,R=32 3232->3232 vs 528 NO
#10:AB_CD|cat|rev L=23,R=23 2323->3232 vs 528 NO
#11:AB_CD|mul|rev L=23,R=23 529->925 vs 528 NO
#12:AB_CD|add|rev L=23,R=23 46->64 vs 528 NO

S4: VER
E2: 23]21 = 482
AB_CD|mulsub1|raw L=23,R=21 482->482 vs 482 YES

S5: LOCK: AB_CD|mulsub1|raw

S6: APPLY
Target: 68]88
AB_CD: L=68,R=88
mulsub1(68,88)=5983 raw->5983

S7: ANS=5983

\boxed{5983}"
b3ae7f39,"In Alice's Wonderland, a secret set of transformation rules is applied to equations. Below are a few examples:
48'02 = 4
29}46 = 651
64'21 = 01
23'07 = 6
Now, determine the result for: 08}82",801,Equation Numeric,"I identify this as a symbol-digit (equation numeric) task: two-digit operands built from A,B,C,D, one operator, and a format. I group examples by the target operator, scan (pairing|op|format) until examples match and the target matches the boxed answer, then apply. I ignore flavor text.

S2: PARSE
Operator: '}'
Target: 08}82  A=0,B=8,C=8,D=2
Examples using '}':
  E1: 29}46 = 651

S3: SCAN
#1:AB_CD|cat|raw L=29,R=46 2946->2946 vs 651 NO
#2:AB_CD|mul|raw L=29,R=46 1334->1334 vs 651 NO
#3:AB_CD|add|raw L=29,R=46 75->75 vs 651 NO
#4:AB_CD|sub|raw L=29,R=46 -17->-17 vs 651 NO
#5:AB_CD|absdiff|raw L=29,R=46 17->17 vs 651 NO
#6:BA_DC|cat|rev L=92,R=64 9264->4629 vs 651 NO
#7:BA_DC|mul|rev L=92,R=64 5888->8885 vs 651 NO
#8:BA_DC|add|rev L=92,R=64 156->651 vs 651 YES

S5: LOCK: BA_DC|add|rev

S6: APPLY
Target: 08}82
BA_DC: L=80,R=28
add(80,28)=108 rev->801

S7: ANS=801

\boxed{801}"
b3f9a15c,"In Alice's Wonderland, a secret set of transformation rules is applied to equations. Below are a few examples:
32[35 = 0221
64}04 = 6}
23}18 = 94
94/21 = 16
Now, determine the result for: 85[56",1773,Equation Numeric,"I identify this as a symbol-digit (equation numeric) task: two-digit operands built from A,B,C,D, one operator, and a format. I group examples by the target operator, scan (pairing|op|format) until examples match and the target matches the boxed answer, then apply. I ignore flavor text.

S2: PARSE
Operator: '['
Target: 85[56  A=8,B=5,C=5,D=6
Examples using '[':
  E1: 32[35 = 0221

S3: SCAN
#1:AB_CD|cat|raw L=32,R=35 3235->3235 vs 0221 NO
#2:AB_CD|mul|raw L=32,R=35 1120->1120 vs 0221 NO
#3:AB_CD|add|raw L=32,R=35 67->67 vs 0221 NO
#4:AB_CD|sub|raw L=32,R=35 -3->-3 vs 0221 NO
#5:AB_CD|absdiff|raw L=32,R=35 3->3 vs 0221 NO
#6:BA_DC|cat|rev L=23,R=53 2353->3532 vs 0221 NO
#7:BA_DC|mul|rev L=23,R=53 1219->9121 vs 0221 NO
#8:BA_DC|add|rev L=23,R=53 76->67 vs 0221 NO
#9:BA_DC|cat|raw L=23,R=53 2353->2353 vs 0221 NO
#10:AB_CD|cat|rev L=32,R=35 3235->5323 vs 0221 NO
#11:AB_CD|mul|rev L=32,R=35 1120->0211 vs 0221 NO
#12:AB_CD|add|rev L=32,R=35 67->76 vs 0221 NO

S5: LOCK: BA_DC|muladd1|rev

S6: APPLY
Target: 85[56
BA_DC: L=58,R=65
muladd1(58,65)=3771 rev->1773

S7: ANS=1773

\boxed{1773}"
b4342b90,"In Alice's Wonderland, a secret set of transformation rules is applied to equations. Below are a few examples:
64\49 = 114
66%87 = 21
30%84 = 54
77\30 = 108
81)74 = 5994
Now, determine the result for: 40\25",66,Equation Numeric,"I identify this as a symbol-digit (equation numeric) task: two-digit operands built from A,B,C,D, one operator, and a format. I group examples by the target operator, scan (pairing|op|format) until examples match and the target matches the boxed answer, then apply. I ignore flavor text.

S2: PARSE
Operator: '\'
Target: 40\25  A=4,B=0,C=2,D=5
Examples using '\':
  E1: 64\49 = 114
  E2: 77\30 = 108

S3: SCAN
#1:AB_CD|cat|raw L=64,R=49 6449->6449 vs 114 NO
#2:AB_CD|mul|raw L=64,R=49 3136->3136 vs 114 NO
#3:AB_CD|add|raw L=64,R=49 113->113 vs 114 NO
#4:AB_CD|sub|raw L=64,R=49 15->15 vs 114 NO
#5:AB_CD|absdiff|raw L=64,R=49 15->15 vs 114 NO
#6:BA_DC|cat|rev L=46,R=94 4694->4964 vs 114 NO
#7:BA_DC|mul|rev L=46,R=94 4324->4234 vs 114 NO
#8:BA_DC|add|rev L=46,R=94 140->041 vs 114 NO
#9:BA_DC|cat|raw L=46,R=94 4694->4694 vs 114 NO
#10:AB_CD|cat|rev L=64,R=49 6449->9446 vs 114 NO
#11:AB_CD|mul|rev L=64,R=49 3136->6313 vs 114 NO
#12:AB_CD|add|rev L=64,R=49 113->311 vs 114 NO

S4: VER
E2: 77\30 = 108
AB_CD|add1|raw L=77,R=30 108->108 vs 108 YES

S5: LOCK: AB_CD|add1|raw

S6: APPLY
Target: 40\25
AB_CD: L=40,R=25
add1(40,25)=66 raw->66

S7: ANS=66

\boxed{66}"
b4a15ca6,"In Alice's Wonderland, a secret set of transformation rules is applied to equations. Below are a few examples:
44-81 = 62
66+58 = 051
98-47 = 51
Now, determine the result for: 16+34",301,Equation Numeric,"I identify this as a symbol-digit (equation numeric) task: two-digit operands built from A,B,C,D, one operator, and a format. I group examples by the target operator, scan (pairing|op|format) until examples match and the target matches the boxed answer, then apply. I ignore flavor text.

S2: PARSE
Operator: '+'
Target: 16+34  A=1,B=6,C=3,D=4
Examples using '+':
  E1: 66+58 = 051

S3: SCAN
#1:AB_CD|cat|raw L=66,R=58 6658->6658 vs 051 NO
#2:AB_CD|mul|raw L=66,R=58 3828->3828 vs 051 NO
#3:AB_CD|add|raw L=66,R=58 124->124 vs 051 NO
#4:AB_CD|sub|raw L=66,R=58 8->8 vs 051 NO
#5:AB_CD|absdiff|raw L=66,R=58 8->8 vs 051 NO
#6:BA_DC|cat|rev L=66,R=85 6685->5866 vs 051 NO
#7:BA_DC|mul|rev L=66,R=85 5610->0165 vs 051 NO
#8:BA_DC|add|rev L=66,R=85 151->151 vs 051 NO
#9:BA_DC|cat|raw L=66,R=85 6685->6685 vs 051 NO
#10:AB_CD|cat|rev L=66,R=58 6658->8566 vs 051 NO
#11:AB_CD|mul|rev L=66,R=58 3828->8283 vs 051 NO
#12:AB_CD|add|rev L=66,R=58 124->421 vs 051 NO

S5: LOCK: BA_DC|addm1|rev

S6: APPLY
Target: 16+34
BA_DC: L=61,R=43
addm1(61,43)=103 rev->301

S7: ANS=301

\boxed{301}"
b4a5076f,"In Alice's Wonderland, a secret set of transformation rules is applied to equations. Below are a few examples:
84!87 = 03
95<16 = 021
88!71 = 3
38<94 = 231
12$38 = 3471
Now, determine the result for: 62<13",75,Equation Numeric,"I identify this as a symbol-digit (equation numeric) task: two-digit operands built from A,B,C,D, one operator, and a format. I group examples by the target operator, scan (pairing|op|format) until examples match and the target matches the boxed answer, then apply. I ignore flavor text.

S2: PARSE
Operator: '<'
Target: 62<13  A=6,B=2,C=1,D=3
Examples using '<':
  E1: 95<16 = 021
  E2: 38<94 = 231

S3: SCAN
#1:AB_CD|cat|raw L=95,R=16 9516->9516 vs 021 NO
#2:AB_CD|mul|raw L=95,R=16 1520->1520 vs 021 NO
#3:AB_CD|add|raw L=95,R=16 111->111 vs 021 NO
#4:AB_CD|sub|raw L=95,R=16 79->79 vs 021 NO
#5:AB_CD|absdiff|raw L=95,R=16 79->79 vs 021 NO
#6:BA_DC|cat|rev L=59,R=61 5961->1695 vs 021 NO
#7:BA_DC|mul|rev L=59,R=61 3599->9953 vs 021 NO
#8:BA_DC|add|rev L=59,R=61 120->021 vs 021 YES

S4: VER
E2: 38<94 = 231
BA_DC|add|rev L=83,R=49 132->231 vs 231 YES

S5: LOCK: BA_DC|add|rev

S6: APPLY
Target: 62<13
BA_DC: L=26,R=31
add(26,31)=57 rev->75

S7: ANS=75

\boxed{75}"
b4f701f5,"In Alice's Wonderland, a secret set of transformation rules is applied to equations. Below are a few examples:
88*22 = 6391
51*47 = 0111
45-93 = -51
18+97 = 9718
Now, determine the result for: 14*24",2271,Equation Numeric,"I identify this as a symbol-digit (equation numeric) task: two-digit operands built from A,B,C,D, one operator, and a format. I group examples by the target operator, scan (pairing|op|format) until examples match and the target matches the boxed answer, then apply. I ignore flavor text.

S2: PARSE
Operator: '*'
Target: 14*24  A=1,B=4,C=2,D=4
Examples using '*':
  E1: 88*22 = 6391
  E2: 51*47 = 0111

S3: SCAN
#1:AB_CD|cat|raw L=88,R=22 8822->8822 vs 6391 NO
#2:AB_CD|mul|raw L=88,R=22 1936->1936 vs 6391 NO
#3:AB_CD|add|raw L=88,R=22 110->110 vs 6391 NO
#4:AB_CD|sub|raw L=88,R=22 66->66 vs 6391 NO
#5:AB_CD|absdiff|raw L=88,R=22 66->66 vs 6391 NO
#6:BA_DC|cat|rev L=88,R=22 8822->2288 vs 6391 NO
#7:BA_DC|mul|rev L=88,R=22 1936->6391 vs 6391 YES

S4: VER
E2: 51*47 = 0111
BA_DC|mul|rev L=15,R=74 1110->0111 vs 0111 YES

S5: LOCK: BA_DC|mul|rev

S6: APPLY
Target: 14*24
BA_DC: L=41,R=42
mul(41,42)=1722 rev->2271

S7: ANS=2271

\boxed{2271}"
b5e1e604,"In Alice's Wonderland, a secret set of transformation rules is applied to equations. Below are a few examples:
96""51 = 4301
36\79 = 43
33|92 = 26
Now, determine the result for: 28|03",211,Equation Numeric,"I identify this as a symbol-digit (equation numeric) task: two-digit operands built from A,B,C,D, one operator, and a format. I group examples by the target operator, scan (pairing|op|format) until examples match and the target matches the boxed answer, then apply. I ignore flavor text.

S2: PARSE
Operator: '|'
Target: 28|03  A=2,B=8,C=0,D=3
Examples using '|':
  E1: 33|92 = 26

S3: SCAN
#1:AB_CD|cat|raw L=33,R=92 3392->3392 vs 26 NO
#2:AB_CD|mul|raw L=33,R=92 3036->3036 vs 26 NO
#3:AB_CD|add|raw L=33,R=92 125->125 vs 26 NO
#4:AB_CD|sub|raw L=33,R=92 -59->-59 vs 26 NO
#5:AB_CD|absdiff|raw L=33,R=92 59->59 vs 26 NO
#6:BA_DC|cat|rev L=33,R=29 3329->9233 vs 26 NO
#7:BA_DC|mul|rev L=33,R=29 957->759 vs 26 NO
#8:BA_DC|add|rev L=33,R=29 62->26 vs 26 YES

S5: LOCK: BA_DC|add|rev

S6: APPLY
Target: 28|03
BA_DC: L=82,R=30
add(82,30)=112 rev->211

S7: ANS=211

\boxed{211}"
b62453dc,"In Alice's Wonderland, a secret set of transformation rules is applied to equations. Below are a few examples:
91*96 = 9691
99-98 = 01
16*74 = 7416
Now, determine the result for: 43-19",-75,Equation Numeric,"I identify this as a symbol-digit (equation numeric) task: two-digit operands built from A,B,C,D, one operator, and a format. I group examples by the target operator, scan (pairing|op|format) until examples match and the target matches the boxed answer, then apply. I ignore flavor text.

S2: PARSE
Operator: '-'
Target: 43-19  A=4,B=3,C=1,D=9
Examples using '-':
  E1: 99-98 = 01

S3: SCAN
#1:AB_CD|cat|raw L=99,R=98 9998->9998 vs 01 NO
#2:AB_CD|mul|raw L=99,R=98 9702->9702 vs 01 NO
#3:AB_CD|add|raw L=99,R=98 197->197 vs 01 NO
#4:AB_CD|sub|raw L=99,R=98 1->1 vs 01 NO
#5:AB_CD|absdiff|raw L=99,R=98 1->1 vs 01 NO
#6:BA_DC|cat|rev L=99,R=89 9989->9899 vs 01 NO
#7:BA_DC|mul|rev L=99,R=89 8811->1188 vs 01 NO
#8:BA_DC|add|rev L=99,R=89 188->881 vs 01 NO
#9:BA_DC|cat|raw L=99,R=89 9989->9989 vs 01 NO
#10:AB_CD|cat|rev L=99,R=98 9998->8999 vs 01 NO
#11:AB_CD|mul|rev L=99,R=98 9702->2079 vs 01 NO
#12:AB_CD|add|rev L=99,R=98 197->791 vs 01 NO

S5: LOCK: BA_DC|sub|rev

S6: APPLY
Target: 43-19
BA_DC: L=34,R=91
sub(34,91)=-57 rev->-75

S7: ANS=-75

\boxed{-75}"
b643d81f,"In Alice's Wonderland, a secret set of transformation rules is applied to equations. Below are a few examples:
33-39 = -06
76-43 = 33
42-25 = -82
42*84 = 1511
52*36 = 4751
Now, determine the result for: 97-07",9,Equation Numeric,"I identify this as a symbol-digit (equation numeric) task: two-digit operands built from A,B,C,D, one operator, and a format. I group examples by the target operator, scan (pairing|op|format) until examples match and the target matches the boxed answer, then apply. I ignore flavor text.

S2: PARSE
Operator: '-'
Target: 97-07  A=9,B=7,C=0,D=7
Examples using '-':
  E1: 33-39 = -06
  E2: 76-43 = 33
  E3: 42-25 = -82

S3: SCAN
#1:AB_CD|cat|raw L=33,R=39 3339->3339 vs -06 NO
#2:AB_CD|mul|raw L=33,R=39 1287->1287 vs -06 NO
#3:AB_CD|add|raw L=33,R=39 72->72 vs -06 NO
#4:AB_CD|sub|raw L=33,R=39 -6->-6 vs -06 NO
#5:AB_CD|absdiff|raw L=33,R=39 6->6 vs -06 NO
#6:BA_DC|cat|rev L=33,R=93 3393->3933 vs -06 NO
#7:BA_DC|mul|rev L=33,R=93 3069->9603 vs -06 NO
#8:BA_DC|add|rev L=33,R=93 126->621 vs -06 NO
#9:BA_DC|cat|raw L=33,R=93 3393->3393 vs -06 NO
#10:AB_CD|cat|rev L=33,R=39 3339->9333 vs -06 NO
#11:AB_CD|mul|rev L=33,R=39 1287->7821 vs -06 NO
#12:AB_CD|add|rev L=33,R=39 72->27 vs -06 NO

S4: VER
E2: 76-43 = 33
BA_DC|sub|rev L=67,R=34 33->33 vs 33 YES

S5: LOCK: BA_DC|sub|rev

S6: APPLY
Target: 97-07
BA_DC: L=79,R=70
sub(79,70)=9 rev->9

S7: ANS=9

\boxed{9}"
b69391b8,"In Alice's Wonderland, a secret set of transformation rules is applied to equations. Below are a few examples:
30{78 = 2339
66'98 = 164
96{56 = 5375
87{88 = 7655
Now, determine the result for: 52'14",66,Equation Numeric,"I identify this as a symbol-digit (equation numeric) task: two-digit operands built from A,B,C,D, one operator, and a format. I group examples by the target operator, scan (pairing|op|format) until examples match and the target matches the boxed answer, then apply. I ignore flavor text.

S2: PARSE
Operator: '''
Target: 52'14  A=5,B=2,C=1,D=4
Examples using ''':
  E1: 66'98 = 164

S3: SCAN
#1:AB_CD|cat|raw L=66,R=98 6698->6698 vs 164 NO
#2:AB_CD|mul|raw L=66,R=98 6468->6468 vs 164 NO
#3:AB_CD|add|raw L=66,R=98 164->164 vs 164 YES

S5: LOCK: AB_CD|add|raw

S6: APPLY
Target: 52'14
AB_CD: L=52,R=14
add(52,14)=66 raw->66

S7: ANS=66

\boxed{66}"
b980017a,"In Alice's Wonderland, a secret set of transformation rules is applied to equations. Below are a few examples:
55@23 = 78
28>11 = 17>
41/64 = 446
28@44 = 621
Now, determine the result for: 37/98",7946,Equation Numeric,"I identify this as a symbol-digit (equation numeric) task: two-digit operands built from A,B,C,D, one operator, and a format. I group examples by the target operator, scan (pairing|op|format) until examples match and the target matches the boxed answer, then apply. I ignore flavor text.

S2: PARSE
Operator: '/'
Target: 37/98  A=3,B=7,C=9,D=8
Examples using '/':
  E1: 41/64 = 446

S3: SCAN
#1:AB_CD|cat|raw L=41,R=64 4164->4164 vs 446 NO
#2:AB_CD|mul|raw L=41,R=64 2624->2624 vs 446 NO
#3:AB_CD|add|raw L=41,R=64 105->105 vs 446 NO
#4:AB_CD|sub|raw L=41,R=64 -23->-23 vs 446 NO
#5:AB_CD|absdiff|raw L=41,R=64 23->23 vs 446 NO
#6:BA_DC|cat|rev L=14,R=46 1446->6441 vs 446 NO
#7:BA_DC|mul|rev L=14,R=46 644->446 vs 446 YES

S5: LOCK: BA_DC|mul|rev

S6: APPLY
Target: 37/98
BA_DC: L=73,R=89
mul(73,89)=6497 rev->7946

S7: ANS=7946

\boxed{7946}"
b989c740,"In Alice's Wonderland, a secret set of transformation rules is applied to equations. Below are a few examples:
13*63 = 6313
03+21 = 2103
56*85 = 8556
56+74 = 7456
66*17 = 1766
Now, determine the result for: 18+86",8618,Equation Numeric,"I identify this as a symbol-digit (equation numeric) task: two-digit operands built from A,B,C,D, one operator, and a format. I group examples by the target operator, scan (pairing|op|format) until examples match and the target matches the boxed answer, then apply. I ignore flavor text.

S2: PARSE
Operator: '+'
Target: 18+86  A=1,B=8,C=8,D=6
Examples using '+':
  E1: 03+21 = 2103
  E2: 56+74 = 7456

S3: SCAN
#1:AB_CD|cat|raw L=3,R=21 321->321 vs 2103 NO
#2:AB_CD|mul|raw L=3,R=21 63->63 vs 2103 NO
#3:AB_CD|add|raw L=3,R=21 24->24 vs 2103 NO
#4:AB_CD|sub|raw L=3,R=21 -18->-18 vs 2103 NO
#5:AB_CD|absdiff|raw L=3,R=21 18->18 vs 2103 NO
#6:BA_DC|cat|rev L=30,R=12 3012->2103 vs 2103 YES

S4: VER
E2: 56+74 = 7456
BA_DC|cat|rev L=65,R=47 6547->7456 vs 7456 YES

S5: LOCK: BA_DC|cat|rev

S6: APPLY
Target: 18+86
BA_DC: L=81,R=68
cat(81,68)=8168 rev->8618

S7: ANS=8618

\boxed{8618}"
b9bf883d,"In Alice's Wonderland, a secret set of transformation rules is applied to equations. Below are a few examples:
31?46 = 77
38@95 = 3611
31-83 = -52
Now, determine the result for: 25?75",100,Equation Numeric,"I identify this as a symbol-digit (equation numeric) task: two-digit operands built from A,B,C,D, one operator, and a format. I group examples by the target operator, scan (pairing|op|format) until examples match and the target matches the boxed answer, then apply. I ignore flavor text.

S2: PARSE
Operator: '?'
Target: 25?75  A=2,B=5,C=7,D=5
Examples using '?':
  E1: 31?46 = 77

S3: SCAN
#1:AB_CD|cat|raw L=31,R=46 3146->3146 vs 77 NO
#2:AB_CD|mul|raw L=31,R=46 1426->1426 vs 77 NO
#3:AB_CD|add|raw L=31,R=46 77->77 vs 77 YES

S5: LOCK: AB_CD|add|raw

S6: APPLY
Target: 25?75
AB_CD: L=25,R=75
add(25,75)=100 raw->100

S7: ANS=100

\boxed{100}"
bad6f95d,"In Alice's Wonderland, a secret set of transformation rules is applied to equations. Below are a few examples:
86+60 = 5160
42-69 = 27
26$56 = 83
77+35 = 2695
79+27 = 2133
Now, determine the result for: 54-95",41,Equation Numeric,"I identify this as a symbol-digit (equation numeric) task: two-digit operands built from A,B,C,D, one operator, and a format. I group examples by the target operator, scan (pairing|op|format) until examples match and the target matches the boxed answer, then apply. I ignore flavor text.

S2: PARSE
Operator: '-'
Target: 54-95  A=5,B=4,C=9,D=5
Examples using '-':
  E1: 42-69 = 27

S3: SCAN
#1:AB_CD|cat|raw L=42,R=69 4269->4269 vs 27 NO
#2:AB_CD|mul|raw L=42,R=69 2898->2898 vs 27 NO
#3:AB_CD|add|raw L=42,R=69 111->111 vs 27 NO
#4:AB_CD|sub|raw L=42,R=69 -27->-27 vs 27 NO
#5:AB_CD|absdiff|raw L=42,R=69 27->27 vs 27 YES

S5: LOCK: AB_CD|absdiff|raw

S6: APPLY
Target: 54-95
AB_CD: L=54,R=95
absdiff(54,95)=41 raw->41

S7: ANS=41

\boxed{41}"
bad9f9da,"In Alice's Wonderland, a secret set of transformation rules is applied to equations. Below are a few examples:
87%30 = 2611
96+79 = 175
77%94 = 7239
36%46 = 1657
51%34 = 1735
Now, determine the result for: 52+35",87,Equation Numeric,"I identify this as a symbol-digit (equation numeric) task: two-digit operands built from A,B,C,D, one operator, and a format. I group examples by the target operator, scan (pairing|op|format) until examples match and the target matches the boxed answer, then apply. I ignore flavor text.

S2: PARSE
Operator: '+'
Target: 52+35  A=5,B=2,C=3,D=5
Examples using '+':
  E1: 96+79 = 175

S3: SCAN
#1:AB_CD|cat|raw L=96,R=79 9679->9679 vs 175 NO
#2:AB_CD|mul|raw L=96,R=79 7584->7584 vs 175 NO
#3:AB_CD|add|raw L=96,R=79 175->175 vs 175 YES

S5: LOCK: AB_CD|add|raw

S6: APPLY
Target: 52+35
AB_CD: L=52,R=35
add(52,35)=87 raw->87

S7: ANS=87

\boxed{87}"
bc7f14d1,"In Alice's Wonderland, a secret set of transformation rules is applied to equations. Below are a few examples:
67&31 = 98
44{46 = 02{
61:01 = 061
Now, determine the result for: 79&45",151,Equation Numeric,"I identify this as a symbol-digit (equation numeric) task: two-digit operands built from A,B,C,D, one operator, and a format. I group examples by the target operator, scan (pairing|op|format) until examples match and the target matches the boxed answer, then apply. I ignore flavor text.

S2: PARSE
Operator: '&'
Target: 79&45  A=7,B=9,C=4,D=5
Examples using '&':
  E1: 67&31 = 98

S3: SCAN
#1:AB_CD|cat|raw L=67,R=31 6731->6731 vs 98 NO
#2:AB_CD|mul|raw L=67,R=31 2077->2077 vs 98 NO
#3:AB_CD|add|raw L=67,R=31 98->98 vs 98 NO
#4:AB_CD|sub|raw L=67,R=31 36->36 vs 98 NO
#5:AB_CD|absdiff|raw L=67,R=31 36->36 vs 98 NO
#6:BA_DC|cat|rev L=76,R=13 7613->3167 vs 98 NO
#7:BA_DC|mul|rev L=76,R=13 988->889 vs 98 NO
#8:BA_DC|add|rev L=76,R=13 89->98 vs 98 YES

S5: LOCK: BA_DC|add|rev

S6: APPLY
Target: 79&45
BA_DC: L=97,R=54
add(97,54)=151 rev->151

S7: ANS=151

\boxed{151}"
bd4c584a,"In Alice's Wonderland, a secret set of transformation rules is applied to equations. Below are a few examples:
33$77 = 1452
97|76 = 21|
67|91 = 75|
42|97 = 55|
87$95 = 2064
Now, determine the result for: 02$79",0491,Equation Numeric,"I identify this as a symbol-digit (equation numeric) task: two-digit operands built from A,B,C,D, one operator, and a format. I group examples by the target operator, scan (pairing|op|format) until examples match and the target matches the boxed answer, then apply. I ignore flavor text.

S2: PARSE
Operator: '$'
Target: 02$79  A=0,B=2,C=7,D=9
Examples using '$':
  E1: 33$77 = 1452
  E2: 87$95 = 2064

S3: SCAN
#1:AB_CD|cat|raw L=33,R=77 3377->3377 vs 1452 NO
#2:AB_CD|mul|raw L=33,R=77 2541->2541 vs 1452 NO
#3:AB_CD|add|raw L=33,R=77 110->110 vs 1452 NO
#4:AB_CD|sub|raw L=33,R=77 -44->-44 vs 1452 NO
#5:AB_CD|absdiff|raw L=33,R=77 44->44 vs 1452 NO
#6:BA_DC|cat|rev L=33,R=77 3377->7733 vs 1452 NO
#7:BA_DC|mul|rev L=33,R=77 2541->1452 vs 1452 YES

S4: VER
E2: 87$95 = 2064
BA_DC|mul|rev L=78,R=59 4602->2064 vs 2064 YES

S5: LOCK: BA_DC|mul|rev

S6: APPLY
Target: 02$79
BA_DC: L=20,R=97
mul(20,97)=1940 rev->0491

S7: ANS=0491

\boxed{0491}"
bd8aa942,"In Alice's Wonderland, a secret set of transformation rules is applied to equations. Below are a few examples:
45*46 = 92
24*76 = 101
98}78 = 7644
99*53 = 153
Now, determine the result for: 33}57",1881,Equation Numeric,"I identify this as a symbol-digit (equation numeric) task: two-digit operands built from A,B,C,D, one operator, and a format. I group examples by the target operator, scan (pairing|op|format) until examples match and the target matches the boxed answer, then apply. I ignore flavor text.

S2: PARSE
Operator: '}'
Target: 33}57  A=3,B=3,C=5,D=7
Examples using '}':
  E1: 98}78 = 7644

S3: SCAN
#1:AB_CD|cat|raw L=98,R=78 9878->9878 vs 7644 NO
#2:AB_CD|mul|raw L=98,R=78 7644->7644 vs 7644 YES

S5: LOCK: AB_CD|mul|raw

S6: APPLY
Target: 33}57
AB_CD: L=33,R=57
mul(33,57)=1881 raw->1881

S7: ANS=1881

\boxed{1881}"
bdca0fac,"In Alice's Wonderland, a secret set of transformation rules is applied to equations. Below are a few examples:
71-32 = -6
35+63 = 6335
69*27 = 2196
39+09 = 0939
Now, determine the result for: 45*89",2925,Equation Numeric,"I identify this as a symbol-digit (equation numeric) task: two-digit operands built from A,B,C,D, one operator, and a format. I group examples by the target operator, scan (pairing|op|format) until examples match and the target matches the boxed answer, then apply. I ignore flavor text.

S2: PARSE
Operator: '*'
Target: 45*89  A=4,B=5,C=8,D=9
Examples using '*':
  E1: 69*27 = 2196

S3: SCAN
#1:AB_CD|cat|raw L=69,R=27 6927->6927 vs 2196 NO
#2:AB_CD|mul|raw L=69,R=27 1863->1863 vs 2196 NO
#3:AB_CD|add|raw L=69,R=27 96->96 vs 2196 NO
#4:AB_CD|sub|raw L=69,R=27 42->42 vs 2196 NO
#5:AB_CD|absdiff|raw L=69,R=27 42->42 vs 2196 NO
#6:BA_DC|cat|rev L=96,R=72 9672->2769 vs 2196 NO
#7:BA_DC|mul|rev L=96,R=72 6912->2196 vs 2196 YES

S5: LOCK: BA_DC|mul|rev

S6: APPLY
Target: 45*89
BA_DC: L=54,R=98
mul(54,98)=5292 rev->2925

S7: ANS=2925

\boxed{2925}"
bf4bd858,"In Alice's Wonderland, a secret set of transformation rules is applied to equations. Below are a few examples:
95@84 = 601
06@89 = 751
21`22 = 462
46&15 = 31
39`93 = 7263
Now, determine the result for: 98@31",101,Equation Numeric,"I identify this as a symbol-digit (equation numeric) task: two-digit operands built from A,B,C,D, one operator, and a format. I group examples by the target operator, scan (pairing|op|format) until examples match and the target matches the boxed answer, then apply. I ignore flavor text.

S2: PARSE
Operator: '@'
Target: 98@31  A=9,B=8,C=3,D=1
Examples using '@':
  E1: 95@84 = 601
  E2: 06@89 = 751

S3: SCAN
#1:AB_CD|cat|raw L=95,R=84 9584->9584 vs 601 NO
#2:AB_CD|mul|raw L=95,R=84 7980->7980 vs 601 NO
#3:AB_CD|add|raw L=95,R=84 179->179 vs 601 NO
#4:AB_CD|sub|raw L=95,R=84 11->11 vs 601 NO
#5:AB_CD|absdiff|raw L=95,R=84 11->11 vs 601 NO
#6:BA_DC|cat|rev L=59,R=48 5948->8495 vs 601 NO
#7:BA_DC|mul|rev L=59,R=48 2832->2382 vs 601 NO
#8:BA_DC|add|rev L=59,R=48 107->701 vs 601 NO
#9:BA_DC|cat|raw L=59,R=48 5948->5948 vs 601 NO
#10:AB_CD|cat|rev L=95,R=84 9584->4859 vs 601 NO
#11:AB_CD|mul|rev L=95,R=84 7980->0897 vs 601 NO
#12:AB_CD|add|rev L=95,R=84 179->971 vs 601 NO

S4: VER
E2: 06@89 = 751
BA_DC|addm1|rev L=60,R=98 157->751 vs 751 YES

S5: LOCK: BA_DC|addm1|rev

S6: APPLY
Target: 98@31
BA_DC: L=89,R=13
addm1(89,13)=101 rev->101

S7: ANS=101

\boxed{101}"
c06e61a2,"In Alice's Wonderland, a secret set of transformation rules is applied to equations. Below are a few examples:
25+15 = 401
23*65 = 6523
32*79 = 7932
15*41 = 4115
Now, determine the result for: 34+84",29,Equation Numeric,"I identify this as a symbol-digit (equation numeric) task: two-digit operands built from A,B,C,D, one operator, and a format. I group examples by the target operator, scan (pairing|op|format) until examples match and the target matches the boxed answer, then apply. I ignore flavor text.

S2: PARSE
Operator: '+'
Target: 34+84  A=3,B=4,C=8,D=4
Examples using '+':
  E1: 25+15 = 401

S3: SCAN
#1:AB_CD|cat|raw L=25,R=15 2515->2515 vs 401 NO
#2:AB_CD|mul|raw L=25,R=15 375->375 vs 401 NO
#3:AB_CD|add|raw L=25,R=15 40->40 vs 401 NO
#4:AB_CD|sub|raw L=25,R=15 10->10 vs 401 NO
#5:AB_CD|absdiff|raw L=25,R=15 10->10 vs 401 NO
#6:BA_DC|cat|rev L=52,R=51 5251->1525 vs 401 NO
#7:BA_DC|mul|rev L=52,R=51 2652->2562 vs 401 NO
#8:BA_DC|add|rev L=52,R=51 103->301 vs 401 NO
#9:BA_DC|cat|raw L=52,R=51 5251->5251 vs 401 NO
#10:AB_CD|cat|rev L=25,R=15 2515->5152 vs 401 NO
#11:AB_CD|mul|rev L=25,R=15 375->573 vs 401 NO
#12:AB_CD|add|rev L=25,R=15 40->04 vs 401 NO

S5: LOCK: BA_DC|add1|rev

S6: APPLY
Target: 34+84
BA_DC: L=43,R=48
add1(43,48)=92 rev->29

S7: ANS=29

\boxed{29}"
c0dd90c0,"In Alice's Wonderland, a secret set of transformation rules is applied to equations. Below are a few examples:
34*65 = 100
27!25 = 675
28!40 = 1120
85(92 = 7
Now, determine the result for: 23(45",22,Equation Numeric,"I identify this as a symbol-digit (equation numeric) task: two-digit operands built from A,B,C,D, one operator, and a format. I group examples by the target operator, scan (pairing|op|format) until examples match and the target matches the boxed answer, then apply. I ignore flavor text.

S2: PARSE
Operator: '('
Target: 23(45  A=2,B=3,C=4,D=5
Examples using '(':
  E1: 85(92 = 7

S3: SCAN
#1:AB_CD|cat|raw L=85,R=92 8592->8592 vs 7 NO
#2:AB_CD|mul|raw L=85,R=92 7820->7820 vs 7 NO
#3:AB_CD|add|raw L=85,R=92 177->177 vs 7 NO
#4:AB_CD|sub|raw L=85,R=92 -7->-7 vs 7 NO
#5:AB_CD|absdiff|raw L=85,R=92 7->7 vs 7 YES

S5: LOCK: AB_CD|absdiff|raw

S6: APPLY
Target: 23(45
AB_CD: L=23,R=45
absdiff(23,45)=22 raw->22

S7: ANS=22

\boxed{22}"
c0f32a1e,"In Alice's Wonderland, a secret set of transformation rules is applied to equations. Below are a few examples:
54+03 = 67
03+86 = 99
18*29 = 2547
84+36 = 211
14-79 = 65
Now, determine the result for: 92*02",085,Equation Numeric,"I identify this as a symbol-digit (equation numeric) task: two-digit operands built from A,B,C,D, one operator, and a format. I group examples by the target operator, scan (pairing|op|format) until examples match and the target matches the boxed answer, then apply. I ignore flavor text.

S2: PARSE
Operator: '*'
Target: 92*02  A=9,B=2,C=0,D=2
Examples using '*':
  E1: 18*29 = 2547

S3: SCAN
#1:AB_CD|cat|raw L=18,R=29 1829->1829 vs 2547 NO
#2:AB_CD|mul|raw L=18,R=29 522->522 vs 2547 NO
#3:AB_CD|add|raw L=18,R=29 47->47 vs 2547 NO
#4:AB_CD|sub|raw L=18,R=29 -11->-11 vs 2547 NO
#5:AB_CD|absdiff|raw L=18,R=29 11->11 vs 2547 NO
#6:BA_DC|cat|rev L=81,R=92 8192->2918 vs 2547 NO
#7:BA_DC|mul|rev L=81,R=92 7452->2547 vs 2547 YES

S5: LOCK: BA_DC|mul|rev

S6: APPLY
Target: 92*02
BA_DC: L=29,R=20
mul(29,20)=580 rev->085

S7: ANS=085

\boxed{085}"
c11777c0,"In Alice's Wonderland, a secret set of transformation rules is applied to equations. Below are a few examples:
36]04 = 32
74:33 = 3374
83]77 = ]93
81]76 = ]94
34?86 = 111
Now, determine the result for: 22?34",56,Equation Numeric,"I identify this as a symbol-digit (equation numeric) task: two-digit operands built from A,B,C,D, one operator, and a format. I group examples by the target operator, scan (pairing|op|format) until examples match and the target matches the boxed answer, then apply. I ignore flavor text.

S2: PARSE
Operator: '?'
Target: 22?34  A=2,B=2,C=3,D=4
Examples using '?':
  E1: 34?86 = 111

S3: SCAN
#1:AB_CD|cat|raw L=34,R=86 3486->3486 vs 111 NO
#2:AB_CD|mul|raw L=34,R=86 2924->2924 vs 111 NO
#3:AB_CD|add|raw L=34,R=86 120->120 vs 111 NO
#4:AB_CD|sub|raw L=34,R=86 -52->-52 vs 111 NO
#5:AB_CD|absdiff|raw L=34,R=86 52->52 vs 111 NO
#6:BA_DC|cat|rev L=43,R=68 4368->8634 vs 111 NO
#7:BA_DC|mul|rev L=43,R=68 2924->4292 vs 111 NO
#8:BA_DC|add|rev L=43,R=68 111->111 vs 111 YES

S5: LOCK: BA_DC|add|rev

S6: APPLY
Target: 22?34
BA_DC: L=22,R=43
add(22,43)=65 rev->56

S7: ANS=56

\boxed{56}"
c170f7d4,"In Alice's Wonderland, a secret set of transformation rules is applied to equations. Below are a few examples:
82-22 = 6
02-66 = -64
26+67 = 6726
83*15 = 1583
33*06 = 0633
Now, determine the result for: 01-16",-15,Equation Numeric,"I identify this as a symbol-digit (equation numeric) task: two-digit operands built from A,B,C,D, one operator, and a format. I group examples by the target operator, scan (pairing|op|format) until examples match and the target matches the boxed answer, then apply. I ignore flavor text.

S2: PARSE
Operator: '-'
Target: 01-16  A=0,B=1,C=1,D=6
Examples using '-':
  E1: 82-22 = 6
  E2: 02-66 = -64

S3: SCAN
#1:AB_CD|cat|raw L=82,R=22 8222->8222 vs 6 NO
#2:AB_CD|mul|raw L=82,R=22 1804->1804 vs 6 NO
#3:AB_CD|add|raw L=82,R=22 104->104 vs 6 NO
#4:AB_CD|sub|raw L=82,R=22 60->60 vs 6 NO
#5:AB_CD|absdiff|raw L=82,R=22 60->60 vs 6 NO
#6:BA_DC|cat|rev L=28,R=22 2822->2282 vs 6 NO
#7:BA_DC|mul|rev L=28,R=22 616->616 vs 6 NO
#8:BA_DC|add|rev L=28,R=22 50->05 vs 6 NO
#9:BA_DC|cat|raw L=28,R=22 2822->2822 vs 6 NO
#10:AB_CD|cat|rev L=82,R=22 8222->2228 vs 6 NO
#11:AB_CD|mul|rev L=82,R=22 1804->4081 vs 6 NO
#12:AB_CD|add|rev L=82,R=22 104->401 vs 6 NO

S4: VER
E2: 02-66 = -64
BA_DC|sub|rev L=20,R=66 -46->-64 vs -64 YES

S5: LOCK: BA_DC|sub|rev

S6: APPLY
Target: 01-16
BA_DC: L=10,R=61
sub(10,61)=-51 rev->-15

S7: ANS=-15

\boxed{-15}"
c2199ff2,"In Alice's Wonderland, a secret set of transformation rules is applied to equations. Below are a few examples:
31+57 = 26
93+42 = 51
17+21 = 95
78{51 = 201
17(22 = 2651
Now, determine the result for: 37(79",1807,Equation Numeric,"I identify this as a symbol-digit (equation numeric) task: two-digit operands built from A,B,C,D, one operator, and a format. I group examples by the target operator, scan (pairing|op|format) until examples match and the target matches the boxed answer, then apply. I ignore flavor text.

S2: PARSE
Operator: '('
Target: 37(79  A=3,B=7,C=7,D=9
Examples using '(':
  E1: 17(22 = 2651

S3: SCAN
#1:AB_CD|cat|raw L=17,R=22 1722->1722 vs 2651 NO
#2:AB_CD|mul|raw L=17,R=22 374->374 vs 2651 NO
#3:AB_CD|add|raw L=17,R=22 39->39 vs 2651 NO
#4:AB_CD|sub|raw L=17,R=22 -5->-5 vs 2651 NO
#5:AB_CD|absdiff|raw L=17,R=22 5->5 vs 2651 NO
#6:BA_DC|cat|rev L=71,R=22 7122->2217 vs 2651 NO
#7:BA_DC|mul|rev L=71,R=22 1562->2651 vs 2651 YES

S5: LOCK: BA_DC|mul|rev

S6: APPLY
Target: 37(79
BA_DC: L=73,R=97
mul(73,97)=7081 rev->1807

S7: ANS=1807

\boxed{1807}"
c37a2a23,"In Alice's Wonderland, a secret set of transformation rules is applied to equations. Below are a few examples:
15-79 = 95
94""45 = 4230
73""66 = 4818
50-90 = 141
Now, determine the result for: 90""65",5850,Equation Numeric,"I identify this as a symbol-digit (equation numeric) task: two-digit operands built from A,B,C,D, one operator, and a format. I group examples by the target operator, scan (pairing|op|format) until examples match and the target matches the boxed answer, then apply. I ignore flavor text.

S2: PARSE
Operator: '""'
Target: 90""65  A=9,B=0,C=6,D=5
Examples using '""':
  E1: 94""45 = 4230
  E2: 73""66 = 4818

S3: SCAN
#1:AB_CD|cat|raw L=94,R=45 9445->9445 vs 4230 NO
#2:AB_CD|mul|raw L=94,R=45 4230->4230 vs 4230 YES

S4: VER
E2: 73""66 = 4818
AB_CD|mul|raw L=73,R=66 4818->4818 vs 4818 YES

S5: LOCK: AB_CD|mul|raw

S6: APPLY
Target: 90""65
AB_CD: L=90,R=65
mul(90,65)=5850 raw->5850

S7: ANS=5850

\boxed{5850}"
c4f66ede,"In Alice's Wonderland, a secret set of transformation rules is applied to equations. Below are a few examples:
09+64 = 531
37-85 = 51
55*31 = 3155
79*93 = 9379
Now, determine the result for: 25*61",6125,Equation Numeric,"I identify this as a symbol-digit (equation numeric) task: two-digit operands built from A,B,C,D, one operator, and a format. I group examples by the target operator, scan (pairing|op|format) until examples match and the target matches the boxed answer, then apply. I ignore flavor text.

S2: PARSE
Operator: '*'
Target: 25*61  A=2,B=5,C=6,D=1
Examples using '*':
  E1: 55*31 = 3155
  E2: 79*93 = 9379

S3: SCAN
#1:AB_CD|cat|raw L=55,R=31 5531->5531 vs 3155 NO
#2:AB_CD|mul|raw L=55,R=31 1705->1705 vs 3155 NO
#3:AB_CD|add|raw L=55,R=31 86->86 vs 3155 NO
#4:AB_CD|sub|raw L=55,R=31 24->24 vs 3155 NO
#5:AB_CD|absdiff|raw L=55,R=31 24->24 vs 3155 NO
#6:BA_DC|cat|rev L=55,R=13 5513->3155 vs 3155 YES

S4: VER
E2: 79*93 = 9379
BA_DC|cat|rev L=97,R=39 9739->9379 vs 9379 YES

S5: LOCK: BA_DC|cat|rev

S6: APPLY
Target: 25*61
BA_DC: L=52,R=16
cat(52,16)=5216 rev->6125

S7: ANS=6125

\boxed{6125}"
c541eb82,"In Alice's Wonderland, a secret set of transformation rules is applied to equations. Below are a few examples:
68-93 = 74
39-26 = 13
93-46 = -52
81-67 = -85
Now, determine the result for: 47-48",-01,Equation Numeric,"I identify this as a symbol-digit (equation numeric) task: two-digit operands built from A,B,C,D, one operator, and a format. I group examples by the target operator, scan (pairing|op|format) until examples match and the target matches the boxed answer, then apply. I ignore flavor text.

S2: PARSE
Operator: '-'
Target: 47-48  A=4,B=7,C=4,D=8
Examples using '-':
  E1: 68-93 = 74
  E2: 39-26 = 13
  E3: 93-46 = -52
  E4: 81-67 = -85

S3: SCAN
#1:AB_CD|cat|raw L=68,R=93 6893->6893 vs 74 NO
#2:AB_CD|mul|raw L=68,R=93 6324->6324 vs 74 NO
#3:AB_CD|add|raw L=68,R=93 161->161 vs 74 NO
#4:AB_CD|sub|raw L=68,R=93 -25->-25 vs 74 NO
#5:AB_CD|absdiff|raw L=68,R=93 25->25 vs 74 NO
#6:BA_DC|cat|rev L=86,R=39 8639->9368 vs 74 NO
#7:BA_DC|mul|rev L=86,R=39 3354->4533 vs 74 NO
#8:BA_DC|add|rev L=86,R=39 125->521 vs 74 NO
#9:BA_DC|cat|raw L=86,R=39 8639->8639 vs 74 NO
#10:AB_CD|cat|rev L=68,R=93 6893->3986 vs 74 NO
#11:AB_CD|mul|rev L=68,R=93 6324->4236 vs 74 NO
#12:AB_CD|add|rev L=68,R=93 161->161 vs 74 NO

S4: VER
E2: 39-26 = 13
BA_DC|sub|rev L=93,R=62 31->13 vs 13 YES

S5: LOCK: BA_DC|sub|rev

S6: APPLY
Target: 47-48
BA_DC: L=74,R=84
sub(74,84)=-10 rev->-01

S7: ANS=-01

\boxed{-01}"
c5b058d6,"In Alice's Wonderland, a secret set of transformation rules is applied to equations. Below are a few examples:
72)27 = 99
26#48 = 22
42#45 = 3
24#14 = 10
Now, determine the result for: 94)40",134,Equation Numeric,"I identify this as a symbol-digit (equation numeric) task: two-digit operands built from A,B,C,D, one operator, and a format. I group examples by the target operator, scan (pairing|op|format) until examples match and the target matches the boxed answer, then apply. I ignore flavor text.

S2: PARSE
Operator: ')'
Target: 94)40  A=9,B=4,C=4,D=0
Examples using ')':
  E1: 72)27 = 99

S3: SCAN
#1:AB_CD|cat|raw L=72,R=27 7227->7227 vs 99 NO
#2:AB_CD|mul|raw L=72,R=27 1944->1944 vs 99 NO
#3:AB_CD|add|raw L=72,R=27 99->99 vs 99 YES

S5: LOCK: AB_CD|add|raw

S6: APPLY
Target: 94)40
AB_CD: L=94,R=40
add(94,40)=134 raw->134

S7: ANS=134

\boxed{134}"
c613082a,"In Alice's Wonderland, a secret set of transformation rules is applied to equations. Below are a few examples:
24-35 = -11
19+49 = 481
82+02 = 74
09-63 = 45
Now, determine the result for: 78-47",31,Equation Numeric,"I identify this as a symbol-digit (equation numeric) task: two-digit operands built from A,B,C,D, one operator, and a format. I group examples by the target operator, scan (pairing|op|format) until examples match and the target matches the boxed answer, then apply. I ignore flavor text.

S2: PARSE
Operator: '-'
Target: 78-47  A=7,B=8,C=4,D=7
Examples using '-':
  E1: 24-35 = -11
  E2: 09-63 = 45

S3: SCAN
#1:AB_CD|cat|raw L=24,R=35 2435->2435 vs -11 NO
#2:AB_CD|mul|raw L=24,R=35 840->840 vs -11 NO
#3:AB_CD|add|raw L=24,R=35 59->59 vs -11 NO
#4:AB_CD|sub|raw L=24,R=35 -11->-11 vs -11 NO
#5:AB_CD|absdiff|raw L=24,R=35 11->11 vs -11 NO
#6:BA_DC|cat|rev L=42,R=53 4253->3524 vs -11 NO
#7:BA_DC|mul|rev L=42,R=53 2226->6222 vs -11 NO
#8:BA_DC|add|rev L=42,R=53 95->59 vs -11 NO
#9:BA_DC|cat|raw L=42,R=53 4253->4253 vs -11 NO
#10:AB_CD|cat|rev L=24,R=35 2435->5342 vs -11 NO
#11:AB_CD|mul|rev L=24,R=35 840->048 vs -11 NO
#12:AB_CD|add|rev L=24,R=35 59->95 vs -11 NO

S4: VER
E2: 09-63 = 45
BA_DC|sub|rev L=90,R=36 54->45 vs 45 YES

S5: LOCK: BA_DC|sub|rev

S6: APPLY
Target: 78-47
BA_DC: L=87,R=74
sub(87,74)=13 rev->31

S7: ANS=31

\boxed{31}"
c7420a23,"In Alice's Wonderland, a secret set of transformation rules is applied to equations. Below are a few examples:
34]17 = 578
78^63 = 142
16$83 = 67
39$17 = 22
84^62 = 147
Now, determine the result for: 42$75",33,Equation Numeric,"I identify this as a symbol-digit (equation numeric) task: two-digit operands built from A,B,C,D, one operator, and a format. I group examples by the target operator, scan (pairing|op|format) until examples match and the target matches the boxed answer, then apply. I ignore flavor text.

S2: PARSE
Operator: '$'
Target: 42$75  A=4,B=2,C=7,D=5
Examples using '$':
  E1: 16$83 = 67
  E2: 39$17 = 22

S3: SCAN
#1:AB_CD|cat|raw L=16,R=83 1683->1683 vs 67 NO
#2:AB_CD|mul|raw L=16,R=83 1328->1328 vs 67 NO
#3:AB_CD|add|raw L=16,R=83 99->99 vs 67 NO
#4:AB_CD|sub|raw L=16,R=83 -67->-67 vs 67 NO
#5:AB_CD|absdiff|raw L=16,R=83 67->67 vs 67 YES

S4: VER
E2: 39$17 = 22
AB_CD|absdiff|raw L=39,R=17 22->22 vs 22 YES

S5: LOCK: AB_CD|absdiff|raw

S6: APPLY
Target: 42$75
AB_CD: L=42,R=75
absdiff(42,75)=33 raw->33

S7: ANS=33

\boxed{33}"
c748b04f,"In Alice's Wonderland, a secret set of transformation rules is applied to equations. Below are a few examples:
29-11 = 4
85+29 = 151
42+12 = 64
81*08 = 0441
Now, determine the result for: 97+67",651,Equation Numeric,"I identify this as a symbol-digit (equation numeric) task: two-digit operands built from A,B,C,D, one operator, and a format. I group examples by the target operator, scan (pairing|op|format) until examples match and the target matches the boxed answer, then apply. I ignore flavor text.

S2: PARSE
Operator: '+'
Target: 97+67  A=9,B=7,C=6,D=7
Examples using '+':
  E1: 85+29 = 151
  E2: 42+12 = 64

S3: SCAN
#1:AB_CD|cat|raw L=85,R=29 8529->8529 vs 151 NO
#2:AB_CD|mul|raw L=85,R=29 2465->2465 vs 151 NO
#3:AB_CD|add|raw L=85,R=29 114->114 vs 151 NO
#4:AB_CD|sub|raw L=85,R=29 56->56 vs 151 NO
#5:AB_CD|absdiff|raw L=85,R=29 56->56 vs 151 NO
#6:BA_DC|cat|rev L=58,R=92 5892->2985 vs 151 NO
#7:BA_DC|mul|rev L=58,R=92 5336->6335 vs 151 NO
#8:BA_DC|add|rev L=58,R=92 150->051 vs 151 NO
#9:BA_DC|cat|raw L=58,R=92 5892->5892 vs 151 NO
#10:AB_CD|cat|rev L=85,R=29 8529->9258 vs 151 NO
#11:AB_CD|mul|rev L=85,R=29 2465->5642 vs 151 NO
#12:AB_CD|add|rev L=85,R=29 114->411 vs 151 NO

S4: VER
E2: 42+12 = 64
BA_DC|add1|rev L=24,R=21 46->64 vs 64 YES

S5: LOCK: BA_DC|add1|rev

S6: APPLY
Target: 97+67
BA_DC: L=79,R=76
add1(79,76)=156 rev->651

S7: ANS=651

\boxed{651}"
c7a7b13a,"In Alice's Wonderland, a secret set of transformation rules is applied to equations. Below are a few examples:
52+61 = 14
59-75 = 83
89+89 = 691
78*61 = 3931
75*28 = 5764
Now, determine the result for: 93-29",35,Equation Numeric,"I identify this as a symbol-digit (equation numeric) task: two-digit operands built from A,B,C,D, one operator, and a format. I group examples by the target operator, scan (pairing|op|format) until examples match and the target matches the boxed answer, then apply. I ignore flavor text.

S2: PARSE
Operator: '-'
Target: 93-29  A=9,B=3,C=2,D=9
Examples using '-':
  E1: 59-75 = 83

S3: SCAN
#1:AB_CD|cat|raw L=59,R=75 5975->5975 vs 83 NO
#2:AB_CD|mul|raw L=59,R=75 4425->4425 vs 83 NO
#3:AB_CD|add|raw L=59,R=75 134->134 vs 83 NO
#4:AB_CD|sub|raw L=59,R=75 -16->-16 vs 83 NO
#5:AB_CD|absdiff|raw L=59,R=75 16->16 vs 83 NO
#6:BA_DC|cat|rev L=95,R=57 9557->7559 vs 83 NO
#7:BA_DC|mul|rev L=95,R=57 5415->5145 vs 83 NO
#8:BA_DC|add|rev L=95,R=57 152->251 vs 83 NO
#9:BA_DC|cat|raw L=95,R=57 9557->9557 vs 83 NO
#10:AB_CD|cat|rev L=59,R=75 5975->5795 vs 83 NO
#11:AB_CD|mul|rev L=59,R=75 4425->5244 vs 83 NO
#12:AB_CD|add|rev L=59,R=75 134->431 vs 83 NO

S5: LOCK: BA_DC|absdiff|rev

S6: APPLY
Target: 93-29
BA_DC: L=39,R=92
absdiff(39,92)=53 rev->35

S7: ANS=35

\boxed{35}"
c7bcab48,"In Alice's Wonderland, a secret set of transformation rules is applied to equations. Below are a few examples:
95+77 = 18
19#54 = 1954
31+13 = 18
49`31 = 4931
Now, determine the result for: 58#99",5899,Equation Numeric,"I identify this as a symbol-digit (equation numeric) task: two-digit operands built from A,B,C,D, one operator, and a format. I group examples by the target operator, scan (pairing|op|format) until examples match and the target matches the boxed answer, then apply. I ignore flavor text.

S2: PARSE
Operator: '#'
Target: 58#99  A=5,B=8,C=9,D=9
Examples using '#':
  E1: 19#54 = 1954

S3: SCAN
#1:AB_CD|cat|raw L=19,R=54 1954->1954 vs 1954 YES

S5: LOCK: AB_CD|cat|raw

S6: APPLY
Target: 58#99
AB_CD: L=58,R=99
cat(58,99)=5899 raw->5899

S7: ANS=5899

\boxed{5899}"
c81411a2,"In Alice's Wonderland, a secret set of transformation rules is applied to equations. Below are a few examples:
31+49 = 701
15*38 = 4324
59-88 = -7
37-03 = -34
82+88 = 611
Now, determine the result for: 73+31",05,Equation Numeric,"I identify this as a symbol-digit (equation numeric) task: two-digit operands built from A,B,C,D, one operator, and a format. I group examples by the target operator, scan (pairing|op|format) until examples match and the target matches the boxed answer, then apply. I ignore flavor text.

S2: PARSE
Operator: '+'
Target: 73+31  A=7,B=3,C=3,D=1
Examples using '+':
  E1: 31+49 = 701
  E2: 82+88 = 611

S3: SCAN
#1:AB_CD|cat|raw L=31,R=49 3149->3149 vs 701 NO
#2:AB_CD|mul|raw L=31,R=49 1519->1519 vs 701 NO
#3:AB_CD|add|raw L=31,R=49 80->80 vs 701 NO
#4:AB_CD|sub|raw L=31,R=49 -18->-18 vs 701 NO
#5:AB_CD|absdiff|raw L=31,R=49 18->18 vs 701 NO
#6:BA_DC|cat|rev L=13,R=94 1394->4931 vs 701 NO
#7:BA_DC|mul|rev L=13,R=94 1222->2221 vs 701 NO
#8:BA_DC|add|rev L=13,R=94 107->701 vs 701 YES

S4: VER
E2: 82+88 = 611
BA_DC|add|rev L=28,R=88 116->611 vs 611 YES

S5: LOCK: BA_DC|add|rev

S6: APPLY
Target: 73+31
BA_DC: L=37,R=13
add(37,13)=50 rev->05

S7: ANS=05

\boxed{05}"
c857a727,"In Alice's Wonderland, a secret set of transformation rules is applied to equations. Below are a few examples:
16-65 = 5
09*55 = 0594
96*14 = 9282
68+54 = 231
84-26 = 41
Now, determine the result for: 66*41",429,Equation Numeric,"I identify this as a symbol-digit (equation numeric) task: two-digit operands built from A,B,C,D, one operator, and a format. I group examples by the target operator, scan (pairing|op|format) until examples match and the target matches the boxed answer, then apply. I ignore flavor text.

S2: PARSE
Operator: '*'
Target: 66*41  A=6,B=6,C=4,D=1
Examples using '*':
  E1: 09*55 = 0594
  E2: 96*14 = 9282

S3: SCAN
#1:AB_CD|cat|raw L=9,R=55 955->955 vs 0594 NO
#2:AB_CD|mul|raw L=9,R=55 495->495 vs 0594 NO
#3:AB_CD|add|raw L=9,R=55 64->64 vs 0594 NO
#4:AB_CD|sub|raw L=9,R=55 -46->-46 vs 0594 NO
#5:AB_CD|absdiff|raw L=9,R=55 46->46 vs 0594 NO
#6:BA_DC|cat|rev L=90,R=55 9055->5509 vs 0594 NO
#7:BA_DC|mul|rev L=90,R=55 4950->0594 vs 0594 YES

S4: VER
E2: 96*14 = 9282
BA_DC|mul|rev L=69,R=41 2829->9282 vs 9282 YES

S5: LOCK: BA_DC|mul|rev

S6: APPLY
Target: 66*41
BA_DC: L=66,R=14
mul(66,14)=924 rev->429

S7: ANS=429

\boxed{429}"
c9151e86,"In Alice's Wonderland, a secret set of transformation rules is applied to equations. Below are a few examples:
19*43 = 5903
99*29 = 9019
05-29 = 24
88-83 = 05
Now, determine the result for: 69*31",9421,Equation Numeric,"I identify this as a symbol-digit (equation numeric) task: two-digit operands built from A,B,C,D, one operator, and a format. I group examples by the target operator, scan (pairing|op|format) until examples match and the target matches the boxed answer, then apply. I ignore flavor text.

S2: PARSE
Operator: '*'
Target: 69*31  A=6,B=9,C=3,D=1
Examples using '*':
  E1: 19*43 = 5903
  E2: 99*29 = 9019

S3: SCAN
#1:AB_CD|cat|raw L=19,R=43 1943->1943 vs 5903 NO
#2:AB_CD|mul|raw L=19,R=43 817->817 vs 5903 NO
#3:AB_CD|add|raw L=19,R=43 62->62 vs 5903 NO
#4:AB_CD|sub|raw L=19,R=43 -24->-24 vs 5903 NO
#5:AB_CD|absdiff|raw L=19,R=43 24->24 vs 5903 NO
#6:BA_DC|cat|rev L=91,R=34 9134->4319 vs 5903 NO
#7:BA_DC|mul|rev L=91,R=34 3094->4903 vs 5903 NO
#8:BA_DC|add|rev L=91,R=34 125->521 vs 5903 NO
#9:BA_DC|cat|raw L=91,R=34 9134->9134 vs 5903 NO
#10:AB_CD|cat|rev L=19,R=43 1943->3491 vs 5903 NO
#11:AB_CD|mul|rev L=19,R=43 817->718 vs 5903 NO
#12:AB_CD|add|rev L=19,R=43 62->26 vs 5903 NO

S4: VER
E2: 99*29 = 9019
BA_DC|muladd1|rev L=99,R=92 9109->9019 vs 9019 YES

S5: LOCK: BA_DC|muladd1|rev

S6: APPLY
Target: 69*31
BA_DC: L=96,R=13
muladd1(96,13)=1249 rev->9421

S7: ANS=9421

\boxed{9421}"
c9c26b92,"In Alice's Wonderland, a secret set of transformation rules is applied to equations. Below are a few examples:
48*71 = 8241
53+24 = 87
95+48 = 441
26-83 = 42
Now, determine the result for: 24*63",2151,Equation Numeric,"I identify this as a symbol-digit (equation numeric) task: two-digit operands built from A,B,C,D, one operator, and a format. I group examples by the target operator, scan (pairing|op|format) until examples match and the target matches the boxed answer, then apply. I ignore flavor text.

S2: PARSE
Operator: '*'
Target: 24*63  A=2,B=4,C=6,D=3
Examples using '*':
  E1: 48*71 = 8241

S3: SCAN
#1:AB_CD|cat|raw L=48,R=71 4871->4871 vs 8241 NO
#2:AB_CD|mul|raw L=48,R=71 3408->3408 vs 8241 NO
#3:AB_CD|add|raw L=48,R=71 119->119 vs 8241 NO
#4:AB_CD|sub|raw L=48,R=71 -23->-23 vs 8241 NO
#5:AB_CD|absdiff|raw L=48,R=71 23->23 vs 8241 NO
#6:BA_DC|cat|rev L=84,R=17 8417->7148 vs 8241 NO
#7:BA_DC|mul|rev L=84,R=17 1428->8241 vs 8241 YES

S5: LOCK: BA_DC|mul|rev

S6: APPLY
Target: 24*63
BA_DC: L=42,R=36
mul(42,36)=1512 rev->2151

S7: ANS=2151

\boxed{2151}"
ca8929f5,"In Alice's Wonderland, a secret set of transformation rules is applied to equations. Below are a few examples:
77!56 = 21!
12@29 = 311
87$61 = 7421
28$09 = 9737
Now, determine the result for: 94@54",49,Equation Numeric,"I identify this as a symbol-digit (equation numeric) task: two-digit operands built from A,B,C,D, one operator, and a format. I group examples by the target operator, scan (pairing|op|format) until examples match and the target matches the boxed answer, then apply. I ignore flavor text.

S2: PARSE
Operator: '@'
Target: 94@54  A=9,B=4,C=5,D=4
Examples using '@':
  E1: 12@29 = 311

S3: SCAN
#1:AB_CD|cat|raw L=12,R=29 1229->1229 vs 311 NO
#2:AB_CD|mul|raw L=12,R=29 348->348 vs 311 NO
#3:AB_CD|add|raw L=12,R=29 41->41 vs 311 NO
#4:AB_CD|sub|raw L=12,R=29 -17->-17 vs 311 NO
#5:AB_CD|absdiff|raw L=12,R=29 17->17 vs 311 NO
#6:BA_DC|cat|rev L=21,R=92 2192->2912 vs 311 NO
#7:BA_DC|mul|rev L=21,R=92 1932->2391 vs 311 NO
#8:BA_DC|add|rev L=21,R=92 113->311 vs 311 YES

S5: LOCK: BA_DC|add|rev

S6: APPLY
Target: 94@54
BA_DC: L=49,R=45
add(49,45)=94 rev->49

S7: ANS=49

\boxed{49}"
cb2fdb6b,"In Alice's Wonderland, a secret set of transformation rules is applied to equations. Below are a few examples:
17-95 = 21
42+65 = 18
08-36 = 71
14+08 = 221
Now, determine the result for: 08-53",54,Equation Numeric,"I identify this as a symbol-digit (equation numeric) task: two-digit operands built from A,B,C,D, one operator, and a format. I group examples by the target operator, scan (pairing|op|format) until examples match and the target matches the boxed answer, then apply. I ignore flavor text.

S2: PARSE
Operator: '-'
Target: 08-53  A=0,B=8,C=5,D=3
Examples using '-':
  E1: 17-95 = 21
  E2: 08-36 = 71

S3: SCAN
#1:AB_CD|cat|raw L=17,R=95 1795->1795 vs 21 NO
#2:AB_CD|mul|raw L=17,R=95 1615->1615 vs 21 NO
#3:AB_CD|add|raw L=17,R=95 112->112 vs 21 NO
#4:AB_CD|sub|raw L=17,R=95 -78->-78 vs 21 NO
#5:AB_CD|absdiff|raw L=17,R=95 78->78 vs 21 NO
#6:BA_DC|cat|rev L=71,R=59 7159->9517 vs 21 NO
#7:BA_DC|mul|rev L=71,R=59 4189->9814 vs 21 NO
#8:BA_DC|add|rev L=71,R=59 130->031 vs 21 NO
#9:BA_DC|cat|raw L=71,R=59 7159->7159 vs 21 NO
#10:AB_CD|cat|rev L=17,R=95 1795->5971 vs 21 NO
#11:AB_CD|mul|rev L=17,R=95 1615->5161 vs 21 NO
#12:AB_CD|add|rev L=17,R=95 112->211 vs 21 NO

S4: VER
E2: 08-36 = 71
BA_DC|sub|rev L=80,R=63 17->71 vs 71 YES

S5: LOCK: BA_DC|sub|rev

S6: APPLY
Target: 08-53
BA_DC: L=80,R=35
sub(80,35)=45 rev->54

S7: ANS=54

\boxed{54}"
cb5fa22d,"In Alice's Wonderland, a secret set of transformation rules is applied to equations. Below are a few examples:
74&62 = 136
36@81 = 2915
83#45 = 38
49#29 = 20
Now, determine the result for: 88@91",8007,Equation Numeric,"I identify this as a symbol-digit (equation numeric) task: two-digit operands built from A,B,C,D, one operator, and a format. I group examples by the target operator, scan (pairing|op|format) until examples match and the target matches the boxed answer, then apply. I ignore flavor text.

S2: PARSE
Operator: '@'
Target: 88@91  A=8,B=8,C=9,D=1
Examples using '@':
  E1: 36@81 = 2915

S3: SCAN
#1:AB_CD|cat|raw L=36,R=81 3681->3681 vs 2915 NO
#2:AB_CD|mul|raw L=36,R=81 2916->2916 vs 2915 NO
#3:AB_CD|add|raw L=36,R=81 117->117 vs 2915 NO
#4:AB_CD|sub|raw L=36,R=81 -45->-45 vs 2915 NO
#5:AB_CD|absdiff|raw L=36,R=81 45->45 vs 2915 NO
#6:BA_DC|cat|rev L=63,R=18 6318->8136 vs 2915 NO
#7:BA_DC|mul|rev L=63,R=18 1134->4311 vs 2915 NO
#8:BA_DC|add|rev L=63,R=18 81->18 vs 2915 NO
#9:BA_DC|cat|raw L=63,R=18 6318->6318 vs 2915 NO
#10:AB_CD|cat|rev L=36,R=81 3681->1863 vs 2915 NO
#11:AB_CD|mul|rev L=36,R=81 2916->6192 vs 2915 NO
#12:AB_CD|add|rev L=36,R=81 117->711 vs 2915 NO

S5: LOCK: AB_CD|mulsub1|raw

S6: APPLY
Target: 88@91
AB_CD: L=88,R=91
mulsub1(88,91)=8007 raw->8007

S7: ANS=8007

\boxed{8007}"
cb796a2b,"In Alice's Wonderland, a secret set of transformation rules is applied to equations. Below are a few examples:
67}40 = 27
84}88 = 4
44+85 = 129
Now, determine the result for: 23+91",114,Equation Numeric,"I identify this as a symbol-digit (equation numeric) task: two-digit operands built from A,B,C,D, one operator, and a format. I group examples by the target operator, scan (pairing|op|format) until examples match and the target matches the boxed answer, then apply. I ignore flavor text.

S2: PARSE
Operator: '+'
Target: 23+91  A=2,B=3,C=9,D=1
Examples using '+':
  E1: 44+85 = 129

S3: SCAN
#1:AB_CD|cat|raw L=44,R=85 4485->4485 vs 129 NO
#2:AB_CD|mul|raw L=44,R=85 3740->3740 vs 129 NO
#3:AB_CD|add|raw L=44,R=85 129->129 vs 129 YES

S5: LOCK: AB_CD|add|raw

S6: APPLY
Target: 23+91
AB_CD: L=23,R=91
add(23,91)=114 raw->114

S7: ANS=114

\boxed{114}"
cbe4288b,"In Alice's Wonderland, a secret set of transformation rules is applied to equations. Below are a few examples:
77+77 = 351
57+54 = 911
82+48 = 111
34-59 = -25
Now, determine the result for: 38+23",411,Equation Numeric,"I identify this as a symbol-digit (equation numeric) task: two-digit operands built from A,B,C,D, one operator, and a format. I group examples by the target operator, scan (pairing|op|format) until examples match and the target matches the boxed answer, then apply. I ignore flavor text.

S2: PARSE
Operator: '+'
Target: 38+23  A=3,B=8,C=2,D=3
Examples using '+':
  E1: 77+77 = 351
  E2: 57+54 = 911
  E3: 82+48 = 111

S3: SCAN
#1:AB_CD|cat|raw L=77,R=77 7777->7777 vs 351 NO
#2:AB_CD|mul|raw L=77,R=77 5929->5929 vs 351 NO
#3:AB_CD|add|raw L=77,R=77 154->154 vs 351 NO
#4:AB_CD|sub|raw L=77,R=77 0->0 vs 351 NO
#5:AB_CD|absdiff|raw L=77,R=77 0->0 vs 351 NO
#6:BA_DC|cat|rev L=77,R=77 7777->7777 vs 351 NO
#7:BA_DC|mul|rev L=77,R=77 5929->9295 vs 351 NO
#8:BA_DC|add|rev L=77,R=77 154->451 vs 351 NO
#9:BA_DC|cat|raw L=77,R=77 7777->7777 vs 351 NO
#10:AB_CD|cat|rev L=77,R=77 7777->7777 vs 351 NO
#11:AB_CD|mul|rev L=77,R=77 5929->9295 vs 351 NO
#12:AB_CD|add|rev L=77,R=77 154->451 vs 351 NO

S4: VER
E2: 57+54 = 911
BA_DC|addm1|rev L=75,R=45 119->911 vs 911 YES

S5: LOCK: BA_DC|addm1|rev

S6: APPLY
Target: 38+23
BA_DC: L=83,R=32
addm1(83,32)=114 rev->411

S7: ANS=411

\boxed{411}"
cc800930,"In Alice's Wonderland, a secret set of transformation rules is applied to equations. Below are a few examples:
91`57 = 9157
25`02 = 2502
71/78 = 401
53`29 = 5329
54#65 = 11
Now, determine the result for: 59/63",131,Equation Numeric,"I identify this as a symbol-digit (equation numeric) task: two-digit operands built from A,B,C,D, one operator, and a format. I group examples by the target operator, scan (pairing|op|format) until examples match and the target matches the boxed answer, then apply. I ignore flavor text.

S2: PARSE
Operator: '/'
Target: 59/63  A=5,B=9,C=6,D=3
Examples using '/':
  E1: 71/78 = 401

S3: SCAN
#1:AB_CD|cat|raw L=71,R=78 7178->7178 vs 401 NO
#2:AB_CD|mul|raw L=71,R=78 5538->5538 vs 401 NO
#3:AB_CD|add|raw L=71,R=78 149->149 vs 401 NO
#4:AB_CD|sub|raw L=71,R=78 -7->-7 vs 401 NO
#5:AB_CD|absdiff|raw L=71,R=78 7->7 vs 401 NO
#6:BA_DC|cat|rev L=17,R=87 1787->7871 vs 401 NO
#7:BA_DC|mul|rev L=17,R=87 1479->9741 vs 401 NO
#8:BA_DC|add|rev L=17,R=87 104->401 vs 401 YES

S5: LOCK: BA_DC|add|rev

S6: APPLY
Target: 59/63
BA_DC: L=95,R=36
add(95,36)=131 rev->131

S7: ANS=131

\boxed{131}"
cd149ff8,"In Alice's Wonderland, a secret set of transformation rules is applied to equations. Below are a few examples:
45*73 = 8991
67-54 = -13
96+76 = 731
04-39 = -35
Now, determine the result for: 53+39",921,Equation Numeric,"I identify this as a symbol-digit (equation numeric) task: two-digit operands built from A,B,C,D, one operator, and a format. I group examples by the target operator, scan (pairing|op|format) until examples match and the target matches the boxed answer, then apply. I ignore flavor text.

S2: PARSE
Operator: '+'
Target: 53+39  A=5,B=3,C=3,D=9
Examples using '+':
  E1: 96+76 = 731

S3: SCAN
#1:AB_CD|cat|raw L=96,R=76 9676->9676 vs 731 NO
#2:AB_CD|mul|raw L=96,R=76 7296->7296 vs 731 NO
#3:AB_CD|add|raw L=96,R=76 172->172 vs 731 NO
#4:AB_CD|sub|raw L=96,R=76 20->20 vs 731 NO
#5:AB_CD|absdiff|raw L=96,R=76 20->20 vs 731 NO
#6:BA_DC|cat|rev L=69,R=67 6967->7696 vs 731 NO
#7:BA_DC|mul|rev L=69,R=67 4623->3264 vs 731 NO
#8:BA_DC|add|rev L=69,R=67 136->631 vs 731 NO
#9:BA_DC|cat|raw L=69,R=67 6967->6967 vs 731 NO
#10:AB_CD|cat|rev L=96,R=76 9676->6769 vs 731 NO
#11:AB_CD|mul|rev L=96,R=76 7296->6927 vs 731 NO
#12:AB_CD|add|rev L=96,R=76 172->271 vs 731 NO

S5: LOCK: BA_DC|add1|rev

S6: APPLY
Target: 53+39
BA_DC: L=35,R=93
add1(35,93)=129 rev->921

S7: ANS=921

\boxed{921}"
cd94ec17,"In Alice's Wonderland, a secret set of transformation rules is applied to equations. Below are a few examples:
22)64 = 86
27%16 = 11%
85%17 = 31
Now, determine the result for: 75)79",451,Equation Numeric,"I identify this as a symbol-digit (equation numeric) task: two-digit operands built from A,B,C,D, one operator, and a format. I group examples by the target operator, scan (pairing|op|format) until examples match and the target matches the boxed answer, then apply. I ignore flavor text.

S2: PARSE
Operator: ')'
Target: 75)79  A=7,B=5,C=7,D=9
Examples using ')':
  E1: 22)64 = 86

S3: SCAN
#1:AB_CD|cat|raw L=22,R=64 2264->2264 vs 86 NO
#2:AB_CD|mul|raw L=22,R=64 1408->1408 vs 86 NO
#3:AB_CD|add|raw L=22,R=64 86->86 vs 86 NO
#4:AB_CD|sub|raw L=22,R=64 -42->-42 vs 86 NO
#5:AB_CD|absdiff|raw L=22,R=64 42->42 vs 86 NO
#6:BA_DC|cat|rev L=22,R=46 2246->6422 vs 86 NO
#7:BA_DC|mul|rev L=22,R=46 1012->2101 vs 86 NO
#8:BA_DC|add|rev L=22,R=46 68->86 vs 86 YES

S5: LOCK: BA_DC|add|rev

S6: APPLY
Target: 75)79
BA_DC: L=57,R=97
add(57,97)=154 rev->451

S7: ANS=451

\boxed{451}"
cd9d50e2,"In Alice's Wonderland, a secret set of transformation rules is applied to equations. Below are a few examples:
61-79 = -18
92+76 = 7692
53-24 = -7
Now, determine the result for: 93+52",5293,Equation Numeric,"I identify this as a symbol-digit (equation numeric) task: two-digit operands built from A,B,C,D, one operator, and a format. I group examples by the target operator, scan (pairing|op|format) until examples match and the target matches the boxed answer, then apply. I ignore flavor text.

S2: PARSE
Operator: '+'
Target: 93+52  A=9,B=3,C=5,D=2
Examples using '+':
  E1: 92+76 = 7692

S3: SCAN
#1:AB_CD|cat|raw L=92,R=76 9276->9276 vs 7692 NO
#2:AB_CD|mul|raw L=92,R=76 6992->6992 vs 7692 NO
#3:AB_CD|add|raw L=92,R=76 168->168 vs 7692 NO
#4:AB_CD|sub|raw L=92,R=76 16->16 vs 7692 NO
#5:AB_CD|absdiff|raw L=92,R=76 16->16 vs 7692 NO
#6:BA_DC|cat|rev L=29,R=67 2967->7692 vs 7692 YES

S5: LOCK: BA_DC|cat|rev

S6: APPLY
Target: 93+52
BA_DC: L=39,R=25
cat(39,25)=3925 rev->5293

S7: ANS=5293

\boxed{5293}"
cde9f7ba,"In Alice's Wonderland, a secret set of transformation rules is applied to equations. Below are a few examples:
17:75 = 821
26?72 = 7226
04[71 = 32
Now, determine the result for: 15[33",81,Equation Numeric,"I identify this as a symbol-digit (equation numeric) task: two-digit operands built from A,B,C,D, one operator, and a format. I group examples by the target operator, scan (pairing|op|format) until examples match and the target matches the boxed answer, then apply. I ignore flavor text.

S2: PARSE
Operator: '['
Target: 15[33  A=1,B=5,C=3,D=3
Examples using '[':
  E1: 04[71 = 32

S3: SCAN
#1:AB_CD|cat|raw L=4,R=71 471->471 vs 32 NO
#2:AB_CD|mul|raw L=4,R=71 284->284 vs 32 NO
#3:AB_CD|add|raw L=4,R=71 75->75 vs 32 NO
#4:AB_CD|sub|raw L=4,R=71 -67->-67 vs 32 NO
#5:AB_CD|absdiff|raw L=4,R=71 67->67 vs 32 NO
#6:BA_DC|cat|rev L=40,R=17 4017->7104 vs 32 NO
#7:BA_DC|mul|rev L=40,R=17 680->086 vs 32 NO
#8:BA_DC|add|rev L=40,R=17 57->75 vs 32 NO
#9:BA_DC|cat|raw L=40,R=17 4017->4017 vs 32 NO
#10:AB_CD|cat|rev L=4,R=71 471->174 vs 32 NO
#11:AB_CD|mul|rev L=4,R=71 284->482 vs 32 NO
#12:AB_CD|add|rev L=4,R=71 75->57 vs 32 NO

S5: LOCK: BA_DC|sub|rev

S6: APPLY
Target: 15[33
BA_DC: L=51,R=33
sub(51,33)=18 rev->81

S7: ANS=81

\boxed{81}"
ce507d39,"In Alice's Wonderland, a secret set of transformation rules is applied to equations. Below are a few examples:
41?52 = 93
54%27 = 0423
66?95 = 521
24""11 = 13
73%71 = 926
Now, determine the result for: 85%92",2861,Equation Numeric,"I identify this as a symbol-digit (equation numeric) task: two-digit operands built from A,B,C,D, one operator, and a format. I group examples by the target operator, scan (pairing|op|format) until examples match and the target matches the boxed answer, then apply. I ignore flavor text.

S2: PARSE
Operator: '%'
Target: 85%92  A=8,B=5,C=9,D=2
Examples using '%':
  E1: 54%27 = 0423
  E2: 73%71 = 926

S3: SCAN
#1:AB_CD|cat|raw L=54,R=27 5427->5427 vs 0423 NO
#2:AB_CD|mul|raw L=54,R=27 1458->1458 vs 0423 NO
#3:AB_CD|add|raw L=54,R=27 81->81 vs 0423 NO
#4:AB_CD|sub|raw L=54,R=27 27->27 vs 0423 NO
#5:AB_CD|absdiff|raw L=54,R=27 27->27 vs 0423 NO
#6:BA_DC|cat|rev L=45,R=72 4572->2754 vs 0423 NO
#7:BA_DC|mul|rev L=45,R=72 3240->0423 vs 0423 YES

S4: VER
E2: 73%71 = 926
BA_DC|mul|rev L=37,R=17 629->926 vs 926 YES

S5: LOCK: BA_DC|mul|rev

S6: APPLY
Target: 85%92
BA_DC: L=58,R=29
mul(58,29)=1682 rev->2861

S7: ANS=2861

\boxed{2861}"
ce7138bf,"In Alice's Wonderland, a secret set of transformation rules is applied to equations. Below are a few examples:
34|42 = 75
65[10 = 650
78[97 = 7566
95%35 = 25
65[18 = 1170
Now, determine the result for: 75%24",3,Equation Numeric,"I identify this as a symbol-digit (equation numeric) task: two-digit operands built from A,B,C,D, one operator, and a format. I group examples by the target operator, scan (pairing|op|format) until examples match and the target matches the boxed answer, then apply. I ignore flavor text.

S2: PARSE
Operator: '%'
Target: 75%24  A=7,B=5,C=2,D=4
Examples using '%':
  E1: 95%35 = 25

S3: SCAN
#1:AB_CD|cat|raw L=95,R=35 9535->9535 vs 25 NO
#2:AB_CD|mul|raw L=95,R=35 3325->3325 vs 25 NO
#3:AB_CD|add|raw L=95,R=35 130->130 vs 25 NO
#4:AB_CD|sub|raw L=95,R=35 60->60 vs 25 NO
#5:AB_CD|absdiff|raw L=95,R=35 60->60 vs 25 NO
#6:BA_DC|cat|rev L=59,R=53 5953->3595 vs 25 NO
#7:BA_DC|mul|rev L=59,R=53 3127->7213 vs 25 NO
#8:BA_DC|add|rev L=59,R=53 112->211 vs 25 NO
#9:BA_DC|cat|raw L=59,R=53 5953->5953 vs 25 NO
#10:AB_CD|cat|rev L=95,R=35 9535->5359 vs 25 NO
#11:AB_CD|mul|rev L=95,R=35 3325->5233 vs 25 NO
#12:AB_CD|add|rev L=95,R=35 130->031 vs 25 NO

S5: LOCK: AB_CD|mod|raw

S6: APPLY
Target: 75%24
AB_CD: L=75,R=24
mod(75,24)=3 raw->3

S7: ANS=3

\boxed{3}"
cee07c09,"In Alice's Wonderland, a secret set of transformation rules is applied to equations. Below are a few examples:
98*06 = 0698
09<69 = 6
93$64 = 4971
26*93 = 9326
Now, determine the result for: 84$83",4281,Equation Numeric,"I identify this as a symbol-digit (equation numeric) task: two-digit operands built from A,B,C,D, one operator, and a format. I group examples by the target operator, scan (pairing|op|format) until examples match and the target matches the boxed answer, then apply. I ignore flavor text.

S2: PARSE
Operator: '$'
Target: 84$83  A=8,B=4,C=8,D=3
Examples using '$':
  E1: 93$64 = 4971

S3: SCAN
#1:AB_CD|cat|raw L=93,R=64 9364->9364 vs 4971 NO
#2:AB_CD|mul|raw L=93,R=64 5952->5952 vs 4971 NO
#3:AB_CD|add|raw L=93,R=64 157->157 vs 4971 NO
#4:AB_CD|sub|raw L=93,R=64 29->29 vs 4971 NO
#5:AB_CD|absdiff|raw L=93,R=64 29->29 vs 4971 NO
#6:BA_DC|cat|rev L=39,R=46 3946->6493 vs 4971 NO
#7:BA_DC|mul|rev L=39,R=46 1794->4971 vs 4971 YES

S5: LOCK: BA_DC|mul|rev

S6: APPLY
Target: 84$83
BA_DC: L=48,R=38
mul(48,38)=1824 rev->4281

S7: ANS=4281

\boxed{4281}"
cf356d18,"In Alice's Wonderland, a secret set of transformation rules is applied to equations. Below are a few examples:
55>52 = 3
73>14 = 59
38?78 = 115
10-76 = 760
59-45 = 2655
Now, determine the result for: 78>72",6,Equation Numeric,"I identify this as a symbol-digit (equation numeric) task: two-digit operands built from A,B,C,D, one operator, and a format. I group examples by the target operator, scan (pairing|op|format) until examples match and the target matches the boxed answer, then apply. I ignore flavor text.

S2: PARSE
Operator: '>'
Target: 78>72  A=7,B=8,C=7,D=2
Examples using '>':
  E1: 55>52 = 3
  E2: 73>14 = 59

S3: SCAN
#1:AB_CD|cat|raw L=55,R=52 5552->5552 vs 3 NO
#2:AB_CD|mul|raw L=55,R=52 2860->2860 vs 3 NO
#3:AB_CD|add|raw L=55,R=52 107->107 vs 3 NO
#4:AB_CD|sub|raw L=55,R=52 3->3 vs 3 YES

S4: VER
E2: 73>14 = 59
AB_CD|sub|raw L=73,R=14 59->59 vs 59 YES

S5: LOCK: AB_CD|sub|raw

S6: APPLY
Target: 78>72
AB_CD: L=78,R=72
sub(78,72)=6 raw->6

S7: ANS=6

\boxed{6}"
cf517124,"In Alice's Wonderland, a secret set of transformation rules is applied to equations. Below are a few examples:
44^31 = 75
95""96 = 01
45^88 = 241
Now, determine the result for: 03^21",24,Equation Numeric,"I identify this as a symbol-digit (equation numeric) task: two-digit operands built from A,B,C,D, one operator, and a format. I group examples by the target operator, scan (pairing|op|format) until examples match and the target matches the boxed answer, then apply. I ignore flavor text.

S2: PARSE
Operator: '^'
Target: 03^21  A=0,B=3,C=2,D=1
Examples using '^':
  E1: 44^31 = 75
  E2: 45^88 = 241

S3: SCAN
#1:AB_CD|cat|raw L=44,R=31 4431->4431 vs 75 NO
#2:AB_CD|mul|raw L=44,R=31 1364->1364 vs 75 NO
#3:AB_CD|add|raw L=44,R=31 75->75 vs 75 NO
#4:AB_CD|sub|raw L=44,R=31 13->13 vs 75 NO
#5:AB_CD|absdiff|raw L=44,R=31 13->13 vs 75 NO
#6:BA_DC|cat|rev L=44,R=13 4413->3144 vs 75 NO
#7:BA_DC|mul|rev L=44,R=13 572->275 vs 75 NO
#8:BA_DC|add|rev L=44,R=13 57->75 vs 75 YES

S4: VER
E2: 45^88 = 241
BA_DC|add|rev L=54,R=88 142->241 vs 241 YES

S5: LOCK: BA_DC|add|rev

S6: APPLY
Target: 03^21
BA_DC: L=30,R=12
add(30,12)=42 rev->24

S7: ANS=24

\boxed{24}"
cfa59b38,"In Alice's Wonderland, a secret set of transformation rules is applied to equations. Below are a few examples:
18#56 = 1007
89-22 = 111
81+97 = 16
63#91 = 5732
76-58 = 134
Now, determine the result for: 13#18",233,Equation Numeric,"I identify this as a symbol-digit (equation numeric) task: two-digit operands built from A,B,C,D, one operator, and a format. I group examples by the target operator, scan (pairing|op|format) until examples match and the target matches the boxed answer, then apply. I ignore flavor text.

S2: PARSE
Operator: '#'
Target: 13#18  A=1,B=3,C=1,D=8
Examples using '#':
  E1: 18#56 = 1007
  E2: 63#91 = 5732

S3: SCAN
#1:AB_CD|cat|raw L=18,R=56 1856->1856 vs 1007 NO
#2:AB_CD|mul|raw L=18,R=56 1008->1008 vs 1007 NO
#3:AB_CD|add|raw L=18,R=56 74->74 vs 1007 NO
#4:AB_CD|sub|raw L=18,R=56 -38->-38 vs 1007 NO
#5:AB_CD|absdiff|raw L=18,R=56 38->38 vs 1007 NO
#6:BA_DC|cat|rev L=81,R=65 8165->5618 vs 1007 NO
#7:BA_DC|mul|rev L=81,R=65 5265->5625 vs 1007 NO
#8:BA_DC|add|rev L=81,R=65 146->641 vs 1007 NO
#9:BA_DC|cat|raw L=81,R=65 8165->8165 vs 1007 NO
#10:AB_CD|cat|rev L=18,R=56 1856->6581 vs 1007 NO
#11:AB_CD|mul|rev L=18,R=56 1008->8001 vs 1007 NO
#12:AB_CD|add|rev L=18,R=56 74->47 vs 1007 NO

S4: VER
E2: 63#91 = 5732
AB_CD|mulsub1|raw L=63,R=91 5732->5732 vs 5732 YES

S5: LOCK: AB_CD|mulsub1|raw

S6: APPLY
Target: 13#18
AB_CD: L=13,R=18
mulsub1(13,18)=233 raw->233

S7: ANS=233

\boxed{233}"
d008b0b6,"In Alice's Wonderland, a secret set of transformation rules is applied to equations. Below are a few examples:
79+05 = 741
23+28 = 411
14*82 = 7411
Now, determine the result for: 37+85",131,Equation Numeric,"I identify this as a symbol-digit (equation numeric) task: two-digit operands built from A,B,C,D, one operator, and a format. I group examples by the target operator, scan (pairing|op|format) until examples match and the target matches the boxed answer, then apply. I ignore flavor text.

S2: PARSE
Operator: '+'
Target: 37+85  A=3,B=7,C=8,D=5
Examples using '+':
  E1: 79+05 = 741
  E2: 23+28 = 411

S3: SCAN
#1:AB_CD|cat|raw L=79,R=5 795->795 vs 741 NO
#2:AB_CD|mul|raw L=79,R=5 395->395 vs 741 NO
#3:AB_CD|add|raw L=79,R=5 84->84 vs 741 NO
#4:AB_CD|sub|raw L=79,R=5 74->74 vs 741 NO
#5:AB_CD|absdiff|raw L=79,R=5 74->74 vs 741 NO
#6:BA_DC|cat|rev L=97,R=50 9750->0579 vs 741 NO
#7:BA_DC|mul|rev L=97,R=50 4850->0584 vs 741 NO
#8:BA_DC|add|rev L=97,R=50 147->741 vs 741 YES

S4: VER
E2: 23+28 = 411
BA_DC|add|rev L=32,R=82 114->411 vs 411 YES

S5: LOCK: BA_DC|add|rev

S6: APPLY
Target: 37+85
BA_DC: L=73,R=58
add(73,58)=131 rev->131

S7: ANS=131

\boxed{131}"
d033513f,"In Alice's Wonderland, a secret set of transformation rules is applied to equations. Below are a few examples:
35+34 = 59
32*46 = 2741
75*62 = 2841
07+94 = 811
57*66 = 0594
Now, determine the result for: 91+12",93,Equation Numeric,"I identify this as a symbol-digit (equation numeric) task: two-digit operands built from A,B,C,D, one operator, and a format. I group examples by the target operator, scan (pairing|op|format) until examples match and the target matches the boxed answer, then apply. I ignore flavor text.

S2: PARSE
Operator: '+'
Target: 91+12  A=9,B=1,C=1,D=2
Examples using '+':
  E1: 35+34 = 59
  E2: 07+94 = 811

S3: SCAN
#1:AB_CD|cat|raw L=35,R=34 3534->3534 vs 59 NO
#2:AB_CD|mul|raw L=35,R=34 1190->1190 vs 59 NO
#3:AB_CD|add|raw L=35,R=34 69->69 vs 59 NO
#4:AB_CD|sub|raw L=35,R=34 1->1 vs 59 NO
#5:AB_CD|absdiff|raw L=35,R=34 1->1 vs 59 NO
#6:BA_DC|cat|rev L=53,R=43 5343->3435 vs 59 NO
#7:BA_DC|mul|rev L=53,R=43 2279->9722 vs 59 NO
#8:BA_DC|add|rev L=53,R=43 96->69 vs 59 NO
#9:BA_DC|cat|raw L=53,R=43 5343->5343 vs 59 NO
#10:AB_CD|cat|rev L=35,R=34 3534->4353 vs 59 NO
#11:AB_CD|mul|rev L=35,R=34 1190->0911 vs 59 NO
#12:AB_CD|add|rev L=35,R=34 69->96 vs 59 NO

S4: VER
E2: 07+94 = 811
BA_DC|addm1|rev L=70,R=49 118->811 vs 811 YES

S5: LOCK: BA_DC|addm1|rev

S6: APPLY
Target: 91+12
BA_DC: L=19,R=21
addm1(19,21)=39 rev->93

S7: ANS=93

\boxed{93}"
d17d3a7a,"In Alice's Wonderland, a secret set of transformation rules is applied to equations. Below are a few examples:
29-52 = 76
18>29 = 2918
55>11 = 1155
Now, determine the result for: 66-67",-01,Equation Numeric,"I identify this as a symbol-digit (equation numeric) task: two-digit operands built from A,B,C,D, one operator, and a format. I group examples by the target operator, scan (pairing|op|format) until examples match and the target matches the boxed answer, then apply. I ignore flavor text.

S2: PARSE
Operator: '-'
Target: 66-67  A=6,B=6,C=6,D=7
Examples using '-':
  E1: 29-52 = 76

S3: SCAN
#1:AB_CD|cat|raw L=29,R=52 2952->2952 vs 76 NO
#2:AB_CD|mul|raw L=29,R=52 1508->1508 vs 76 NO
#3:AB_CD|add|raw L=29,R=52 81->81 vs 76 NO
#4:AB_CD|sub|raw L=29,R=52 -23->-23 vs 76 NO
#5:AB_CD|absdiff|raw L=29,R=52 23->23 vs 76 NO
#6:BA_DC|cat|rev L=92,R=25 9225->5229 vs 76 NO
#7:BA_DC|mul|rev L=92,R=25 2300->0032 vs 76 NO
#8:BA_DC|add|rev L=92,R=25 117->711 vs 76 NO
#9:BA_DC|cat|raw L=92,R=25 9225->9225 vs 76 NO
#10:AB_CD|cat|rev L=29,R=52 2952->2592 vs 76 NO
#11:AB_CD|mul|rev L=29,R=52 1508->8051 vs 76 NO
#12:AB_CD|add|rev L=29,R=52 81->18 vs 76 NO

S5: LOCK: BA_DC|sub|rev

S6: APPLY
Target: 66-67
BA_DC: L=66,R=76
sub(66,76)=-10 rev->-01

S7: ANS=-01

\boxed{-01}"
d1bd7478,"In Alice's Wonderland, a secret set of transformation rules is applied to equations. Below are a few examples:
89$90 = 8010
88:77 = 11
10|87 = 98
41|87 = 129
Now, determine the result for: 37:67",30,Equation Numeric,"I identify this as a symbol-digit (equation numeric) task: two-digit operands built from A,B,C,D, one operator, and a format. I group examples by the target operator, scan (pairing|op|format) until examples match and the target matches the boxed answer, then apply. I ignore flavor text.

S2: PARSE
Operator: ':'
Target: 37:67  A=3,B=7,C=6,D=7
Examples using ':':
  E1: 88:77 = 11

S3: SCAN
#1:AB_CD|cat|raw L=88,R=77 8877->8877 vs 11 NO
#2:AB_CD|mul|raw L=88,R=77 6776->6776 vs 11 NO
#3:AB_CD|add|raw L=88,R=77 165->165 vs 11 NO
#4:AB_CD|sub|raw L=88,R=77 11->11 vs 11 NO
#5:AB_CD|absdiff|raw L=88,R=77 11->11 vs 11 YES

S5: LOCK: AB_CD|absdiff|raw

S6: APPLY
Target: 37:67
AB_CD: L=37,R=67
absdiff(37,67)=30 raw->30

S7: ANS=30

\boxed{30}"
d204b9cc,"In Alice's Wonderland, a secret set of transformation rules is applied to equations. Below are a few examples:
69%51 = 18
11*77 = 648
81*94 = 188
22*12 = 164
49)04 = 431
Now, determine the result for: 75)57",231,Equation Numeric,"I identify this as a symbol-digit (equation numeric) task: two-digit operands built from A,B,C,D, one operator, and a format. I group examples by the target operator, scan (pairing|op|format) until examples match and the target matches the boxed answer, then apply. I ignore flavor text.

S2: PARSE
Operator: ')'
Target: 75)57  A=7,B=5,C=5,D=7
Examples using ')':
  E1: 49)04 = 431

S3: SCAN
#1:AB_CD|cat|raw L=49,R=4 494->494 vs 431 NO
#2:AB_CD|mul|raw L=49,R=4 196->196 vs 431 NO
#3:AB_CD|add|raw L=49,R=4 53->53 vs 431 NO
#4:AB_CD|sub|raw L=49,R=4 45->45 vs 431 NO
#5:AB_CD|absdiff|raw L=49,R=4 45->45 vs 431 NO
#6:BA_DC|cat|rev L=94,R=40 9440->0449 vs 431 NO
#7:BA_DC|mul|rev L=94,R=40 3760->0673 vs 431 NO
#8:BA_DC|add|rev L=94,R=40 134->431 vs 431 YES

S5: LOCK: BA_DC|add|rev

S6: APPLY
Target: 75)57
BA_DC: L=57,R=75
add(57,75)=132 rev->231

S7: ANS=231

\boxed{231}"
d21c7677,"In Alice's Wonderland, a secret set of transformation rules is applied to equations. Below are a few examples:
16#56 = 4693
05>83 = 21>
26>28 = 02
Now, determine the result for: 94#19",8544,Equation Numeric,"I identify this as a symbol-digit (equation numeric) task: two-digit operands built from A,B,C,D, one operator, and a format. I group examples by the target operator, scan (pairing|op|format) until examples match and the target matches the boxed answer, then apply. I ignore flavor text.

S2: PARSE
Operator: '#'
Target: 94#19  A=9,B=4,C=1,D=9
Examples using '#':
  E1: 16#56 = 4693

S3: SCAN
#1:AB_CD|cat|raw L=16,R=56 1656->1656 vs 4693 NO
#2:AB_CD|mul|raw L=16,R=56 896->896 vs 4693 NO
#3:AB_CD|add|raw L=16,R=56 72->72 vs 4693 NO
#4:AB_CD|sub|raw L=16,R=56 -40->-40 vs 4693 NO
#5:AB_CD|absdiff|raw L=16,R=56 40->40 vs 4693 NO
#6:BA_DC|cat|rev L=61,R=65 6165->5616 vs 4693 NO
#7:BA_DC|mul|rev L=61,R=65 3965->5693 vs 4693 NO
#8:BA_DC|add|rev L=61,R=65 126->621 vs 4693 NO
#9:BA_DC|cat|raw L=61,R=65 6165->6165 vs 4693 NO
#10:AB_CD|cat|rev L=16,R=56 1656->6561 vs 4693 NO
#11:AB_CD|mul|rev L=16,R=56 896->698 vs 4693 NO
#12:AB_CD|add|rev L=16,R=56 72->27 vs 4693 NO

S5: LOCK: BA_DC|mulsub1|rev

S6: APPLY
Target: 94#19
BA_DC: L=49,R=91
mulsub1(49,91)=4458 rev->8544

S7: ANS=8544

\boxed{8544}"
d303ae8e,"In Alice's Wonderland, a secret set of transformation rules is applied to equations. Below are a few examples:
55-42 = 13
84-17 = -32
23+71 = 05
44-19 = -74
Now, determine the result for: 86+42",39,Equation Numeric,"I identify this as a symbol-digit (equation numeric) task: two-digit operands built from A,B,C,D, one operator, and a format. I group examples by the target operator, scan (pairing|op|format) until examples match and the target matches the boxed answer, then apply. I ignore flavor text.

S2: PARSE
Operator: '+'
Target: 86+42  A=8,B=6,C=4,D=2
Examples using '+':
  E1: 23+71 = 05

S3: SCAN
#1:AB_CD|cat|raw L=23,R=71 2371->2371 vs 05 NO
#2:AB_CD|mul|raw L=23,R=71 1633->1633 vs 05 NO
#3:AB_CD|add|raw L=23,R=71 94->94 vs 05 NO
#4:AB_CD|sub|raw L=23,R=71 -48->-48 vs 05 NO
#5:AB_CD|absdiff|raw L=23,R=71 48->48 vs 05 NO
#6:BA_DC|cat|rev L=32,R=17 3217->7123 vs 05 NO
#7:BA_DC|mul|rev L=32,R=17 544->445 vs 05 NO
#8:BA_DC|add|rev L=32,R=17 49->94 vs 05 NO
#9:BA_DC|cat|raw L=32,R=17 3217->3217 vs 05 NO
#10:AB_CD|cat|rev L=23,R=71 2371->1732 vs 05 NO
#11:AB_CD|mul|rev L=23,R=71 1633->3361 vs 05 NO
#12:AB_CD|add|rev L=23,R=71 94->49 vs 05 NO

S5: LOCK: BA_DC|add1|rev

S6: APPLY
Target: 86+42
BA_DC: L=68,R=24
add1(68,24)=93 rev->39

S7: ANS=39

\boxed{39}"
d3092ac1,"In Alice's Wonderland, a secret set of transformation rules is applied to equations. Below are a few examples:
43*39 = 1613
29*41 = 7821
36*02 = 9521
67-44 = 23
16*99 = 8306
Now, determine the result for: 92-63",-7,Equation Numeric,"I identify this as a symbol-digit (equation numeric) task: two-digit operands built from A,B,C,D, one operator, and a format. I group examples by the target operator, scan (pairing|op|format) until examples match and the target matches the boxed answer, then apply. I ignore flavor text.

S2: PARSE
Operator: '-'
Target: 92-63  A=9,B=2,C=6,D=3
Examples using '-':
  E1: 67-44 = 23

S3: SCAN
#1:AB_CD|cat|raw L=67,R=44 6744->6744 vs 23 NO
#2:AB_CD|mul|raw L=67,R=44 2948->2948 vs 23 NO
#3:AB_CD|add|raw L=67,R=44 111->111 vs 23 NO
#4:AB_CD|sub|raw L=67,R=44 23->23 vs 23 NO
#5:AB_CD|absdiff|raw L=67,R=44 23->23 vs 23 NO
#6:BA_DC|cat|rev L=76,R=44 7644->4467 vs 23 NO
#7:BA_DC|mul|rev L=76,R=44 3344->4433 vs 23 NO
#8:BA_DC|add|rev L=76,R=44 120->021 vs 23 NO
#9:BA_DC|cat|raw L=76,R=44 7644->7644 vs 23 NO
#10:AB_CD|cat|rev L=67,R=44 6744->4476 vs 23 NO
#11:AB_CD|mul|rev L=67,R=44 2948->8492 vs 23 NO
#12:AB_CD|add|rev L=67,R=44 111->111 vs 23 NO

S5: LOCK: BA_DC|sub|rev

S6: APPLY
Target: 92-63
BA_DC: L=29,R=36
sub(29,36)=-7 rev->-7

S7: ANS=-7

\boxed{-7}"
d3b20e29,"In Alice's Wonderland, a secret set of transformation rules is applied to equations. Below are a few examples:
59-11 = 48
91-22 = -3
03+35 = 3503
15+69 = 6915
Now, determine the result for: 22+39",3922,Equation Numeric,"I identify this as a symbol-digit (equation numeric) task: two-digit operands built from A,B,C,D, one operator, and a format. I group examples by the target operator, scan (pairing|op|format) until examples match and the target matches the boxed answer, then apply. I ignore flavor text.

S2: PARSE
Operator: '+'
Target: 22+39  A=2,B=2,C=3,D=9
Examples using '+':
  E1: 03+35 = 3503
  E2: 15+69 = 6915

S3: SCAN
#1:AB_CD|cat|raw L=3,R=35 335->335 vs 3503 NO
#2:AB_CD|mul|raw L=3,R=35 105->105 vs 3503 NO
#3:AB_CD|add|raw L=3,R=35 38->38 vs 3503 NO
#4:AB_CD|sub|raw L=3,R=35 -32->-32 vs 3503 NO
#5:AB_CD|absdiff|raw L=3,R=35 32->32 vs 3503 NO
#6:BA_DC|cat|rev L=30,R=53 3053->3503 vs 3503 YES

S4: VER
E2: 15+69 = 6915
BA_DC|cat|rev L=51,R=96 5196->6915 vs 6915 YES

S5: LOCK: BA_DC|cat|rev

S6: APPLY
Target: 22+39
BA_DC: L=22,R=93
cat(22,93)=2293 rev->3922

S7: ANS=3922

\boxed{3922}"
d4483d51,"In Alice's Wonderland, a secret set of transformation rules is applied to equations. Below are a few examples:
56+14 = 601
74-71 = 03
91*88 = 1761
84*27 = 5543
76-16 = 6
Now, determine the result for: 33*87",3752,Equation Numeric,"I identify this as a symbol-digit (equation numeric) task: two-digit operands built from A,B,C,D, one operator, and a format. I group examples by the target operator, scan (pairing|op|format) until examples match and the target matches the boxed answer, then apply. I ignore flavor text.

S2: PARSE
Operator: '*'
Target: 33*87  A=3,B=3,C=8,D=7
Examples using '*':
  E1: 91*88 = 1761
  E2: 84*27 = 5543

S3: SCAN
#1:AB_CD|cat|raw L=91,R=88 9188->9188 vs 1761 NO
#2:AB_CD|mul|raw L=91,R=88 8008->8008 vs 1761 NO
#3:AB_CD|add|raw L=91,R=88 179->179 vs 1761 NO
#4:AB_CD|sub|raw L=91,R=88 3->3 vs 1761 NO
#5:AB_CD|absdiff|raw L=91,R=88 3->3 vs 1761 NO
#6:BA_DC|cat|rev L=19,R=88 1988->8891 vs 1761 NO
#7:BA_DC|mul|rev L=19,R=88 1672->2761 vs 1761 NO
#8:BA_DC|add|rev L=19,R=88 107->701 vs 1761 NO
#9:BA_DC|cat|raw L=19,R=88 1988->1988 vs 1761 NO
#10:AB_CD|cat|rev L=91,R=88 9188->8819 vs 1761 NO
#11:AB_CD|mul|rev L=91,R=88 8008->8008 vs 1761 NO
#12:AB_CD|add|rev L=91,R=88 179->971 vs 1761 NO

S4: VER
E2: 84*27 = 5543
BA_DC|mulsub1|rev L=48,R=72 3455->5543 vs 5543 YES

S5: LOCK: BA_DC|mulsub1|rev

S6: APPLY
Target: 33*87
BA_DC: L=33,R=78
mulsub1(33,78)=2573 rev->3752

S7: ANS=3752

\boxed{3752}"
d44ef285,"In Alice's Wonderland, a secret set of transformation rules is applied to equations. Below are a few examples:
34*24 = 5081
86*08 = 9345
51*44 = 956
14-43 = 7
Now, determine the result for: 01*98",988,Equation Numeric,"I identify this as a symbol-digit (equation numeric) task: two-digit operands built from A,B,C,D, one operator, and a format. I group examples by the target operator, scan (pairing|op|format) until examples match and the target matches the boxed answer, then apply. I ignore flavor text.

S2: PARSE
Operator: '*'
Target: 01*98  A=0,B=1,C=9,D=8
Examples using '*':
  E1: 34*24 = 5081
  E2: 86*08 = 9345
  E3: 51*44 = 956

S3: SCAN
#1:AB_CD|cat|raw L=34,R=24 3424->3424 vs 5081 NO
#2:AB_CD|mul|raw L=34,R=24 816->816 vs 5081 NO
#3:AB_CD|add|raw L=34,R=24 58->58 vs 5081 NO
#4:AB_CD|sub|raw L=34,R=24 10->10 vs 5081 NO
#5:AB_CD|absdiff|raw L=34,R=24 10->10 vs 5081 NO
#6:BA_DC|cat|rev L=43,R=42 4342->2434 vs 5081 NO
#7:BA_DC|mul|rev L=43,R=42 1806->6081 vs 5081 NO
#8:BA_DC|add|rev L=43,R=42 85->58 vs 5081 NO
#9:BA_DC|cat|raw L=43,R=42 4342->4342 vs 5081 NO
#10:AB_CD|cat|rev L=34,R=24 3424->4243 vs 5081 NO
#11:AB_CD|mul|rev L=34,R=24 816->618 vs 5081 NO
#12:AB_CD|add|rev L=34,R=24 58->85 vs 5081 NO

S4: VER
E2: 86*08 = 9345
BA_DC|mulsub1|rev L=68,R=80 5439->9345 vs 9345 YES

S5: LOCK: BA_DC|mulsub1|rev

S6: APPLY
Target: 01*98
BA_DC: L=10,R=89
mulsub1(10,89)=889 rev->988

S7: ANS=988

\boxed{988}"
d46df3b0,"In Alice's Wonderland, a secret set of transformation rules is applied to equations. Below are a few examples:
42(21 = 881
96$83 = 9683
38(69 = 2621
15(42 = 629
Now, determine the result for: 86(46",3955,Equation Numeric,"I identify this as a symbol-digit (equation numeric) task: two-digit operands built from A,B,C,D, one operator, and a format. I group examples by the target operator, scan (pairing|op|format) until examples match and the target matches the boxed answer, then apply. I ignore flavor text.

S2: PARSE
Operator: '('
Target: 86(46  A=8,B=6,C=4,D=6
Examples using '(':
  E1: 42(21 = 881
  E2: 38(69 = 2621
  E3: 15(42 = 629

S3: SCAN
#1:AB_CD|cat|raw L=42,R=21 4221->4221 vs 881 NO
#2:AB_CD|mul|raw L=42,R=21 882->882 vs 881 NO
#3:AB_CD|add|raw L=42,R=21 63->63 vs 881 NO
#4:AB_CD|sub|raw L=42,R=21 21->21 vs 881 NO
#5:AB_CD|absdiff|raw L=42,R=21 21->21 vs 881 NO
#6:BA_DC|cat|rev L=24,R=12 2412->2142 vs 881 NO
#7:BA_DC|mul|rev L=24,R=12 288->882 vs 881 NO
#8:BA_DC|add|rev L=24,R=12 36->63 vs 881 NO
#9:BA_DC|cat|raw L=24,R=12 2412->2412 vs 881 NO
#10:AB_CD|cat|rev L=42,R=21 4221->1224 vs 881 NO
#11:AB_CD|mul|rev L=42,R=21 882->288 vs 881 NO
#12:AB_CD|add|rev L=42,R=21 63->36 vs 881 NO

S4: VER
E2: 38(69 = 2621
AB_CD|mulsub1|raw L=38,R=69 2621->2621 vs 2621 YES

S5: LOCK: AB_CD|mulsub1|raw

S6: APPLY
Target: 86(46
AB_CD: L=86,R=46
mulsub1(86,46)=3955 raw->3955

S7: ANS=3955

\boxed{3955}"
d490911e,"In Alice's Wonderland, a secret set of transformation rules is applied to equations. Below are a few examples:
91[83 = 175
35?46 = 3546
75[57 = 133
Now, determine the result for: 40[98",139,Equation Numeric,"I identify this as a symbol-digit (equation numeric) task: two-digit operands built from A,B,C,D, one operator, and a format. I group examples by the target operator, scan (pairing|op|format) until examples match and the target matches the boxed answer, then apply. I ignore flavor text.

S2: PARSE
Operator: '['
Target: 40[98  A=4,B=0,C=9,D=8
Examples using '[':
  E1: 91[83 = 175
  E2: 75[57 = 133

S3: SCAN
#1:AB_CD|cat|raw L=91,R=83 9183->9183 vs 175 NO
#2:AB_CD|mul|raw L=91,R=83 7553->7553 vs 175 NO
#3:AB_CD|add|raw L=91,R=83 174->174 vs 175 NO
#4:AB_CD|sub|raw L=91,R=83 8->8 vs 175 NO
#5:AB_CD|absdiff|raw L=91,R=83 8->8 vs 175 NO
#6:BA_DC|cat|rev L=19,R=38 1938->8391 vs 175 NO
#7:BA_DC|mul|rev L=19,R=38 722->227 vs 175 NO
#8:BA_DC|add|rev L=19,R=38 57->75 vs 175 NO
#9:BA_DC|cat|raw L=19,R=38 1938->1938 vs 175 NO
#10:AB_CD|cat|rev L=91,R=83 9183->3819 vs 175 NO
#11:AB_CD|mul|rev L=91,R=83 7553->3557 vs 175 NO
#12:AB_CD|add|rev L=91,R=83 174->471 vs 175 NO

S4: VER
E2: 75[57 = 133
AB_CD|add1|raw L=75,R=57 133->133 vs 133 YES

S5: LOCK: AB_CD|add1|raw

S6: APPLY
Target: 40[98
AB_CD: L=40,R=98
add1(40,98)=139 raw->139

S7: ANS=139

\boxed{139}"
d5aa5564,"In Alice's Wonderland, a secret set of transformation rules is applied to equations. Below are a few examples:
31*11 = 41
63\23 = 40
55\84 = 29
11+58 = 638
23\68 = 45
Now, determine the result for: 30*16",45,Equation Numeric,"I identify this as a symbol-digit (equation numeric) task: two-digit operands built from A,B,C,D, one operator, and a format. I group examples by the target operator, scan (pairing|op|format) until examples match and the target matches the boxed answer, then apply. I ignore flavor text.

S2: PARSE
Operator: '*'
Target: 30*16  A=3,B=0,C=1,D=6
Examples using '*':
  E1: 31*11 = 41

S3: SCAN
#1:AB_CD|cat|raw L=31,R=11 3111->3111 vs 41 NO
#2:AB_CD|mul|raw L=31,R=11 341->341 vs 41 NO
#3:AB_CD|add|raw L=31,R=11 42->42 vs 41 NO
#4:AB_CD|sub|raw L=31,R=11 20->20 vs 41 NO
#5:AB_CD|absdiff|raw L=31,R=11 20->20 vs 41 NO
#6:BA_DC|cat|rev L=13,R=11 1311->1131 vs 41 NO
#7:BA_DC|mul|rev L=13,R=11 143->341 vs 41 NO
#8:BA_DC|add|rev L=13,R=11 24->42 vs 41 NO
#9:BA_DC|cat|raw L=13,R=11 1311->1311 vs 41 NO
#10:AB_CD|cat|rev L=31,R=11 3111->1113 vs 41 NO
#11:AB_CD|mul|rev L=31,R=11 341->143 vs 41 NO
#12:AB_CD|add|rev L=31,R=11 42->24 vs 41 NO

S5: LOCK: AB_CD|addm1|raw

S6: APPLY
Target: 30*16
AB_CD: L=30,R=16
addm1(30,16)=45 raw->45

S7: ANS=45

\boxed{45}"
d64a6578,"In Alice's Wonderland, a secret set of transformation rules is applied to equations. Below are a few examples:
58{12 = 697
27{69 = 1864
76?86 = ?10
Now, determine the result for: 75{35",2626,Equation Numeric,"I identify this as a symbol-digit (equation numeric) task: two-digit operands built from A,B,C,D, one operator, and a format. I group examples by the target operator, scan (pairing|op|format) until examples match and the target matches the boxed answer, then apply. I ignore flavor text.

S2: PARSE
Operator: '{'
Target: 75{35  A=7,B=5,C=3,D=5
Examples using '{':
  E1: 58{12 = 697
  E2: 27{69 = 1864

S3: SCAN
#1:AB_CD|cat|raw L=58,R=12 5812->5812 vs 697 NO
#2:AB_CD|mul|raw L=58,R=12 696->696 vs 697 NO
#3:AB_CD|add|raw L=58,R=12 70->70 vs 697 NO
#4:AB_CD|sub|raw L=58,R=12 46->46 vs 697 NO
#5:AB_CD|absdiff|raw L=58,R=12 46->46 vs 697 NO
#6:BA_DC|cat|rev L=85,R=21 8521->1258 vs 697 NO
#7:BA_DC|mul|rev L=85,R=21 1785->5871 vs 697 NO
#8:BA_DC|add|rev L=85,R=21 106->601 vs 697 NO
#9:BA_DC|cat|raw L=85,R=21 8521->8521 vs 697 NO
#10:AB_CD|cat|rev L=58,R=12 5812->2185 vs 697 NO
#11:AB_CD|mul|rev L=58,R=12 696->696 vs 697 NO
#12:AB_CD|add|rev L=58,R=12 70->07 vs 697 NO

S4: VER
E2: 27{69 = 1864
AB_CD|muladd1|raw L=27,R=69 1864->1864 vs 1864 YES

S5: LOCK: AB_CD|muladd1|raw

S6: APPLY
Target: 75{35
AB_CD: L=75,R=35
muladd1(75,35)=2626 raw->2626

S7: ANS=2626

\boxed{2626}"
d67f28ad,"In Alice's Wonderland, a secret set of transformation rules is applied to equations. Below are a few examples:
32#89 = 120
41\97 = 56
28#56 = 83
88\24 = 64
Now, determine the result for: 68#64",131,Equation Numeric,"I identify this as a symbol-digit (equation numeric) task: two-digit operands built from A,B,C,D, one operator, and a format. I group examples by the target operator, scan (pairing|op|format) until examples match and the target matches the boxed answer, then apply. I ignore flavor text.

S2: PARSE
Operator: '#'
Target: 68#64  A=6,B=8,C=6,D=4
Examples using '#':
  E1: 32#89 = 120
  E2: 28#56 = 83

S3: SCAN
#1:AB_CD|cat|raw L=32,R=89 3289->3289 vs 120 NO
#2:AB_CD|mul|raw L=32,R=89 2848->2848 vs 120 NO
#3:AB_CD|add|raw L=32,R=89 121->121 vs 120 NO
#4:AB_CD|sub|raw L=32,R=89 -57->-57 vs 120 NO
#5:AB_CD|absdiff|raw L=32,R=89 57->57 vs 120 NO
#6:BA_DC|cat|rev L=23,R=98 2398->8932 vs 120 NO
#7:BA_DC|mul|rev L=23,R=98 2254->4522 vs 120 NO
#8:BA_DC|add|rev L=23,R=98 121->121 vs 120 NO
#9:BA_DC|cat|raw L=23,R=98 2398->2398 vs 120 NO
#10:AB_CD|cat|rev L=32,R=89 3289->9823 vs 120 NO
#11:AB_CD|mul|rev L=32,R=89 2848->8482 vs 120 NO
#12:AB_CD|add|rev L=32,R=89 121->121 vs 120 NO

S4: VER
E2: 28#56 = 83
AB_CD|addm1|raw L=28,R=56 83->83 vs 83 YES

S5: LOCK: AB_CD|addm1|raw

S6: APPLY
Target: 68#64
AB_CD: L=68,R=64
addm1(68,64)=131 raw->131

S7: ANS=131

\boxed{131}"
d6a2e332,"In Alice's Wonderland, a secret set of transformation rules is applied to equations. Below are a few examples:
29`06 = 23
86%24 = 5582
19%13 = 0282
18%92 = 8432
32`19 = `86
Now, determine the result for: 11%62",582,Equation Numeric,"I identify this as a symbol-digit (equation numeric) task: two-digit operands built from A,B,C,D, one operator, and a format. I group examples by the target operator, scan (pairing|op|format) until examples match and the target matches the boxed answer, then apply. I ignore flavor text.

S2: PARSE
Operator: '%'
Target: 11%62  A=1,B=1,C=6,D=2
Examples using '%':
  E1: 86%24 = 5582
  E2: 19%13 = 0282
  E3: 18%92 = 8432

S3: SCAN
#1:AB_CD|cat|raw L=86,R=24 8624->8624 vs 5582 NO
#2:AB_CD|mul|raw L=86,R=24 2064->2064 vs 5582 NO
#3:AB_CD|add|raw L=86,R=24 110->110 vs 5582 NO
#4:AB_CD|sub|raw L=86,R=24 62->62 vs 5582 NO
#5:AB_CD|absdiff|raw L=86,R=24 62->62 vs 5582 NO
#6:BA_DC|cat|rev L=68,R=42 6842->2486 vs 5582 NO
#7:BA_DC|mul|rev L=68,R=42 2856->6582 vs 5582 NO
#8:BA_DC|add|rev L=68,R=42 110->011 vs 5582 NO
#9:BA_DC|cat|raw L=68,R=42 6842->6842 vs 5582 NO
#10:AB_CD|cat|rev L=86,R=24 8624->4268 vs 5582 NO
#11:AB_CD|mul|rev L=86,R=24 2064->4602 vs 5582 NO
#12:AB_CD|add|rev L=86,R=24 110->011 vs 5582 NO

S4: VER
E2: 19%13 = 0282
BA_DC|mulsub1|rev L=91,R=31 2820->0282 vs 0282 YES

S5: LOCK: BA_DC|mulsub1|rev

S6: APPLY
Target: 11%62
BA_DC: L=11,R=26
mulsub1(11,26)=285 rev->582

S7: ANS=582

\boxed{582}"
d7682996,"In Alice's Wonderland, a secret set of transformation rules is applied to equations. Below are a few examples:
87$78 = 165
30$52 = 82
54|41 = 5441
Now, determine the result for: 95$62",157,Equation Numeric,"I identify this as a symbol-digit (equation numeric) task: two-digit operands built from A,B,C,D, one operator, and a format. I group examples by the target operator, scan (pairing|op|format) until examples match and the target matches the boxed answer, then apply. I ignore flavor text.

S2: PARSE
Operator: '$'
Target: 95$62  A=9,B=5,C=6,D=2
Examples using '$':
  E1: 87$78 = 165
  E2: 30$52 = 82

S3: SCAN
#1:AB_CD|cat|raw L=87,R=78 8778->8778 vs 165 NO
#2:AB_CD|mul|raw L=87,R=78 6786->6786 vs 165 NO
#3:AB_CD|add|raw L=87,R=78 165->165 vs 165 YES

S4: VER
E2: 30$52 = 82
AB_CD|add|raw L=30,R=52 82->82 vs 82 YES

S5: LOCK: AB_CD|add|raw

S6: APPLY
Target: 95$62
AB_CD: L=95,R=62
add(95,62)=157 raw->157

S7: ANS=157

\boxed{157}"
d78128b2,"In Alice's Wonderland, a secret set of transformation rules is applied to equations. Below are a few examples:
71-11 = 6
19-16 = 03
22-53 = -31
17-33 = 83
65*99 = 5455
Now, determine the result for: 73-21",52,Equation Numeric,"I identify this as a symbol-digit (equation numeric) task: two-digit operands built from A,B,C,D, one operator, and a format. I group examples by the target operator, scan (pairing|op|format) until examples match and the target matches the boxed answer, then apply. I ignore flavor text.

S2: PARSE
Operator: '-'
Target: 73-21  A=7,B=3,C=2,D=1
Examples using '-':
  E1: 71-11 = 6
  E2: 19-16 = 03
  E3: 22-53 = -31
  E4: 17-33 = 83

S3: SCAN
#1:AB_CD|cat|raw L=71,R=11 7111->7111 vs 6 NO
#2:AB_CD|mul|raw L=71,R=11 781->781 vs 6 NO
#3:AB_CD|add|raw L=71,R=11 82->82 vs 6 NO
#4:AB_CD|sub|raw L=71,R=11 60->60 vs 6 NO
#5:AB_CD|absdiff|raw L=71,R=11 60->60 vs 6 NO
#6:BA_DC|cat|rev L=17,R=11 1711->1171 vs 6 NO
#7:BA_DC|mul|rev L=17,R=11 187->781 vs 6 NO
#8:BA_DC|add|rev L=17,R=11 28->82 vs 6 NO
#9:BA_DC|cat|raw L=17,R=11 1711->1711 vs 6 NO
#10:AB_CD|cat|rev L=71,R=11 7111->1117 vs 6 NO
#11:AB_CD|mul|rev L=71,R=11 781->187 vs 6 NO
#12:AB_CD|add|rev L=71,R=11 82->28 vs 6 NO

S4: VER
E2: 19-16 = 03
BA_DC|sub|rev L=91,R=61 30->03 vs 03 YES

S5: LOCK: BA_DC|sub|rev

S6: APPLY
Target: 73-21
BA_DC: L=37,R=12
sub(37,12)=25 rev->52

S7: ANS=52

\boxed{52}"
d78ce112,"In Alice's Wonderland, a secret set of transformation rules is applied to equations. Below are a few examples:
27+69 = +42
56\86 = 0244
33\34 = 9141
Now, determine the result for: 38\92",7042,Equation Numeric,"I identify this as a symbol-digit (equation numeric) task: two-digit operands built from A,B,C,D, one operator, and a format. I group examples by the target operator, scan (pairing|op|format) until examples match and the target matches the boxed answer, then apply. I ignore flavor text.

S2: PARSE
Operator: '\'
Target: 38\92  A=3,B=8,C=9,D=2
Examples using '\':
  E1: 56\86 = 0244
  E2: 33\34 = 9141

S3: SCAN
#1:AB_CD|cat|raw L=56,R=86 5686->5686 vs 0244 NO
#2:AB_CD|mul|raw L=56,R=86 4816->4816 vs 0244 NO
#3:AB_CD|add|raw L=56,R=86 142->142 vs 0244 NO
#4:AB_CD|sub|raw L=56,R=86 -30->-30 vs 0244 NO
#5:AB_CD|absdiff|raw L=56,R=86 30->30 vs 0244 NO
#6:BA_DC|cat|rev L=65,R=68 6568->8656 vs 0244 NO
#7:BA_DC|mul|rev L=65,R=68 4420->0244 vs 0244 YES

S4: VER
E2: 33\34 = 9141
BA_DC|mul|rev L=33,R=43 1419->9141 vs 9141 YES

S5: LOCK: BA_DC|mul|rev

S6: APPLY
Target: 38\92
BA_DC: L=83,R=29
mul(83,29)=2407 rev->7042

S7: ANS=7042

\boxed{7042}"
d82f5933,"In Alice's Wonderland, a secret set of transformation rules is applied to equations. Below are a few examples:
73-89 = -16
31*47 = 78
58*41 = 99
51-02 = -5
36*22 = 58
Now, determine the result for: 91*94",86,Equation Numeric,"I identify this as a symbol-digit (equation numeric) task: two-digit operands built from A,B,C,D, one operator, and a format. I group examples by the target operator, scan (pairing|op|format) until examples match and the target matches the boxed answer, then apply. I ignore flavor text.

S2: PARSE
Operator: '*'
Target: 91*94  A=9,B=1,C=9,D=4
Examples using '*':
  E1: 31*47 = 78
  E2: 58*41 = 99
  E3: 36*22 = 58

S3: SCAN
#1:AB_CD|cat|raw L=31,R=47 3147->3147 vs 78 NO
#2:AB_CD|mul|raw L=31,R=47 1457->1457 vs 78 NO
#3:AB_CD|add|raw L=31,R=47 78->78 vs 78 NO
#4:AB_CD|sub|raw L=31,R=47 -16->-16 vs 78 NO
#5:AB_CD|absdiff|raw L=31,R=47 16->16 vs 78 NO
#6:BA_DC|cat|rev L=13,R=74 1374->4731 vs 78 NO
#7:BA_DC|mul|rev L=13,R=74 962->269 vs 78 NO
#8:BA_DC|add|rev L=13,R=74 87->78 vs 78 YES

S4: VER
E2: 58*41 = 99
BA_DC|add|rev L=85,R=14 99->99 vs 99 YES

S5: LOCK: BA_DC|add|rev

S6: APPLY
Target: 91*94
BA_DC: L=19,R=49
add(19,49)=68 rev->86

S7: ANS=86

\boxed{86}"
d8a47cb7,"In Alice's Wonderland, a secret set of transformation rules is applied to equations. Below are a few examples:
12#92 = 016
55*39 = *83
65*49 = *83
14*66 = *52
16&76 = 821
Now, determine the result for: 92&56",49,Equation Numeric,"I identify this as a symbol-digit (equation numeric) task: two-digit operands built from A,B,C,D, one operator, and a format. I group examples by the target operator, scan (pairing|op|format) until examples match and the target matches the boxed answer, then apply. I ignore flavor text.

S2: PARSE
Operator: '&'
Target: 92&56  A=9,B=2,C=5,D=6
Examples using '&':
  E1: 16&76 = 821

S3: SCAN
#1:AB_CD|cat|raw L=16,R=76 1676->1676 vs 821 NO
#2:AB_CD|mul|raw L=16,R=76 1216->1216 vs 821 NO
#3:AB_CD|add|raw L=16,R=76 92->92 vs 821 NO
#4:AB_CD|sub|raw L=16,R=76 -60->-60 vs 821 NO
#5:AB_CD|absdiff|raw L=16,R=76 60->60 vs 821 NO
#6:BA_DC|cat|rev L=61,R=67 6167->7616 vs 821 NO
#7:BA_DC|mul|rev L=61,R=67 4087->7804 vs 821 NO
#8:BA_DC|add|rev L=61,R=67 128->821 vs 821 YES

S5: LOCK: BA_DC|add|rev

S6: APPLY
Target: 92&56
BA_DC: L=29,R=65
add(29,65)=94 rev->49

S7: ANS=49

\boxed{49}"
d8b3310a,"In Alice's Wonderland, a secret set of transformation rules is applied to equations. Below are a few examples:
68-64 = 7593
22<01 = 23
47-99 = 7237
17-94 = 0843
Now, determine the result for: 63-45",5491,Equation Numeric,"I identify this as a symbol-digit (equation numeric) task: two-digit operands built from A,B,C,D, one operator, and a format. I group examples by the target operator, scan (pairing|op|format) until examples match and the target matches the boxed answer, then apply. I ignore flavor text.

S2: PARSE
Operator: '-'
Target: 63-45  A=6,B=3,C=4,D=5
Examples using '-':
  E1: 68-64 = 7593
  E2: 47-99 = 7237
  E3: 17-94 = 0843

S3: SCAN
#1:AB_CD|cat|raw L=68,R=64 6864->6864 vs 7593 NO
#2:AB_CD|mul|raw L=68,R=64 4352->4352 vs 7593 NO
#3:AB_CD|add|raw L=68,R=64 132->132 vs 7593 NO
#4:AB_CD|sub|raw L=68,R=64 4->4 vs 7593 NO
#5:AB_CD|absdiff|raw L=68,R=64 4->4 vs 7593 NO
#6:BA_DC|cat|rev L=86,R=46 8646->6468 vs 7593 NO
#7:BA_DC|mul|rev L=86,R=46 3956->6593 vs 7593 NO
#8:BA_DC|add|rev L=86,R=46 132->231 vs 7593 NO
#9:BA_DC|cat|raw L=86,R=46 8646->8646 vs 7593 NO
#10:AB_CD|cat|rev L=68,R=64 6864->4686 vs 7593 NO
#11:AB_CD|mul|rev L=68,R=64 4352->2534 vs 7593 NO
#12:AB_CD|add|rev L=68,R=64 132->231 vs 7593 NO

S4: VER
E2: 47-99 = 7237
BA_DC|muladd1|rev L=74,R=99 7327->7237 vs 7237 YES

S5: LOCK: BA_DC|muladd1|rev

S6: APPLY
Target: 63-45
BA_DC: L=36,R=54
muladd1(36,54)=1945 rev->5491

S7: ANS=5491

\boxed{5491}"
d8bc44b3,"In Alice's Wonderland, a secret set of transformation rules is applied to equations. Below are a few examples:
01+55 = 56
35*04 = 9112
85-98 = 13
Now, determine the result for: 37-06",31,Equation Numeric,"I identify this as a symbol-digit (equation numeric) task: two-digit operands built from A,B,C,D, one operator, and a format. I group examples by the target operator, scan (pairing|op|format) until examples match and the target matches the boxed answer, then apply. I ignore flavor text.

S2: PARSE
Operator: '-'
Target: 37-06  A=3,B=7,C=0,D=6
Examples using '-':
  E1: 85-98 = 13

S3: SCAN
#1:AB_CD|cat|raw L=85,R=98 8598->8598 vs 13 NO
#2:AB_CD|mul|raw L=85,R=98 8330->8330 vs 13 NO
#3:AB_CD|add|raw L=85,R=98 183->183 vs 13 NO
#4:AB_CD|sub|raw L=85,R=98 -13->-13 vs 13 NO
#5:AB_CD|absdiff|raw L=85,R=98 13->13 vs 13 YES

S5: LOCK: AB_CD|absdiff|raw

S6: APPLY
Target: 37-06
AB_CD: L=37,R=6
absdiff(37,6)=31 raw->31

S7: ANS=31

\boxed{31}"
d9a2b78f,"In Alice's Wonderland, a secret set of transformation rules is applied to equations. Below are a few examples:
61*15 = 76
41""12 = 4112
61""01 = 6101
07*61 = 68
18""37 = 1837
Now, determine the result for: 74*26",901,Equation Numeric,"I identify this as a symbol-digit (equation numeric) task: two-digit operands built from A,B,C,D, one operator, and a format. I group examples by the target operator, scan (pairing|op|format) until examples match and the target matches the boxed answer, then apply. I ignore flavor text.

S2: PARSE
Operator: '*'
Target: 74*26  A=7,B=4,C=2,D=6
Examples using '*':
  E1: 61*15 = 76
  E2: 07*61 = 68

S3: SCAN
#1:AB_CD|cat|raw L=61,R=15 6115->6115 vs 76 NO
#2:AB_CD|mul|raw L=61,R=15 915->915 vs 76 NO
#3:AB_CD|add|raw L=61,R=15 76->76 vs 76 NO
#4:AB_CD|sub|raw L=61,R=15 46->46 vs 76 NO
#5:AB_CD|absdiff|raw L=61,R=15 46->46 vs 76 NO
#6:BA_DC|cat|rev L=16,R=51 1651->1561 vs 76 NO
#7:BA_DC|mul|rev L=16,R=51 816->618 vs 76 NO
#8:BA_DC|add|rev L=16,R=51 67->76 vs 76 YES

S4: VER
E2: 07*61 = 68
BA_DC|add|rev L=70,R=16 86->68 vs 68 YES

S5: LOCK: BA_DC|add|rev

S6: APPLY
Target: 74*26
BA_DC: L=47,R=62
add(47,62)=109 rev->901

S7: ANS=901

\boxed{901}"
db4383f3,"In Alice's Wonderland, a secret set of transformation rules is applied to equations. Below are a few examples:
23`38 = 15
27&76 = 931
01$97 = 197
Now, determine the result for: 01$75",175,Equation Numeric,"I identify this as a symbol-digit (equation numeric) task: two-digit operands built from A,B,C,D, one operator, and a format. I group examples by the target operator, scan (pairing|op|format) until examples match and the target matches the boxed answer, then apply. I ignore flavor text.

S2: PARSE
Operator: '$'
Target: 01$75  A=0,B=1,C=7,D=5
Examples using '$':
  E1: 01$97 = 197

S3: SCAN
#1:AB_CD|cat|raw L=1,R=97 197->197 vs 197 YES

S5: LOCK: AB_CD|cat|raw

S6: APPLY
Target: 01$75
AB_CD: L=1,R=75
cat(1,75)=175 raw->175

S7: ANS=175

\boxed{175}"
db6a5663,"In Alice's Wonderland, a secret set of transformation rules is applied to equations. Below are a few examples:
59}32 = 92
72""49 = 3528
71}11 = 83
92*64 = *28
11""43 = 473
Now, determine the result for: 31""95",2945,Equation Numeric,"I identify this as a symbol-digit (equation numeric) task: two-digit operands built from A,B,C,D, one operator, and a format. I group examples by the target operator, scan (pairing|op|format) until examples match and the target matches the boxed answer, then apply. I ignore flavor text.

S2: PARSE
Operator: '""'
Target: 31""95  A=3,B=1,C=9,D=5
Examples using '""':
  E1: 72""49 = 3528
  E2: 11""43 = 473

S3: SCAN
#1:AB_CD|cat|raw L=72,R=49 7249->7249 vs 3528 NO
#2:AB_CD|mul|raw L=72,R=49 3528->3528 vs 3528 YES

S4: VER
E2: 11""43 = 473
AB_CD|mul|raw L=11,R=43 473->473 vs 473 YES

S5: LOCK: AB_CD|mul|raw

S6: APPLY
Target: 31""95
AB_CD: L=31,R=95
mul(31,95)=2945 raw->2945

S7: ANS=2945

\boxed{2945}"
dbc6defc,"In Alice's Wonderland, a secret set of transformation rules is applied to equations. Below are a few examples:
51}40 = 2040
60<27 = 6027
56'45 = 11
86<34 = 8634
84'33 = 51
Now, determine the result for: 82}23",1886,Equation Numeric,"I identify this as a symbol-digit (equation numeric) task: two-digit operands built from A,B,C,D, one operator, and a format. I group examples by the target operator, scan (pairing|op|format) until examples match and the target matches the boxed answer, then apply. I ignore flavor text.

S2: PARSE
Operator: '}'
Target: 82}23  A=8,B=2,C=2,D=3
Examples using '}':
  E1: 51}40 = 2040

S3: SCAN
#1:AB_CD|cat|raw L=51,R=40 5140->5140 vs 2040 NO
#2:AB_CD|mul|raw L=51,R=40 2040->2040 vs 2040 YES

S5: LOCK: AB_CD|mul|raw

S6: APPLY
Target: 82}23
AB_CD: L=82,R=23
mul(82,23)=1886 raw->1886

S7: ANS=1886

\boxed{1886}"
dbd0e3c9,"In Alice's Wonderland, a secret set of transformation rules is applied to equations. Below are a few examples:
68*11 = 6811
31*85 = 3185
82`11 = 901
46#14 = 32
43`30 = 1289
Now, determine the result for: 56*31",5631,Equation Numeric,"I identify this as a symbol-digit (equation numeric) task: two-digit operands built from A,B,C,D, one operator, and a format. I group examples by the target operator, scan (pairing|op|format) until examples match and the target matches the boxed answer, then apply. I ignore flavor text.

S2: PARSE
Operator: '*'
Target: 56*31  A=5,B=6,C=3,D=1
Examples using '*':
  E1: 68*11 = 6811
  E2: 31*85 = 3185

S3: SCAN
#1:AB_CD|cat|raw L=68,R=11 6811->6811 vs 6811 YES

S4: VER
E2: 31*85 = 3185
AB_CD|cat|raw L=31,R=85 3185->3185 vs 3185 YES

S5: LOCK: AB_CD|cat|raw

S6: APPLY
Target: 56*31
AB_CD: L=56,R=31
cat(56,31)=5631 raw->5631

S7: ANS=5631

\boxed{5631}"
dc73d295,"In Alice's Wonderland, a secret set of transformation rules is applied to equations. Below are a few examples:
45%82 = %37
15*11 = 25
75*60 = 134
22%27 = %5
12%83 = %71
Now, determine the result for: 22*65",86,Equation Numeric,"I identify this as a symbol-digit (equation numeric) task: two-digit operands built from A,B,C,D, one operator, and a format. I group examples by the target operator, scan (pairing|op|format) until examples match and the target matches the boxed answer, then apply. I ignore flavor text.

S2: PARSE
Operator: '*'
Target: 22*65  A=2,B=2,C=6,D=5
Examples using '*':
  E1: 15*11 = 25
  E2: 75*60 = 134

S3: SCAN
#1:AB_CD|cat|raw L=15,R=11 1511->1511 vs 25 NO
#2:AB_CD|mul|raw L=15,R=11 165->165 vs 25 NO
#3:AB_CD|add|raw L=15,R=11 26->26 vs 25 NO
#4:AB_CD|sub|raw L=15,R=11 4->4 vs 25 NO
#5:AB_CD|absdiff|raw L=15,R=11 4->4 vs 25 NO
#6:BA_DC|cat|rev L=51,R=11 5111->1115 vs 25 NO
#7:BA_DC|mul|rev L=51,R=11 561->165 vs 25 NO
#8:BA_DC|add|rev L=51,R=11 62->26 vs 25 NO
#9:BA_DC|cat|raw L=51,R=11 5111->5111 vs 25 NO
#10:AB_CD|cat|rev L=15,R=11 1511->1151 vs 25 NO
#11:AB_CD|mul|rev L=15,R=11 165->561 vs 25 NO
#12:AB_CD|add|rev L=15,R=11 26->62 vs 25 NO

S4: VER
E2: 75*60 = 134
AB_CD|addm1|raw L=75,R=60 134->134 vs 134 YES

S5: LOCK: AB_CD|addm1|raw

S6: APPLY
Target: 22*65
AB_CD: L=22,R=65
addm1(22,65)=86 raw->86

S7: ANS=86

\boxed{86}"
dc7a5e7b,"In Alice's Wonderland, a secret set of transformation rules is applied to equations. Below are a few examples:
97?96 = 01?
36!09 = 351
73@82 = 7382
Now, determine the result for: 44@45",4445,Equation Numeric,"I identify this as a symbol-digit (equation numeric) task: two-digit operands built from A,B,C,D, one operator, and a format. I group examples by the target operator, scan (pairing|op|format) until examples match and the target matches the boxed answer, then apply. I ignore flavor text.

S2: PARSE
Operator: '@'
Target: 44@45  A=4,B=4,C=4,D=5
Examples using '@':
  E1: 73@82 = 7382

S3: SCAN
#1:AB_CD|cat|raw L=73,R=82 7382->7382 vs 7382 YES

S5: LOCK: AB_CD|cat|raw

S6: APPLY
Target: 44@45
AB_CD: L=44,R=45
cat(44,45)=4445 raw->4445

S7: ANS=4445

\boxed{4445}"
dcbf2073,"In Alice's Wonderland, a secret set of transformation rules is applied to equations. Below are a few examples:
92+49 = 9249
33|45 = |12
47-97 = 143
18+77 = 1877
10+39 = 1039
Now, determine the result for: 77-48",124,Equation Numeric,"I identify this as a symbol-digit (equation numeric) task: two-digit operands built from A,B,C,D, one operator, and a format. I group examples by the target operator, scan (pairing|op|format) until examples match and the target matches the boxed answer, then apply. I ignore flavor text.

S2: PARSE
Operator: '-'
Target: 77-48  A=7,B=7,C=4,D=8
Examples using '-':
  E1: 47-97 = 143

S3: SCAN
#1:AB_CD|cat|raw L=47,R=97 4797->4797 vs 143 NO
#2:AB_CD|mul|raw L=47,R=97 4559->4559 vs 143 NO
#3:AB_CD|add|raw L=47,R=97 144->144 vs 143 NO
#4:AB_CD|sub|raw L=47,R=97 -50->-50 vs 143 NO
#5:AB_CD|absdiff|raw L=47,R=97 50->50 vs 143 NO
#6:BA_DC|cat|rev L=74,R=79 7479->9747 vs 143 NO
#7:BA_DC|mul|rev L=74,R=79 5846->6485 vs 143 NO
#8:BA_DC|add|rev L=74,R=79 153->351 vs 143 NO
#9:BA_DC|cat|raw L=74,R=79 7479->7479 vs 143 NO
#10:AB_CD|cat|rev L=47,R=97 4797->7974 vs 143 NO
#11:AB_CD|mul|rev L=47,R=97 4559->9554 vs 143 NO
#12:AB_CD|add|rev L=47,R=97 144->441 vs 143 NO

S5: LOCK: AB_CD|addm1|raw

S6: APPLY
Target: 77-48
AB_CD: L=77,R=48
addm1(77,48)=124 raw->124

S7: ANS=124

\boxed{124}"
dd626fd0,"In Alice's Wonderland, a secret set of transformation rules is applied to equations. Below are a few examples:
55-34 = -21
97+96 = 841
04+34 = 38
84*85 = 5872
18+14 = 221
Now, determine the result for: 08*22",1671,Equation Numeric,"I identify this as a symbol-digit (equation numeric) task: two-digit operands built from A,B,C,D, one operator, and a format. I group examples by the target operator, scan (pairing|op|format) until examples match and the target matches the boxed answer, then apply. I ignore flavor text.

S2: PARSE
Operator: '*'
Target: 08*22  A=0,B=8,C=2,D=2
Examples using '*':
  E1: 84*85 = 5872

S3: SCAN
#1:AB_CD|cat|raw L=84,R=85 8485->8485 vs 5872 NO
#2:AB_CD|mul|raw L=84,R=85 7140->7140 vs 5872 NO
#3:AB_CD|add|raw L=84,R=85 169->169 vs 5872 NO
#4:AB_CD|sub|raw L=84,R=85 -1->-1 vs 5872 NO
#5:AB_CD|absdiff|raw L=84,R=85 1->1 vs 5872 NO
#6:BA_DC|cat|rev L=48,R=58 4858->8584 vs 5872 NO
#7:BA_DC|mul|rev L=48,R=58 2784->4872 vs 5872 NO
#8:BA_DC|add|rev L=48,R=58 106->601 vs 5872 NO
#9:BA_DC|cat|raw L=48,R=58 4858->4858 vs 5872 NO
#10:AB_CD|cat|rev L=84,R=85 8485->5848 vs 5872 NO
#11:AB_CD|mul|rev L=84,R=85 7140->0417 vs 5872 NO
#12:AB_CD|add|rev L=84,R=85 169->961 vs 5872 NO

S5: LOCK: BA_DC|muladd1|rev

S6: APPLY
Target: 08*22
BA_DC: L=80,R=22
muladd1(80,22)=1761 rev->1671

S7: ANS=1671

\boxed{1671}"
ddb9aafd,"In Alice's Wonderland, a secret set of transformation rules is applied to equations. Below are a few examples:
05'46 = 511
37]85 = 51
11'47 = 68
15""03 = 0351
Now, determine the result for: 55""18",5544,Equation Numeric,"I identify this as a symbol-digit (equation numeric) task: two-digit operands built from A,B,C,D, one operator, and a format. I group examples by the target operator, scan (pairing|op|format) until examples match and the target matches the boxed answer, then apply. I ignore flavor text.

S2: PARSE
Operator: '""'
Target: 55""18  A=5,B=5,C=1,D=8
Examples using '""':
  E1: 15""03 = 0351

S3: SCAN
#1:AB_CD|cat|raw L=15,R=3 153->153 vs 0351 NO
#2:AB_CD|mul|raw L=15,R=3 45->45 vs 0351 NO
#3:AB_CD|add|raw L=15,R=3 18->18 vs 0351 NO
#4:AB_CD|sub|raw L=15,R=3 12->12 vs 0351 NO
#5:AB_CD|absdiff|raw L=15,R=3 12->12 vs 0351 NO
#6:BA_DC|cat|rev L=51,R=30 5130->0315 vs 0351 NO
#7:BA_DC|mul|rev L=51,R=30 1530->0351 vs 0351 YES

S5: LOCK: BA_DC|mul|rev

S6: APPLY
Target: 55""18
BA_DC: L=55,R=81
mul(55,81)=4455 rev->5544

S7: ANS=5544

\boxed{5544}"
debff779,"In Alice's Wonderland, a secret set of transformation rules is applied to equations. Below are a few examples:
55*31 = 617
05-42 = 62
31*27 = 739
45*89 = 3925
59*26 = 1985
Now, determine the result for: 36-41",94,Equation Numeric,"I identify this as a symbol-digit (equation numeric) task: two-digit operands built from A,B,C,D, one operator, and a format. I group examples by the target operator, scan (pairing|op|format) until examples match and the target matches the boxed answer, then apply. I ignore flavor text.

S2: PARSE
Operator: '-'
Target: 36-41  A=3,B=6,C=4,D=1
Examples using '-':
  E1: 05-42 = 62

S3: SCAN
#1:AB_CD|cat|raw L=5,R=42 542->542 vs 62 NO
#2:AB_CD|mul|raw L=5,R=42 210->210 vs 62 NO
#3:AB_CD|add|raw L=5,R=42 47->47 vs 62 NO
#4:AB_CD|sub|raw L=5,R=42 -37->-37 vs 62 NO
#5:AB_CD|absdiff|raw L=5,R=42 37->37 vs 62 NO
#6:BA_DC|cat|rev L=50,R=24 5024->4205 vs 62 NO
#7:BA_DC|mul|rev L=50,R=24 1200->0021 vs 62 NO
#8:BA_DC|add|rev L=50,R=24 74->47 vs 62 NO
#9:BA_DC|cat|raw L=50,R=24 5024->5024 vs 62 NO
#10:AB_CD|cat|rev L=5,R=42 542->245 vs 62 NO
#11:AB_CD|mul|rev L=5,R=42 210->012 vs 62 NO
#12:AB_CD|add|rev L=5,R=42 47->74 vs 62 NO

S5: LOCK: BA_DC|sub|rev

S6: APPLY
Target: 36-41
BA_DC: L=63,R=14
sub(63,14)=49 rev->94

S7: ANS=94

\boxed{94}"
dfec0ed4,"In Alice's Wonderland, a secret set of transformation rules is applied to equations. Below are a few examples:
15*59 = 1559
81}30 = 2431
18*77 = 1877
Now, determine the result for: 93*70",9370,Equation Numeric,"I identify this as a symbol-digit (equation numeric) task: two-digit operands built from A,B,C,D, one operator, and a format. I group examples by the target operator, scan (pairing|op|format) until examples match and the target matches the boxed answer, then apply. I ignore flavor text.

S2: PARSE
Operator: '*'
Target: 93*70  A=9,B=3,C=7,D=0
Examples using '*':
  E1: 15*59 = 1559
  E2: 18*77 = 1877

S3: SCAN
#1:AB_CD|cat|raw L=15,R=59 1559->1559 vs 1559 YES

S4: VER
E2: 18*77 = 1877
AB_CD|cat|raw L=18,R=77 1877->1877 vs 1877 YES

S5: LOCK: AB_CD|cat|raw

S6: APPLY
Target: 93*70
AB_CD: L=93,R=70
cat(93,70)=9370 raw->9370

S7: ANS=9370

\boxed{9370}"
e07fffa6,"In Alice's Wonderland, a secret set of transformation rules is applied to equations. Below are a few examples:
08*89 = 9387
42-88 = -46
92+62 = 65
Now, determine the result for: 36-32",04,Equation Numeric,"I identify this as a symbol-digit (equation numeric) task: two-digit operands built from A,B,C,D, one operator, and a format. I group examples by the target operator, scan (pairing|op|format) until examples match and the target matches the boxed answer, then apply. I ignore flavor text.

S2: PARSE
Operator: '-'
Target: 36-32  A=3,B=6,C=3,D=2
Examples using '-':
  E1: 42-88 = -46

S3: SCAN
#1:AB_CD|cat|raw L=42,R=88 4288->4288 vs -46 NO
#2:AB_CD|mul|raw L=42,R=88 3696->3696 vs -46 NO
#3:AB_CD|add|raw L=42,R=88 130->130 vs -46 NO
#4:AB_CD|sub|raw L=42,R=88 -46->-46 vs -46 NO
#5:AB_CD|absdiff|raw L=42,R=88 46->46 vs -46 NO
#6:BA_DC|cat|rev L=24,R=88 2488->8842 vs -46 NO
#7:BA_DC|mul|rev L=24,R=88 2112->2112 vs -46 NO
#8:BA_DC|add|rev L=24,R=88 112->211 vs -46 NO
#9:BA_DC|cat|raw L=24,R=88 2488->2488 vs -46 NO
#10:AB_CD|cat|rev L=42,R=88 4288->8824 vs -46 NO
#11:AB_CD|mul|rev L=42,R=88 3696->6963 vs -46 NO
#12:AB_CD|add|rev L=42,R=88 130->031 vs -46 NO

S5: LOCK: BA_DC|sub|rev

S6: APPLY
Target: 36-32
BA_DC: L=63,R=23
sub(63,23)=40 rev->04

S7: ANS=04

\boxed{04}"
e102a09d,"In Alice's Wonderland, a secret set of transformation rules is applied to equations. Below are a few examples:
43*33 = 3343
78-45 = 33
76+78 = 7876
67+69 = 6967
25*43 = 4325
Now, determine the result for: 42-44",-02,Equation Numeric,"I identify this as a symbol-digit (equation numeric) task: two-digit operands built from A,B,C,D, one operator, and a format. I group examples by the target operator, scan (pairing|op|format) until examples match and the target matches the boxed answer, then apply. I ignore flavor text.

S2: PARSE
Operator: '-'
Target: 42-44  A=4,B=2,C=4,D=4
Examples using '-':
  E1: 78-45 = 33

S3: SCAN
#1:AB_CD|cat|raw L=78,R=45 7845->7845 vs 33 NO
#2:AB_CD|mul|raw L=78,R=45 3510->3510 vs 33 NO
#3:AB_CD|add|raw L=78,R=45 123->123 vs 33 NO
#4:AB_CD|sub|raw L=78,R=45 33->33 vs 33 NO
#5:AB_CD|absdiff|raw L=78,R=45 33->33 vs 33 NO
#6:BA_DC|cat|rev L=87,R=54 8754->4578 vs 33 NO
#7:BA_DC|mul|rev L=87,R=54 4698->8964 vs 33 NO
#8:BA_DC|add|rev L=87,R=54 141->141 vs 33 NO
#9:BA_DC|cat|raw L=87,R=54 8754->8754 vs 33 NO
#10:AB_CD|cat|rev L=78,R=45 7845->5487 vs 33 NO
#11:AB_CD|mul|rev L=78,R=45 3510->0153 vs 33 NO
#12:AB_CD|add|rev L=78,R=45 123->321 vs 33 NO

S5: LOCK: BA_DC|sub|rev

S6: APPLY
Target: 42-44
BA_DC: L=24,R=44
sub(24,44)=-20 rev->-02

S7: ANS=-02

\boxed{-02}"
e1c0ae13,"In Alice's Wonderland, a secret set of transformation rules is applied to equations. Below are a few examples:
18`29 = 522
97+36 = 134
79+75 = 155
52-33 = -19
Now, determine the result for: 92`54",4968,Equation Numeric,"I identify this as a symbol-digit (equation numeric) task: two-digit operands built from A,B,C,D, one operator, and a format. I group examples by the target operator, scan (pairing|op|format) until examples match and the target matches the boxed answer, then apply. I ignore flavor text.

S2: PARSE
Operator: '`'
Target: 92`54  A=9,B=2,C=5,D=4
Examples using '`':
  E1: 18`29 = 522

S3: SCAN
#1:AB_CD|cat|raw L=18,R=29 1829->1829 vs 522 NO
#2:AB_CD|mul|raw L=18,R=29 522->522 vs 522 YES

S5: LOCK: AB_CD|mul|raw

S6: APPLY
Target: 92`54
AB_CD: L=92,R=54
mul(92,54)=4968 raw->4968

S7: ANS=4968

\boxed{4968}"
e247d364,"In Alice's Wonderland, a secret set of transformation rules is applied to equations. Below are a few examples:
29!81 = 47
08{33 = 0462
19|99 = 091
Now, determine the result for: 65!76",11,Equation Numeric,"I identify this as a symbol-digit (equation numeric) task: two-digit operands built from A,B,C,D, one operator, and a format. I group examples by the target operator, scan (pairing|op|format) until examples match and the target matches the boxed answer, then apply. I ignore flavor text.

S2: PARSE
Operator: '!'
Target: 65!76  A=6,B=5,C=7,D=6
Examples using '!':
  E1: 29!81 = 47

S3: SCAN
#1:AB_CD|cat|raw L=29,R=81 2981->2981 vs 47 NO
#2:AB_CD|mul|raw L=29,R=81 2349->2349 vs 47 NO
#3:AB_CD|add|raw L=29,R=81 110->110 vs 47 NO
#4:AB_CD|sub|raw L=29,R=81 -52->-52 vs 47 NO
#5:AB_CD|absdiff|raw L=29,R=81 52->52 vs 47 NO
#6:BA_DC|cat|rev L=92,R=18 9218->8129 vs 47 NO
#7:BA_DC|mul|rev L=92,R=18 1656->6561 vs 47 NO
#8:BA_DC|add|rev L=92,R=18 110->011 vs 47 NO
#9:BA_DC|cat|raw L=92,R=18 9218->9218 vs 47 NO
#10:AB_CD|cat|rev L=29,R=81 2981->1892 vs 47 NO
#11:AB_CD|mul|rev L=29,R=81 2349->9432 vs 47 NO
#12:AB_CD|add|rev L=29,R=81 110->011 vs 47 NO

S5: LOCK: BA_DC|absdiff|rev

S6: APPLY
Target: 65!76
BA_DC: L=56,R=67
absdiff(56,67)=11 rev->11

S7: ANS=11

\boxed{11}"
e2bb1d9f,"In Alice's Wonderland, a secret set of transformation rules is applied to equations. Below are a few examples:
27-76 = 5
19+88 = 081
49+76 = 261
Now, determine the result for: 03-94",-91,Equation Numeric,"I identify this as a symbol-digit (equation numeric) task: two-digit operands built from A,B,C,D, one operator, and a format. I group examples by the target operator, scan (pairing|op|format) until examples match and the target matches the boxed answer, then apply. I ignore flavor text.

S2: PARSE
Operator: '-'
Target: 03-94  A=0,B=3,C=9,D=4
Examples using '-':
  E1: 27-76 = 5

S3: SCAN
#1:AB_CD|cat|raw L=27,R=76 2776->2776 vs 5 NO
#2:AB_CD|mul|raw L=27,R=76 2052->2052 vs 5 NO
#3:AB_CD|add|raw L=27,R=76 103->103 vs 5 NO
#4:AB_CD|sub|raw L=27,R=76 -49->-49 vs 5 NO
#5:AB_CD|absdiff|raw L=27,R=76 49->49 vs 5 NO
#6:BA_DC|cat|rev L=72,R=67 7267->7627 vs 5 NO
#7:BA_DC|mul|rev L=72,R=67 4824->4284 vs 5 NO
#8:BA_DC|add|rev L=72,R=67 139->931 vs 5 NO
#9:BA_DC|cat|raw L=72,R=67 7267->7267 vs 5 NO
#10:AB_CD|cat|rev L=27,R=76 2776->6772 vs 5 NO
#11:AB_CD|mul|rev L=27,R=76 2052->2502 vs 5 NO
#12:AB_CD|add|rev L=27,R=76 103->301 vs 5 NO

S5: LOCK: BA_DC|sub|rev

S6: APPLY
Target: 03-94
BA_DC: L=30,R=49
sub(30,49)=-19 rev->-91

S7: ANS=-91

\boxed{-91}"
e3b3573a,"In Alice's Wonderland, a secret set of transformation rules is applied to equations. Below are a few examples:
65""66 = 221
46|47 = 5374
56""39 = 851
12""43 = 55
Now, determine the result for: 76|48",7265,Equation Numeric,"I identify this as a symbol-digit (equation numeric) task: two-digit operands built from A,B,C,D, one operator, and a format. I group examples by the target operator, scan (pairing|op|format) until examples match and the target matches the boxed answer, then apply. I ignore flavor text.

S2: PARSE
Operator: '|'
Target: 76|48  A=7,B=6,C=4,D=8
Examples using '|':
  E1: 46|47 = 5374

S3: SCAN
#1:AB_CD|cat|raw L=46,R=47 4647->4647 vs 5374 NO
#2:AB_CD|mul|raw L=46,R=47 2162->2162 vs 5374 NO
#3:AB_CD|add|raw L=46,R=47 93->93 vs 5374 NO
#4:AB_CD|sub|raw L=46,R=47 -1->-1 vs 5374 NO
#5:AB_CD|absdiff|raw L=46,R=47 1->1 vs 5374 NO
#6:BA_DC|cat|rev L=64,R=74 6474->4746 vs 5374 NO
#7:BA_DC|mul|rev L=64,R=74 4736->6374 vs 5374 NO
#8:BA_DC|add|rev L=64,R=74 138->831 vs 5374 NO
#9:BA_DC|cat|raw L=64,R=74 6474->6474 vs 5374 NO
#10:AB_CD|cat|rev L=46,R=47 4647->7464 vs 5374 NO
#11:AB_CD|mul|rev L=46,R=47 2162->2612 vs 5374 NO
#12:AB_CD|add|rev L=46,R=47 93->39 vs 5374 NO

S5: LOCK: BA_DC|mulsub1|rev

S6: APPLY
Target: 76|48
BA_DC: L=67,R=84
mulsub1(67,84)=5627 rev->7265

S7: ANS=7265

\boxed{7265}"
e4b6ce82,"In Alice's Wonderland, a secret set of transformation rules is applied to equations. Below are a few examples:
36/55 = 811
13@04 = 0421
53@71 = 595
Now, determine the result for: 24@32",669,Equation Numeric,"I identify this as a symbol-digit (equation numeric) task: two-digit operands built from A,B,C,D, one operator, and a format. I group examples by the target operator, scan (pairing|op|format) until examples match and the target matches the boxed answer, then apply. I ignore flavor text.

S2: PARSE
Operator: '@'
Target: 24@32  A=2,B=4,C=3,D=2
Examples using '@':
  E1: 13@04 = 0421
  E2: 53@71 = 595

S3: SCAN
#1:AB_CD|cat|raw L=13,R=4 134->134 vs 0421 NO
#2:AB_CD|mul|raw L=13,R=4 52->52 vs 0421 NO
#3:AB_CD|add|raw L=13,R=4 17->17 vs 0421 NO
#4:AB_CD|sub|raw L=13,R=4 9->9 vs 0421 NO
#5:AB_CD|absdiff|raw L=13,R=4 9->9 vs 0421 NO
#6:BA_DC|cat|rev L=31,R=40 3140->0413 vs 0421 NO
#7:BA_DC|mul|rev L=31,R=40 1240->0421 vs 0421 YES

S4: VER
E2: 53@71 = 595
BA_DC|mul|rev L=35,R=17 595->595 vs 595 YES

S5: LOCK: BA_DC|mul|rev

S6: APPLY
Target: 24@32
BA_DC: L=42,R=23
mul(42,23)=966 rev->669

S7: ANS=669

\boxed{669}"
e518256e,"In Alice's Wonderland, a secret set of transformation rules is applied to equations. Below are a few examples:
60[58 = 3480
89""28 = 61
36%68 = 105
Now, determine the result for: 94""10",84,Equation Numeric,"I identify this as a symbol-digit (equation numeric) task: two-digit operands built from A,B,C,D, one operator, and a format. I group examples by the target operator, scan (pairing|op|format) until examples match and the target matches the boxed answer, then apply. I ignore flavor text.

S2: PARSE
Operator: '""'
Target: 94""10  A=9,B=4,C=1,D=0
Examples using '""':
  E1: 89""28 = 61

S3: SCAN
#1:AB_CD|cat|raw L=89,R=28 8928->8928 vs 61 NO
#2:AB_CD|mul|raw L=89,R=28 2492->2492 vs 61 NO
#3:AB_CD|add|raw L=89,R=28 117->117 vs 61 NO
#4:AB_CD|sub|raw L=89,R=28 61->61 vs 61 YES

S5: LOCK: AB_CD|sub|raw

S6: APPLY
Target: 94""10
AB_CD: L=94,R=10
sub(94,10)=84 raw->84

S7: ANS=84

\boxed{84}"
e5956ffa,"In Alice's Wonderland, a secret set of transformation rules is applied to equations. Below are a few examples:
02}46 = 44
14}29 = 15
22<21 = 43
13[34 = 1334
59}74 = 84}
Now, determine the result for: 53<39",821,Equation Numeric,"I identify this as a symbol-digit (equation numeric) task: two-digit operands built from A,B,C,D, one operator, and a format. I group examples by the target operator, scan (pairing|op|format) until examples match and the target matches the boxed answer, then apply. I ignore flavor text.

S2: PARSE
Operator: '<'
Target: 53<39  A=5,B=3,C=3,D=9
Examples using '<':
  E1: 22<21 = 43

S3: SCAN
#1:AB_CD|cat|raw L=22,R=21 2221->2221 vs 43 NO
#2:AB_CD|mul|raw L=22,R=21 462->462 vs 43 NO
#3:AB_CD|add|raw L=22,R=21 43->43 vs 43 NO
#4:AB_CD|sub|raw L=22,R=21 1->1 vs 43 NO
#5:AB_CD|absdiff|raw L=22,R=21 1->1 vs 43 NO
#6:BA_DC|cat|rev L=22,R=12 2212->2122 vs 43 NO
#7:BA_DC|mul|rev L=22,R=12 264->462 vs 43 NO
#8:BA_DC|add|rev L=22,R=12 34->43 vs 43 YES

S5: LOCK: BA_DC|add|rev

S6: APPLY
Target: 53<39
BA_DC: L=35,R=93
add(35,93)=128 rev->821

S7: ANS=821

\boxed{821}"
e5d4eeb8,"In Alice's Wonderland, a secret set of transformation rules is applied to equations. Below are a few examples:
93+97 = 811
73-66 = -92
41*27 = 9001
01+34 = 35
Now, determine the result for: 92*09",1162,Equation Numeric,"I identify this as a symbol-digit (equation numeric) task: two-digit operands built from A,B,C,D, one operator, and a format. I group examples by the target operator, scan (pairing|op|format) until examples match and the target matches the boxed answer, then apply. I ignore flavor text.

S2: PARSE
Operator: '*'
Target: 92*09  A=9,B=2,C=0,D=9
Examples using '*':
  E1: 41*27 = 9001

S3: SCAN
#1:AB_CD|cat|raw L=41,R=27 4127->4127 vs 9001 NO
#2:AB_CD|mul|raw L=41,R=27 1107->1107 vs 9001 NO
#3:AB_CD|add|raw L=41,R=27 68->68 vs 9001 NO
#4:AB_CD|sub|raw L=41,R=27 14->14 vs 9001 NO
#5:AB_CD|absdiff|raw L=41,R=27 14->14 vs 9001 NO
#6:BA_DC|cat|rev L=14,R=72 1472->2741 vs 9001 NO
#7:BA_DC|mul|rev L=14,R=72 1008->8001 vs 9001 NO
#8:BA_DC|add|rev L=14,R=72 86->68 vs 9001 NO
#9:BA_DC|cat|raw L=14,R=72 1472->1472 vs 9001 NO
#10:AB_CD|cat|rev L=41,R=27 4127->7214 vs 9001 NO
#11:AB_CD|mul|rev L=41,R=27 1107->7011 vs 9001 NO
#12:AB_CD|add|rev L=41,R=27 68->86 vs 9001 NO

S5: LOCK: BA_DC|muladd1|rev

S6: APPLY
Target: 92*09
BA_DC: L=29,R=90
muladd1(29,90)=2611 rev->1162

S7: ANS=1162

\boxed{1162}"
e70d5739,"In Alice's Wonderland, a secret set of transformation rules is applied to equations. Below are a few examples:
95*89 = 3875
99-81 = 18
32+87 = 8732
Now, determine the result for: 57+62",6257,Equation Numeric,"I identify this as a symbol-digit (equation numeric) task: two-digit operands built from A,B,C,D, one operator, and a format. I group examples by the target operator, scan (pairing|op|format) until examples match and the target matches the boxed answer, then apply. I ignore flavor text.

S2: PARSE
Operator: '+'
Target: 57+62  A=5,B=7,C=6,D=2
Examples using '+':
  E1: 32+87 = 8732

S3: SCAN
#1:AB_CD|cat|raw L=32,R=87 3287->3287 vs 8732 NO
#2:AB_CD|mul|raw L=32,R=87 2784->2784 vs 8732 NO
#3:AB_CD|add|raw L=32,R=87 119->119 vs 8732 NO
#4:AB_CD|sub|raw L=32,R=87 -55->-55 vs 8732 NO
#5:AB_CD|absdiff|raw L=32,R=87 55->55 vs 8732 NO
#6:BA_DC|cat|rev L=23,R=78 2378->8732 vs 8732 YES

S5: LOCK: BA_DC|cat|rev

S6: APPLY
Target: 57+62
BA_DC: L=75,R=26
cat(75,26)=7526 rev->6257

S7: ANS=6257

\boxed{6257}"
e7cf0394,"In Alice's Wonderland, a secret set of transformation rules is applied to equations. Below are a few examples:
88\87 = 7656
30]47 = 3047
52*15 = *37
Now, determine the result for: 97]83",9783,Equation Numeric,"I identify this as a symbol-digit (equation numeric) task: two-digit operands built from A,B,C,D, one operator, and a format. I group examples by the target operator, scan (pairing|op|format) until examples match and the target matches the boxed answer, then apply. I ignore flavor text.

S2: PARSE
Operator: ']'
Target: 97]83  A=9,B=7,C=8,D=3
Examples using ']':
  E1: 30]47 = 3047

S3: SCAN
#1:AB_CD|cat|raw L=30,R=47 3047->3047 vs 3047 YES

S5: LOCK: AB_CD|cat|raw

S6: APPLY
Target: 97]83
AB_CD: L=97,R=83
cat(97,83)=9783 raw->9783

S7: ANS=9783

\boxed{9783}"
e836fb20,"In Alice's Wonderland, a secret set of transformation rules is applied to equations. Below are a few examples:
73+73 = 47
65*51 = 148
97*61 = 5621
58-04 = 54
Now, determine the result for: 89-21",68,Equation Numeric,"I identify this as a symbol-digit (equation numeric) task: two-digit operands built from A,B,C,D, one operator, and a format. I group examples by the target operator, scan (pairing|op|format) until examples match and the target matches the boxed answer, then apply. I ignore flavor text.

S2: PARSE
Operator: '-'
Target: 89-21  A=8,B=9,C=2,D=1
Examples using '-':
  E1: 58-04 = 54

S3: SCAN
#1:AB_CD|cat|raw L=58,R=4 584->584 vs 54 NO
#2:AB_CD|mul|raw L=58,R=4 232->232 vs 54 NO
#3:AB_CD|add|raw L=58,R=4 62->62 vs 54 NO
#4:AB_CD|sub|raw L=58,R=4 54->54 vs 54 YES

S5: LOCK: AB_CD|sub|raw

S6: APPLY
Target: 89-21
AB_CD: L=89,R=21
sub(89,21)=68 raw->68

S7: ANS=68

\boxed{68}"
e8de8b47,"In Alice's Wonderland, a secret set of transformation rules is applied to equations. Below are a few examples:
99\73 = 171
28}55 = 1540
96\90 = 185
48$12 = 0
Now, determine the result for: 57$56",1,Equation Numeric,"I identify this as a symbol-digit (equation numeric) task: two-digit operands built from A,B,C,D, one operator, and a format. I group examples by the target operator, scan (pairing|op|format) until examples match and the target matches the boxed answer, then apply. I ignore flavor text.

S2: PARSE
Operator: '$'
Target: 57$56  A=5,B=7,C=5,D=6
Examples using '$':
  E1: 48$12 = 0

S3: SCAN
#1:AB_CD|cat|raw L=48,R=12 4812->4812 vs 0 NO
#2:AB_CD|mul|raw L=48,R=12 576->576 vs 0 NO
#3:AB_CD|add|raw L=48,R=12 60->60 vs 0 NO
#4:AB_CD|sub|raw L=48,R=12 36->36 vs 0 NO
#5:AB_CD|absdiff|raw L=48,R=12 36->36 vs 0 NO
#6:BA_DC|cat|rev L=84,R=21 8421->1248 vs 0 NO
#7:BA_DC|mul|rev L=84,R=21 1764->4671 vs 0 NO
#8:BA_DC|add|rev L=84,R=21 105->501 vs 0 NO
#9:BA_DC|cat|raw L=84,R=21 8421->8421 vs 0 NO
#10:AB_CD|cat|rev L=48,R=12 4812->2184 vs 0 NO
#11:AB_CD|mul|rev L=48,R=12 576->675 vs 0 NO
#12:AB_CD|add|rev L=48,R=12 60->06 vs 0 NO

S5: LOCK: AB_CD|mod|raw

S6: APPLY
Target: 57$56
AB_CD: L=57,R=56
mod(57,56)=1 raw->1

S7: ANS=1

\boxed{1}"
e952f61f,"In Alice's Wonderland, a secret set of transformation rules is applied to equations. Below are a few examples:
27+68 = 96
23$56 = 1287
80$62 = 4959
91+92 = 184
83&17 = 66
Now, determine the result for: 50$94",4699,Equation Numeric,"I identify this as a symbol-digit (equation numeric) task: two-digit operands built from A,B,C,D, one operator, and a format. I group examples by the target operator, scan (pairing|op|format) until examples match and the target matches the boxed answer, then apply. I ignore flavor text.

S2: PARSE
Operator: '$'
Target: 50$94  A=5,B=0,C=9,D=4
Examples using '$':
  E1: 23$56 = 1287
  E2: 80$62 = 4959

S3: SCAN
#1:AB_CD|cat|raw L=23,R=56 2356->2356 vs 1287 NO
#2:AB_CD|mul|raw L=23,R=56 1288->1288 vs 1287 NO
#3:AB_CD|add|raw L=23,R=56 79->79 vs 1287 NO
#4:AB_CD|sub|raw L=23,R=56 -33->-33 vs 1287 NO
#5:AB_CD|absdiff|raw L=23,R=56 33->33 vs 1287 NO
#6:BA_DC|cat|rev L=32,R=65 3265->5623 vs 1287 NO
#7:BA_DC|mul|rev L=32,R=65 2080->0802 vs 1287 NO
#8:BA_DC|add|rev L=32,R=65 97->79 vs 1287 NO
#9:BA_DC|cat|raw L=32,R=65 3265->3265 vs 1287 NO
#10:AB_CD|cat|rev L=23,R=56 2356->6532 vs 1287 NO
#11:AB_CD|mul|rev L=23,R=56 1288->8821 vs 1287 NO
#12:AB_CD|add|rev L=23,R=56 79->97 vs 1287 NO

S4: VER
E2: 80$62 = 4959
AB_CD|mulsub1|raw L=80,R=62 4959->4959 vs 4959 YES

S5: LOCK: AB_CD|mulsub1|raw

S6: APPLY
Target: 50$94
AB_CD: L=50,R=94
mulsub1(50,94)=4699 raw->4699

S7: ANS=4699

\boxed{4699}"
e9a84dd6,"In Alice's Wonderland, a secret set of transformation rules is applied to equations. Below are a few examples:
16*39 = 3916
78*71 = 7178
37+81 = 19
77+41 = 19
Now, determine the result for: 97+89",771,Equation Numeric,"I identify this as a symbol-digit (equation numeric) task: two-digit operands built from A,B,C,D, one operator, and a format. I group examples by the target operator, scan (pairing|op|format) until examples match and the target matches the boxed answer, then apply. I ignore flavor text.

S2: PARSE
Operator: '+'
Target: 97+89  A=9,B=7,C=8,D=9
Examples using '+':
  E1: 37+81 = 19
  E2: 77+41 = 19

S3: SCAN
#1:AB_CD|cat|raw L=37,R=81 3781->3781 vs 19 NO
#2:AB_CD|mul|raw L=37,R=81 2997->2997 vs 19 NO
#3:AB_CD|add|raw L=37,R=81 118->118 vs 19 NO
#4:AB_CD|sub|raw L=37,R=81 -44->-44 vs 19 NO
#5:AB_CD|absdiff|raw L=37,R=81 44->44 vs 19 NO
#6:BA_DC|cat|rev L=73,R=18 7318->8137 vs 19 NO
#7:BA_DC|mul|rev L=73,R=18 1314->4131 vs 19 NO
#8:BA_DC|add|rev L=73,R=18 91->19 vs 19 YES

S4: VER
E2: 77+41 = 19
BA_DC|add|rev L=77,R=14 91->19 vs 19 YES

S5: LOCK: BA_DC|add|rev

S6: APPLY
Target: 97+89
BA_DC: L=79,R=98
add(79,98)=177 rev->771

S7: ANS=771

\boxed{771}"
ead8fe28,"In Alice's Wonderland, a secret set of transformation rules is applied to equations. Below are a few examples:
88(82 = 5642
56`82 = 39
91`43 = 35
Now, determine the result for: 74`49",141,Equation Numeric,"I identify this as a symbol-digit (equation numeric) task: two-digit operands built from A,B,C,D, one operator, and a format. I group examples by the target operator, scan (pairing|op|format) until examples match and the target matches the boxed answer, then apply. I ignore flavor text.

S2: PARSE
Operator: '`'
Target: 74`49  A=7,B=4,C=4,D=9
Examples using '`':
  E1: 56`82 = 39
  E2: 91`43 = 35

S3: SCAN
#1:AB_CD|cat|raw L=56,R=82 5682->5682 vs 39 NO
#2:AB_CD|mul|raw L=56,R=82 4592->4592 vs 39 NO
#3:AB_CD|add|raw L=56,R=82 138->138 vs 39 NO
#4:AB_CD|sub|raw L=56,R=82 -26->-26 vs 39 NO
#5:AB_CD|absdiff|raw L=56,R=82 26->26 vs 39 NO
#6:BA_DC|cat|rev L=65,R=28 6528->8256 vs 39 NO
#7:BA_DC|mul|rev L=65,R=28 1820->0281 vs 39 NO
#8:BA_DC|add|rev L=65,R=28 93->39 vs 39 YES

S4: VER
E2: 91`43 = 35
BA_DC|add|rev L=19,R=34 53->35 vs 35 YES

S5: LOCK: BA_DC|add|rev

S6: APPLY
Target: 74`49
BA_DC: L=47,R=94
add(47,94)=141 rev->141

S7: ANS=141

\boxed{141}"
eafc7e67,"In Alice's Wonderland, a secret set of transformation rules is applied to equations. Below are a few examples:
23-36 = 13
74-85 = 11
66*39 = 9316
Now, determine the result for: 85*67",9044,Equation Numeric,"I identify this as a symbol-digit (equation numeric) task: two-digit operands built from A,B,C,D, one operator, and a format. I group examples by the target operator, scan (pairing|op|format) until examples match and the target matches the boxed answer, then apply. I ignore flavor text.

S2: PARSE
Operator: '*'
Target: 85*67  A=8,B=5,C=6,D=7
Examples using '*':
  E1: 66*39 = 9316

S3: SCAN
#1:AB_CD|cat|raw L=66,R=39 6639->6639 vs 9316 NO
#2:AB_CD|mul|raw L=66,R=39 2574->2574 vs 9316 NO
#3:AB_CD|add|raw L=66,R=39 105->105 vs 9316 NO
#4:AB_CD|sub|raw L=66,R=39 27->27 vs 9316 NO
#5:AB_CD|absdiff|raw L=66,R=39 27->27 vs 9316 NO
#6:BA_DC|cat|rev L=66,R=93 6693->3966 vs 9316 NO
#7:BA_DC|mul|rev L=66,R=93 6138->8316 vs 9316 NO
#8:BA_DC|add|rev L=66,R=93 159->951 vs 9316 NO
#9:BA_DC|cat|raw L=66,R=93 6693->6693 vs 9316 NO
#10:AB_CD|cat|rev L=66,R=39 6639->9366 vs 9316 NO
#11:AB_CD|mul|rev L=66,R=39 2574->4752 vs 9316 NO
#12:AB_CD|add|rev L=66,R=39 105->501 vs 9316 NO

S5: LOCK: BA_DC|muladd1|rev

S6: APPLY
Target: 85*67
BA_DC: L=58,R=76
muladd1(58,76)=4409 rev->9044

S7: ANS=9044

\boxed{9044}"
eb68289b,"In Alice's Wonderland, a secret set of transformation rules is applied to equations. Below are a few examples:
97+53 = 411
54*48 = 1873
49-99 = -5
87+07 = 841
Now, determine the result for: 72-55",-82,Equation Numeric,"I identify this as a symbol-digit (equation numeric) task: two-digit operands built from A,B,C,D, one operator, and a format. I group examples by the target operator, scan (pairing|op|format) until examples match and the target matches the boxed answer, then apply. I ignore flavor text.

S2: PARSE
Operator: '-'
Target: 72-55  A=7,B=2,C=5,D=5
Examples using '-':
  E1: 49-99 = -5

S3: SCAN
#1:AB_CD|cat|raw L=49,R=99 4999->4999 vs -5 NO
#2:AB_CD|mul|raw L=49,R=99 4851->4851 vs -5 NO
#3:AB_CD|add|raw L=49,R=99 148->148 vs -5 NO
#4:AB_CD|sub|raw L=49,R=99 -50->-50 vs -5 NO
#5:AB_CD|absdiff|raw L=49,R=99 50->50 vs -5 NO
#6:BA_DC|cat|rev L=94,R=99 9499->9949 vs -5 NO
#7:BA_DC|mul|rev L=94,R=99 9306->6039 vs -5 NO
#8:BA_DC|add|rev L=94,R=99 193->391 vs -5 NO
#9:BA_DC|cat|raw L=94,R=99 9499->9499 vs -5 NO
#10:AB_CD|cat|rev L=49,R=99 4999->9994 vs -5 NO
#11:AB_CD|mul|rev L=49,R=99 4851->1584 vs -5 NO
#12:AB_CD|add|rev L=49,R=99 148->841 vs -5 NO

S5: LOCK: BA_DC|sub|rev

S6: APPLY
Target: 72-55
BA_DC: L=27,R=55
sub(27,55)=-28 rev->-82

S7: ANS=-82

\boxed{-82}"
ec694941,"In Alice's Wonderland, a secret set of transformation rules is applied to equations. Below are a few examples:
56-89 = -33
61*02 = 123
74+42 = 07
Now, determine the result for: 54*63",1261,Equation Numeric,"I identify this as a symbol-digit (equation numeric) task: two-digit operands built from A,B,C,D, one operator, and a format. I group examples by the target operator, scan (pairing|op|format) until examples match and the target matches the boxed answer, then apply. I ignore flavor text.

S2: PARSE
Operator: '*'
Target: 54*63  A=5,B=4,C=6,D=3
Examples using '*':
  E1: 61*02 = 123

S3: SCAN
#1:AB_CD|cat|raw L=61,R=2 612->612 vs 123 NO
#2:AB_CD|mul|raw L=61,R=2 122->122 vs 123 NO
#3:AB_CD|add|raw L=61,R=2 63->63 vs 123 NO
#4:AB_CD|sub|raw L=61,R=2 59->59 vs 123 NO
#5:AB_CD|absdiff|raw L=61,R=2 59->59 vs 123 NO
#6:BA_DC|cat|rev L=16,R=20 1620->0261 vs 123 NO
#7:BA_DC|mul|rev L=16,R=20 320->023 vs 123 NO
#8:BA_DC|add|rev L=16,R=20 36->63 vs 123 NO
#9:BA_DC|cat|raw L=16,R=20 1620->1620 vs 123 NO
#10:AB_CD|cat|rev L=61,R=2 612->216 vs 123 NO
#11:AB_CD|mul|rev L=61,R=2 122->221 vs 123 NO
#12:AB_CD|add|rev L=61,R=2 63->36 vs 123 NO

S5: LOCK: BA_DC|muladd1|rev

S6: APPLY
Target: 54*63
BA_DC: L=45,R=36
muladd1(45,36)=1621 rev->1261

S7: ANS=1261

\boxed{1261}"
ed561f79,"In Alice's Wonderland, a secret set of transformation rules is applied to equations. Below are a few examples:
06*46 = 4606
91+67 = 59
87+24 = 021
67+67 = 251
85-97 = -12
Now, determine the result for: 41+96",38,Equation Numeric,"I identify this as a symbol-digit (equation numeric) task: two-digit operands built from A,B,C,D, one operator, and a format. I group examples by the target operator, scan (pairing|op|format) until examples match and the target matches the boxed answer, then apply. I ignore flavor text.

S2: PARSE
Operator: '+'
Target: 41+96  A=4,B=1,C=9,D=6
Examples using '+':
  E1: 91+67 = 59
  E2: 87+24 = 021
  E3: 67+67 = 251

S3: SCAN
#1:AB_CD|cat|raw L=91,R=67 9167->9167 vs 59 NO
#2:AB_CD|mul|raw L=91,R=67 6097->6097 vs 59 NO
#3:AB_CD|add|raw L=91,R=67 158->158 vs 59 NO
#4:AB_CD|sub|raw L=91,R=67 24->24 vs 59 NO
#5:AB_CD|absdiff|raw L=91,R=67 24->24 vs 59 NO
#6:BA_DC|cat|rev L=19,R=76 1976->6791 vs 59 NO
#7:BA_DC|mul|rev L=19,R=76 1444->4441 vs 59 NO
#8:BA_DC|add|rev L=19,R=76 95->59 vs 59 YES

S4: VER
E2: 87+24 = 021
BA_DC|add|rev L=78,R=42 120->021 vs 021 YES

S5: LOCK: BA_DC|add|rev

S6: APPLY
Target: 41+96
BA_DC: L=14,R=69
add(14,69)=83 rev->38

S7: ANS=38

\boxed{38}"
ee9239e9,"In Alice's Wonderland, a secret set of transformation rules is applied to equations. Below are a few examples:
91-73 = 18
91@61 = 151
93*58 = 9358
Now, determine the result for: 26*29",2629,Equation Numeric,"I identify this as a symbol-digit (equation numeric) task: two-digit operands built from A,B,C,D, one operator, and a format. I group examples by the target operator, scan (pairing|op|format) until examples match and the target matches the boxed answer, then apply. I ignore flavor text.

S2: PARSE
Operator: '*'
Target: 26*29  A=2,B=6,C=2,D=9
Examples using '*':
  E1: 93*58 = 9358

S3: SCAN
#1:AB_CD|cat|raw L=93,R=58 9358->9358 vs 9358 YES

S5: LOCK: AB_CD|cat|raw

S6: APPLY
Target: 26*29
AB_CD: L=26,R=29
cat(26,29)=2629 raw->2629

S7: ANS=2629

\boxed{2629}"
f28681ad,"In Alice's Wonderland, a secret set of transformation rules is applied to equations. Below are a few examples:
85+03 = 88
26*56 = 5626
76+36 = 031
66+56 = 131
43-13 = 3
Now, determine the result for: 14*43",4314,Equation Numeric,"I identify this as a symbol-digit (equation numeric) task: two-digit operands built from A,B,C,D, one operator, and a format. I group examples by the target operator, scan (pairing|op|format) until examples match and the target matches the boxed answer, then apply. I ignore flavor text.

S2: PARSE
Operator: '*'
Target: 14*43  A=1,B=4,C=4,D=3
Examples using '*':
  E1: 26*56 = 5626

S3: SCAN
#1:AB_CD|cat|raw L=26,R=56 2656->2656 vs 5626 NO
#2:AB_CD|mul|raw L=26,R=56 1456->1456 vs 5626 NO
#3:AB_CD|add|raw L=26,R=56 82->82 vs 5626 NO
#4:AB_CD|sub|raw L=26,R=56 -30->-30 vs 5626 NO
#5:AB_CD|absdiff|raw L=26,R=56 30->30 vs 5626 NO
#6:BA_DC|cat|rev L=62,R=65 6265->5626 vs 5626 YES

S5: LOCK: BA_DC|cat|rev

S6: APPLY
Target: 14*43
BA_DC: L=41,R=34
cat(41,34)=4134 rev->4314

S7: ANS=4314

\boxed{4314}"
f299569f,"In Alice's Wonderland, a secret set of transformation rules is applied to equations. Below are a few examples:
34{31 = 55
44{74 = 09
91'95 = 04
19\16 = 1555
22{69 = 711
Now, determine the result for: 18\73",7992,Equation Numeric,"I identify this as a symbol-digit (equation numeric) task: two-digit operands built from A,B,C,D, one operator, and a format. I group examples by the target operator, scan (pairing|op|format) until examples match and the target matches the boxed answer, then apply. I ignore flavor text.

S2: PARSE
Operator: '\'
Target: 18\73  A=1,B=8,C=7,D=3
Examples using '\':
  E1: 19\16 = 1555

S3: SCAN
#1:AB_CD|cat|raw L=19,R=16 1916->1916 vs 1555 NO
#2:AB_CD|mul|raw L=19,R=16 304->304 vs 1555 NO
#3:AB_CD|add|raw L=19,R=16 35->35 vs 1555 NO
#4:AB_CD|sub|raw L=19,R=16 3->3 vs 1555 NO
#5:AB_CD|absdiff|raw L=19,R=16 3->3 vs 1555 NO
#6:BA_DC|cat|rev L=91,R=61 9161->1619 vs 1555 NO
#7:BA_DC|mul|rev L=91,R=61 5551->1555 vs 1555 YES

S5: LOCK: BA_DC|mul|rev

S6: APPLY
Target: 18\73
BA_DC: L=81,R=37
mul(81,37)=2997 rev->7992

S7: ANS=7992

\boxed{7992}"
f2afd89d,"In Alice's Wonderland, a secret set of transformation rules is applied to equations. Below are a few examples:
44-87 = 43
03-38 = 35
86+73 = 401
79*95 = 3275
Now, determine the result for: 84*24",6102,Equation Numeric,"I identify this as a symbol-digit (equation numeric) task: two-digit operands built from A,B,C,D, one operator, and a format. I group examples by the target operator, scan (pairing|op|format) until examples match and the target matches the boxed answer, then apply. I ignore flavor text.

S2: PARSE
Operator: '*'
Target: 84*24  A=8,B=4,C=2,D=4
Examples using '*':
  E1: 79*95 = 3275

S3: SCAN
#1:AB_CD|cat|raw L=79,R=95 7995->7995 vs 3275 NO
#2:AB_CD|mul|raw L=79,R=95 7505->7505 vs 3275 NO
#3:AB_CD|add|raw L=79,R=95 174->174 vs 3275 NO
#4:AB_CD|sub|raw L=79,R=95 -16->-16 vs 3275 NO
#5:AB_CD|absdiff|raw L=79,R=95 16->16 vs 3275 NO
#6:BA_DC|cat|rev L=97,R=59 9759->9579 vs 3275 NO
#7:BA_DC|mul|rev L=97,R=59 5723->3275 vs 3275 YES

S5: LOCK: BA_DC|mul|rev

S6: APPLY
Target: 84*24
BA_DC: L=48,R=42
mul(48,42)=2016 rev->6102

S7: ANS=6102

\boxed{6102}"
f2fa334a,"In Alice's Wonderland, a secret set of transformation rules is applied to equations. Below are a few examples:
31*29 = 61
89`59 = 30
66{51 = 3365
59`70 = `11
98*41 = 140
Now, determine the result for: 42{13",545,Equation Numeric,"I identify this as a symbol-digit (equation numeric) task: two-digit operands built from A,B,C,D, one operator, and a format. I group examples by the target operator, scan (pairing|op|format) until examples match and the target matches the boxed answer, then apply. I ignore flavor text.

S2: PARSE
Operator: '{'
Target: 42{13  A=4,B=2,C=1,D=3
Examples using '{':
  E1: 66{51 = 3365

S3: SCAN
#1:AB_CD|cat|raw L=66,R=51 6651->6651 vs 3365 NO
#2:AB_CD|mul|raw L=66,R=51 3366->3366 vs 3365 NO
#3:AB_CD|add|raw L=66,R=51 117->117 vs 3365 NO
#4:AB_CD|sub|raw L=66,R=51 15->15 vs 3365 NO
#5:AB_CD|absdiff|raw L=66,R=51 15->15 vs 3365 NO
#6:BA_DC|cat|rev L=66,R=15 6615->5166 vs 3365 NO
#7:BA_DC|mul|rev L=66,R=15 990->099 vs 3365 NO
#8:BA_DC|add|rev L=66,R=15 81->18 vs 3365 NO
#9:BA_DC|cat|raw L=66,R=15 6615->6615 vs 3365 NO
#10:AB_CD|cat|rev L=66,R=51 6651->1566 vs 3365 NO
#11:AB_CD|mul|rev L=66,R=51 3366->6633 vs 3365 NO
#12:AB_CD|add|rev L=66,R=51 117->711 vs 3365 NO

S5: LOCK: AB_CD|mulsub1|raw

S6: APPLY
Target: 42{13
AB_CD: L=42,R=13
mulsub1(42,13)=545 raw->545

S7: ANS=545

\boxed{545}"
f333b67f,"In Alice's Wonderland, a secret set of transformation rules is applied to equations. Below are a few examples:
36^58 = ^22
35$47 = 1644
59^79 = ^20
90<20 = 111
Now, determine the result for: 48<51",100,Equation Numeric,"I identify this as a symbol-digit (equation numeric) task: two-digit operands built from A,B,C,D, one operator, and a format. I group examples by the target operator, scan (pairing|op|format) until examples match and the target matches the boxed answer, then apply. I ignore flavor text.

S2: PARSE
Operator: '<'
Target: 48<51  A=4,B=8,C=5,D=1
Examples using '<':
  E1: 90<20 = 111

S3: SCAN
#1:AB_CD|cat|raw L=90,R=20 9020->9020 vs 111 NO
#2:AB_CD|mul|raw L=90,R=20 1800->1800 vs 111 NO
#3:AB_CD|add|raw L=90,R=20 110->110 vs 111 NO
#4:AB_CD|sub|raw L=90,R=20 70->70 vs 111 NO
#5:AB_CD|absdiff|raw L=90,R=20 70->70 vs 111 NO
#6:BA_DC|cat|rev L=9,R=2 92->29 vs 111 NO
#7:BA_DC|mul|rev L=9,R=2 18->81 vs 111 NO
#8:BA_DC|add|rev L=9,R=2 11->11 vs 111 NO
#9:BA_DC|cat|raw L=9,R=2 92->92 vs 111 NO
#10:AB_CD|cat|rev L=90,R=20 9020->0209 vs 111 NO
#11:AB_CD|mul|rev L=90,R=20 1800->0081 vs 111 NO
#12:AB_CD|add|rev L=90,R=20 110->011 vs 111 NO

S5: LOCK: AB_CD|add1|raw

S6: APPLY
Target: 48<51
AB_CD: L=48,R=51
add1(48,51)=100 raw->100

S7: ANS=100

\boxed{100}"
f35a488d,"In Alice's Wonderland, a secret set of transformation rules is applied to equations. Below are a few examples:
62'54 = 3347
79'21 = 1658
47[68 = 116
72[19 = 92
Now, determine the result for: 81[80",162,Equation Numeric,"I identify this as a symbol-digit (equation numeric) task: two-digit operands built from A,B,C,D, one operator, and a format. I group examples by the target operator, scan (pairing|op|format) until examples match and the target matches the boxed answer, then apply. I ignore flavor text.

S2: PARSE
Operator: '['
Target: 81[80  A=8,B=1,C=8,D=0
Examples using '[':
  E1: 47[68 = 116
  E2: 72[19 = 92

S3: SCAN
#1:AB_CD|cat|raw L=47,R=68 4768->4768 vs 116 NO
#2:AB_CD|mul|raw L=47,R=68 3196->3196 vs 116 NO
#3:AB_CD|add|raw L=47,R=68 115->115 vs 116 NO
#4:AB_CD|sub|raw L=47,R=68 -21->-21 vs 116 NO
#5:AB_CD|absdiff|raw L=47,R=68 21->21 vs 116 NO
#6:BA_DC|cat|rev L=74,R=86 7486->6847 vs 116 NO
#7:BA_DC|mul|rev L=74,R=86 6364->4636 vs 116 NO
#8:BA_DC|add|rev L=74,R=86 160->061 vs 116 NO
#9:BA_DC|cat|raw L=74,R=86 7486->7486 vs 116 NO
#10:AB_CD|cat|rev L=47,R=68 4768->8674 vs 116 NO
#11:AB_CD|mul|rev L=47,R=68 3196->6913 vs 116 NO
#12:AB_CD|add|rev L=47,R=68 115->511 vs 116 NO

S4: VER
E2: 72[19 = 92
AB_CD|add1|raw L=72,R=19 92->92 vs 92 YES

S5: LOCK: AB_CD|add1|raw

S6: APPLY
Target: 81[80
AB_CD: L=81,R=80
add1(81,80)=162 raw->162

S7: ANS=162

\boxed{162}"
f3cecf2f,"In Alice's Wonderland, a secret set of transformation rules is applied to equations. Below are a few examples:
12<77 = 89
97<58 = 461
14:65 = 6922
02:57 = 0051
82:64 = 8821
Now, determine the result for: 33<79",031,Equation Numeric,"I identify this as a symbol-digit (equation numeric) task: two-digit operands built from A,B,C,D, one operator, and a format. I group examples by the target operator, scan (pairing|op|format) until examples match and the target matches the boxed answer, then apply. I ignore flavor text.

S2: PARSE
Operator: '<'
Target: 33<79  A=3,B=3,C=7,D=9
Examples using '<':
  E1: 12<77 = 89
  E2: 97<58 = 461

S3: SCAN
#1:AB_CD|cat|raw L=12,R=77 1277->1277 vs 89 NO
#2:AB_CD|mul|raw L=12,R=77 924->924 vs 89 NO
#3:AB_CD|add|raw L=12,R=77 89->89 vs 89 NO
#4:AB_CD|sub|raw L=12,R=77 -65->-65 vs 89 NO
#5:AB_CD|absdiff|raw L=12,R=77 65->65 vs 89 NO
#6:BA_DC|cat|rev L=21,R=77 2177->7712 vs 89 NO
#7:BA_DC|mul|rev L=21,R=77 1617->7161 vs 89 NO
#8:BA_DC|add|rev L=21,R=77 98->89 vs 89 YES

S4: VER
E2: 97<58 = 461
BA_DC|add|rev L=79,R=85 164->461 vs 461 YES

S5: LOCK: BA_DC|add|rev

S6: APPLY
Target: 33<79
BA_DC: L=33,R=97
add(33,97)=130 rev->031

S7: ANS=031

\boxed{031}"
f3e08a24,"In Alice's Wonderland, a secret set of transformation rules is applied to equations. Below are a few examples:
25*82 = 7541
85+82 = 8285
62+12 = 1262
Now, determine the result for: 48+05",0548,Equation Numeric,"I identify this as a symbol-digit (equation numeric) task: two-digit operands built from A,B,C,D, one operator, and a format. I group examples by the target operator, scan (pairing|op|format) until examples match and the target matches the boxed answer, then apply. I ignore flavor text.

S2: PARSE
Operator: '+'
Target: 48+05  A=4,B=8,C=0,D=5
Examples using '+':
  E1: 85+82 = 8285
  E2: 62+12 = 1262

S3: SCAN
#1:AB_CD|cat|raw L=85,R=82 8582->8582 vs 8285 NO
#2:AB_CD|mul|raw L=85,R=82 6970->6970 vs 8285 NO
#3:AB_CD|add|raw L=85,R=82 167->167 vs 8285 NO
#4:AB_CD|sub|raw L=85,R=82 3->3 vs 8285 NO
#5:AB_CD|absdiff|raw L=85,R=82 3->3 vs 8285 NO
#6:BA_DC|cat|rev L=58,R=28 5828->8285 vs 8285 YES

S4: VER
E2: 62+12 = 1262
BA_DC|cat|rev L=26,R=21 2621->1262 vs 1262 YES

S5: LOCK: BA_DC|cat|rev

S6: APPLY
Target: 48+05
BA_DC: L=84,R=50
cat(84,50)=8450 rev->0548

S7: ANS=0548

\boxed{0548}"
f463ee16,"In Alice's Wonderland, a secret set of transformation rules is applied to equations. Below are a few examples:
38!44 = 621
26!84 = 901
74$58 = 5993
81#11 = 7
81#27 = #45
Now, determine the result for: 75!13",78,Equation Numeric,"I identify this as a symbol-digit (equation numeric) task: two-digit operands built from A,B,C,D, one operator, and a format. I group examples by the target operator, scan (pairing|op|format) until examples match and the target matches the boxed answer, then apply. I ignore flavor text.

S2: PARSE
Operator: '!'
Target: 75!13  A=7,B=5,C=1,D=3
Examples using '!':
  E1: 38!44 = 621
  E2: 26!84 = 901

S3: SCAN
#1:AB_CD|cat|raw L=38,R=44 3844->3844 vs 621 NO
#2:AB_CD|mul|raw L=38,R=44 1672->1672 vs 621 NO
#3:AB_CD|add|raw L=38,R=44 82->82 vs 621 NO
#4:AB_CD|sub|raw L=38,R=44 -6->-6 vs 621 NO
#5:AB_CD|absdiff|raw L=38,R=44 6->6 vs 621 NO
#6:BA_DC|cat|rev L=83,R=44 8344->4438 vs 621 NO
#7:BA_DC|mul|rev L=83,R=44 3652->2563 vs 621 NO
#8:BA_DC|add|rev L=83,R=44 127->721 vs 621 NO
#9:BA_DC|cat|raw L=83,R=44 8344->8344 vs 621 NO
#10:AB_CD|cat|rev L=38,R=44 3844->4483 vs 621 NO
#11:AB_CD|mul|rev L=38,R=44 1672->2761 vs 621 NO
#12:AB_CD|add|rev L=38,R=44 82->28 vs 621 NO

S4: VER
E2: 26!84 = 901
BA_DC|addm1|rev L=62,R=48 109->901 vs 901 YES

S5: LOCK: BA_DC|addm1|rev

S6: APPLY
Target: 75!13
BA_DC: L=57,R=31
addm1(57,31)=87 rev->78

S7: ANS=78

\boxed{78}"
f4ecefa4,"In Alice's Wonderland, a secret set of transformation rules is applied to equations. Below are a few examples:
81-45 = 36
11-61 = 50
58%35 = 94
31%95 = 127
Now, determine the result for: 27%58",86,Equation Numeric,"I identify this as a symbol-digit (equation numeric) task: two-digit operands built from A,B,C,D, one operator, and a format. I group examples by the target operator, scan (pairing|op|format) until examples match and the target matches the boxed answer, then apply. I ignore flavor text.

S2: PARSE
Operator: '%'
Target: 27%58  A=2,B=7,C=5,D=8
Examples using '%':
  E1: 58%35 = 94
  E2: 31%95 = 127

S3: SCAN
#1:AB_CD|cat|raw L=58,R=35 5835->5835 vs 94 NO
#2:AB_CD|mul|raw L=58,R=35 2030->2030 vs 94 NO
#3:AB_CD|add|raw L=58,R=35 93->93 vs 94 NO
#4:AB_CD|sub|raw L=58,R=35 23->23 vs 94 NO
#5:AB_CD|absdiff|raw L=58,R=35 23->23 vs 94 NO
#6:BA_DC|cat|rev L=85,R=53 8553->3558 vs 94 NO
#7:BA_DC|mul|rev L=85,R=53 4505->5054 vs 94 NO
#8:BA_DC|add|rev L=85,R=53 138->831 vs 94 NO
#9:BA_DC|cat|raw L=85,R=53 8553->8553 vs 94 NO
#10:AB_CD|cat|rev L=58,R=35 5835->5385 vs 94 NO
#11:AB_CD|mul|rev L=58,R=35 2030->0302 vs 94 NO
#12:AB_CD|add|rev L=58,R=35 93->39 vs 94 NO

S4: VER
E2: 31%95 = 127
AB_CD|add1|raw L=31,R=95 127->127 vs 127 YES

S5: LOCK: AB_CD|add1|raw

S6: APPLY
Target: 27%58
AB_CD: L=27,R=58
add1(27,58)=86 raw->86

S7: ANS=86

\boxed{86}"
f66f0fe0,"In Alice's Wonderland, a secret set of transformation rules is applied to equations. Below are a few examples:
77{76 = 9515
65{91 = 4601
42{71 = 804
Now, determine the result for: 14{79",7793,Equation Numeric,"I identify this as a symbol-digit (equation numeric) task: two-digit operands built from A,B,C,D, one operator, and a format. I group examples by the target operator, scan (pairing|op|format) until examples match and the target matches the boxed answer, then apply. I ignore flavor text.

S2: PARSE
Operator: '{'
Target: 14{79  A=1,B=4,C=7,D=9
Examples using '{':
  E1: 77{76 = 9515
  E2: 65{91 = 4601
  E3: 42{71 = 804

S3: SCAN
#1:AB_CD|cat|raw L=77,R=76 7776->7776 vs 9515 NO
#2:AB_CD|mul|raw L=77,R=76 5852->5852 vs 9515 NO
#3:AB_CD|add|raw L=77,R=76 153->153 vs 9515 NO
#4:AB_CD|sub|raw L=77,R=76 1->1 vs 9515 NO
#5:AB_CD|absdiff|raw L=77,R=76 1->1 vs 9515 NO
#6:BA_DC|cat|rev L=77,R=67 7767->7677 vs 9515 NO
#7:BA_DC|mul|rev L=77,R=67 5159->9515 vs 9515 YES

S4: VER
E2: 65{91 = 4601
BA_DC|mul|rev L=56,R=19 1064->4601 vs 4601 YES

S5: LOCK: BA_DC|mul|rev

S6: APPLY
Target: 14{79
BA_DC: L=41,R=97
mul(41,97)=3977 rev->7793

S7: ANS=7793

\boxed{7793}"
f7d90ae3,"In Alice's Wonderland, a secret set of transformation rules is applied to equations. Below are a few examples:
61`23 = 38
84/48 = 8448
87`85 = 2
73/54 = 7354
Now, determine the result for: 98/19",9819,Equation Numeric,"I identify this as a symbol-digit (equation numeric) task: two-digit operands built from A,B,C,D, one operator, and a format. I group examples by the target operator, scan (pairing|op|format) until examples match and the target matches the boxed answer, then apply. I ignore flavor text.

S2: PARSE
Operator: '/'
Target: 98/19  A=9,B=8,C=1,D=9
Examples using '/':
  E1: 84/48 = 8448
  E2: 73/54 = 7354

S3: SCAN
#1:AB_CD|cat|raw L=84,R=48 8448->8448 vs 8448 YES

S4: VER
E2: 73/54 = 7354
AB_CD|cat|raw L=73,R=54 7354->7354 vs 7354 YES

S5: LOCK: AB_CD|cat|raw

S6: APPLY
Target: 98/19
AB_CD: L=98,R=19
cat(98,19)=9819 raw->9819

S7: ANS=9819

\boxed{9819}"
f8d6abd1,"In Alice's Wonderland, a secret set of transformation rules is applied to equations. Below are a few examples:
36:34 = 1223
59:82 = 4837
34%21 = 55
Now, determine the result for: 63:88",5543,Equation Numeric,"I identify this as a symbol-digit (equation numeric) task: two-digit operands built from A,B,C,D, one operator, and a format. I group examples by the target operator, scan (pairing|op|format) until examples match and the target matches the boxed answer, then apply. I ignore flavor text.

S2: PARSE
Operator: ':'
Target: 63:88  A=6,B=3,C=8,D=8
Examples using ':':
  E1: 36:34 = 1223
  E2: 59:82 = 4837

S3: SCAN
#1:AB_CD|cat|raw L=36,R=34 3634->3634 vs 1223 NO
#2:AB_CD|mul|raw L=36,R=34 1224->1224 vs 1223 NO
#3:AB_CD|add|raw L=36,R=34 70->70 vs 1223 NO
#4:AB_CD|sub|raw L=36,R=34 2->2 vs 1223 NO
#5:AB_CD|absdiff|raw L=36,R=34 2->2 vs 1223 NO
#6:BA_DC|cat|rev L=63,R=43 6343->3436 vs 1223 NO
#7:BA_DC|mul|rev L=63,R=43 2709->9072 vs 1223 NO
#8:BA_DC|add|rev L=63,R=43 106->601 vs 1223 NO
#9:BA_DC|cat|raw L=63,R=43 6343->6343 vs 1223 NO
#10:AB_CD|cat|rev L=36,R=34 3634->4363 vs 1223 NO
#11:AB_CD|mul|rev L=36,R=34 1224->4221 vs 1223 NO
#12:AB_CD|add|rev L=36,R=34 70->07 vs 1223 NO

S4: VER
E2: 59:82 = 4837
AB_CD|mulsub1|raw L=59,R=82 4837->4837 vs 4837 YES

S5: LOCK: AB_CD|mulsub1|raw

S6: APPLY
Target: 63:88
AB_CD: L=63,R=88
mulsub1(63,88)=5543 raw->5543

S7: ANS=5543

\boxed{5543}"
f93475e9,"In Alice's Wonderland, a secret set of transformation rules is applied to equations. Below are a few examples:
42*83 = 219
19-19 = 0
74-29 = 54
36+46 = 4636
Now, determine the result for: 24*28",4443,Equation Numeric,"I identify this as a symbol-digit (equation numeric) task: two-digit operands built from A,B,C,D, one operator, and a format. I group examples by the target operator, scan (pairing|op|format) until examples match and the target matches the boxed answer, then apply. I ignore flavor text.

S2: PARSE
Operator: '*'
Target: 24*28  A=2,B=4,C=2,D=8
Examples using '*':
  E1: 42*83 = 219

S3: SCAN
#1:AB_CD|cat|raw L=42,R=83 4283->4283 vs 219 NO
#2:AB_CD|mul|raw L=42,R=83 3486->3486 vs 219 NO
#3:AB_CD|add|raw L=42,R=83 125->125 vs 219 NO
#4:AB_CD|sub|raw L=42,R=83 -41->-41 vs 219 NO
#5:AB_CD|absdiff|raw L=42,R=83 41->41 vs 219 NO
#6:BA_DC|cat|rev L=24,R=38 2438->8342 vs 219 NO
#7:BA_DC|mul|rev L=24,R=38 912->219 vs 219 YES

S5: LOCK: BA_DC|mul|rev

S6: APPLY
Target: 24*28
BA_DC: L=42,R=82
mul(42,82)=3444 rev->4443

S7: ANS=4443

\boxed{4443}"
f94810f5,"In Alice's Wonderland, a secret set of transformation rules is applied to equations. Below are a few examples:
41{23 = 4123
91/49 = 57
12}74 = 789
11{15 = 1115
Now, determine the result for: 15{92",1592,Equation Numeric,"I identify this as a symbol-digit (equation numeric) task: two-digit operands built from A,B,C,D, one operator, and a format. I group examples by the target operator, scan (pairing|op|format) until examples match and the target matches the boxed answer, then apply. I ignore flavor text.

S2: PARSE
Operator: '{'
Target: 15{92  A=1,B=5,C=9,D=2
Examples using '{':
  E1: 41{23 = 4123
  E2: 11{15 = 1115

S3: SCAN
#1:AB_CD|cat|raw L=41,R=23 4123->4123 vs 4123 YES

S4: VER
E2: 11{15 = 1115
AB_CD|cat|raw L=11,R=15 1115->1115 vs 1115 YES

S5: LOCK: AB_CD|cat|raw

S6: APPLY
Target: 15{92
AB_CD: L=15,R=92
cat(15,92)=1592 raw->1592

S7: ANS=1592

\boxed{1592}"
f96e1e6e,"In Alice's Wonderland, a secret set of transformation rules is applied to equations. Below are a few examples:
26""92 = 33
57""93 = 63
75-49 = 151
Now, determine the result for: 85-28",041,Equation Numeric,"I identify this as a symbol-digit (equation numeric) task: two-digit operands built from A,B,C,D, one operator, and a format. I group examples by the target operator, scan (pairing|op|format) until examples match and the target matches the boxed answer, then apply. I ignore flavor text.

S2: PARSE
Operator: '-'
Target: 85-28  A=8,B=5,C=2,D=8
Examples using '-':
  E1: 75-49 = 151

S3: SCAN
#1:AB_CD|cat|raw L=75,R=49 7549->7549 vs 151 NO
#2:AB_CD|mul|raw L=75,R=49 3675->3675 vs 151 NO
#3:AB_CD|add|raw L=75,R=49 124->124 vs 151 NO
#4:AB_CD|sub|raw L=75,R=49 26->26 vs 151 NO
#5:AB_CD|absdiff|raw L=75,R=49 26->26 vs 151 NO
#6:BA_DC|cat|rev L=57,R=94 5794->4975 vs 151 NO
#7:BA_DC|mul|rev L=57,R=94 5358->8535 vs 151 NO
#8:BA_DC|add|rev L=57,R=94 151->151 vs 151 YES

S5: LOCK: BA_DC|add|rev

S6: APPLY
Target: 85-28
BA_DC: L=58,R=82
add(58,82)=140 rev->041

S7: ANS=041

\boxed{041}"
f9983eb7,"In Alice's Wonderland, a secret set of transformation rules is applied to equations. Below are a few examples:
44?27 = 1187
51<63 = 115
66>11 = 55
50<16 = 67
67>74 = >7
Now, determine the result for: 62?32",1983,Equation Numeric,"I identify this as a symbol-digit (equation numeric) task: two-digit operands built from A,B,C,D, one operator, and a format. I group examples by the target operator, scan (pairing|op|format) until examples match and the target matches the boxed answer, then apply. I ignore flavor text.

S2: PARSE
Operator: '?'
Target: 62?32  A=6,B=2,C=3,D=2
Examples using '?':
  E1: 44?27 = 1187

S3: SCAN
#1:AB_CD|cat|raw L=44,R=27 4427->4427 vs 1187 NO
#2:AB_CD|mul|raw L=44,R=27 1188->1188 vs 1187 NO
#3:AB_CD|add|raw L=44,R=27 71->71 vs 1187 NO
#4:AB_CD|sub|raw L=44,R=27 17->17 vs 1187 NO
#5:AB_CD|absdiff|raw L=44,R=27 17->17 vs 1187 NO
#6:BA_DC|cat|rev L=44,R=72 4472->2744 vs 1187 NO
#7:BA_DC|mul|rev L=44,R=72 3168->8613 vs 1187 NO
#8:BA_DC|add|rev L=44,R=72 116->611 vs 1187 NO
#9:BA_DC|cat|raw L=44,R=72 4472->4472 vs 1187 NO
#10:AB_CD|cat|rev L=44,R=27 4427->7244 vs 1187 NO
#11:AB_CD|mul|rev L=44,R=27 1188->8811 vs 1187 NO
#12:AB_CD|add|rev L=44,R=27 71->17 vs 1187 NO

S5: LOCK: AB_CD|mulsub1|raw

S6: APPLY
Target: 62?32
AB_CD: L=62,R=32
mulsub1(62,32)=1983 raw->1983

S7: ANS=1983

\boxed{1983}"
f9ff29fa,"In Alice's Wonderland, a secret set of transformation rules is applied to equations. Below are a few examples:
86-87 = -01
17-25 = -91
01+86 = 8601
57*91 = 5241
Now, determine the result for: 23*98",8482,Equation Numeric,"I identify this as a symbol-digit (equation numeric) task: two-digit operands built from A,B,C,D, one operator, and a format. I group examples by the target operator, scan (pairing|op|format) until examples match and the target matches the boxed answer, then apply. I ignore flavor text.

S2: PARSE
Operator: '*'
Target: 23*98  A=2,B=3,C=9,D=8
Examples using '*':
  E1: 57*91 = 5241

S3: SCAN
#1:AB_CD|cat|raw L=57,R=91 5791->5791 vs 5241 NO
#2:AB_CD|mul|raw L=57,R=91 5187->5187 vs 5241 NO
#3:AB_CD|add|raw L=57,R=91 148->148 vs 5241 NO
#4:AB_CD|sub|raw L=57,R=91 -34->-34 vs 5241 NO
#5:AB_CD|absdiff|raw L=57,R=91 34->34 vs 5241 NO
#6:BA_DC|cat|rev L=75,R=19 7519->9157 vs 5241 NO
#7:BA_DC|mul|rev L=75,R=19 1425->5241 vs 5241 YES

S5: LOCK: BA_DC|mul|rev

S6: APPLY
Target: 23*98
BA_DC: L=32,R=89
mul(32,89)=2848 rev->8482

S7: ANS=8482

\boxed{8482}"
fa7426d3,"In Alice's Wonderland, a secret set of transformation rules is applied to equations. Below are a few examples:
87<82 = 601
43/93 = /5
15/77 = /62
05/23 = 81
83/76 = /92
Now, determine the result for: 14<51",65,Equation Numeric,"I identify this as a symbol-digit (equation numeric) task: two-digit operands built from A,B,C,D, one operator, and a format. I group examples by the target operator, scan (pairing|op|format) until examples match and the target matches the boxed answer, then apply. I ignore flavor text.

S2: PARSE
Operator: '<'
Target: 14<51  A=1,B=4,C=5,D=1
Examples using '<':
  E1: 87<82 = 601

S3: SCAN
#1:AB_CD|cat|raw L=87,R=82 8782->8782 vs 601 NO
#2:AB_CD|mul|raw L=87,R=82 7134->7134 vs 601 NO
#3:AB_CD|add|raw L=87,R=82 169->169 vs 601 NO
#4:AB_CD|sub|raw L=87,R=82 5->5 vs 601 NO
#5:AB_CD|absdiff|raw L=87,R=82 5->5 vs 601 NO
#6:BA_DC|cat|rev L=78,R=28 7828->8287 vs 601 NO
#7:BA_DC|mul|rev L=78,R=28 2184->4812 vs 601 NO
#8:BA_DC|add|rev L=78,R=28 106->601 vs 601 YES

S5: LOCK: BA_DC|add|rev

S6: APPLY
Target: 14<51
BA_DC: L=41,R=15
add(41,15)=56 rev->65

S7: ANS=65

\boxed{65}"
fa952980,"In Alice's Wonderland, a secret set of transformation rules is applied to equations. Below are a few examples:
91)11 = 1001
31$70 = 100
47/61 = 14
67/23 = 21
87$17 = 103
Now, determine the result for: 18$54",71,Equation Numeric,"I identify this as a symbol-digit (equation numeric) task: two-digit operands built from A,B,C,D, one operator, and a format. I group examples by the target operator, scan (pairing|op|format) until examples match and the target matches the boxed answer, then apply. I ignore flavor text.

S2: PARSE
Operator: '$'
Target: 18$54  A=1,B=8,C=5,D=4
Examples using '$':
  E1: 31$70 = 100
  E2: 87$17 = 103

S3: SCAN
#1:AB_CD|cat|raw L=31,R=70 3170->3170 vs 100 NO
#2:AB_CD|mul|raw L=31,R=70 2170->2170 vs 100 NO
#3:AB_CD|add|raw L=31,R=70 101->101 vs 100 NO
#4:AB_CD|sub|raw L=31,R=70 -39->-39 vs 100 NO
#5:AB_CD|absdiff|raw L=31,R=70 39->39 vs 100 NO
#6:BA_DC|cat|rev L=13,R=7 137->731 vs 100 NO
#7:BA_DC|mul|rev L=13,R=7 91->19 vs 100 NO
#8:BA_DC|add|rev L=13,R=7 20->02 vs 100 NO
#9:BA_DC|cat|raw L=13,R=7 137->137 vs 100 NO
#10:AB_CD|cat|rev L=31,R=70 3170->0713 vs 100 NO
#11:AB_CD|mul|rev L=31,R=70 2170->0712 vs 100 NO
#12:AB_CD|add|rev L=31,R=70 101->101 vs 100 NO

S4: VER
E2: 87$17 = 103
AB_CD|addm1|raw L=87,R=17 103->103 vs 103 YES

S5: LOCK: AB_CD|addm1|raw

S6: APPLY
Target: 18$54
AB_CD: L=18,R=54
addm1(18,54)=71 raw->71

S7: ANS=71

\boxed{71}"
fb3f7b77,"In Alice's Wonderland, a secret set of transformation rules is applied to equations. Below are a few examples:
83+84 = 78
34-39 = -05
96+63 = 601
Now, determine the result for: 46-83",62,Equation Numeric,"I identify this as a symbol-digit (equation numeric) task: two-digit operands built from A,B,C,D, one operator, and a format. I group examples by the target operator, scan (pairing|op|format) until examples match and the target matches the boxed answer, then apply. I ignore flavor text.

S2: PARSE
Operator: '-'
Target: 46-83  A=4,B=6,C=8,D=3
Examples using '-':
  E1: 34-39 = -05

S3: SCAN
#1:AB_CD|cat|raw L=34,R=39 3439->3439 vs -05 NO
#2:AB_CD|mul|raw L=34,R=39 1326->1326 vs -05 NO
#3:AB_CD|add|raw L=34,R=39 73->73 vs -05 NO
#4:AB_CD|sub|raw L=34,R=39 -5->-5 vs -05 NO
#5:AB_CD|absdiff|raw L=34,R=39 5->5 vs -05 NO
#6:BA_DC|cat|rev L=43,R=93 4393->3934 vs -05 NO
#7:BA_DC|mul|rev L=43,R=93 3999->9993 vs -05 NO
#8:BA_DC|add|rev L=43,R=93 136->631 vs -05 NO
#9:BA_DC|cat|raw L=43,R=93 4393->4393 vs -05 NO
#10:AB_CD|cat|rev L=34,R=39 3439->9343 vs -05 NO
#11:AB_CD|mul|rev L=34,R=39 1326->6231 vs -05 NO
#12:AB_CD|add|rev L=34,R=39 73->37 vs -05 NO

S5: LOCK: BA_DC|sub|rev

S6: APPLY
Target: 46-83
BA_DC: L=64,R=38
sub(64,38)=26 rev->62

S7: ANS=62

\boxed{62}"
fb623471,"In Alice's Wonderland, a secret set of transformation rules is applied to equations. Below are a few examples:
84*57 = 1063
67-37 = 3
77*65 = 3134
Now, determine the result for: 08-29",-21,Equation Numeric,"I identify this as a symbol-digit (equation numeric) task: two-digit operands built from A,B,C,D, one operator, and a format. I group examples by the target operator, scan (pairing|op|format) until examples match and the target matches the boxed answer, then apply. I ignore flavor text.

S2: PARSE
Operator: '-'
Target: 08-29  A=0,B=8,C=2,D=9
Examples using '-':
  E1: 67-37 = 3

S3: SCAN
#1:AB_CD|cat|raw L=67,R=37 6737->6737 vs 3 NO
#2:AB_CD|mul|raw L=67,R=37 2479->2479 vs 3 NO
#3:AB_CD|add|raw L=67,R=37 104->104 vs 3 NO
#4:AB_CD|sub|raw L=67,R=37 30->30 vs 3 NO
#5:AB_CD|absdiff|raw L=67,R=37 30->30 vs 3 NO
#6:BA_DC|cat|rev L=76,R=73 7673->3767 vs 3 NO
#7:BA_DC|mul|rev L=76,R=73 5548->8455 vs 3 NO
#8:BA_DC|add|rev L=76,R=73 149->941 vs 3 NO
#9:BA_DC|cat|raw L=76,R=73 7673->7673 vs 3 NO
#10:AB_CD|cat|rev L=67,R=37 6737->7376 vs 3 NO
#11:AB_CD|mul|rev L=67,R=37 2479->9742 vs 3 NO
#12:AB_CD|add|rev L=67,R=37 104->401 vs 3 NO

S5: LOCK: BA_DC|sub|rev

S6: APPLY
Target: 08-29
BA_DC: L=80,R=92
sub(80,92)=-12 rev->-21

S7: ANS=-21

\boxed{-21}"
fc759a1a,"In Alice's Wonderland, a secret set of transformation rules is applied to equations. Below are a few examples:
20'20 = 0
57'12 = 45
49^50 = 99
37)48 = 3748
86'51 = 35
Now, determine the result for: 48^79",127,Equation Numeric,"I identify this as a symbol-digit (equation numeric) task: two-digit operands built from A,B,C,D, one operator, and a format. I group examples by the target operator, scan (pairing|op|format) until examples match and the target matches the boxed answer, then apply. I ignore flavor text.

S2: PARSE
Operator: '^'
Target: 48^79  A=4,B=8,C=7,D=9
Examples using '^':
  E1: 49^50 = 99

S3: SCAN
#1:AB_CD|cat|raw L=49,R=50 4950->4950 vs 99 NO
#2:AB_CD|mul|raw L=49,R=50 2450->2450 vs 99 NO
#3:AB_CD|add|raw L=49,R=50 99->99 vs 99 YES

S5: LOCK: AB_CD|add|raw

S6: APPLY
Target: 48^79
AB_CD: L=48,R=79
add(48,79)=127 raw->127

S7: ANS=127

\boxed{127}"
fc799f0a,"In Alice's Wonderland, a secret set of transformation rules is applied to equations. Below are a few examples:
45*41 = 657
71+87 = 49
11+41 = 42
Now, determine the result for: 37+84",021,Equation Numeric,"I identify this as a symbol-digit (equation numeric) task: two-digit operands built from A,B,C,D, one operator, and a format. I group examples by the target operator, scan (pairing|op|format) until examples match and the target matches the boxed answer, then apply. I ignore flavor text.

S2: PARSE
Operator: '+'
Target: 37+84  A=3,B=7,C=8,D=4
Examples using '+':
  E1: 71+87 = 49
  E2: 11+41 = 42

S3: SCAN
#1:AB_CD|cat|raw L=71,R=87 7187->7187 vs 49 NO
#2:AB_CD|mul|raw L=71,R=87 6177->6177 vs 49 NO
#3:AB_CD|add|raw L=71,R=87 158->158 vs 49 NO
#4:AB_CD|sub|raw L=71,R=87 -16->-16 vs 49 NO
#5:AB_CD|absdiff|raw L=71,R=87 16->16 vs 49 NO
#6:BA_DC|cat|rev L=17,R=78 1778->8771 vs 49 NO
#7:BA_DC|mul|rev L=17,R=78 1326->6231 vs 49 NO
#8:BA_DC|add|rev L=17,R=78 95->59 vs 49 NO
#9:BA_DC|cat|raw L=17,R=78 1778->1778 vs 49 NO
#10:AB_CD|cat|rev L=71,R=87 7187->7817 vs 49 NO
#11:AB_CD|mul|rev L=71,R=87 6177->7716 vs 49 NO
#12:AB_CD|add|rev L=71,R=87 158->851 vs 49 NO

S4: VER
E2: 11+41 = 42
BA_DC|addm1|rev L=11,R=14 24->42 vs 42 YES

S5: LOCK: BA_DC|addm1|rev

S6: APPLY
Target: 37+84
BA_DC: L=73,R=48
addm1(73,48)=120 rev->021

S7: ANS=021

\boxed{021}"
fc7e53c7,"In Alice's Wonderland, a secret set of transformation rules is applied to equations. Below are a few examples:
03+99 = 9903
12-64 = -52
28-88 = -6
Now, determine the result for: 77-35",42,Equation Numeric,"I identify this as a symbol-digit (equation numeric) task: two-digit operands built from A,B,C,D, one operator, and a format. I group examples by the target operator, scan (pairing|op|format) until examples match and the target matches the boxed answer, then apply. I ignore flavor text.

S2: PARSE
Operator: '-'
Target: 77-35  A=7,B=7,C=3,D=5
Examples using '-':
  E1: 12-64 = -52
  E2: 28-88 = -6

S3: SCAN
#1:AB_CD|cat|raw L=12,R=64 1264->1264 vs -52 NO
#2:AB_CD|mul|raw L=12,R=64 768->768 vs -52 NO
#3:AB_CD|add|raw L=12,R=64 76->76 vs -52 NO
#4:AB_CD|sub|raw L=12,R=64 -52->-52 vs -52 NO
#5:AB_CD|absdiff|raw L=12,R=64 52->52 vs -52 NO
#6:BA_DC|cat|rev L=21,R=46 2146->6412 vs -52 NO
#7:BA_DC|mul|rev L=21,R=46 966->669 vs -52 NO
#8:BA_DC|add|rev L=21,R=46 67->76 vs -52 NO
#9:BA_DC|cat|raw L=21,R=46 2146->2146 vs -52 NO
#10:AB_CD|cat|rev L=12,R=64 1264->4621 vs -52 NO
#11:AB_CD|mul|rev L=12,R=64 768->867 vs -52 NO
#12:AB_CD|add|rev L=12,R=64 76->67 vs -52 NO

S4: VER
E2: 28-88 = -6
BA_DC|sub|rev L=82,R=88 -6->-6 vs -6 YES

S5: LOCK: BA_DC|sub|rev

S6: APPLY
Target: 77-35
BA_DC: L=77,R=53
sub(77,53)=24 rev->42

S7: ANS=42

\boxed{42}"
fd683004,"In Alice's Wonderland, a secret set of transformation rules is applied to equations. Below are a few examples:
55+36 = 811
34-24 = 1
54*18 = 6463
Now, determine the result for: 43+75",19,Equation Numeric,"I identify this as a symbol-digit (equation numeric) task: two-digit operands built from A,B,C,D, one operator, and a format. I group examples by the target operator, scan (pairing|op|format) until examples match and the target matches the boxed answer, then apply. I ignore flavor text.

S2: PARSE
Operator: '+'
Target: 43+75  A=4,B=3,C=7,D=5
Examples using '+':
  E1: 55+36 = 811

S3: SCAN
#1:AB_CD|cat|raw L=55,R=36 5536->5536 vs 811 NO
#2:AB_CD|mul|raw L=55,R=36 1980->1980 vs 811 NO
#3:AB_CD|add|raw L=55,R=36 91->91 vs 811 NO
#4:AB_CD|sub|raw L=55,R=36 19->19 vs 811 NO
#5:AB_CD|absdiff|raw L=55,R=36 19->19 vs 811 NO
#6:BA_DC|cat|rev L=55,R=63 5563->3655 vs 811 NO
#7:BA_DC|mul|rev L=55,R=63 3465->5643 vs 811 NO
#8:BA_DC|add|rev L=55,R=63 118->811 vs 811 YES

S5: LOCK: BA_DC|add|rev

S6: APPLY
Target: 43+75
BA_DC: L=34,R=57
add(34,57)=91 rev->19

S7: ANS=19

\boxed{19}"
fe393711,"In Alice's Wonderland, a secret set of transformation rules is applied to equations. Below are a few examples:
44\66 = 22
57\79 = 22
67}91 = 5441
49\19 = 3\
31\62 = 31
Now, determine the result for: 46}03",1291,Equation Numeric,"I identify this as a symbol-digit (equation numeric) task: two-digit operands built from A,B,C,D, one operator, and a format. I group examples by the target operator, scan (pairing|op|format) until examples match and the target matches the boxed answer, then apply. I ignore flavor text.

S2: PARSE
Operator: '}'
Target: 46}03  A=4,B=6,C=0,D=3
Examples using '}':
  E1: 67}91 = 5441

S3: SCAN
#1:AB_CD|cat|raw L=67,R=91 6791->6791 vs 5441 NO
#2:AB_CD|mul|raw L=67,R=91 6097->6097 vs 5441 NO
#3:AB_CD|add|raw L=67,R=91 158->158 vs 5441 NO
#4:AB_CD|sub|raw L=67,R=91 -24->-24 vs 5441 NO
#5:AB_CD|absdiff|raw L=67,R=91 24->24 vs 5441 NO
#6:BA_DC|cat|rev L=76,R=19 7619->9167 vs 5441 NO
#7:BA_DC|mul|rev L=76,R=19 1444->4441 vs 5441 NO
#8:BA_DC|add|rev L=76,R=19 95->59 vs 5441 NO
#9:BA_DC|cat|raw L=76,R=19 7619->7619 vs 5441 NO
#10:AB_CD|cat|rev L=67,R=91 6791->1976 vs 5441 NO
#11:AB_CD|mul|rev L=67,R=91 6097->7906 vs 5441 NO
#12:AB_CD|add|rev L=67,R=91 158->851 vs 5441 NO

S5: LOCK: BA_DC|muladd1|rev

S6: APPLY
Target: 46}03
BA_DC: L=64,R=30
muladd1(64,30)=1921 rev->1291

S7: ANS=1291

\boxed{1291}"
febd3442,"In Alice's Wonderland, a secret set of transformation rules is applied to equations. Below are a few examples:
96-27 = 3
78+05 = 631
31*82 = 463
76-66 = 1
Now, determine the result for: 64-77",13,Equation Numeric,"I identify this as a symbol-digit (equation numeric) task: two-digit operands built from A,B,C,D, one operator, and a format. I group examples by the target operator, scan (pairing|op|format) until examples match and the target matches the boxed answer, then apply. I ignore flavor text.

S2: PARSE
Operator: '-'
Target: 64-77  A=6,B=4,C=7,D=7
Examples using '-':
  E1: 96-27 = 3
  E2: 76-66 = 1

S3: SCAN
#1:AB_CD|cat|raw L=96,R=27 9627->9627 vs 3 NO
#2:AB_CD|mul|raw L=96,R=27 2592->2592 vs 3 NO
#3:AB_CD|add|raw L=96,R=27 123->123 vs 3 NO
#4:AB_CD|sub|raw L=96,R=27 69->69 vs 3 NO
#5:AB_CD|absdiff|raw L=96,R=27 69->69 vs 3 NO
#6:BA_DC|cat|rev L=69,R=72 6972->2796 vs 3 NO
#7:BA_DC|mul|rev L=69,R=72 4968->8694 vs 3 NO
#8:BA_DC|add|rev L=69,R=72 141->141 vs 3 NO
#9:BA_DC|cat|raw L=69,R=72 6972->6972 vs 3 NO
#10:AB_CD|cat|rev L=96,R=27 9627->7269 vs 3 NO
#11:AB_CD|mul|rev L=96,R=27 2592->2952 vs 3 NO
#12:AB_CD|add|rev L=96,R=27 123->321 vs 3 NO

S4: VER
E2: 76-66 = 1
BA_DC|absdiff|rev L=67,R=66 1->1 vs 1 YES

S5: LOCK: BA_DC|absdiff|rev

S6: APPLY
Target: 64-77
BA_DC: L=46,R=77
absdiff(46,77)=31 rev->13

S7: ANS=13

\boxed{13}"
fecad63c,"In Alice's Wonderland, a secret set of transformation rules is applied to equations. Below are a few examples:
77&36 = 1584
13&21 = 273
99$54 = 441
51&74 = 507
Now, determine the result for: 56$52",09,Equation Numeric,"I identify this as a symbol-digit (equation numeric) task: two-digit operands built from A,B,C,D, one operator, and a format. I group examples by the target operator, scan (pairing|op|format) until examples match and the target matches the boxed answer, then apply. I ignore flavor text.

S2: PARSE
Operator: '$'
Target: 56$52  A=5,B=6,C=5,D=2
Examples using '$':
  E1: 99$54 = 441

S3: SCAN
#1:AB_CD|cat|raw L=99,R=54 9954->9954 vs 441 NO
#2:AB_CD|mul|raw L=99,R=54 5346->5346 vs 441 NO
#3:AB_CD|add|raw L=99,R=54 153->153 vs 441 NO
#4:AB_CD|sub|raw L=99,R=54 45->45 vs 441 NO
#5:AB_CD|absdiff|raw L=99,R=54 45->45 vs 441 NO
#6:BA_DC|cat|rev L=99,R=45 9945->5499 vs 441 NO
#7:BA_DC|mul|rev L=99,R=45 4455->5544 vs 441 NO
#8:BA_DC|add|rev L=99,R=45 144->441 vs 441 YES

S5: LOCK: BA_DC|add|rev

S6: APPLY
Target: 56$52
BA_DC: L=65,R=25
add(65,25)=90 rev->09

S7: ANS=09

\boxed{09}"
fee66e16,"In Alice's Wonderland, a secret set of transformation rules is applied to equations. Below are a few examples:
57!47 = 2679
81!68 = 5508
19%20 = 1920
60'70 = '10
Now, determine the result for: 46!85",3910,Equation Numeric,"I identify this as a symbol-digit (equation numeric) task: two-digit operands built from A,B,C,D, one operator, and a format. I group examples by the target operator, scan (pairing|op|format) until examples match and the target matches the boxed answer, then apply. I ignore flavor text.

S2: PARSE
Operator: '!'
Target: 46!85  A=4,B=6,C=8,D=5
Examples using '!':
  E1: 57!47 = 2679
  E2: 81!68 = 5508

S3: SCAN
#1:AB_CD|cat|raw L=57,R=47 5747->5747 vs 2679 NO
#2:AB_CD|mul|raw L=57,R=47 2679->2679 vs 2679 YES

S4: VER
E2: 81!68 = 5508
AB_CD|mul|raw L=81,R=68 5508->5508 vs 5508 YES

S5: LOCK: AB_CD|mul|raw

S6: APPLY
Target: 46!85
AB_CD: L=46,R=85
mul(46,85)=3910 raw->3910

S7: ANS=3910

\boxed{3910}"
fef61ca1,"In Alice's Wonderland, a secret set of transformation rules is applied to equations. Below are a few examples:
22*33 = *11
72]18 = 89
71%17 = 7117
56%68 = 5668
23*46 = *23
Now, determine the result for: 18]94",111,Equation Numeric,"I identify this as a symbol-digit (equation numeric) task: two-digit operands built from A,B,C,D, one operator, and a format. I group examples by the target operator, scan (pairing|op|format) until examples match and the target matches the boxed answer, then apply. I ignore flavor text.

S2: PARSE
Operator: ']'
Target: 18]94  A=1,B=8,C=9,D=4
Examples using ']':
  E1: 72]18 = 89

S3: SCAN
#1:AB_CD|cat|raw L=72,R=18 7218->7218 vs 89 NO
#2:AB_CD|mul|raw L=72,R=18 1296->1296 vs 89 NO
#3:AB_CD|add|raw L=72,R=18 90->90 vs 89 NO
#4:AB_CD|sub|raw L=72,R=18 54->54 vs 89 NO
#5:AB_CD|absdiff|raw L=72,R=18 54->54 vs 89 NO
#6:BA_DC|cat|rev L=27,R=81 2781->1872 vs 89 NO
#7:BA_DC|mul|rev L=27,R=81 2187->7812 vs 89 NO
#8:BA_DC|add|rev L=27,R=81 108->801 vs 89 NO
#9:BA_DC|cat|raw L=27,R=81 2781->2781 vs 89 NO
#10:AB_CD|cat|rev L=72,R=18 7218->8127 vs 89 NO
#11:AB_CD|mul|rev L=72,R=18 1296->6921 vs 89 NO
#12:AB_CD|add|rev L=72,R=18 90->09 vs 89 NO

S5: LOCK: AB_CD|addm1|raw

S6: APPLY
Target: 18]94
AB_CD: L=18,R=94
addm1(18,94)=111 raw->111

S7: ANS=111

\boxed{111}"
