id,prompt,answer,output,category,predicted,correct,minlogprob
00457d26,"In Alice's Wonderland, a secret set of transformation rules is applied to equations. Below are a few examples:
`!*[{ = '""[`
\'*'> = ![@
\'-!` = \\
`!*\& = '@'{
Now, determine the result for: [[-!'",@&,"We need to infer the transformation rule from the examples.
I will put my final answer inside .

【`!*[{】 = 【'""[】
  input: 【`】【!】【*】【[】【{】
  left:【`】【!】
  operator: 【*】
  right:【[】【{】
  output: 【""】【'】【[】
  concatenation: 【`】【!】【[】【{】 mismatch
  reverse concatenation: 【[】【{】【`】【!】 mismatch
  operator: 【*】unknown

【\'*'>】 = 【![@】
  input: 【\】【'】【*】【>】【'】
  left:【\】【'】
  operator: 【*】
  right:【>】【'】
  output: 【!】【[】【@】
  concatenation: 【\】【'】【>】【'】 mismatch
  reverse concatenation: 【>】【'】【\】【'】 mismatch
  operator: 【*】unknown

【\'-!`】 = 【\】
  input: 【\】【'】【-】【!】【`】
  left:【\】【'】
  operator: 【-】
  right:【!】【`】
  output: 【\】【\】
  concatenation: 【\】【'】【!】【`】 mismatch
  reverse concatenation: 【!】【`】【\】【'】 mismatch
  operator: 【-】unknown

【`!*\&】 = 【'{'】
  input: 【`】【!】【*】【\】【&】
  left:【`】【!】
  operator: 【*】
  right:【\】【&】
  output: 【'】【{】
  concatenation: 【`】【!】【\】【&】 mismatch
  reverse concatenation: 【\】【&】【`】【!】 mismatch
  operator: 【*】unknown

Question【[[ -!'】
  input: 【[】【[】【-】【!】【'】
  left:【[】【[】
  operator:【-】
  right:【!】【'】

The question operator is 【-】, which is unknown.
As the question operator is unknown, we default to concatenation.

  concatenation(【[】【[】, 【!】【'】) = 【[】【[】【!】【'】
  output: 【[[!'】-> 【{[[!'}】

I will now return the answer in 
The answer in  is 
</think>
</think>
\boxed{[[!'}",cryptarithm_deduce,[[!',False,-0.6476069092750549
00c032a8,"In Alice's Wonderland, a secret set of transformation rules is applied to equations. Below are a few examples:
}`]?( = ())
}#<)\ = #?
?(!&& = #@@#
(?!@` = )#))
Now, determine the result for: ))!\)",\^?,"We need to infer the transformation rule from the examples.
I will put my final answer inside .

【}`]?(】 = 【(())】
  input: 【}】【`】【]】【?】【(】
  left:【}】【`】
  operator: 【]】
  right:【?】【(】
  output: 【(】【(】【)】【)】
  concatenation: 【}】【`】【?】【(】 mismatch
  reverse concatenation: 【?】【(】【}】【`】 mismatch
  operator: 【]】unknown

【}#<)\】 = 【#?】
  input: 【}】【#】【<】【)】【\】
  left:【}】【#】
  operator: 【<】
  right:【)】【\】
  output: 【#】【?】
  concatenation: 【}】【#】【)】【\】 mismatch
  reverse concatenation: 【)】【\】【}】【#】 mismatch
  operator: 【<】unknown

【?(!&&】 = 【#@@#】
  input: 【?】【(】【!】【&】【&】
  left:【?】【(】
  operator: 【!】
  right:【&】【&】
  output: 【#】【@】【@】【#】
  concatenation: 【?】【(】【&】【&】 mismatch
  reverse concatenation: 【&】【&】【?】【(】 mismatch
  operator: 【!】unknown

【(?!@`】 = 【)#))】
  input: 【(】【?】【!】【@】【`】
  left:【(】【?】
  operator: 【!】
  right:【@】【`】
  output: 【)】【#】【)】【)】
  concatenation: 【(】【?】【@】【`】 mismatch
  reverse concatenation: 【@】【`】【(】【?】 mismatch
  operator: 【!】unknown

Question【))!\)】
  input: 【)】【)】【!】【\】【)】
  left:【)】【)】
  operator:【!】
  right:【\】【)】

The question operator is 【!】, which is unknown.
As the question operator is unknown, we default to concatenation.

  concatenation(【)】【)】, 【\】【)】) = 【)】【)】【\】【)】
  output: 【))\)】-> 【{))\)}】

I will now return the answer in 
The answer in  is 
</think>
</think>
\boxed{))\)}",cryptarithm_deduce,))\),False,-0.6634541153907776
012cab1f,"In Alice's Wonderland, a secret set of transformation rules is applied to equations. Below are a few examples:
`(]&: = %@#:
&{>`% = {{
(""'%: = {@{
:%>&: = :""
`('""@ = %@{
Now, determine the result for: {`'(&",|@{,"We need to infer the transformation rule from the examples.
I will put my final answer inside .

【`(]&:】 = 【%@#:】
  input: 【`】【(】【]】【&】【:】
  left:【`】【(】
  operator: 【]】
  right:【&】【:】
  output: 【%】【@】【#】【:】
  concatenation: 【`】【(】【&】【:】 mismatch
  reverse concatenation: 【&】【:】【`】【(】 mismatch
  operator: 【]】unknown

【&{>`%】 = 【{{】
  input: 【&】【{】【>】【`】【%】
  left:【&】【{】
  operator: 【>】
  right:【`】【%】
  output: 【{】【{】
  concatenation: 【&】【{】【`】【%】 mismatch
  reverse concatenation: 【`】【%】【&】【{】 mismatch
  operator: 【>】unknown

【(""'%:】 = 【{@{】
  input: 【(】【""】【'】【%】【:】
  left:【(】【""】
  operator: 【'】
  right:【%】【:】
  output: 【{】【@】【{】
  concatenation: 【(】【""】【%】【:】 mismatch
  reverse concatenation: 【%】【:】【(】【""】 mismatch
  operator: 【'】unknown

【:%>&:】 = 【:""】
  input: 【:】【%】【&】【>】【:】
  left:【:】【%】
  operator: 【&】
  right:【>】【:】
  output: 【:】【""】
  concatenation: 【:】【%】【>】【:】 mismatch
  reverse concatenation: 【>】【:】【:】【%】 mismatch
  operator: 【&】unknown

【`('""@】 = 【%@{】
  input: 【`】【(】【'】【""】【@】
  left:【`】【(】
  operator: 【'】
  right:【""】【@】
  output: 【%】【@】【{】
  concatenation: 【`】【(】【""】【@】 mismatch
  reverse concatenation: 【""】【@】【`】【(】 mismatch
  operator: 【'】unknown

Question【{`'(&】
  input: 【{】【`】【'】【(】【&】
  left:【{】【`】
  operator:【'】
  right:【(】【&】

The question operator is 【'】, which is unknown.
As the question operator is unknown, we default to concatenation.

  concatenation(【{】【`】, 【(】【&】) = 【{】【`】【(】【&】
  output: 【{`(&】-> 【{{`(&}】

I will now return the answer in 
The answer in  is 
</think>
</think>
\boxed{{`(&}",cryptarithm_deduce,{`(&,False,-0.4841322600841522
017a871e,"In Alice's Wonderland, a secret set of transformation rules is applied to equations. Below are a few examples:
#]+\# = ""!
#^-{] = ]#
\{*\! = #\^:
Now, determine the result for: #!-""^",\:,"We need to infer the transformation rule from the examples.
I will put my final answer inside .

【#]+\#】 = 【""!】
  input: 【#】【]】【+】【\】【#】
  left:【#】【]】
  operator: 【+】
  right:【\】【#】
  output: 【""】【!】
  concatenation: 【#】【]】【\】【#】 mismatch
  reverse concatenation: 【\】【#】【#】【]】 mismatch
  operator: 【+】unknown

【#^-{]】 = 【]#】
  input: 【#】【^】【-】【{】【]】
  left:【#】【^】
  operator: 【-】
  right:【{】【]】
  output: 【]】【#】
  concatenation: 【#】【^】【{】【]】 mismatch
  reverse concatenation: 【{】【]】【#】【^】 mismatch
  operator: 【-】unknown

【\{*\!】 = 【#\^:】
  input: 【\】【{】【*】【\】【!】
  left:【\】【{】
  operator: 【*】
  right:【\】【!】
  output: 【#】【\】【^】【:】
  concatenation: 【\】【{】【\】【!】 mismatch
  reverse concatenation: 【\】【!】【\】【{】 mismatch
  operator: 【*】unknown

Question【#!-""^】
  input: 【#】【!】【-】【""】【^】
  left:【#】【!】
  operator:【-】
  right:【""】【^】

The question operator is 【-】, which is unknown.
As the question operator is unknown, we default to concatenation.

  concatenation(【#】【!】, 【""】【^】) = 【#】【!】【""】【^】
  output: 【#!""^】-> 【{#!""^}】

I will now return the answer in 
The answer in  is 
</think>
</think>
\boxed{#!""^}",cryptarithm_deduce,"#!""^",False,-0.6931921243667603
01b2aa67,"In Alice's Wonderland, a secret set of transformation rules is applied to equations. Below are a few examples:
:|+>\ = {]
|}&{> = """"@]
@:^]] = {|
|{&{{ = ""{:@
Now, determine the result for: |}+@}",+},"We need to infer the transformation rule from the examples.
I will put my final answer inside .

【:|+>\】 = 【{]】
  input: 【:】【|】【+】【>】【\】
  left:【:】【|】
  operator: 【+】
  right:【>】【\】
  output: 【{】【]】
  concatenation: 【:】【|】【>】【\】 mismatch
  reverse concatenation: 【>】【\】【:】【|】 mismatch
  operator: 【+】unknown

【|}&{>】 = 【""""@]】
  input: 【|】【}】【&】【{】【>】
  left:【|】【}】
  operator: 【&】
  right:【{】【>】
  output: 【""】【""】【@】【]】
  concatenation: 【|】【}】【{】【>】 mismatch
  reverse concatenation: 【{】【>】【|】【}】 mismatch
  operator: 【&】unknown

【@:^]]】 = 【{|】
  input: 【@】【:】【^】【]】【]】
  left:【@】【:】
  operator: 【^】
  right:【]】【]】
  output: 【{】【|】
  concatenation: 【@】【:】【]】【]】 mismatch
  reverse concatenation: 【]】【]】【@】【:】 mismatch
  operator: 【^】unknown

【|{&{{】 = 【""{:@】
  input: 【|】【{】【&】【{】【{】
  left:【|】【{】
  operator: 【&】
  right:【{】【{】
  output: 【""】【{】【:】【@】
  concatenation: 【|】【{】【{】【{】 mismatch
  reverse concatenation: 【{】【{】【|】【{】 mismatch
  operator: 【&】unknown

Question【|}+@}】
  input: 【|】【}】【+】【@】【}】
  left:【|】【}】
  operator:【+】
  right:【@】【}】

The question operator is 【+】, which is unknown.
As the question operator is unknown, we default to concatenation.

  concatenation(【|】【}】, 【@】【}】) = 【|】【}】【@】【}】
  output: 【|}@}】-> 【{|}@}】

I will now return the answer in 
The answer in  is 
</think>
</think>
\boxed{|}@}",cryptarithm_deduce,|,False,-0.4740963578224182
022c4d73,"In Alice's Wonderland, a secret set of transformation rules is applied to equations. Below are a few examples:
//?|[ = ?:/
)\?`| = ?':
[)$|: = !:'
:)$!: = )!'
Now, determine the result for: :!?'/",!',"We need to infer the transformation rule from the examples.
I will put my final answer inside .

【//?|[】 = 【?:/】
  input: 【/】【/】【?】【|】【[】
  left:【/】【/】
  operator: 【?】
  right:【|】【[】
  output: 【?】【:】【/】
  concatenation: 【/】【/】【|】【[】 mismatch
  reverse concatenation: 【|】【[】【/】【/】 mismatch
  operator: 【?】unknown

【)\?`|】 = 【?':】
  input: 【)】【\】【?】【`】【|】
  left:【)】【\】
  operator: 【?】
  right:【`】【|】
  output: 【?】【'】【:】
  concatenation: 【)】【\】【`】【|】 mismatch
  reverse concatenation: 【`】【|】【)】【\】 mismatch
  operator: 【?】unknown

【[)$|:】 = 【!:'】
  input: 【[】【)】【$】【|】【:】
  left:【[】【)】
  operator: 【$】
  right:【|】【:】
  output: 【!】【:】【'】
  concatenation: 【[】【)】【|】【:】 mismatch
  reverse concatenation: 【|】【:】【[】【)】 mismatch
  operator: 【$】unknown

【:)$!:】 = 【)!':】
  input: 【:】【)】【$】【!】【:】
  left:【:】【)】
  operator: 【$】
  right:【!】【:】
  output: 【)】【!】【'】
  concatenation: 【:】【)】【!】【:】 mismatch
  reverse concatenation: 【!】【:】【:】【)】 mismatch
  operator: 【$】unknown

Question【:!?'/】
  input: 【:】【!】【?】【'】【/】
  left:【:】【!】
  operator:【?】
  right:【'】【/】

The question operator is 【?】, which is unknown.
As the question operator is unknown, we default to concatenation.

  concatenation(【:】【!】, 【'】【/】) = 【:】【!】【'】【/】
  output: 【:!'】-> 【{:!'}】

I will now return the answer in 
The answer in  is 
</think>
</think>
\boxed{:!'}",cryptarithm_deduce,:!',False,-0.4756438732147217
02664ad5,"In Alice's Wonderland, a secret set of transformation rules is applied to equations. Below are a few examples:
`[-^[ = `(
:'-') = (#
}#+'} = [}
Now, determine the result for: !}-(!",:}',"We need to infer the transformation rule from the examples.
I will put my final answer inside .

【`[-^[】 = 【`(】
  input: 【`】【[】【-】【^】【[】
  left:【`】【[】
  operator: 【-】
  right:【^】【[】
  output: 【`】【(】
  concatenation: 【`】【[】【^】【[】 mismatch
  reverse concatenation: 【^】【[】【`】【[】 mismatch
  operator: 【-】unknown

【:'-')】 = 【(#】
  input: 【:】【'】【-】【)】【'】
  left:【:】【'】
  operator: 【-】
  right:【)】【'】
  output: 【(】【#】
  concatenation: 【:】【'】【)】【'】 mismatch
  reverse concatenation: 【)】【'】【:】【'】 mismatch
  operator: 【-】unknown

【}#+'}】 = 【[}】
  input: 【}】【#】【+】【'】【}】
  left:【}】【#】
  operator: 【+】
  right:【'】【}】
  output: 【[】【}】
  concatenation: 【}】【#】【'】【}】 mismatch
  reverse concatenation: 【'】【}】【}】【#】 mismatch
  operator: 【+】unknown

Question【!}-(!】
  input: 【!】【}】【-】【(】【!】
  left:【!】【}】
  operator:【-】
  right:【(】【!】

The question operator is 【-】, which is unknown.
As the question operator is unknown, we default to concatenation.

  concatenation(【!】【}】, 【(】【!】) = 【!】【}】【(】【!】
  output: 【!}(!】-> 【{!}(!}】

I will now return the answer in 
The answer in  is 
</think>
</think>
\boxed{!}(!}",cryptarithm_deduce,!,False,-0.3637266457080841
02c15453,"In Alice's Wonderland, a secret set of transformation rules is applied to equations. Below are a few examples:
(""-]] = '(
""%-!@ = ""
(""-%' = ])
\@-'% = >""
Now, determine the result for: >'-]'",(,"We need to infer the transformation rule from the examples.
I will put my final answer inside .

【(""-]]】 = 【'((】
  input: 【""】【(】【-】【]】【]】
  left:【""】【(】
  operator: 【-】
  right:【]】【]】
  output: 【'】【(】【(】
  concatenation: 【""】【(】【]】【]】 mismatch
  reverse concatenation: 【]】【]】【""】【(】 mismatch
  operator: 【-】unknown

【""%-!@】 = 【""】
  input: 【""】【%】【-】【!】【@】
  left:【""】【%】
  operator: 【-】
  right:【!】【@】
  output: 【""】
  concatenation: 【""】【%】【!】【@】 mismatch
  reverse concatenation: 【!】【@】【""】【%】 mismatch
  operator: 【-】unknown

【(""-%'】 = 【])】
  input: 【(】【""】【-】【%】【'】
  left:【(】【""】
  operator: 【-】
  right:【%】【'】
  output: 【]】【)】
  concatenation: 【(】【""】【%】【'】 mismatch
  reverse concatenation: 【%】【'】【(】【""】 mismatch
  operator: 【-】unknown

【\@-'%】 = 【>""]】
  input: 【\】【@】【-】【'】【%】
  left:【\】【@】
  operator: 【-】
  right:【'】【%】
  output: 【>】【""】
  concatenation: 【\】【@】【'】【%】 mismatch
  reverse concatenation: 【'】【%】【\】【@】 mismatch
  operator: 【-】unknown

Question【>'-]'】
  input: 【>】【'】【-】【]】【'】
  left:【>】【'】
  operator:【-】
  right:【]】【'】

The question operator is 【-】, which is unknown.
As the question operator is unknown, we default to concatenation.

  concatenation(【>】【'】, 【]】【'】) = 【>】【'】【]】【'】
  output: 【>'']】-> 【{>''}】

I will now return the answer in 
The answer in  is 
</think>
</think>
\boxed{>''}",cryptarithm_deduce,>'',False,-0.9051670432090759
035c4c40,"In Alice's Wonderland, a secret set of transformation rules is applied to equations. Below are a few examples:
#>*%< = /(``
/?-`< = -<
|`->( = -/?
##*|# = ((#
>`*|> = /<|
Now, determine the result for: ?<-'#",??,"We need to infer the transformation rule from the examples.
I will put my final answer inside .

【#>*%<】 = 【/(``】
  input: 【#】【>】【*】【%】【<】
  left:【#】【>】
  operator: 【*】
  right:【%】【<】
  output: 【/】【(】【`】【`】
  concatenation: 【#】【>】【%】【<】 mismatch
  reverse concatenation: 【%】【<】【#】【>】 mismatch
  operator: 【*】unknown

【/ ? - <`】 = 【-<】
  input: 【/】【?】【-】【<】
  left:【/】【?】
  operator: 【-】
  right:【<】
  output: 【-】【<】
  concatenation: 【/】【?】【<】 mismatch
  reverse concatenation: 【<】【/】【?】 mismatch
  operator: 【-】unknown

【|` -> (】 = 【-/?】
  input: 【|】【`】【-】【>】【(】
  left:【|】【`】
  operator: 【-】
  right:【>】【(】
  output: 【-】【/】【?】
  concatenation: 【|】【`】【>】【(】 mismatch
  reverse concatenation: 【>】【(】【|】【`】 mismatch
  operator: 【-】unknown

【## * |#】 = 【((#】
  input: 【#】【#】【*】【|】【#】
  left:【#】【#】
  operator: 【*】
  right:【|】【#】
  output: 【(】【(】【#】
  concatenation: 【#】【#】【|】【#】 mismatch
  reverse concatenation: 【|】【#】【#】【#】 mismatch
  operator: 【*】unknown

【>` * |>】 = 【/<|】
  input: 【>】【`】【*】【|】【>】
  left:【>】【`】
  operator: 【*】
  right:【|】【>】
  output: 【/】【<】【|】
  concatenation: 【>】【`】【|】【>】 mismatch
  reverse concatenation: 【|】【>】【>】【`】 mismatch
  operator: 【*】unknown

Question【?<-'#】
  input: 【?】【<】【-】【'】【#】
  left:【?】【<】
  operator:【-】
  right:【'】【#】

The question operator is 【-】, which is unknown.
As the question operator is unknown, we default to concatenation.

  concatenation(【?】【<】, 【'】【#】) = 【?】【<】【'】【#】
  output: 【?<'#】-> 【{?<'#}】

I will now return the answer in 
The answer in  is 
</think>
</think>
\boxed{?<'#}",cryptarithm_deduce,?<'#,False,-0.7968012690544128
03a3437f,"In Alice's Wonderland, a secret set of transformation rules is applied to equations. Below are a few examples:
/>-|/ = ':
'>+/! = '>/!
}!-'` = >'
Now, determine the result for: '}-/>",-!,"We need to infer the transformation rule from the examples.
I will put my final answer inside .

【/>-|/】 = 【':】
  input: 【/】【>】【-】【|】【/】
  left:【/】【>】
  operator: 【-】
  right:【|】【/】
  output: 【'】【:】
  concatenation: 【/】【>】【|】【/】 mismatch
  reverse concatenation: 【|】【/】【/】【>】 mismatch
  operator: 【-】unknown

【'>+/!】 = 【'>/!】
  input: 【'】【>】【+】【/】【!】
  left:【'】【>】
  operator: 【+】
  right:【/】【!】
  output: 【'】【>】【/】【!】
  concatenation: 【'】【>】【/】【!】 match
  reverse concatenation: 【/】【!】【'】【>】 mismatch
  operator: 【+】concatenation

【}!-'`】 = 【>'`】
  input: 【}】【!】【-】【'】【`】
  left:【}】【!】
  operator: 【-】
  right:【'】【`】
  output: 【>】【'】【`】
  concatenation: 【}】【!】【'】【`】 mismatch
  reverse concatenation: 【'】【`】【}】【!】 mismatch
  operator: 【-】unknown

Question【'}-/>】
  input: 【'】【}】【-】【/】【>】
  left:【'】【}】
  operator:【-】
  right:【/】【>】

The question operator is 【-】, which is unknown.
As the question operator is unknown, we default to concatenation.

  concatenation(【'】【}】, 【/】【>】) = 【'】【}】【/】【>】
  output: 【'}/>】-> 【{'}/>}】

I will now return the answer in 
The answer in  is 
</think>
</think>
\boxed{'}/>}",cryptarithm_deduce,',False,-0.581657886505127
042f1e53,"In Alice's Wonderland, a secret set of transformation rules is applied to equations. Below are a few examples:
/%*""} = /%""}
[/+}"" = /%
&<-[} = [|
//*<< = //<<
Now, determine the result for: &&-&?",-},"We need to infer the transformation rule from the examples.
I will put my final answer inside .

【/%*""}】 = 【/%""}】

  input: 【/】【%】【*】【""】【}】
  left:【/】【%】
  operator: 【*】
  right:【""】【}】

  output: 【/】【%】【""】【}】
  concatenation: 【/】【%】【""】【}】 match
  reverse concatenation: 【""】【}】【/】【%】 mismatch
  operator: 【*】concatenation

【&<-[}】 = 【[|】

  input: 【&】【<】【-】【[】【}】
  left:【&】【<】
  operator: 【-】
  right:【[】【}】

  output: 【[】【|】
  concatenation: 【&】【<】【[】【}】 mismatch
  reverse concatenation: 【[】【}】【&】【<】 mismatch
  operator: 【-】unknown

【//*<<】 = 【//<<】

  input: 【/】【/】【*】【<】【<】
  left:【/】【/】
  operator: 【*】
  right:【<】【<】

  output: 【/】【/】【<】【<】
  concatenation: 【/】【/】【<】【<】 match
  reverse concatenation: 【<】【<】【/】【/】 mismatch
  operator: 【*】concatenation

Question【&&-&?】
  input: 【&】【&】【-】【&】【?】
  left:【&】【&】
  operator:【-】
  right:【&】【?】

The question operator is 【-】, which is unknown.
As the question operator is unknown, we default to concatenation.

  concatenation(【&】【&】, 【&】【?】) = 【&】【&】【&】【?】
  output: 【&&&?】-> 【{&&&?}】

I will now return the answer in 
The answer in  is 
</think>
</think>
\boxed{&&&?}",cryptarithm_deduce,&&&?,False,-0.6942878365516663
0454705a,"In Alice's Wonderland, a secret set of transformation rules is applied to equations. Below are a few examples:
|?'|< = }:%^
|?+?@ = +}?
%<+(} = +/(
<|-<@ = }/|
Now, determine the result for: (}'}|",%}|,"We need to infer the transformation rule from the examples.
I will put my final answer inside .

【|?'|<】 = 【}:%^】
  input: 【|】【?】【'】【|】【<】
  left:【|】【?】
  operator: 【'】
  right:【|】【<】
  output: 【}】【:】【%】【^】
  concatenation: 【|】【?】【|】【<】 mismatch
  reverse concatenation: 【|】【<】【|】【?】 mismatch
  operator: 【'】unknown

【|?+?@】 = 【+}?】
  input: 【|】【?】【+】【?】【@】
  left:【|】【?】
  operator: 【+】
  right:【?】【@】
  output: 【+】【}】【?】
  concatenation: 【|】【?】【?】【@】 mismatch
  reverse concatenation: 【?】【@】【|】【?】 mismatch
  operator: 【+】unknown

【%<+(}】 = 【+/(】
  input: 【%】【<】【+】【(】【}】
  left:【%】【<】
  operator: 【+】
  right:【(】【}】
  output: 【+】【/】【(】
  concatenation: 【%】【<】【(】【}】 mismatch
  reverse concatenation: 【(】【}】【%】【<】 mismatch
  operator: 【+】unknown

【<|-<@】 = 【}/|】
  input: 【<】【|】【-】【<】【@】
  left:【<】【|】
  operator: 【-】
  right:【<】【@】
  output: 【}】【/】【|】
  concatenation: 【<】【|】【<】【@】 mismatch
  reverse concatenation: 【<】【@】【<】【|】 mismatch
  operator: 【-】unknown

Question【(}'}|】
  input: 【(】【}】【'】【}】【|】
  left:【(】【}】
  operator:【'】
  right:【}】【|】

The question operator is 【'】, which is unknown.
As the question operator is unknown, we default to concatenation.

  concatenation(【(】【}】, 【}】【|】) = 【(】【}】【}】【|】
  output: 【{}|】-> 【{{}|】-> 【{{|}】

I will now return the answer in 
The answer in  is 
</think>
</think>
\boxed{{{}|}",cryptarithm_deduce,{{,False,-0.6235039234161377
05109055,"In Alice's Wonderland, a secret set of transformation rules is applied to equations. Below are a few examples:
%')!' = |>
(()'> = `/
%':'@ = @!/'
Now, determine the result for: \(:|/",`>%/,"We need to infer the transformation rule from the examples.
I will put my final answer inside .

【%')!'】 = 【|>】
  input: 【%】【'】【)】【!】【'】
  left:【%】【'】
  operator: 【)】
  right:【!】【'】
  output: 【|】【>】
  concatenation: 【%】【'】【!】【'】 mismatch
  reverse concatenation: 【!】【'】【%】【'】 mismatch
  operator: 【)】unknown

【(()'>】 = 【`/】
  input: 【(】【(】【)】【'】【>】
  left:【(】【(】
  operator: 【)】
  right:【'】【>】
  output: 【`】【/】
  concatenation: 【(】【(】【'】【>】 mismatch
  reverse concatenation: 【'】【>】【(】【(】 mismatch
  operator: 【)】unknown

【%':'@】 = 【@!/】
  input: 【%】【:】【'】【:】【@】
  left:【%】【:】
  operator: 【'】
  right:【:】【@】
  output: 【@】【!】【/】
  concatenation: 【%】【:】【:】【@】 mismatch
  reverse concatenation: 【:】【@】【%】【:】 mismatch
  operator: 【'】unknown

Question【\(:|/】
  input: 【\】【(】【:】【|】【/】
  left:【\】【(】
  operator:【:】
  right:【|】【/】

The question operator is 【:】, which is unknown.
As the question operator is unknown, we default to concatenation.

  concatenation(【\】【(】, 【|】【/】) = 【\】【(】【|】【/】
  output: 【\(|/】-> 【{\(|/}】

I will now return the answer in 
The answer in  is 
</think>
</think>
\boxed{\(|/}",cryptarithm_deduce,\(|/,False,-0.6361047029495239
053b4c86,"In Alice's Wonderland, a secret set of transformation rules is applied to equations. Below are a few examples:
%&*#$ = $?&&
#$*#] = ?%]]
]%-""] = &@
$%+""\ = $]]
\$-?"" = -\]
Now, determine the result for: (@*]&",(@(],"We need to infer the transformation rule from the examples.
I will put my final answer inside .

【%&*#$】 = 【$?&&】
  input: 【%】【&】【*】【#】【$】
  left:【%】【&】
  operator: 【*】
  right:【#】【$】
  output: 【$】【?】【&】【&】
  concatenation: 【%】【&】【#】【$】 mismatch
  reverse concatenation: 【#】【$】【%】【&】 mismatch
  operator: 【*】unknown

【#$*#]】 = 【?%]]】
  input: 【#】【$】【*】【#】【]】
  left:【#】【$】
  operator: 【*】
  right:【#】【]】
  output: 【?】【%】【]】【]】
  concatenation: 【#】【$】【#】【]】 mismatch
  reverse concatenation: 【#】【]】【#】【$】 mismatch
  operator: 【*】unknown

【]%-""]】 = 【&@】
  input: 【]】【%】【-】【""】【]】
  left:【]】【%】
  operator: 【-】
  right:【""】【]】
  output: 【&】【@】
  concatenation: 【]】【%】【""】【]】 mismatch
  reverse concatenation: 【""】【]】【]】【%】 mismatch
  operator: 【-】unknown

【$%+""\】 = 【$]]】
  input: 【$】【%】【+】【""】【\】
  left:【$】【%】
  operator: 【+】
  right:【""】【\】
  output: 【$】【]】【]】
  concatenation: 【$】【%】【""】【\】 mismatch
  reverse concatenation: 【""】【\】【$】【%】 mismatch
  operator: 【+】unknown

【\$-?""】 = 【-\]】
  input: 【\】【$】【-】【?】【""】
  left:【\】【$】
  operator: 【-】
  right:【?】【""】
  output: 【-】【\】【]】
  concatenation: 【\】【$】【?】【""】 mismatch
  reverse concatenation: 【?】【""】【\】【$】 mismatch
  operator: 【-】unknown

Question【(@*]&】
  input: 【(】【@】【*】【]】【&】
  left:【(】【@】
  operator:【*】
  right:【]】【&】

The question operator is 【*】, which is unknown.
As the question operator is unknown, we default to concatenation.

  concatenation(【(】【@】, 【]】【&】) = 【(】【@】【]】【&】
  output: 【(@]&】-> 【{(@]&}】

I will now return the answer in 
The answer in  is 
</think>
</think>
\boxed{(@]&}",cryptarithm_deduce,(@]&,False,-0.47408151626586914
05bd2dab,"In Alice's Wonderland, a secret set of transformation rules is applied to equations. Below are a few examples:
}/{/& = $}
}}^(! = ($})
($[)& = /!
(}^$$ = (!}?
(\^?} = (($/
Now, determine the result for: '&[?!",[)),"We need to infer the transformation rule from the examples.
I will put my final answer inside .

【}/{/&】 = 【$}】
  input: 【/】【}】【/】【&】
  left:【/】【}】
  operator: 【/】
  right:【&】
  output: 【$】【}】
  concatenation: 【/】【}】【&】 mismatch
  reverse concatenation: 【&】【/】【/】【}】 mismatch
  operator: 【/】unknown

【}}^(!】 = 【($}】
  input: 【}】【}】【^】【(】【!】
  left:【}】【}】
  operator: 【^】
  right:【(】【!】
  output: 【(】【$】【}】
  concatenation: 【}】【}】【(】【!】 mismatch
  reverse concatenation: 【(】【!】【}】【}】 mismatch
  operator: 【^】unknown

【($[)&】 = 【/!】
  input: 【(】【$】【[】【]】【&】
  left:【(】【$】
  operator: 【[】
  right:【]】【&】
  output: 【/】【!】
  concatenation: 【(】【$】【]】【&】 mismatch
  reverse concatenation: 【]】【&】【(】【$】 mismatch
  operator: 【[】unknown

【(}^$$】 = 【(!}?】
  input: 【(】【}】【^】【$】【$】
  left:【(】【}】
  operator: 【^】
  right:【$】【$】
  output: 【(】【!】【}】【?】
  concatenation: 【(】【}】【$】【$】 mismatch
  reverse concatenation: 【$】【$】【(】【}】 mismatch
  operator: 【^】unknown

【(\^?}】 = 【(($/】
  input: 【(】【\】【^】【?】【}】
  left:【(】【\】
  operator: 【^】
  right:【?】【}】
  output: 【(】【$】【(】【/】
  concatenation: 【(】【\】【?】【}】 mismatch
  reverse concatenation: 【?】【}】【(】【\】 mismatch
  operator: 【^】unknown

Question【&[?!】
  input: 【&】【[】【?】【!】
  left:【&】【[】
  operator:【?】
  right:【!】

The question operator is 【?】, which is unknown.
As the question operator is unknown, we default to concatenation.

  concatenation(【&】【[】, 【!】) = 【&】【[】【!】
  output: 【&[!】-> 【{&[!}】

I will now return the answer in 
The answer in  is 
</think>
</think>
\boxed{&[!}",cryptarithm_deduce,&[!,False,-0.4406904876232147
05c36467,"In Alice's Wonderland, a secret set of transformation rules is applied to equations. Below are a few examples:
%$<`# = <]]
%""/(] = #`]$
`$<(( = <(]
%""<\& = <$$
#&/]( = ###""
Now, determine the result for: ""&/($",%%\,"We need to infer the transformation rule from the examples.
I will put my final answer inside .

【%$<`#】 = 【<]]】
  input: 【%】【$】【<】【`】【#】
  left:【%】【$】
  operator: 【<】
  right:【`】【#】
  output: 【<】【]】【]】
  concatenation: 【%】【$】【`】【#】 mismatch
  reverse concatenation: 【`】【#】【%】【$】 mismatch
  operator: 【<】unknown

【%""/(]】 = 【#`]$】
  input: 【%】【""】【/】【(】【]】
  left:【%】【""】
  operator: 【/】
  right:【(】【]】
  output: 【#】【`】【]】【$】
  concatenation: 【%】【""】【(】【]】 mismatch
  reverse concatenation: 【(】【]】【%】【""】 mismatch
  operator: 【/】unknown

【`$<((】 = 【<(]】
  input: 【`】【$】【<】【(】【(】
  left:【`】【$】
  operator: 【<】
  right:【(】【(】
  output: 【<】【(】【]】
  concatenation: 【`】【$】【(】【(】 mismatch
  reverse concatenation: 【(】【(】【`】【$】 mismatch
  operator: 【<】unknown

【%""<\&】 = 【<$$】
  input: 【%】【""】【\】【<】【&】
  left:【%】【""】
  operator: 【\】
  right:【<】【&】
  output: 【<】【$】【$】
  concatenation: 【%】【""】【<】【&】 mismatch
  reverse concatenation: 【<】【&】【%】【""】 mismatch
  operator: 【\】unknown

【#&]/(】 = 【###""】
  input: 【#】【&】【]】【/】【(】
  left:【#】【&】
  operator: 【]】
  right:【/】【(】
  output: 【#】【#】【#】【""】
  concatenation: 【#】【&】【/】【(】 mismatch
  reverse concatenation: 【/】【(】【#】【&】 mismatch
  operator: 【]】unknown

Question【&quot;/($】
  input: 【""】【/】【(】【/】【$】
  left:【""】【/】
  operator:【(】
  right:【/】【$】

The question operator is 【(】, which is unknown.
As the question operator is unknown, we default to concatenation.

  concatenation(【""】【/】, 【/】【$】) = 【""】【/】【/】【$】
  output: 【""///$】-> 【{""///$""}】

I will now return the answer in 
The answer in  is 
</think>
</think>
\boxed{""///$}",cryptarithm_deduce,"""///$",False,-0.6131690740585327
06083e68,"In Alice's Wonderland, a secret set of transformation rules is applied to equations. Below are a few examples:
!>+^$ = :`
\^*:: = ^!\!
$^-!$ = -<
Now, determine the result for: >\*:!",:::,"We need to infer the transformation rule from the examples.
I will put my final answer inside .

【!>+^$】 = 【:`】
  input: 【!】【>】【+】【^】【$】
  left:【!】【>】
  operator: 【+】
  right:【^】【$】
  output: 【:】【`】
  concatenation: 【!】【>】【^】【$】 mismatch
  reverse concatenation: 【^】【$】【!】【>】 mismatch
  operator: 【+】unknown

【\^*::】 = 【^!\!】
  input: 【\】【^】【*】【:】【:】
  left:【\】【^】
  operator: 【*】
  right:【:】【:】
  output: 【^】【!】【\】【!】
  concatenation: 【\】【^】【:】【:】 mismatch
  reverse concatenation: 【:】【:】【\】【^】 mismatch
  operator: 【*】unknown

【$^-!$】 = 【-<】
  input: 【$】【^】【-】【!】【$】
  left:【$】【^】
  operator: 【-】
  right:【!】【$】
  output: 【-】【<】
  concatenation: 【$】【^】【!】【$】 mismatch
  reverse concatenation: 【!】【$】【$】【^】 mismatch
  operator: 【-】unknown

Question【>\*:!】
  input: 【>】【\】【*】【:】【!】
  left:【>】【\】
  operator:【*】
  right:【:】【!】

The question operator is 【*】, which is unknown.
As the question operator is unknown, we default to concatenation.

  concatenation(【>】【\】, 【:】【!】) = 【>】【\】【:】【!】
  output: 【>\:!】-> 【{>\:!}】

I will now return the answer in 
The answer in  is 
</think>
</think>
\boxed{>\:!}",cryptarithm_deduce,>\:!,False,-0.1149386316537857
08111d57,"In Alice's Wonderland, a secret set of transformation rules is applied to equations. Below are a few examples:
](*>^ = &(:^
::+$"" = ]^^
?""*""( = ?:(:
>^*>) = (?""
Now, determine the result for: ^?+)]",")""","We need to infer the transformation rule from the examples.
I will put my final answer inside .

【](*>^】 = 【&(:^】
  input: 【]】【(】【*】【>】【^】
  left:【]】【(】
  operator: 【*】
  right:【>】【^】
  output: 【&】【(】【:】【^】
  concatenation: 【]】【(】【>】【^】 mismatch
  reverse concatenation: 【>】【^】【]】【(】 mismatch
  operator: 【*】unknown

【::+$""】 = 【]^^】
  input: 【:】【:】【+】【$】【""】
  left:【:】【:】
  operator: 【+】
  right:【$】【""】
  output: 【]】【^】【^】
  concatenation: 【:】【:】【$】【""】 mismatch
  reverse concatenation: 【$】【""】【:】【:】 mismatch
  operator: 【+】unknown

【?""*""(】 = 【?:(:】
  input: 【?】【""】【*】【""】【(】
  left:【?】【""】
  operator: 【*】
  right:【""】【(】
  output: 【?】【:】【(】【:】
  concatenation: 【?】【""】【""】【(】 mismatch
  reverse concatenation: 【""】【(】【?】【""】 mismatch
  operator: 【*】unknown

【>^*>)】 = 【(?""】
  input: 【>】【^】【*】【>】【)】
  left:【>】【^】
  operator: 【*】
  right:【>】【)】
  output: 【(】【?】【""】
  concatenation: 【>】【^】【>】【)】 mismatch
  reverse concatenation: 【>】【)】【>】【^】 mismatch
  operator: 【*】unknown

Question【^?+)]】
  input: 【^】【?】【+】【)】【]】
  left:【^】【?】
  operator:【+】
  right:【)】【]】

The question operator is 【+】, which is unknown.
As the question operator is unknown, we default to concatenation.

  concatenation(【^】【?】, 【)】【]】) = 【^】【?】【)】【]】
  output: 【^?)】-> 【{^?)}】

I will now return the answer in 
The answer in  is 
</think>
</think>
\boxed{^?)}",cryptarithm_deduce,^?),False,-0.6728512644767761
083ed8fe,"In Alice's Wonderland, a secret set of transformation rules is applied to equations. Below are a few examples:
!(*() = (/<<
[(*<< = [[//
""&-/: = :)
[!-)! = )
Now, determine the result for: <&*:/",<#):,"We need to infer the transformation rule from the examples.
I will put my final answer inside .

【!(*()】 = 【(/<<】
  input: 【!】【(】【*】【(】【)】
  left:【!】【(】
  operator: 【*】
  right:【(】【)】
  output: 【(】【/】【<】【<】
  concatenation: 【!】【(】【(】【)】 mismatch
  reverse concatenation: 【(】【)】【!】【(】 mismatch
  operator: 【*】unknown

【[(*<<】 = 【[[//】
  input: 【[】【(】【*】【<】【<】
  left:【[】【(】
  operator: 【*】
  right:【<】【<】
  output: 【[】【[】【/】【/】
  concatenation: 【[】【(】【<】【<】 mismatch
  reverse concatenation: 【<】【<】【[】【(】 mismatch
  operator: 【*】unknown

【""&-/:】 = 【: )】
  input: 【""】【&】【-】【/】【:】
  left:【""】【&】
  operator: 【-】
  right:【/】【:】
  output: 【:】【)】
  concatenation: 【""】【&】【/】【:】 mismatch
  reverse concatenation: 【/】【:】【""】【&】 mismatch
  operator: 【-】unknown

【[!-)!】 = 【)】
  input: 【[】【!】【-】【)】【!】
  left:【[】【!】
  operator: 【-】
  right:【)】【!】
  output: 【)】
  concatenation: 【[】【!】【)】【!】 mismatch
  reverse concatenation: 【)】【!】【[】【!】 mismatch
  operator: 【-】unknown

Question【<&*:/】
  input: 【<】【&】【*】【:】【/】
  left:【<】【&】
  operator:【*】
  right:【:】【/】

The question operator is 【*】, which is unknown.
As the question operator is unknown, we default to concatenation.

  concatenation(【<】【&】, 【:】【/】) = 【<】【&】【:】【/】
  output: 【<&:/】-> 【{<&:/}】

I will now return the answer in 
The answer in  is 
</think>
</think>
\boxed{<&:/}",cryptarithm_deduce,<&:/,False,-1.3427112102508545
09d5ee68,"In Alice's Wonderland, a secret set of transformation rules is applied to equations. Below are a few examples:
<:+|& = <:|&
'&+>? = '&>?
$!*!| = !!:&
|:-?' = -&$
Now, determine the result for: |:*>>",!?'!,"We need to infer the transformation rule from the examples.
I will put my final answer inside .

【<:+|&】 = 【<:|&】
  input: 【<】【+】【:】【|】【&】
  left:【<】【+】
  operator: 【:】
  right:【|】【&】
  output: 【<】【:】【|】【&】
  concatenation: 【<】【+】【|】【&】 mismatch
  reverse concatenation: 【|】【&】【<】【+】 mismatch
  operator: 【:】unknown

【'&+>?】 = 【'&>?】
  input: 【'】【&】【+】【>】【?】
  left:【'】【&】
  operator: 【+】
  right:【>】【?】
  output: 【'】【&】【>】【?】
  concatenation: 【'】【&】【>】【?】 match
  reverse concatenation: 【>】【?】【'】【&】 mismatch
  operator: 【+】concatenation

【$!*!|】 = 【!!:&】
  input: 【$】【!】【*】【!】【|】
  left:【$】【!】
  operator: 【*】
  right:【!】【|】
  output: 【!】【!】【:】【&】
  concatenation: 【$】【!】【!】【|】 mismatch
  reverse concatenation: 【!】【|】【$】【!】 mismatch
  operator: 【*】unknown

【|:-?'】 = 【-&$】
  input: 【|】【:】【-】【?】【'】
  left:【|】【:】
  operator: 【-】
  right:【?】【'】
  output: 【-】【&】【$】
  concatenation: 【|】【:】【?】【'】 mismatch
  reverse concatenation: 【?】【'】【|】【:】 mismatch
  operator: 【-】unknown

Question【|:*>>】
  input: 【|】【:】【*】【>】【>】
  left:【|】【:】
  operator:【*】
  right:【>】【>】

The question operator is 【*】, which is unknown.
As the question operator is unknown, we default to concatenation.

  concatenation(【|】【:】, 【>】【>】) = 【|】【:】【>】【>】
  output: 【|:>>】-> 【{|:>>}】

I will now return the answer in 
The answer in  is 
</think>
</think>
\boxed{|:>>}",cryptarithm_deduce,|:>>,False,-0.2521756887435913
0a2b9109,"In Alice's Wonderland, a secret set of transformation rules is applied to equations. Below are a few examples:
|:*%( = ^^
#|-|# = -?$
?%)|( = (^^
|?*(| = ?:!
Now, determine the result for: $[-^:",-?:,"We need to infer the transformation rule from the examples.
I will put my final answer inside .

【|:*%(】 = 【^^】
  input: 【|】【:】【*】【%】【(】
  left:【|】【:】
  operator: 【*】
  right:【%】【(】
  output: 【^】【^】
  concatenation: 【|】【:】【%】【(】 mismatch
  reverse concatenation: 【%】【(】【|】【:】 mismatch
  operator: 【*】unknown

【#|-|#】 = 【-?$】
  input: 【#】【|】【-】【|】【#】
  left:【#】【|】
  operator: 【-】
  right:【|】【#】
  output: 【-】【?】【$】
  concatenation: 【#】【|】【|】【#】 mismatch
  reverse concatenation: 【|】【#】【#】【|】 mismatch
  operator: 【-】unknown

【?%)|(】 = 【(^^】
  input: 【?】【%】【)】【|】【(】
  left:【?】【%】
  operator: 【)】
  right:【|】【(】
  output: 【(】【^】【^】
  concatenation: 【?】【%】【|】【(】 mismatch
  reverse concatenation: 【|】【(】【?】【%】 mismatch
  operator: 【)】unknown

【|?*(|】 = 【?:!】
  input: 【|】【?】【*】【(】【|】
  left:【|】【?】
  operator: 【*】
  right:【(】【|】
  output: 【?】【:】【!】
  concatenation: 【|】【?】【(】【|】 mismatch
  reverse concatenation: 【(】【|】【|】【?】 mismatch
  operator: 【*】unknown

Question【$[-^:】
  input: 【$】【[】【-】【^】【:】
  left:【$】【[】
  operator:【-】
  right:【^】【:】

The question operator is 【-】, which is unknown.
As the question operator is unknown, we default to concatenation.

  concatenation(【$】【[】, 【^】【:】) = 【$】【[】【^】【:】
  output: 【$[^:】-> 【{$[^:}】

I will now return the answer in 
The answer in  is 
</think>
</think>
\boxed{$[^:}",cryptarithm_deduce,$[^:,False,-0.12741051614284515
0a3ee7c7,"In Alice's Wonderland, a secret set of transformation rules is applied to equations. Below are a few examples:
[""+[@ = ""})
][*!% = \\\@
]""-""% = @
[}-[\ = -`@
Now, determine the result for: }\*%]",\@)],"We need to infer the transformation rule from the examples.
I will put my final answer inside .

【[""+[@】 = 【""})】
  input: 【[】【""】【+】【[】【@】
  left:【[】【""】
  operator: 【+】
  right:【[】【@】
  output: 【""】【}】【)】
  concatenation: 【[】【""】【[】【@】 mismatch
  reverse concatenation: 【[】【@】【[】【""】 mismatch
  operator: 【+】unknown

【][*!%】 = 【\\\@】
  input: 【]】【[】【*】【!】【%】
  left:【]】【[】
  operator: 【*】
  right:【!】【%】
  output: 【\】【\】【\】【@】
  concatenation: 【]】【[】【!】【%】 mismatch
  reverse concatenation: 【!】【%】【]】【[】 mismatch
  operator: 【*】unknown

【]""-""%】 = 【@】
  input: 【]】【""】【-】【%】【""】
  left:【]】【""】
  operator: 【-】
  right:【%】【""】
  output: 【@】
  concatenation: 【]】【""】【%】【""】 mismatch
  reverse concatenation: 【%】【""】【]】【""】 mismatch
  operator: 【-】unknown

【[}-[\】 = 【-`@】
  input: 【[】【}】【-】【[】【\】
  left:【[】【}】
  operator: 【-】
  right:【[】【\】
  output: 【-】【`】【@】
  concatenation: 【[】【}】【[】【\】 mismatch
  reverse concatenation: 【[】【\】【[】【}】 mismatch
  operator: 【-】unknown

Question【}\*%]】
  input: 【}】【\】【*】【%】【]】
  left:【}】【\】
  operator:【*】
  right:【%】【]】

The question operator is 【*】, which is unknown.
As the question operator is unknown, we default to concatenation.

  concatenation(【}】【\】, 【%】【]】) = 【}】【\】【%】【]】
  output: 【}\%]】-> 【{}\%]】-> 【{}\%]】

I will now return the answer in 
The answer in  is 
</think>
</think>
\boxed{}\%]",cryptarithm_deduce,,False,-0.6892833709716797
0a94b2de,"In Alice's Wonderland, a secret set of transformation rules is applied to equations. Below are a few examples:
'')<] = $@
@})$' = <?<
@]#/$ = <?<'
Now, determine the result for: ]}#@]",@}`@,"We need to infer the transformation rule from the examples.
I will put my final answer inside .

【'')<]】 = 【$@】
  input: 【'】【)】【)】【<】【]】
  left:【'】【)】
  operator: 【)】
  right:【<】【]】
  output: 【$】【@】
  concatenation: 【'】【)】【<】【]】 mismatch
  reverse concatenation: 【<】【]】【'】【)】 mismatch
  operator: 【)】unknown

【@})$'】 = 【<?<】
  input: 【@】【)】【$】【)】【'】
  left:【@】【)】
  operator: 【$】
  right:【)】【'】
  output: 【?】【<】【<】
  concatenation: 【@】【)】【)】【'】 mismatch
  reverse concatenation: 【)】【'】【@】【)】 mismatch
  operator: 【$】unknown

【@]#/$】 = 【<?<'】
  input: 【@】【]】【#】【/】【$】
  left:【@】【]】
  operator: 【#】
  right:【/】【$】
  output: 【?】【<】【<】【'】
  concatenation: 【@】【]】【/】【$】 mismatch
  reverse concatenation: 【/】【$】【@】【]】 mismatch
  operator: 【#】unknown

Question【]}#@]】
  input: 【]】【}】【#】【@】【]】
  left:【]】【}】
  operator:【#】
  right:【@】【]】

The question operator is 【#】, which is unknown.
As the question operator is unknown, we default to concatenation.

  concatenation(【]】【}】, 【@】【]】) = 【]】【}】【@】【]】
  output: 【]]}@]】-> 【{]]}@]】】

I will now return the answer in 
The answer in  is 
</think>
</think>
\boxed{]]}@]}",cryptarithm_deduce,]],False,-0.592799723148346
0b0a3643,"In Alice's Wonderland, a secret set of transformation rules is applied to equations. Below are a few examples:
#/-\@ = -@#
""""+#) = )/
'#+/# = %""
\)-)@ = -'""
Now, determine the result for: '/-%)","""""","We need to infer the transformation rule from the examples.
I will put my final answer inside .

【#/-\@】 = 【-@#】
  input: 【#】【/】【-】【\】【@】
  left:【#】【/】
  operator: 【-】
  right:【\】【@】
  output: 【-】【@】【#】
  concatenation: 【#】【/】【\】【@】 mismatch
  reverse concatenation: 【\】【@】【#】【/】 mismatch
  operator: 【-】unknown

【""""+#)】 = 【)/】
  input: 【""】【""】【+】【#】【)】
  left:【""】【""】
  operator: 【+】
  right:【#】【)】
  output: 【)】【/】
  concatenation: 【""】【""】【#】【)】 mismatch
  reverse concatenation: 【#】【)】【""】【""】 mismatch
  operator: 【+】unknown

【'#+/#】 = 【""%】
  input: 【'】【#】【+】【/】【#】
  left:【'】【#】
  operator: 【+】
  right:【/】【#】
  output: 【%】【""】
  concatenation: 【'】【#】【/】【#】 mismatch
  reverse concatenation: 【/】【#】【'】【#】 mismatch
  operator: 【+】unknown

【\)-)@】 = 【-'""】
  input: 【\】【)】【-】【)】【@】
  left:【\】【)】
  operator: 【-】
  right:【)】【@】
  output: 【-】【'】【""】
  concatenation: 【\】【)】【)】【@】 mismatch
  reverse concatenation: 【)】【@】【\】【)】 mismatch
  operator: 【-】unknown

Question【'/-%)】
  input: 【'】【/】【-】【%】【)】
  left:【'】【/】
  operator:【-】
  right:【%】【)】

The question operator is 【-】, which is unknown.
As the question operator is unknown, we default to concatenation.

  concatenation(【'】【/】, 【%】【)】) = 【'】【/】【%】【)】
  output: 【'/%)】-> 【{'/%)'}】

I will now return the answer in 
The answer in  is 
</think>
</think>
\boxed{'/%)}",cryptarithm_deduce,'/%),False,-0.47410348057746887
0babcba2,"In Alice's Wonderland, a secret set of transformation rules is applied to equations. Below are a few examples:
<!-|? = """"
<`%<| = ?)""
!\-?"" = ""/
`/%)` = `(""
Now, determine the result for: ((%\!","?""""","We need to infer the transformation rule from the examples.
I will put my final answer inside .

【<!-|?】 = 【""""】
  input: 【<】【!】【-】【|】【?】
  left:【<】【!】
  operator: 【-】
  right:【|】【?】
  output: 【""】【""】
  concatenation: 【<】【!】【|】【?】 mismatch
  reverse concatenation: 【|】【?】【<】【!】 mismatch
  operator: 【-】unknown

【<`%<|】 = 【?)""
  input: 【<】【`】【%】【<】【|】
  left:【<】【`】
  operator: 【%】
  right:【<】【|】
  output: 【?】【)】【""】
  concatenation: 【<】【`】【<】【|】 mismatch
  reverse concatenation: 【<】【|】【<】【`】 mismatch
  operator: 【%】unknown

【!\-?""】 = 【""/】
  input: 【\】【!】【-】【?】【""】
  left:【\】【!】
  operator: 【-】
  right:【?】【""】
  output: 【""】【/】
  concatenation: 【\】【!】【?】【""】 mismatch
  reverse concatenation: 【?】【""】【\】【!】 mismatch
  operator: 【-】unknown

【`/%)`】 = 【`(""】
  input: 【`】【/】【%】【)】【`】
  left:【`】【/】
  operator: 【%】
  right:【)】【`】
  output: 【`】【(】【""】
  concatenation: 【`】【/】【)】【`】 mismatch
  reverse concatenation: 【)】【`】【`】【/】 mismatch
  operator: 【%】unknown

Question【((%\!】
  input: 【(】【(】【%】【\】【!】
  left:【(】【(】
  operator:【%】
  right:【\】【!】

The question operator is 【%】, which is unknown.
As the question operator is unknown, we default to concatenation.

  concatenation(【(】【(】, 【\】【!】) = 【(】【(】【\】【!】
  output: 【((\!】-> 【{((\!}】

I will now return the answer in 
The answer in  is 
</think>
</think>
\boxed{((\!}",cryptarithm_deduce,((\!,False,-0.9133425951004028
0cdb0aae,"In Alice's Wonderland, a secret set of transformation rules is applied to equations. Below are a few examples:
>:-^| = -:(
(?-^/ = -/?
|(->? = $$
^:+`^ = /(
:/+:` = $::
Now, determine the result for: :(+/$",:::,"We need to infer the transformation rule from the examples.
I will put my final answer inside .

【>:-^|】 = 【-:(】
  input: 【>】【:】【-】【^】【|】
  left:【>】【:】
  operator: 【-】
  right:【^】【|】
  output: 【-】【:】【(】
  concatenation: 【>】【:】【^】【|】 mismatch
  reverse concatenation: 【^】【|】【>】【:】 mismatch
  operator: 【-】unknown

【(?-^/】 = 【-/?】
  input: 【(】【?】【-】【^】【/】
  left:【(】【?】
  operator: 【-】
  right:【^】【/】
  output: 【-】【/】【?】
  concatenation: 【(】【?】【^】【/】 mismatch
  reverse concatenation: 【^】【/】【(】【?】 mismatch
  operator: 【-】unknown

【|(->?】 = 【$$】
  input: 【|】【(】【-】【>】【?】
  left:【|】【(】
  operator: 【-】
  right:【>】【?】
  output: 【$】【$】
  concatenation: 【|】【(】【>】【?】 mismatch
  reverse concatenation: 【>】【?】【|】【(】 mismatch
  operator: 【-】unknown

【^:+`^】 = 【/(】
  input: 【^】【:】【+】【`】【^】
  left:【^】【:】
  operator: 【+】
  right:【`】【^】
  output: 【/】【(】
  concatenation: 【^】【:】【`】【^】 mismatch
  reverse concatenation: 【`】【^】【^】【:】 mismatch
  operator: 【+】unknown

【:/+:`】 = 【$::】
  input: 【:】【/】【+】【:】【`】
  left:【:】【/】
  operator: 【+】
  right:【:】【`】
  output: 【$】【:】【:】
  concatenation: 【:】【/】【:】【`】 mismatch
  reverse concatenation: 【:】【`】【:】【/】 mismatch
  operator: 【+】unknown

Question【:(+/$】
  input: 【:】【(】【+】【/】【$】
  left:【:】【(】
  operator:【+】
  right:【/】【$】

The question operator is 【+】, which is unknown.
As the question operator is unknown, we default to concatenation.

  concatenation(【:】【(】, 【/】【$】) = 【:】【(】【/】【$】
  output: 【:(/$】-> 【{:(/$}】

I will now return the answer in 
The answer in  is 
</think>
</think>
\boxed{:(/$}",cryptarithm_deduce,:(/$,False,-0.4740917682647705
0cf301cf,"In Alice's Wonderland, a secret set of transformation rules is applied to equations. Below are a few examples:
>{%'> = /<@/
/#`{> = `@>
<!`)# = )!
@/]/! = {:
Now, determine the result for: :#])<",{<,"We need to infer the transformation rule from the examples.
I will put my final answer inside .

【>{%'>】 = 【/<@/】
  input: 【>】【{】【%】【>】【'】
  left:【>】【{】
  operator: 【%】
  right:【>】【'】
  output: 【/】【<】【@】【/】
  concatenation: 【>】【{】【>】【'】 mismatch
  reverse concatenation: 【>】【'】【>】【{】 mismatch
  operator: 【%】unknown

【/#`{>】 = 【@`>】
  input: 【/】【#】【`】【{】【>】
  left:【/】【#】
  operator: 【`】
  right:【{】【>】
  output: 【@】【`】【>】
  concatenation: 【/】【#】【{】【>】 mismatch
  reverse concatenation: 【{】【>】【/】【#】 mismatch
  operator: 【`】unknown

【<!`)#】 = 【)!】
  input: 【<】【!】【`】【)】【#】
  left:【<】【!】
  operator: 【`】
  right:【)】【#】
  output: 【)】【!】
  concatenation: 【<】【!】【)】【#】 mismatch
  reverse concatenation: 【)】【#】【<】【!】 mismatch
  operator: 【`】unknown

【@/]/!】 = 【{:】
  input: 【@】【/】【]】【/】【!】
  left:【@】【/】
  operator: 【]】
  right:【/】【!】
  output: 【{】【:】
  concatenation: 【@】【/】【/】【!】 mismatch
  reverse concatenation: 【/】【!】【@】【/】 mismatch
  operator: 【]】unknown

Question【:#])<】
  input: 【:】【#】【]】【)】【<】
  left:【:】【#】
  operator:【]】
  right:【)】【<】

The question operator is 【]】, which is unknown.
As the question operator is unknown, we default to concatenation.

  concatenation(【:】【#】, 【)】【<】) = 【:】【#】【)】【<】
  output: 【:#)<】-> 【{:#)<}】

I will now return the answer in 
The answer in  is 
</think>
</think>
\boxed{:#)<}",cryptarithm_deduce,:#)<,False,-0.31328508257865906
0d2e94ff,"In Alice's Wonderland, a secret set of transformation rules is applied to equations. Below are a few examples:
""}]}% = `^
<|]^< = }::
&&-&% = -}
%%?""} = &&%%
&`]}^ = ^%
Now, determine the result for: ^&]%@",}}^,"We need to infer the transformation rule from the examples.
I will put my final answer inside .

【""}]}%】 = 【`^】
  input: 【""】【}】【]】【}】【%】
  left:【""】【}】
  operator: 【]】
  right:【}】【%】
  output: 【`】【^】
  concatenation: 【""】【}】【}】【%】 mismatch
  reverse concatenation: 【}】【%】【""】【}】 mismatch
  operator: 【]】unknown

【<|]^<】 = 【}::】
  input: 【<】【|】【]】【^】【<】
  left:【<】【|】
  operator: 【]】
  right:【^】【<】
  output: 【}】【:】【:】
  concatenation: 【<】【|】【^】【<】 mismatch
  reverse concatenation: 【^】【<】【<】【|】 mismatch
  operator: 【]】unknown

【&&-&%】 = 【-}】
  input: 【&】【&】【-】【&】【%】
  left:【&】【&】
  operator: 【-】
  right:【&】【%】
  output: 【-】【}】
  concatenation: 【&】【&】【&】【%】 mismatch
  reverse concatenation: 【&】【%】【&】【&】 mismatch
  operator: 【-】unknown

【%%?""}】 = 【&&%%】
  input: 【%】【%】【?】【""】【}】
  left:【%】【%】
  operator: 【?】
  right:【""】【}】
  output: 【&】【&】【%】【%】
  concatenation: 【%】【%】【""】【}】 mismatch
  reverse concatenation: 【""】【}】【%】【%】 mismatch
  operator: 【?】unknown

【&`]}^】 = 【^%】
  input: 【&】【`】【]】【}】【^】
  left:【&】【`】
  operator: 【]】
  right:【}】【^】
  output: 【^】【%】
  concatenation: 【&】【`】【}】【^】 mismatch
  reverse concatenation: 【}】【^】【&】【`】 mismatch
  operator: 【]】unknown

Question【^&]%@】
  input: 【^】【&】【]】【%】【@】
  left:【^】【&】
  operator:【]】
  right:【%】【@】

The question operator is 【]】, which is unknown.
As the question operator is unknown, we default to concatenation.

  concatenation(【^】【&】, 【%】【@】) = 【^】【&】【%】【@】
  output: 【^&%@】-> 【{^&%@}】

I will now return the answer in 
The answer in  is 
</think>
</think>
\boxed{^&%@}",cryptarithm_deduce,^&%@,False,-0.7538421750068665
0d542478,"In Alice's Wonderland, a secret set of transformation rules is applied to equations. Below are a few examples:
$?""|/ = $
?]![/ = }}
?<*}? = }$??
Now, determine the result for: </!&{",}<,"We need to infer the transformation rule from the examples.
I will put my final answer inside .

【$?""|/】 = 【$】
  input: 【$】【?】【""】【|】【/】
  left:【$】【?】
  operator: 【""】
  right:【|】【/】
  output: 【$】
  concatenation: 【$】【?】【|】【/】 mismatch
  reverse concatenation: 【|】【/】【$】【?】 mismatch
  operator: 【""】unknown

【?]![/】 = 【}}】
  input: 【?】【]】【!】【[】【/】
  left:【?】【]】
  operator: 【!】
  right:【[】【/】
  output: 【}】【}】
  concatenation: 【?】【]】【[】【/】 mismatch
  reverse concatenation: 【[】【/】【?】【]】 mismatch
  operator: 【!】unknown

【?<*}?】 = 【}$??】
  input: 【?】【<】【*】【}】【?】
  left:【?】【<】
  operator: 【*】
  right:【}】【?】
  output: 【}】【$】【?】【?】
  concatenation: 【?】【<】【}】【?】 mismatch
  reverse concatenation: 【}】【?】【?】【<】 mismatch
  operator: 【*】unknown

Question【</!&{】
  input: 【<】【/】【!】【&】【{】
  left:【<】【/】
  operator:【!】
  right:【&】【{】

The question operator is 【!】, which is unknown.
As the question operator is unknown, we default to concatenation.

  concatenation(【<】【/】, 【&】【{】) = 【<】【/】【&】【{】
  output: 【</&{】-> 【{</&{}】

I will now return the answer in 
The answer in  is 
</think>
</think>
\boxed{</&{}",cryptarithm_deduce,</&{,False,-0.3157303035259247
0d90736f,"In Alice's Wonderland, a secret set of transformation rules is applied to equations. Below are a few examples:
[|*|` = \$()
!|-$) = )/
/$+|/ = :\
\/+): = [`
`$*|! = `[|`
Now, determine the result for: ::-)[",:,"We need to infer the transformation rule from the examples.
I will put my final answer inside .

【[|*|`】 = 【\$()】
  input: 【[】【|】【*】【|】【`】
  left:【[】【|】
  operator: 【*】
  right:【|】【`】
  output: 【\】【$】【(】【)】
  concatenation: 【[】【|】【|】【`】 mismatch
  reverse concatenation: 【|】【`】【[】【|】 mismatch
  operator: 【*】unknown

【!|-$)】 = 【)/】
  input: 【!】【|】【-】【$】【)】
  left:【!】【|】
  operator: 【-】
  right:【$】【)】
  output: 【)】【/】
  concatenation: 【!】【|】【$】【)】 mismatch
  reverse concatenation: 【$】【)】【!】【|】 mismatch
  operator: 【-】unknown

【/$+|/】 = 【:\】
  input: 【/】【$】【+】【|】【/】
  left:【/】【$】
  operator: 【+】
  right:【|】【/】
  output: 【:】【\】
  concatenation: 【/】【$】【|】【/】 mismatch
  reverse concatenation: 【|】【/】【/】【$】 mismatch
  operator: 【+】unknown

【\/+):】 = 【[`】
  input: 【\】【/】【+】【)】【:】
  left:【\】【/】
  operator: 【+】
  right:【)】【:】
  output: 【[】【`】
  concatenation: 【\】【/】【)】【:】 mismatch
  reverse concatenation: 【)】【:】【\】【/】 mismatch
  operator: 【+】unknown

【`$*|!】 = 【`[|】
  input: 【`】【$】【*】【|】【!】
  left:【`】【$】
  operator: 【*】
  right:【|】【!】
  output: 【`】【[】【|】
  concatenation: 【`】【$】【|】【!】 mismatch
  reverse concatenation: 【|】【!】【`】【$】 mismatch
  operator: 【*】unknown

Question【::-)[】
  input: 【:】【:】【-】【)】【[】
  left:【:】【:】
  operator:【-】
  right:【)】【[】

The question operator is 【-】, which is unknown.
As the question operator is unknown, we default to concatenation.

  concatenation(【:】【:】, 【)】【[】) = 【:】【:】【)】【[】
  output: 【::)[】-> 【{::)[}】

I will now return the answer in 
The answer in  is 
</think>
</think>
\boxed{::)[}",cryptarithm_deduce,::)[,False,-0.17998355627059937
0dce4039,"In Alice's Wonderland, a secret set of transformation rules is applied to equations. Below are a few examples:
@|^|` = `||
)'\#: = )'#:
/'-!@ = @`
Now, determine the result for: )!-#>",-@/,"We need to infer the transformation rule from the examples.
I will put my final answer inside .

【@|^|`】 = 【|`|】
  input: 【@】【|】【^】【|】【`】
  left:【@】【|】
  operator: 【^】
  right:【|】【`】
  output: 【|】【`】【|】
  concatenation: 【@】【|】【|】【`】 mismatch
  reverse concatenation: 【|】【`】【@】【|】 mismatch
  operator: 【^】unknown

【)'\#:】 = 【)'#:】
  input: 【)】【'】【\】【#】【:】
  left:【)】【'】
  operator: 【\】
  right:【#】【:】
  output: 【)】【'】【#】【:】
  concatenation: 【)】【'】【#】【:】 match
  reverse concatenation: 【#】【:】【)】【'】 mismatch
  operator: 【\】concatenation

【/'-!@】 = 【@`】
  input: 【/】【'】【-】【!】【@】
  left:【/】【'】
  operator: 【-】
  right:【!】【@】
  output: 【@】【`】
  concatenation: 【/】【'】【!】【@】 mismatch
  reverse concatenation: 【!】【@】【/】【'】 mismatch
  operator: 【-】unknown

Question【)!-#>】
  input: 【)】【!】【-】【#】【>】
  left:【)】【!】
  operator:【-】
  right:【#】【>】

The question operator is 【-】, which is unknown.
As the question operator is unknown, we default to concatenation.

  concatenation(【)】【!】, 【#】【>】) = 【)】【!】【#】【>】
  output: 【)!#>】-> 【{)!#>}】

I will now return the answer in 
The answer in  is 
</think>
</think>
\boxed{)!#>}",cryptarithm_deduce,)!#>,False,-0.6691051721572876
0df82d52,"In Alice's Wonderland, a secret set of transformation rules is applied to equations. Below are a few examples:
/]@}% = /]}%
%<@)! = %<)!
//'%` = )/?
?!')/ = ]#
]!""?/ = #
Now, determine the result for: /}""#`","""!!","We need to infer the transformation rule from the examples.
I will put my final answer inside .

【/]@}%】 = 【/]}%】
  input: 【/】【]】【@】【}】【%】
  left:【/】【]】
  operator: 【@】
  right:【}】【%】
  output: 【/】【]】【}】【%】
  concatenation: 【/】【]】【}】【%】 match
  reverse concatenation: 【}】【%】【/】【]】 mismatch
  operator: 【@】concatenation

【%<@)!】 = 【%<)!""
  input: 【%】【<】【@】【)】【!】
  left:【%】【<】
  operator: 【@】
  right:【)】【!】
  output: 【%】【<】【)】【!】
  concatenation: 【%】【<】【)】【!】 match
  reverse concatenation: 【)】【!】【%】【<】 mismatch
  operator: 【@】concatenation

【//'%`】 = 【)/?】
  input: 【/】【/】【'】【%】【`】
  left:【/】【/】
  operator: 【'】
  right:【%】【`】
  output: 【)】【/】【?】
  concatenation: 【/】【/】【%】【`】 mismatch
  reverse concatenation: 【%】【`】【/】【/】 mismatch
  operator: 【'】unknown

【?!')/】 = 【]#】
  input: 【?】【!】【'】【)】【/】
  left:【?】【!】
  operator: 【'】
  right:【)】【/】
  output: 【]】【#】
  concatenation: 【?】【!】【)】【/】 mismatch
  reverse concatenation: 【)】【/】【?】【!】 mismatch
  operator: 【'】unknown

【]!""?/】 = 【#】
  input: 【]】【!】【""】【?】【/】
  left:【]】【!】
  operator: 【""】
  right:【?】【/】
  output: 【#】
  concatenation: 【]】【!】【?】【/】 mismatch
  reverse concatenation: 【?】【/】【]】【!】 mismatch
  operator: 【""】unknown

Question【/""#`】
  input: 【/】【""】【#】【`】
  left:【/】【""】
  operator:【#】
  right:【`】

The question operator is 【#】, which is unknown.
As the question operator is unknown, we default to concatenation.

  concatenation(【/】【""】, 【`】) = 【/】【""】【`】
  output: 【/""`】-> 【{/""`}】

I will now return the answer in 
The answer in  is 
</think>
</think>
\boxed{/""`}",cryptarithm_deduce,"/""`",False,-1.3377900123596191
0e009c6d,"In Alice's Wonderland, a secret set of transformation rules is applied to equations. Below are a few examples:
>@'>> = )?>
\%*\` = #!
\>'@\ = \!?>
`\*)> = @/
Now, determine the result for: @?'`?",`?\!,"We need to infer the transformation rule from the examples.
I will put my final answer inside .

【>@'>>】 = 【)??】
  input: 【>】【@】【'】【>】【>】
  left:【>】【@】
  operator: 【'】
  right:【>】【>】
  output: 【)】【?】【?】
  concatenation: 【>】【@】【>】【>】 mismatch
  reverse concatenation: 【>】【>】【>】【@】 mismatch
  operator: 【'】unknown

【\%*\`】 = 【#!】
  input: 【\】【%】【*】【\】【`】
  left:【\】【%】
  operator: 【*】
  right:【\】【`】
  output: 【#】【!】
  concatenation: 【\】【%】【\】【`】 mismatch
  reverse concatenation: 【\】【`】【\】【%】 mismatch
  operator: 【*】unknown

【\>'@\】 = 【\!?>】
  input: 【\】【>】【'】【@】【\】
  left:【\】【>】
  operator: 【'】
  right:【@】【\】
  output: 【\】【!】【?】【>】
  concatenation: 【\】【>】【@】【\】 mismatch
  reverse concatenation: 【@】【\】【\】【>】 mismatch
  operator: 【'】unknown

【`\*)>】 = 【@/】
  input: 【`】【\】【*】【)】【>】
  left:【`】【\】
  operator: 【*】
  right:【)】【>】
  output: 【@】【/】
  concatenation: 【`】【\】【)】【>】 mismatch
  reverse concatenation: 【)】【>】【`】【\】 mismatch
  operator: 【*】unknown

Question【@?'`?】
  input: 【@】【?】【'】【`】【?】
  left:【@】【?】
  operator:【'】
  right:【`】【?】

The question operator is 【'】, which is unknown.
As the question operator is unknown, we default to concatenation.

  concatenation(【@】【?】, 【`】【?】) = 【@】【?】【`】【?】
  output: 【@?`?】-> 【{@?`?}】

I will now return the answer in 
The answer in  is 
</think>
</think>
\boxed{@?`?}",cryptarithm_deduce,@?`?,False,-0.895010769367218
0e2d6796,"In Alice's Wonderland, a secret set of transformation rules is applied to equations. Below are a few examples:
$'*'/ = '/$'
<)+$) = <$]
|)-\] = ``
!!+<) = ')]
Now, determine the result for: !)+'!",|)],"We need to infer the transformation rule from the examples.
I will put my final answer inside .

【$'*'/】 = 【'/$】
  input: 【$】【'】【*】【/】【'】
  left:【$】【'】
  operator: 【*】
  right:【/】【'】
  output: 【'】【/】【$】
  concatenation: 【$】【'】【/】【'】 mismatch
  reverse concatenation: 【/】【'】【$】【'】 mismatch
  operator: 【*】unknown

【<)+$)】 = 【<$-】
  input: 【<】【)】【+】【$】【)】
  left:【<】【)】
  operator: 【+】
  right:【$】【)】
  output: 【<】【$】【]】
  concatenation: 【<】【)】【$】【)】 mismatch
  reverse concatenation: 【$】【)】【<】【)】 mismatch
  operator: 【+】unknown

【|)-\]】 = 【``】
  input: 【|】【)】【-】【\】【]】
  left:【|】【)】
  operator: 【-】
  right:【\】【]】
  output: 【`】【`】
  concatenation: 【|】【)】【\】【]】 mismatch
  reverse concatenation: 【\】【]】【|】【)】 mismatch
  operator: 【-】unknown

【!!+<)】 = 【')]】
  input: 【!】【!】【+】【<】【)】
  left:【!】【!】
  operator: 【+】
  right:【<】【)】
  output: 【'】【)】【]】
  concatenation: 【!】【!】【<】【)】 mismatch
  reverse concatenation: 【<】【)】【!】【!】 mismatch
  operator: 【+】unknown

Question【!)+'!】
  input: 【!】【)】【+】【'】【!】
  left:【!】【)】
  operator:【+】
  right:【'】【!】

The question operator is 【+】, which is unknown.
As the question operator is unknown, we default to concatenation.

  concatenation(【!】【)】, 【'】【!】) = 【!】【)】【'】【!】
  output: 【!)'!】-> 【{!)'!}】

I will now return the answer in 
The answer in  is 
</think>
</think>
\boxed{{)'!}",cryptarithm_deduce,{)'!,False,-0.8112322688102722
0e3307ba,"In Alice's Wonderland, a secret set of transformation rules is applied to equations. Below are a few examples:
!|["""" = |:$
@<%@! = ||$/
<|^<"" = &
Now, determine the result for: $/^{|",:$,"We need to infer the transformation rule from the examples.
I will put my final answer inside .

【!|[""""】 = 【|:$】
  input: 【!】【|】【[】【""】【""】
  left:【!】【|】
  operator: 【[】
  right:【""】【""】
  output: 【|】【:】【$】
  concatenation: 【!】【|】【""】【""】 mismatch
  reverse concatenation: 【""】【""】【!】【|】 mismatch
  operator: 【[】unknown

【@<%@!】 = 【||$/】
  input: 【@】【<】【%】【@】【!】
  left:【@】【<】
  operator: 【%】
  right:【@】【!】
  output: 【|】【|】【$】【/】
  concatenation: 【@】【<】【@】【!】 mismatch
  reverse concatenation: 【@】【!】【@】【<】 mismatch
  operator: 【%】unknown

【<|^<""】 = 【&】
  input: 【<】【|】【^】【<】【""】
  left:【<】【|】
  operator: 【^】
  right:【<】【""】
  output: 【&】
  concatenation: 【<】【|】【<】【""】 mismatch
  reverse concatenation: 【<】【""】【<】【|】 mismatch
  operator: 【^】unknown

Question【$/^{|】
  input: 【$】【/】【^】【{】【|】
  left:【$】【/】
  operator:【^】
  right:【{】【|】

The question operator is 【^】, which is unknown.
As the question operator is unknown, we default to concatenation.

  concatenation(【$】【/】, 【{】【|】) = 【$】【/】【{】【|】
  output: 【$/{|】-> 【{$/{|}】

I will now return the answer in 
The answer in  is 
</think>
</think>
\boxed{$/{|}",cryptarithm_deduce,$/{|,False,-0.6931641101837158
0e375364,"In Alice's Wonderland, a secret set of transformation rules is applied to equations. Below are a few examples:
@""!"") = ?
}/{\\ = }?\'
%']/% = ?)
'@{%\ = @}??
Now, determine the result for: }${/@",}/@,"We need to infer the transformation rule from the examples.
I will put my final answer inside .

【@""!"")】 = 【?】
  input: 【""】【@】【!】【""】【)】
  left:【""】【@】
  operator: 【!】
  right:【""】【)】
  output: 【?】
  concatenation: 【""】【@】【""】【)】 mismatch
  reverse concatenation: 【""】【)】【""】【@】 mismatch
  operator: 【!】unknown

【}/{\\】 = 【}?\】
  input: 【}】【/】【{】【\】【\】
  left:【}】【/】
  operator: 【{】
  right:【\】【\】
  output: 【}】【?】【\】
  concatenation: 【}】【/】【\】【\】 mismatch
  reverse concatenation: 【\】【\】【}】【/】 mismatch
  operator: 【{】unknown

【%']/%】 = 【?)】
  input: 【%】【'】【]】【/】【%】
  left:【%】【'】
  operator: 【]】
  right:【/】【%】
  output: 【?】【)】
  concatenation: 【%】【'】【/】【%】 mismatch
  reverse concatenation: 【/】【%】【%】【'】 mismatch
  operator: 【]】unknown

【'@{%\】 = 【@}??】
  input: 【'】【@】【{】【%】【\】
  left:【'】【@】
  operator: 【{】
  right:【%】【\】
  output: 【@】【}】【?】【?】
  concatenation: 【'】【@】【%】【\】 mismatch
  reverse concatenation: 【%】【\】【'】【@】 mismatch
  operator: 【{】unknown

【}(${/@】 = 【??】
  input: 【}】【$】【(】【/】【@】
  left:【}】【$】
  operator: 【(】
  right:【/】【@】
  output: 【?】【?】
  concatenation: 【}】【$】【/】【@】 mismatch
  reverse concatenation: 【/】【@】【}】【$】 mismatch
  operator: 【(】unknown

Question【}(${/@】
  input: 【}】【$】【(】【/】【@】
  left:【}】【$】
  operator:【(】
  right:【/】【@】

The question operator is 【(】, which is unknown.
As the question operator is unknown, we default to concatenation.

  concatenation(【}】【$】, 【/】【@】) = 【}】【$】【/】【@】
  output: 【}$/@】-> 【{}$/@}】

I will now return the answer in 
The answer in  is 
</think>
</think>
\boxed{}$/@}",cryptarithm_deduce,,False,-1.0685334205627441
0f01cece,"In Alice's Wonderland, a secret set of transformation rules is applied to equations. Below are a few examples:
@%+`` = :^(
`:+`{ = :?{
(:*}% = (:}%
Now, determine the result for: :@+`\",@^,"We need to infer the transformation rule from the examples.
I will put my final answer inside .

【@%+``】 = 【:^(`】
  input: 【@】【%】【+】【`】【`】
  left:【@】【%】
  operator: 【+】
  right:【`】【`】
  output: 【:】【^】【(】【`】
  concatenation: 【@】【%】【`】【`】 mismatch
  reverse concatenation: 【`】【`】【@】【%】 mismatch
  operator: 【+】unknown

【`:+`{】 = 【:?{】
  input: 【`】【:】【+】【{】【`】
  left:【`】【:】
  operator: 【+】
  right:【{】【`】
  output: 【:】【?】【{】
  concatenation: 【`】【:】【{】【`】 mismatch
  reverse concatenation: 【{】【`】【`】【:】 mismatch
  operator: 【+】unknown

【(:*}%】 = 【(:}%】
  input: 【(】【:】【*】【}】【%】
  left:【(】【:】
  operator: 【*】
  right:【}】【%】
  output: 【(】【:】【}】【%】
  concatenation: 【(】【:】【}】【%】 match
  reverse concatenation: 【}】【%】【(】【:】 mismatch
  operator: 【*】concatenation

Question【:@+`\】
  input: 【:】【@】【+】【`】【\】
  left:【:】【@】
  operator:【+】
  right:【`】【\】

The question operator is 【+】, which is unknown.
As the question operator is unknown, we default to concatenation.

  concatenation(【:】【@】, 【`】【\】) = 【:】【@】【`】【\】
  output: 【:@`\】-> 【{:@`\}】

I will now return the answer in 
The answer in  is 
</think>
</think>
\boxed{:@`\}",cryptarithm_deduce,:@`\,False,-0.6204639077186584
0f6436da,"In Alice's Wonderland, a secret set of transformation rules is applied to equations. Below are a few examples:
>#+>| = #%
%?+$< = >|$
|/^%| = |/%|
%?+'# = >#/
Now, determine the result for: '>+>$",$?,"We need to infer the transformation rule from the examples.
I will put my final answer inside .

【>#+>|】 = 【#%】
  input: 【>】【#】【+】【>】【|】
  left:【>】【#】
  operator: 【+】
  right:【>】【|】
  output: 【#】【%】
  concatenation: 【>】【#】【>】【|】 mismatch
  reverse concatenation: 【>】【|】【>】【#】 mismatch
  operator: 【+】unknown

【%?+$<】 = 【>|$】
  input: 【%】【?】【+】【$】【<】
  left:【%】【?】
  operator: 【+】
  right:【$】【<】
  output: 【>】【|】【$】
  concatenation: 【%】【?】【$】【<】 mismatch
  reverse concatenation: 【$】【<】【%】【?】 mismatch
  operator: 【+】unknown

【|/^%|】 = 【|/%|】
  input: 【|】【/】【^】【%】【|】
  left:【|】【/】
  operator: 【^】
  right:【%】【|】
  output: 【|】【/】【%】【|】
  concatenation: 【|】【/】【%】【|】 match
  reverse concatenation: 【%】【|】【|】【/】 mismatch
  operator: 【^】concatenation

【%?+'#】 = 【>#/】
  input: 【%】【?】【+】【'】【#】
  left:【%】【?】
  operator: 【+】
  right:【'】【#】
  output: 【>】【#】【/】
  concatenation: 【%】【?】【'】【#】 mismatch
  reverse concatenation: 【'】【#】【%】【?】 mismatch
  operator: 【+】unknown

Question【'>+>$】
  input: 【'】【>】【+】【>】【$】
  left:【'】【>】
  operator:【+】
  right:【>】【$】

The question operator is 【+】, which is unknown.
As the question operator is unknown, we default to concatenation.

  concatenation(【'】【>】, 【>】【$】) = 【'】【>】【>】【$】
  output: 【'>>$】-> 【{'>>$'}】

I will now return the answer in 
The answer in  is 
</think>
</think>
\boxed{'>>$}",cryptarithm_deduce,'>>$,False,-0.47514671087265015
0fe53bac,"In Alice's Wonderland, a secret set of transformation rules is applied to equations. Below are a few examples:
(@+!| = @""
}(-^} = }}
?""+): = ()@
@@-""@ = -)
Now, determine the result for: ^?+(|","(""","We need to infer the transformation rule from the examples.
I will put my final answer inside .

【(@+!|】 = 【@""】
  input: 【(】【@】【+】【!】【|】
  left:【(】【@】
  operator: 【+】
  right:【!】【|】
  output: 【@】【""】
  concatenation: 【(】【@】【!】【|】 mismatch
  reverse concatenation: 【!】【|】【(】【@】 mismatch
  operator: 【+】unknown

【}(-^}】 = 【}}】
  input: 【}】【(】【-】【^】【}】
  left:【}】【(】
  operator: 【-】
  right:【^】【}】
  output: 【}】【}】
  concatenation: 【}】【(】【^】【}】 mismatch
  reverse concatenation: 【^】【}】【}】【(】 mismatch
  operator: 【-】unknown

【?""+):】 = 【()@】
  input: 【?】【""】【+】【)】【:】
  left:【?】【""】
  operator: 【+】
  right:【)】【:】
  output: 【(】【)】【@】
  concatenation: 【?】【""】【)】【:】 mismatch
  reverse concatenation: 【)】【:】【?】【""】 mismatch
  operator: 【+】unknown

【@@-""@】 = 【-)】
  input: 【@】【@】【-】【""】【@】
  left:【@】【@】
  operator: 【-】
  right:【""】【@】
  output: 【-】【)】
  concatenation: 【@】【@】【""】【@】 mismatch
  reverse concatenation: 【""】【@】【@】【@】 mismatch
  operator: 【-】unknown

Question【^?+(|】
  input: 【^】【?】【+】【(】【|】
  left:【^】【?】
  operator:【+】
  right:【(】【|】

The question operator is 【+】, which is unknown.
As the question operator is unknown, we default to concatenation.

  concatenation(【^】【?】, 【(】【|】) = 【^】【?】【(】【|】
  output: 【^?(|】-> 【{^?(|}】

I will now return the answer in 
The answer in  is 
</think>
</think>
\boxed{^?(|}",cryptarithm_deduce,^?(|,False,-0.3692038357257843
10552d46,"In Alice's Wonderland, a secret set of transformation rules is applied to equations. Below are a few examples:
:`+}? = :`}?
'#*#} = #$?#
?#-$` = ?`
}#-(` = ?#
Now, determine the result for: (?-:(",?',"We need to infer the transformation rule from the examples.
I will put my final answer inside .

【:`+}?】 = 【:`}?】
  input: 【:】【`】【+】【}】【?】
  left:【:】【`】
  operator: 【+】
  right:【}】【?】
  output: 【:】【`】【}】【?】
  concatenation: 【:】【`】【}】【?】 match
  reverse concatenation: 【}】【?】【:】【`】 mismatch
  operator: 【+】concatenation

【'#*#}】 = 【#$#】
  input: 【'】【#】【*】【#】【}】
  left:【'】【#】
  operator: 【*】
  right:【#】【}】
  output: 【#】【$】【#】
  concatenation: 【'】【#】【#】【}】 mismatch
  reverse concatenation: 【#】【}】【'】【#】 mismatch
  operator: 【*】unknown

【?#-$`】 = 【?`】
  input: 【?】【#】【-】【$】【`】
  left:【?】【#】
  operator: 【-】
  right:【$】【`】
  output: 【?】【`】
  concatenation: 【?】【#】【$】【`】 mismatch
  reverse concatenation: 【$】【`】【?】【#】 mismatch
  operator: 【-】unknown

【}#-(`】 = 【?#】
  input: 【}】【#】【-】【(】【`】
  left:【}】【#】
  operator: 【-】
  right:【(】【`】
  output: 【?】【#】
  concatenation: 【}】【#】【(】【`】 mismatch
  reverse concatenation: 【(】【`】【}】【#】 mismatch
  operator: 【-】unknown

Question【(?-(】
  input: 【(】【?】【-】【:】【(】
  left:【(】【?】
  operator:【-】
  right:【:】【(】

The question operator is 【-】, which is unknown.
As the question operator is unknown, we default to concatenation.

  concatenation(【(】【?】, 【:】【(】) = 【(】【?】【:】【(】
  output: 【(?:(】-> 【{(?:(}】

I will now return the answer in 
The answer in  is 
</think>
</think>
\boxed{(?:(}",cryptarithm_deduce,(?:(,False,-0.5795435309410095
108067c3,"In Alice's Wonderland, a secret set of transformation rules is applied to equations. Below are a few examples:
<\|[$ = $:[
\)#$' = <[<
{'#{` = <'`
{)#`) = $<{[
$\]@@ = )<
Now, determine the result for: ['|<)",$$`,"We need to infer the transformation rule from the examples.
I will put my final answer inside .

【<\|[$】 = 【$:[】
  input: 【<】【\】【|】【[】【$】
  left:【<】【\】
  operator: 【|】
  right:【[】【$】
  output: 【$】【:】【[】
  concatenation: 【<】【\】【[】【$】 mismatch
  reverse concatenation: 【[】【$】【<】【\】 mismatch
  operator: 【|】unknown

【\)#$'】 = 【<[<】
  input: 【\】【)】【#】【$】【'】
  left:【\】【)】
  operator: 【#】
  right:【$】【'】
  output: 【<】【[】【<】
  concatenation: 【\】【)】【$】【'】 mismatch
  reverse concatenation: 【$】【'】【\】【)】 mismatch
  operator: 【#】unknown

【{'#{`】 = 【<'`】
  input: 【{】【'】【#】【{】【`】
  left:【{】【'】
  operator: 【#】
  right:【{】【`】
  output: 【<】【'】【`】
  concatenation: 【{】【'】【{】【`】 mismatch
  reverse concatenation: 【{】【`】【{】【'】 mismatch
  operator: 【#】unknown

【{)#`)】 = 【$<{[】
  input: 【{】【)】【#】【`】【)】
  left:【{】【)】
  operator: 【#】
  right:【`】【)】
  output: 【$】【<】【{】【[】
  concatenation: 【{】【)】【`】【)】 mismatch
  reverse concatenation: 【`】【)】【{】【)】 mismatch
  operator: 【#】unknown

【$\]@@】 = 【)<】
  input: 【$】【\】【]】【@】【@】
  left:【$】【\】
  operator: 【]】
  right:【@】【@】
  output: 【)】【<】
  concatenation: 【$】【\】【@】【@】 mismatch
  reverse concatenation: 【@】【@】【$】【\】 mismatch
  operator: 【]】unknown

Question【['|<)】
  input: 【[】【'】【|】【<】【)】
  left:【[】【'】
  operator:【|】
  right:【<】【)】

The question operator is 【|】, which is unknown.
As the question operator is unknown, we default to concatenation.

  concatenation(【[】【'】, 【<】【)】) = 【[】【'】【<】【)】
  output: 【['<)】-> 【{['<)}】

I will now return the answer in 
The answer in  is 
</think>
</think>
\boxed{['<)}",cryptarithm_deduce,['<),False,-0.3205862045288086
10a94678,"In Alice's Wonderland, a secret set of transformation rules is applied to equations. Below are a few examples:
}<+<< = <<}<
<}-}} = $
""(*!) = ""><$
$(+!! = !!$(
Now, determine the result for: "">*)\","""""\}","We need to infer the transformation rule from the examples.
I will put my final answer inside .

【}<+<<】 = 【<<}<】
  input: 【}】【<】【+】【<】【<】
  left:【}】【<】
  operator: 【+】
  right:【<】【<】
  output: 【<】【<】【}】【<】
  concatenation: 【}】【<】【<】【<】 mismatch
  reverse concatenation: 【<】【<】【}】【<】 match
  operator: 【+】reverse concatenation

【<}-}}】 = 【$】
  input: 【<】【}】【-】【}】【}】
  left:【<】【}】
  operator: 【-】
  right:【}】【}】
  output: 【$】
  concatenation: 【<】【}】【}】【}】 mismatch
  reverse concatenation: 【}】【}】【<】【}】 mismatch
  operator: 【-】unknown

【""(*!)】 = 【""><$】
  input: 【""】【(】【*】【!】【)】
  left:【""】【(】
  operator: 【*】
  right:【!】【)】
  output: 【""】【>】【<】【$】
  concatenation: 【""】【(】【!】【)】 mismatch
  reverse concatenation: 【!】【)】【""】【(】 mismatch
  operator: 【*】unknown

【$(+!!】 = 【!!$(】
  input: 【$】【(】【+】【!】【!】
  left:【$】【(】
  operator: 【+】
  right:【!】【!】
  output: 【!】【!】【$】【(】
  concatenation: 【$】【(】【!】【!】 mismatch
  reverse concatenation: 【!】【!】【$】【(】 match
  operator: 【+】reverse concatenation

Question【"">*)\】
  input: 【""】【>】【*】【)】【\】
  left:【""】【>】
  operator:【*】
  right:【)】【\】

The question operator is 【*】, which is unknown.
As the question operator is unknown, we default to concatenation.

  concatenation(【""】【>】, 【)】【\】) = 【""】【>】【)】【\】
  output: 【"">)\】-> 【{"">)\}】

I will now return the answer in 
The answer in  is 
</think>
</think>
\boxed{"">)\}",cryptarithm_deduce,""">)\",False,-0.7473717331886292
10b71e8a,"In Alice's Wonderland, a secret set of transformation rules is applied to equations. Below are a few examples:
>^*?& = >^?&
&>-\: = -&#
]#-\& = -#:
@:+\? = #&}
Now, determine the result for: ]?+>?",#}:,"We need to infer the transformation rule from the examples.
I will put my final answer inside .

【>^*?&】 = 【>^?&】
  input: 【>】【^】【*】【?】【&】
  left:【>】【^】
  operator: 【*】
  right:【?】【&】
  output: 【>】【^】【?】【&】
  concatenation: 【>】【^】【?】【&】 match
  reverse concatenation: 【?】【&】【>】【^】 mismatch
  operator: 【*】concatenation

【&>-\:】 = 【-&#】
  input: 【&】【>】【-】【\】【:】
  left:【&】【>】
  operator: 【-】
  right:【\】【:】
  output: 【-】【#】【&】
  concatenation: 【&】【>】【\】【:】 mismatch
  reverse concatenation: 【\】【:】【&】【>】 mismatch
  operator: 【-】unknown

【]#-\&】 = 【-#:】
  input: 【]】【#】【-】【\】【&】
  left:【]】【#】
  operator: 【-】
  right:【\】【&】
  output: 【-】【#】【:】
  concatenation: 【]】【#】【\】【&】 mismatch
  reverse concatenation: 【\】【&】【]】【#】 mismatch
  operator: 【-】unknown

【@:+\?】 = 【#&}】
  input: 【@】【:】【+】【\】【?】
  left:【@】【:】
  operator: 【+】
  right:【\】【?】
  output: 【#】【&】【}】
  concatenation: 【@】【:】【\】【?】 mismatch
  reverse concatenation: 【\】【?】【@】【:】 mismatch
  operator: 【+】unknown

Question【]?+>?】
  input: 【]】【?】【+】【>】【?】
  left:【]】【?】
  operator:【+】
  right:【>】【?】

The question operator is 【+】, which is unknown.
As the question operator is unknown, we default to concatenation.

  concatenation(【]】【?】, 【>】【?】) = 【]】【?】【>】【?】
  output: 【]?>?】-> 【{]?>?}】

I will now return the answer in 
The answer in  is 
</think>
</think>
\boxed{]?>?}",cryptarithm_deduce,]?>?,False,-0.35689324140548706
1153ce4a,"In Alice's Wonderland, a secret set of transformation rules is applied to equations. Below are a few examples:
]|*$$ = >""""|
@(*$| = @)\|
$)+|"" = \\>
""@-"""" = -\|
\>*`$ = ]""$
Now, determine the result for: >`+\`",>|>,"We need to infer the transformation rule from the examples.
I will put my final answer inside .

【]|*$$】 = 【>""""|】
  input: 【]】【|】【*】【$】【$】
  left:【]】【|】
  operator: 【*】
  right:【$】【$】
  output: 【>】【""】【""】【|】
  concatenation: 【]】【|】【$】【$】 mismatch
  reverse concatenation: 【$】【$】【]】【|】 mismatch
  operator: 【*】unknown

【@(*$|】 = 【@)\|】
  input: 【@】【(】【*】【$】【|】
  left:【@】【(】
  operator: 【*】
  right:【$】【|】
  output: 【@】【)】【\】【|】
  concatenation: 【@】【(】【$】【|】 mismatch
  reverse concatenation: 【$】【|】【@】【(】 mismatch
  operator: 【*】unknown

【$)+|""】 = 【\\>】
  input: 【$】【)】【+】【|】【""】
  left:【$】【)】
  operator: 【+】
  right:【|】【""】
  output: 【\】【\】【>】
  concatenation: 【$】【)】【|】【""】 mismatch
  reverse concatenation: 【|】【""】【$】【)】 mismatch
  operator: 【+】unknown

【""@-""""】 = 【-\|】
  input: 【""】【@】【-】【""】【""】
  left:【""】【@】
  operator: 【-】
  right:【""】【""】
  output: 【-】【\】【|】
  concatenation: 【""】【@】【""】【""】 mismatch
  reverse concatenation: 【""】【""】【""】【@】 mismatch
  operator: 【-】unknown

【\>*`$】 = 【]""$】
  input: 【\】【>】【*】【`】【$】
  left:【\】【>】
  operator: 【*】
  right:【`】【$】
  output: 【]】【""】【$】
  concatenation: 【\】【>】【`】【$】 mismatch
  reverse concatenation: 【`】【$】【\】【>】 mismatch
  operator: 【*】unknown

Question【>`+\`】
  input: 【>】【`】【+】【\】【`】
  left:【>】【`】
  operator:【+】
  right:【\】【`】

The question operator is 【+】, which is unknown.
As the question operator is unknown, we default to concatenation.

  concatenation(【>】【`】, 【\】【`】) = 【>】【`】【\】【`】
  output: 【>`\`】-> 【{>`\`}】

I will now return the answer in 
The answer in  is 
</think>
</think>
\boxed{>`\`}",cryptarithm_deduce,>`\`,False,-0.45243212580680847
11e77bf9,"In Alice's Wonderland, a secret set of transformation rules is applied to equations. Below are a few examples:
:!*\& = '\^&
\#*@& = %#%:
@#+%: = #'
\@-:% = !:
Now, determine the result for: :!-&@",@',"We need to infer the transformation rule from the examples.
I will put my final answer inside .

【:!*\&】 = 【'\^&】
  input: 【:】【!】【*】【\】【&】
  left:【:】【!】
  operator: 【*】
  right:【\】【&】
  output: 【'】【\】【^】【&】
  concatenation: 【:】【!】【\】【&】 mismatch
  reverse concatenation: 【\】【&】【:】【!】 mismatch
  operator: 【*】unknown

【\#*@&】 = 【%#%:】
  input: 【\】【#】【*】【@】【&】
  left:【\】【#】
  operator: 【*】
  right:【@】【&】
  output: 【%】【#】【%】【:】
  concatenation: 【\】【#】【@】【&】 mismatch
  reverse concatenation: 【@】【&】【\】【#】 mismatch
  operator: 【*】unknown

【@#+%:】 = 【#'】
  input: 【@】【#】【+】【%】【:】
  left:【@】【#】
  operator: 【+】
  right:【%】【:】
  output: 【#】【'】
  concatenation: 【@】【#】【%】【:】 mismatch
  reverse concatenation: 【%】【:】【@】【#】 mismatch
  operator: 【+】unknown

【\@-:%】 = 【!:】
  input: 【\】【@】【-】【:】【%】
  left:【\】【@】
  operator: 【-】
  right:【:】【%】
  output: 【!】【:】
  concatenation: 【\】【@】【:】【%】 mismatch
  reverse concatenation: 【:】【%】【\】【@】 mismatch
  operator: 【-】unknown

Question【:!-&@】
  input: 【:】【!】【-】【&】【@】
  left:【:】【!】
  operator:【-】
  right:【&】【@】

The question operator is 【-】, which is unknown.
As the question operator is unknown, we default to concatenation.

  concatenation(【:】【!】, 【&】【@】) = 【:】【!】【&】【@】
  output: 【:!&@】-> 【{:!&@}】

I will now return the answer in 
The answer in  is 
</think>
</think>
\boxed{:!&@}",cryptarithm_deduce,:!&@,False,-0.16030636429786682
11fee43b,"In Alice's Wonderland, a secret set of transformation rules is applied to equations. Below are a few examples:
@]*?} = [?'""
'?-]"" = -&
[/+&/ = ""/
@]+[? = '/
[[-&' = -?]
Now, determine the result for: &/*'&",]&'[,"We need to infer the transformation rule from the examples.
I will put my final answer inside .

【@]*?}】 = 【[?'""】
  input: 【@】【]】【*】【?】【}】
  left:【@】【]】
  operator: 【*】
  right:【?】【}】
  output: 【[】【'】【?】【""】
  concatenation: 【@】【]】【?】【}】 mismatch
  reverse concatenation: 【?】【}】【@】【]】 mismatch
  operator: 【*】unknown

【'?-]""】 = 【-&】
  input: 【'】【?】【-】【]】【""】
  left:【'】【?】
  operator: 【-】
  right:【]】【""】
  output: 【-】【&】
  concatenation: 【'】【?】【]】【""】 mismatch
  reverse concatenation: 【]】【""】【'】【?】 mismatch
  operator: 【-】unknown

【[/+&/】 = 【""/】
  input: 【[】【/】【+】【&】【/】
  left:【[】【/】
  operator: 【+】
  right:【&】【/】
  output: 【""】【/】
  concatenation: 【[】【/】【&】【/】 mismatch
  reverse concatenation: 【&】【/】【[】【/】 mismatch
  operator: 【+】unknown

【@]+[?】 = 【'/】
  input: 【@】【]】【+】【[】【?】
  left:【@】【]】
  operator: 【+】
  right:【[】【?】
  output: 【'】【/】
  concatenation: 【@】【]】【[】【?】 mismatch
  reverse concatenation: 【[】【?】【@】【]】 mismatch
  operator: 【+】unknown

【[[-&'】 = 【-?]】
  input: 【[】【[】【-】【&】【'】
  left:【[】【[】
  operator: 【-】
  right:【&】【'】
  output: 【-】【?】【]】
  concatenation: 【[】【[】【&】【'】 mismatch
  reverse concatenation: 【&】【'】【[】【[】 mismatch
  operator: 【-】unknown

Question【&/*'&】
  input: 【&】【/】【*】【'】【&】
  left:【&】【/】
  operator:【*】
  right:【'】【&】

The question operator is 【*】, which is unknown.
As the question operator is unknown, we default to concatenation.

  concatenation(【&】【/】, 【'】【&】) = 【&】【/】【'】【&】
  output: 【&/&】-> 【{&/&}】

I will now return the answer in 
The answer in  is 
</think>
</think>
\boxed{&/&}",cryptarithm_deduce,&/&,False,-0.31331107020378113
12734c90,"In Alice's Wonderland, a secret set of transformation rules is applied to equations. Below are a few examples:
#'%#> = ]\&]
{[*(# = >
]#%{@ = {#\#
''/'] = ][\
Now, determine the result for: #'%@]",]@>[,"We need to infer the transformation rule from the examples.
I will put my final answer inside .

【#'%#>】 = 【]\&]】
  input: 【#】【'】【%】【#】【>】
  left:【#】【'】
  operator: 【%】
  right:【#】【>】
  output: 【]】【\】【&】【]】
  concatenation: 【#】【'】【#】【>】 mismatch
  reverse concatenation: 【#】【>】【#】【'】 mismatch
  operator: 【%】unknown

【{[*(#】 = 【>】
  input: 【{】【[】【*】【(】【#】
  left:【{】【[】
  operator: 【*】
  right:【(】【#】
  output: 【>】
  concatenation: 【{】【[】【(】【#】 mismatch
  reverse concatenation: 【(】【#】【{】【[】 mismatch
  operator: 【*】unknown

【]#%{@】 = 【{#\#】
  input: 【]】【#】【%】【{】【@】
  left:【]】【#】
  operator: 【%】
  right:【{】【@】
  output: 【{】【#】【\】【#】
  concatenation: 【]】【#】【{】【@】 mismatch
  reverse concatenation: 【{】【@】【]】【#】 mismatch
  operator: 【%】unknown

【''/']】 = 【][\】
  input: 【'】【'】【/】【'】【]】
  left:【'】【'】
  operator: 【/】
  right:【'】【]】
  output: 【]】【[】【\】
  concatenation: 【'】【'】【'】【]】 mismatch
  reverse concatenation: 【'】【]】【'】【'】 mismatch
  operator: 【/】unknown

Question【#'%@]】
  input: 【#】【'】【%】【@】【]】
  left:【#】【'】
  operator:【%】
  right:【@】【]】

The question operator is 【%】, which is unknown.
As the question operator is unknown, we default to concatenation.

  concatenation(【#】【'】, 【@】【]】) = 【#】【'】【@】【]】
  output: 【#'@]】-> 【{#'@]}】

I will now return the answer in 
The answer in  is 
</think>
</think>
\boxed{#'@]}",cryptarithm_deduce,#'@],False,-0.3487187325954437
1342687b,"In Alice's Wonderland, a secret set of transformation rules is applied to equations. Below are a few examples:
@(+<< = ]!
]!+]< = %%
<(*]) = )/:@
Now, determine the result for: %<*#(",<%#<,"We need to infer the transformation rule from the examples.
I will put my final answer inside .

【@(+<<】 = 【]!】
  input: 【@】【(】【+】【<】【<】
  left:【@】【(】
  operator: 【+】
  right:【<】【<】
  output: 【]】【!】
  concatenation: 【@】【(】【<】【<】 mismatch
  reverse concatenation: 【<】【<】【@】【(】 mismatch
  operator: 【+】unknown

【]!+]<】 = 【%%】
  input: 【]】【!】【+】【]】【<】
  left:【]】【!】
  operator: 【+】
  right:【]】【<】
  output: 【%】【%】
  concatenation: 【]】【!】【]】【<】 mismatch
  reverse concatenation: 【]】【<】【]】【!】 mismatch
  operator: 【+】unknown

【<(*])】 = 【)/:@】
  input: 【<】【(】【*】【]】【)】
  left:【<】【(】
  operator: 【*】
  right:【]】【)】
  output: 【)】【/】【:】【@】
  concatenation: 【<】【(】【]】【)】 mismatch
  reverse concatenation: 【]】【)】【<】【(】 mismatch
  operator: 【*】unknown

Question【%<*#(】
  input: 【%】【<】【*】【#】【(】
  left:【%】【<】
  operator:【*】
  right:【#】【(】

The question operator is 【*】, which is unknown.
As the question operator is unknown, we default to concatenation.

  concatenation(【%】【<】, 【#】【(】) = 【%】【<】【#】【(】
  output: 【%<#(】-> 【{%<#(}】

I will now return the answer in 
The answer in  is 
</think>
</think>
\boxed{%<#(}",cryptarithm_deduce,%<#(,False,-0.47424808144569397
141a881e,"In Alice's Wonderland, a secret set of transformation rules is applied to equations. Below are a few examples:
!/-{< = /!
`}+<< = @`!
^<*^! = !''
{%-^/ = }!
@<-^^ = -%{
Now, determine the result for: @}*}%",//%',"We need to infer the transformation rule from the examples.
I will put my final answer inside .

【!/-{<】 = 【/!】
  input: 【!】【/】【-】【{】【<】
  left:【!】【/】
  operator: 【-】
  right:【{】【<】
  output: 【/】【!】
  concatenation: 【!】【/】【{】【<】 mismatch
  reverse concatenation: 【{】【<】【!】【/】 mismatch
  operator: 【-】unknown

【`}+<<】 = 【@`!】
  input: 【`】【}】【+】【<】【<】
  left:【`】【}】
  operator: 【+】
  right:【<】【<】
  output: 【@】【`】【!】
  concatenation: 【`】【}】【<】【<】 mismatch
  reverse concatenation: 【<】【<】【`】【}】 mismatch
  operator: 【+】unknown

【^<*^!】 = 【!'']
  input: 【^】【<】【*】【^】【!】
  left:【^】【<】
  operator: 【*】
  right:【^】【!】
  output: 【!】【'】【'】【""】
  concatenation: 【^】【<】【^】【!】 mismatch
  reverse concatenation: 【^】【!】【^】【<】 mismatch
  operator: 【*】unknown

【{%-^/】 = 【}!】
  input: 【{】【-】【>】【^】【/】
  left:【{】【-】
  operator: 【>】
  right:【^】【/】
  output: 【}】【!】
  concatenation: 【{】【-】【^】【/】 mismatch
  reverse concatenation: 【^】【/】【{】【-】 mismatch
  operator: 【>】unknown

【@<-^^】 = 【-%{】
  input: 【@】【<】【-】【^】【^】
  left:【@】【<】
  operator: 【-】
  right:【^】【^】
  output: 【-】【%】【{】
  concatenation: 【@】【<】【^】【^】 mismatch
  reverse concatenation: 【^】【^】【@】【<】 mismatch
  operator: 【-】unknown

Question【@}*%}】
  input: 【@】【}】【*】【%】【}】
  left:【@】【}】
  operator:【*】
  right:【%】【}】

The question operator is 【*】, which is unknown.
As the question operator is unknown, we default to concatenation.

  concatenation(【@】【}】, 【%】【}】) = 【@】【}】【%】【}】
  output: 【@}%}】-> 【{@}%}】

I will now return the answer in 
The answer in  is 
</think>
</think>
\boxed{@}%}",cryptarithm_deduce,@,False,-0.5786345601081848
14d4d68e,"In Alice's Wonderland, a secret set of transformation rules is applied to equations. Below are a few examples:
{>-^> = '
{<*<% = <%{<
[/*{[ = {[[/
Now, determine the result for: '/->[",-$',"We need to infer the transformation rule from the examples.
I will put my final answer inside .

【{>-^>】 = 【'】
  input: 【{】【>】【-】【^】【>】
  left:【{】【>】
  operator: 【-】
  right:【^】【>】
  output: 【'】
  concatenation: 【{】【>】【^】【>】 mismatch
  reverse concatenation: 【^】【>】【{】【>】 mismatch
  operator: 【-】unknown

【{<*<%】 = 【<%{<】
  input: 【{】【<】【*】【<】【%】
  left:【{】【<】
  operator: 【*】
  right:【<】【%】
  output: 【<】【%】【{】【<】
  concatenation: 【{】【<】【<】【%】 mismatch
  reverse concatenation: 【<】【%】【{】【<】 match
  operator: 【*】reverse concatenation

【[/*{[】 = 【{[[/】
  input: 【[】【/】【*】【{】【[】
  left:【[】【/】
  operator: 【*】
  right:【{】【[】
  output: 【{】【[】【[】【/】
  concatenation: 【[】【/】【{】【[】 mismatch
  reverse concatenation: 【{】【[】【[】【/】 match
  operator: 【*】reverse concatenation

Question【'/->[】
  input: 【'】【/】【-】【>】【[】
  left:【'】【/】
  operator:【-】
  right:【>】【[】

The question operator is 【-】, which is unknown.
As the question operator is unknown, we default to concatenation.

  concatenation(【'】【/】, 【>】【[】) = 【'】【/】【>】【[】
  output: 【'/>[】-> 【{'/>[}】

I will now return the answer in 
The answer in  is 
</think>
</think>
\boxed{'/>[}",cryptarithm_deduce,'/>[,False,-0.6330775022506714
1520013c,"In Alice's Wonderland, a secret set of transformation rules is applied to equations. Below are a few examples:
\\/{: = \""%[
[:>\[ = >`{
{[/][ = ]]`[
[%>\"" = >??
""%/""[ = ?{[\
Now, determine the result for: {?>?[",[[,"We need to infer the transformation rule from the examples.
I will put my final answer inside .

【\\/{:】 = 【\""%[】
  input: 【\】【\】【/】【{】【:】
  left:【\】【\】
  operator: 【/】
  right:【{】【:】
  output: 【\】【""】【%】【[】
  concatenation: 【\】【\】【{】【:】 mismatch
  reverse concatenation: 【{】【:】【\】【\】 mismatch
  operator: 【/】unknown

【[:>\[】 = 【>`{】
  input: 【[】【:】【>】【\】【[】
  left:【[】【:】
  operator: 【>】
  right:【\】【[】
  output: 【>】【`】【{】
  concatenation: 【[】【:】【\】【[】 mismatch
  reverse concatenation: 【\】【[】【[】【:】 mismatch
  operator: 【>】unknown

【{[/][】 = 【]`【[】
  input: 【{】【[】【/】【]】【[】
  left:【{】【[】
  operator: 【/】
  right:【]】【[】
  output: 【]】【`】【[】
  concatenation: 【{】【[】【]】【[】 mismatch
  reverse concatenation: 【]】【[】【{】【[】 mismatch
  operator: 【/】unknown

【[%>\""】 = 【>??】
  input: 【[】【%】【>】【\】【""】
  left:【[】【%】
  operator: 【>】
  right:【\】【""】
  output: 【>】【?】【?】
  concatenation: 【[】【%】【\】【""】 mismatch
  reverse concatenation: 【\】【""】【[】【%】 mismatch
  operator: 【>】unknown

【""%/""[】 = 【?{[\】
  input: 【""】【%】【/】【""】【[】
  left:【""】【%】
  operator: 【/】
  right:【""】【[】
  output: 【?】【{】【[】【\】
  concatenation: 【""】【%】【""】【[】 mismatch
  reverse concatenation: 【""】【[】【""】【%】 mismatch
  operator: 【/】unknown

Question【{?>?[】
  input: 【{】【?】【>】【?】【[】
  left:【{】【?】
  operator:【>】
  right:【?】【[】

The question operator is 【>】, which is unknown.
As the question operator is unknown, we default to concatenation.

  concatenation(【{】【?】, 【?】【[】) = 【{】【?】【?】【[】
  output: 【{??[】-> 【{{??[}】

I will now return the answer in 
The answer in  is 
</think>
</think>
\boxed{{??[}",cryptarithm_deduce,{??[,False,-0.5812829732894897
1545b8f1,"In Alice's Wonderland, a secret set of transformation rules is applied to equations. Below are a few examples:
$'+{> = %<>
>!+{: = {%>
{'-:: = $%
Now, determine the result for: $|+$|",!)>,"We need to infer the transformation rule from the examples.
I will put my final answer inside .

【$'+{>】 = 【%<>】
  input: 【$】【'】【+】【{】【>】
  left:【$】【'】
  operator: 【+】
  right:【{】【>】
  output: 【%】【<】【>】
  concatenation: 【$】【'】【{】【>】 mismatch
  reverse concatenation: 【{】【>】【$】【'】 mismatch
  operator: 【+】unknown

【>!+{:】 = 【{%>】
  input: 【>】【!】【+】【{】【:】
  left:【>】【!】
  operator: 【+】
  right:【{】【:】
  output: 【{】【%】【>】
  concatenation: 【>】【!】【{】【:】 mismatch
  reverse concatenation: 【{】【:】【>】【!】 mismatch
  operator: 【+】unknown

【{'-::】 = 【$%】
  input: 【{】【'】【-】【:】【:】
  left:【{】【'】
  operator: 【-】
  right:【:】【:】
  output: 【$】【%】
  concatenation: 【{】【'】【:】【:】 mismatch
  reverse concatenation: 【:】【:】【{】【'】 mismatch
  operator: 【-】unknown

Question【|$+$|】
  input: 【|】【$】【+】【$】【|】
  left:【|】【$】
  operator:【+】
  right:【$】【|】

The question operator is 【+】, which is unknown.
As the question operator is unknown, we default to concatenation.

  concatenation(【|】【$】, 【$】【|】) = 【|】【$】【$】【|】
  output: 【|$$|】-> 【{|$$|}】

I will now return the answer in 
The answer in  is 
</think>
</think>
\boxed{|$$|}",cryptarithm_deduce,|$$|,False,-0.25311708450317383
156e8c2c,"In Alice's Wonderland, a secret set of transformation rules is applied to equations. Below are a few examples:
`@+%| = {&$
'{+@` = {{`
`'*#@ = `'#@
''+%' = ##
Now, determine the result for: #'+{'",{[#,"We need to infer the transformation rule from the examples.
I will put my final answer inside .

【`@+%|】 = 【{&$】
  input: 【`】【@】【+】【%】【|】
  left:【`】【@】
  operator: 【+】
  right:【%】【|】
  output: 【{】【&】【$】
  concatenation: 【`】【@】【%】【|】 mismatch
  reverse concatenation: 【%】【|】【`】【@】 mismatch
  operator: 【+】unknown

【'{+@`】 = 【{{`】
  input: 【'】【{】【+】【@】【`】
  left:【'】【{】
  operator: 【+】
  right:【@】【`】
  output: 【{】【{】【`】
  concatenation: 【'】【{】【@】【`】 mismatch
  reverse concatenation: 【@】【`】【'】【{】 mismatch
  operator: 【+】unknown

【`'*#@】 = 【'`#@】
  input: 【`】【'】【*】【#】【@】
  left:【`】【'】
  operator: 【*】
  right:【#】【@】
  output: 【'】【`】【#】【@】
  concatenation: 【`】【'】【#】【@】 mismatch
  reverse concatenation: 【#】【@】【`】【'】 mismatch
  operator: 【*】unknown

【''+%'】 = 【##】
  input: 【'】【'】【+】【%】【'】
  left:【'】【'】
  operator: 【+】
  right:【%】【'】
  output: 【#】【#】
  concatenation: 【'】【'】【%】【'】 mismatch
  reverse concatenation: 【%】【'】【'】【'】 mismatch
  operator: 【+】unknown

Question【#+'{']
  input: 【#】【+】【'】【{】【'】
  left:【#】【+】
  operator:【'】
  right:【{】【'】

The question operator is 【'】, which is unknown.
As the question operator is unknown, we default to concatenation.

  concatenation(【#】【+】, 【{】【'】) = 【#】【+】【{】【'】
  output: 【#+'{'】-> 【{#+''}】

I will now return the answer in 
The answer in  is 
</think>
</think>
\boxed{#+'{'}",cryptarithm_deduce,#+'{',False,-0.797222912311554
162ff61a,"In Alice's Wonderland, a secret set of transformation rules is applied to equations. Below are a few examples:
?%*!% = %?!\
]!|?\ = ??
\>{^! = &<
>%|?! = [&&
Now, determine the result for: ?>{]<",?!,"We need to infer the transformation rule from the examples.
I will put my final answer inside .

【?%*!%】 = 【%?!\】
  input: 【?】【%】【*】【!】【%】
  left:【?】【%】
  operator: 【*】
  right:【!】【%】
  output: 【%】【?】【!】【\】
  concatenation: 【?】【%】【!】【%】 mismatch
  reverse concatenation: 【!】【%】【?】【%】 mismatch
  operator: 【*】unknown

【]!|?\】 = 【??】
  input: 【]】【!】【|】【?】【\】
  left:【]】【!】
  operator: 【|】
  right:【?】【\】
  output: 【?】【?】
  concatenation: 【]】【!】【?】【\】 mismatch
  reverse concatenation: 【?】【\】【]】【!】 mismatch
  operator: 【|】unknown

【\>{^!】 = 【&<】
  input: 【\】【>】【{】【^】【!】
  left:【\】【>】
  operator: 【{】
  right:【^】【!】
  output: 【&】【<】
  concatenation: 【\】【>】【^】【!】 mismatch
  reverse concatenation: 【^】【!】【\】【>】 mismatch
  operator: 【{】unknown

【>%|?!】 = 【[&&】
  input: 【>】【%】【|】【?】【!】
  left:【>】【%】
  operator: 【|】
  right:【?】【!】
  output: 【[】【&】【&】
  concatenation: 【>】【%】【?】【!】 mismatch
  reverse concatenation: 【?】【!】【>】【%】 mismatch
  operator: 【|】unknown

Question【?>{]<】
  input: 【?】【>】【{】【<】
  left:【?】【>】
  operator:【{】
  right:【<】

The question operator is 【{】, which is unknown.
As the question operator is unknown, we default to concatenation.

  concatenation(【?】【>】, 【<】) = 【?】【>】【<】
  output: 【?><】-> 【{?><}】

I will now return the answer in 
The answer in  is 
</think>
</think>
\boxed{?><}",cryptarithm_deduce,?><,False,-0.6328550577163696
16cf827a,"In Alice's Wonderland, a secret set of transformation rules is applied to equations. Below are a few examples:
\[$[| = /!
[]-@/ = ]@""|
]`-/] = |![`
]\>\@ = !\`
""!-[! = !\\
Now, determine the result for: [|-/`","""[``","We need to infer the transformation rule from the examples.
I will put my final answer inside .

【\[$[|】 = 【/!】
  input: 【\】【$】【[】【|】
  left:【\】【$】
  operator: 【[】
  right:【|】
  output: 【/】【!】
  concatenation: 【\】【$】【|】 mismatch
  reverse concatenation: 【|】【\】【$】 mismatch
  operator: 【[】unknown

【[]-@/】 = 【]@""|】
  input: 【[】【]】【-】【@】【/】
  left:【[】【]】
  operator: 【-】
  right:【@】【/】
  output: 【]】【""】【@】【|】
  concatenation: 【[】【]】【@】【/】 mismatch
  reverse concatenation: 【@】【/】【[】【]】 mismatch
  operator: 【-】unknown

【]`-/]】 = 【|![`】
  input: 【]】【`】【-】【/】【]】
  left:【]】【`】
  operator: 【-】
  right:【/】【]】
  output: 【|】【!】【[】【`】
  concatenation: 【]】【`】【/】【]】 mismatch
  reverse concatenation: 【/】【]】【]】【`】 mismatch
  operator: 【-】unknown

【]\>\@】 = 【!\_`】
  input: 【]】【\】【>】【\】【@】
  left:【]】【\】
  operator: 【>】
  right:【\】【@】
  output: 【!】【\】【_】【`】
  concatenation: 【]】【\】【\】【@】 mismatch
  reverse concatenation: 【\】【@】【]】【\】 mismatch
  operator: 【>】unknown

【""!-[!】 = 【!\\】
  input: 【""】【!】【-】【[】【!】
  left:【""】【!】
  operator: 【-】
  right:【[】【!】
  output: 【!】【\】【\】
  concatenation: 【""】【!】【[】【!】 mismatch
  reverse concatenation: 【[】【!】【""】【!】 mismatch
  operator: 【-】unknown

Question【[|-/`】
  input: 【[】【|】【-】【/】【`】
  left:【[】【|】
  operator:【-】
  right:【/】【`】

The question operator is 【-】, which is unknown.
As the question operator is unknown, we default to concatenation.

  concatenation(【[】【|】, 【/】【`】) = 【[】【|】【/】【`】
  output: 【[|/`】-> 【{[|/`}】

I will now return the answer in 
The answer in  is 
</think>
</think>
\boxed{[|/`}",cryptarithm_deduce,[|/`,False,-1.296491026878357
16ddcf94,"In Alice's Wonderland, a secret set of transformation rules is applied to equations. Below are a few examples:
^][!^ = ?&
!^*{! = *]^
{\[!] = "":?
\]@{"" = \]{""
Now, determine the result for: !?*&!","""^","We need to infer the transformation rule from the examples.
I will put my final answer inside .

【^][!^】 = 【?&】
  input: 【^】【]】【!】【^】
  left:【^】【]】
  operator: 【!】
  right:【^】
  output: 【?】【&】
  concatenation: 【^】【]】【^】 mismatch
  reverse concatenation: 【^】【^】【]】 mismatch
  operator: 【!】unknown

【!^*{!】 = 【*]^】
  input: 【!】【^】【*】【{】【!】
  left:【!】【^】
  operator: 【*】
  right:【{】【!】
  output: 【*】【]】【^】
  concatenation: 【!】【^】【{】【!】 mismatch
  reverse concatenation: 【{】【!】【!】【^】 mismatch
  operator: 【*】unknown

【{\[!]】 = 【"":?**】
  input: 【{】【\】【[】【!】【]】
  left:【{】【\】
  operator: 【[】
  right:【!】【]】
  output: 【""】【:】【?】【*】
  concatenation: 【{】【\】【!】【]】 mismatch
  reverse concatenation: 【!】【]】【{】【\】 mismatch
  operator: 【[】unknown

【\]@{""】 = 【\]{""】
  input: 【\】【]】【@】【{】【""】
  left:【\】【]】
  operator: 【@】
  right:【{】【""】
  output: 【\】【]】【{】【""】
  concatenation: 【\】【]】【{】【""】 match
  reverse concatenation: 【{】【""】【\】【]】 mismatch
  operator: 【@】concatenation

Question【!?*&!】
  input: 【!】【?】【*】【&】【!】
  left:【!】【?】
  operator:【*】
  right:【&】【!】

The question operator is 【*】, which is unknown.
As the question operator is unknown, we default to concatenation.

  concatenation(【!】【?】, 【&】【!】) = 【!】【?】【&】【!】
  output: 【!?&!】-> 【{!?&!}】

I will now return the answer in 
The answer in  is 
</think>
</think>
\boxed{!?&!}",cryptarithm_deduce,!?&!,False,-0.6852121949195862
17093b07,"In Alice's Wonderland, a secret set of transformation rules is applied to equations. Below are a few examples:
[[-{` = -}
&^-:} = <{
}`-^} = &:
`<+<: = ^){
{>-[{ = }
Now, determine the result for: :<+`}",>{{,"We need to infer the transformation rule from the examples.
I will put my final answer inside .

【[[-{`】 = 【-{】
  input: 【[】【<】【-】【{】【`】
  left:【[】【<】
  operator: 【-】
  right:【{】【`】
  output: 【-】【{】
  concatenation: 【[】【<】【{】【`】 mismatch
  reverse concatenation: 【{】【`】【[】【<】 mismatch
  operator: 【-】unknown

【&^-:}】 = 【<{】
  input: 【&】【^】【-】【:】【}】
  left:【&】【^】
  operator: 【-】
  right:【:】【}】
  output: 【<】【{】
  concatenation: 【&】【^】【:】【}】 mismatch
  reverse concatenation: 【:】【}】【&】【^】 mismatch
  operator: 【-】unknown

【}`-^}】 = 【&:】
  input: 【}】【`】【-】【^】【}】
  left:【}】【`】
  operator: 【-】
  right:【^】【}】
  output: 【&】【:】
  concatenation: 【}】【`】【^】【}】 mismatch
  reverse concatenation: 【^】【}】【}】【`】 mismatch
  operator: 【-】unknown

【`<+<:】 = 【^){】
  input: 【<】【`】【+】【<】【:】
  left:【<】【`】
  operator: 【+】
  right:【<】【:】
  output: 【^】【)】【{】
  concatenation: 【<】【`】【<】【:】 mismatch
  reverse concatenation: 【<】【:】【<】【`】 mismatch
  operator: 【+】unknown

【{>-[{】 = 【}】
  input: 【{】【>】【-】【[】【{】
  left:【{】【>】
  operator: 【-】
  right:【[】【{】
  output: 【}】
  concatenation: 【{】【>】【[】【{】 mismatch
  reverse concatenation: 【[】【{】【{】【>】 mismatch
  operator: 【-】unknown

Question【:<+`}】
  input: 【:】【<】【+】【`】【}】
  left:【:】【<】
  operator:【+】
  right:【`】【}】

The question operator is 【+】, which is unknown.
As the question operator is unknown, we default to concatenation.

  concatenation(【:】【<】, 【`】【}】) = 【:】【<】【`】【}】
  output: 【:<`}】-> 【{:<`}】

I will now return the answer in 
The answer in  is 
</think>
</think>
\boxed{:<`}",cryptarithm_deduce,:<`,False,-0.5761362910270691
175fc78a,"In Alice's Wonderland, a secret set of transformation rules is applied to equations. Below are a few examples:
<{-'$ = -(
(<*!$ = &^^&
((+!< = <&(
^!-{! = [)
Now, determine the result for: ^!*![",!)(',"We need to infer the transformation rule from the examples.
I will put my final answer inside .

【<{-'$】 = 【-(】
  input: 【<】【{】【-】【'】【$】
  left:【<】【{】
  operator: 【-】
  right:【'】【$】
  output: 【-】【(】
  concatenation: 【<】【{】【'】【$】 mismatch
  reverse concatenation: 【'】【$】【<】【{】 mismatch
  operator: 【-】unknown

【(<*!$】 = 【&^^&】
  input: 【(】【<】【*】【!】【$】
  left:【(】【<】
  operator: 【*】
  right:【!】【$】
  output: 【&】【^】【^】【&】
  concatenation: 【(】【<】【!】【$】 mismatch
  reverse concatenation: 【!】【$】【(】【<】 mismatch
  operator: 【*】unknown

【((+!<】 = 【<&(】
  input: 【(】【(】【+】【!】【<】
  left:【(】【(】
  operator: 【+】
  right:【!】【<】
  output: 【<】【&】【(】
  concatenation: 【(】【(】【!】【<】 mismatch
  reverse concatenation: 【!】【<】【(】【(】 mismatch
  operator: 【+】unknown

【^!-{!】 = 【[)】
  input: 【^】【!】【-】【{】【!】
  left:【^】【!】
  operator: 【-】
  right:【{】【!】
  output: 【[】【)】
  concatenation: 【^】【!】【{】【!】 mismatch
  reverse concatenation: 【{】【!】【^】【!】 mismatch
  operator: 【-】unknown

Question【^!*![】
  input: 【^】【!】【*】【!】【[】
  left:【^】【!】
  operator:【*】
  right:【!】【[】

The question operator is 【*】, which is unknown.
As the question operator is unknown, we default to concatenation.

  concatenation(【^】【!】, 【!】【[】) = 【^】【!】【!】【[】
  output: 【^!![】-> 【{^!![}】

I will now return the answer in 
The answer in  is 
</think>
</think>
\boxed{^!![}",cryptarithm_deduce,^!![,False,-0.4417864680290222
177f0c22,"In Alice's Wonderland, a secret set of transformation rules is applied to equations. Below are a few examples:
?""+>< = ?""><
[<-|' = -['
#""*\\ = #""\\
Now, determine the result for: >?-#[",/>,"We need to infer the transformation rule from the examples.
I will put my final answer inside .

【?""+><】 = 【?""><】
  input: 【?】【""】【+】【>】【<】
  left:【?】【""】
  operator: 【+】
  right:【>】【<】
  output: 【?】【""】【>】【<】
  concatenation: 【?】【""】【>】【<】 match
  reverse concatenation: 【>】【<】【?】【""】 mismatch
  operator: 【+】concatenation

【[<-|'】 = 【-['】
  input: 【[】【<】【-】【|】【'】
  left:【[】【<】
  operator: 【-】
  right:【|】【'】
  output: 【-】【[】【'】
  concatenation: 【[】【<】【|】【'】 mismatch
  reverse concatenation: 【|】【'】【[】【<】 mismatch
  operator: 【-】unknown

【#""*\\】 = 【#""\\】
  input: 【#】【""】【*】【\】【\】
  left:【#】【""】
  operator: 【*】
  right:【\】【\】
  output: 【#】【""】【\】【\】
  concatenation: 【#】【""】【\】【\】 match
  reverse concatenation: 【\】【\】【#】【""】 mismatch
  operator: 【*】concatenation

Question【>?-#[】
  input: 【>】【?】【-】【#】【[】
  left:【>】【?】
  operator:【-】
  right:【#】【[】

The question operator is 【-】, which is unknown.
As the question operator is unknown, we default to concatenation.

  concatenation(【>】【?】, 【#】【[】) = 【>】【?】【#】【[】
  output: 【>?#[】-> 【{>?#[}】

I will now return the answer in 
The answer in  is 
</think>
</think>
\boxed{>?#[}",cryptarithm_deduce,>?#[,False,-0.7063059210777283
1785b35e,"In Alice's Wonderland, a secret set of transformation rules is applied to equations. Below are a few examples:
!^*?] = !>""?
!>-!: = -!
(!+/> = ?(
:&*?? = ]>/!
""]+"": = !:""
Now, determine the result for: (!*?!",:^:/,"We need to infer the transformation rule from the examples.
I will put my final answer inside .

【!^*?]】 = 【!""?】
  input: 【!】【^】【*】【?】【]】
  left:【!】【^】
  operator: 【*】
  right:【?】【]】
  output: 【!】【""】【>】【?】
  concatenation: 【!】【^】【?】【]】 mismatch
  reverse concatenation: 【?】【]】【!】【^】 mismatch
  operator: 【*】unknown

【!>-!:】 = 【-!】
  input: 【!】【>】【-】【!】【:】
  left:【!】【>】
  operator: 【-】
  right:【!】【:】
  output: 【-】【!】
  concatenation: 【!】【>】【!】【:】 mismatch
  reverse concatenation: 【!】【:】【!】【>】 mismatch
  operator: 【-】unknown

【(!+/>】 = 【?(】
  input: 【(】【!】【+】【/】【>】
  left:【(】【!】
  operator: 【+】
  right:【/】【>】
  output: 【?】【(】
  concatenation: 【(】【!】【/】【>】 mismatch
  reverse concatenation: 【/】【>】【(】【!】 mismatch
  operator: 【+】unknown

【:&*??】 = 【]/!】
  input: 【:】【&】【*】【?】【?】
  left:【:】【&】
  operator: 【*】
  right:【?】【?】
  output: 【]】【/】【!】
  concatenation: 【:】【&】【?】【?】 mismatch
  reverse concatenation: 【?】【?】【:】【&】 mismatch
  operator: 【*】unknown

【""]+"":】 = 【!:】
  input: 【""】【]】【+】【""】【:】
  left:【""】【]】
  operator: 【+】
  right:【""】【:】
  output: 【!】【:】
  concatenation: 【""】【]】【""】【:】 mismatch
  reverse concatenation: 【""】【:】【""】【]】 mismatch
  operator: 【+】unknown

Question【(!*?!
  input: 【(】【!】【*】【?】【!】
  left:【(】【!】
  operator:【*】
  right:【?】【!】

The question operator is 【*】, which is unknown.
As the question operator is unknown, we default to concatenation.

  concatenation(【(】【!】, 【?】【!】) = 【(】【!】【?】【!】
  output: 【(!?!」】

I will now return the answer in 
The answer in  is 
</think>
</think>
\boxed{(!?!」}",cryptarithm_deduce,(!?!」,False,-0.7979992628097534
17d62f7a,"In Alice's Wonderland, a secret set of transformation rules is applied to equations. Below are a few examples:
@`{@@ = )?@?
)&+<| = ^)
@`'): = )<
^?+""? = ^:|
Now, determine the result for: :&{@&",?|:|,"We need to infer the transformation rule from the examples.
I will put my final answer inside .

【@`{@@】 = 【)?@?】
  input: 【@】【`】【{】【@】【@】
  left:【@】【`】
  operator: 【{】
  right:【@】【@】
  output: 【)】【?】【@】【?】
  concatenation: 【@】【`】【@】【@】 mismatch
  reverse concatenation: 【@】【@】【@】【`】 mismatch
  operator: 【{】unknown

【)&+<|】 = 【^)】
  input: 【)】【&】【+】【<】【|】
  left:【)】【&】
  operator: 【+】
  right:【<】【|】
  output: 【^】【)】
  concatenation: 【)】【&】【<】【|】 mismatch
  reverse concatenation: 【<】【|】【)】【&】 mismatch
  operator: 【+】unknown

【@`'):】 = 【)<】
  input: 【@】【`】【'】【)】【:】
  left:【@】【`】
  operator: 【'】
  right:【)】【:】
  output: 【)】【<】
  concatenation: 【@】【`】【)】【:】 mismatch
  reverse concatenation: 【)】【:】【@】【`】 mismatch
  operator: 【'】unknown

【^?+""?】 = 【^:|】
  input: 【^】【?】【+】【""】【?】
  left:【^】【?】
  operator: 【+】
  right:【""】【?】
  output: 【^】【:】【|】
  concatenation: 【^】【?】【""】【?】 mismatch
  reverse concatenation: 【""】【?】【^】【?】 mismatch
  operator: 【+】unknown

Question【:&{@&】
  input: 【:】【&】【{】【@】【&】
  left:【:】【&】
  operator:【{】
  right:【@】【&】

The question operator is 【{】, which is unknown.
As the question operator is unknown, we default to concatenation.

  concatenation(【:】【&】, 【@】【&】) = 【:】【&】【@】【&】
  output: 【:&@&】-> 【{:&@&}】

I will now return the answer in 
The answer in  is 
</think>
</think>
\boxed{:&@&}",cryptarithm_deduce,:&@&,False,-0.021337127313017845
17fe003b,"In Alice's Wonderland, a secret set of transformation rules is applied to equations. Below are a few examples:
/<+/\ = ""^
""\}// = )#
<\'## = ^)#[
[)+)` = ^)#
\""}[\ = }/`
Now, determine the result for: ^<'#`","))""","We need to infer the transformation rule from the examples.
I will put my final answer inside .

【/<+/\】 = 【""^】
  input: 【/】【<】【+】【/】【\】
  left:【/】【<】
  operator: 【+】
  right:【/】【\】
  output: 【""】【^】
  concatenation: 【/】【<】【/】【\】 mismatch
  reverse concatenation: 【/】【\】【/】【<】 mismatch
  operator: 【+】unknown

【""\}//】 = 【)#】
  input: 【""】【\】【}】【/】【}】
  left:【""】【\】
  operator: 【}】
  right:【/】【}】
  output: 【)】【#】
  concatenation: 【""】【\】【/】【}】 mismatch
  reverse concatenation: 【/】【}】【""】【\】 mismatch
  operator: 【}】unknown

【<\'##】 = 【^)#[】
  input: 【<】【\】【'】【#】【#】
  left:【<】【\】
  operator: 【'】
  right:【#】【#】
  output: 【^】【)】【#】【[】
  concatenation: 【<】【\】【#】【#】 mismatch
  reverse concatenation: 【#】【#】【<】【\】 mismatch
  operator: 【'】unknown

【[)+)`】 = 【^)#】
  input: 【[】【)】【+】【)】【`】
  left:【[】【)】
  operator: 【+】
  right:【)】【`】
  output: 【^】【)】【#】
  concatenation: 【[】【)】【)】【`】 mismatch
  reverse concatenation: 【)】【`】【[】【)】 mismatch
  operator: 【+】unknown

【\""}[\】 = 【}/`】
  input: 【\】【""】【}】【[】【\】
  left:【\】【""】
  operator: 【}】
  right:【[】【\】
  output: 【}】【/】【`】
  concatenation: 【\】【""】【[】【\】 mismatch
  reverse concatenation: 【[】【\】【\】【""】 mismatch
  operator: 【}】unknown

Question【^<'#`】
  input: 【^】【<】【'】【#】【`】
  left:【^】【<】
  operator:【'】
  right:【#】【`】

The question operator is 【'】, which is unknown.
As the question operator is unknown, we default to concatenation.

  concatenation(【^】【<】, 【#】【`】) = 【^】【<】【#】【`】
  output: 【^<#`】-> 【{^<#`}】

I will now return the answer in 
The answer in  is 
</think>
</think>
\boxed{^<#`}",cryptarithm_deduce,^<#`,False,-0.485758900642395
180ddd62,"In Alice's Wonderland, a secret set of transformation rules is applied to equations. Below are a few examples:
)""'&"" = >""""<
{""]>< = `<
``*&) = |&<
|<'{< = {|<
&<]`"" = ]>>
Now, determine the result for: |)][)",]/,"We need to infer the transformation rule from the examples.
I will put my final answer inside .

【)""'&""】 = 【>""""<】
  input: 【)】【""】【'】【&】【""】
  left:【)】【""】
  operator: 【'】
  right:【&】【""】
  output: 【>】【""】【""】【<】
  concatenation: 【)】【""】【&】【""】 mismatch
  reverse concatenation: 【&】【""】【)】【""】 mismatch
  operator: 【'】unknown

【{""]><】 = 【`<】
  input: 【{】【""】【]】【>】【<】
  left:【{】【""】
  operator: 【]】
  right:【>】【<】
  output: 【<】【`】
  concatenation: 【{】【""】【>】【<】 mismatch
  reverse concatenation: 【>】【<】【{】【""】 mismatch
  operator: 【]】unknown

【``*&)】 = 【|&<】
  input: 【`】【`】【*】【&】【)】
  left:【`】【`】
  operator: 【*】
  right:【&】【)】
  output: 【|】【&】【<】
  concatenation: 【`】【`】【&】【)】 mismatch
  reverse concatenation: 【&】【)】【`】【`】 mismatch
  operator: 【*】unknown

【|<'{<】 = 【{|<】
  input: 【|】【<】【'】【{】【<】
  left:【|】【<】
  operator: 【'】
  right:【{】【<】
  output: 【{】【|】【<】
  concatenation: 【|】【<】【{】【<】 mismatch
  reverse concatenation: 【{】【<】【|】【<】 mismatch
  operator: 【'】unknown

【&<]`""】 = 【]>>】
  input: 【&】【<】【]】【`】【""】
  left:【&】【<】
  operator: 【]】
  right:【`】【""】
  output: 【]】【>】【>】
  concatenation: 【&】【<】【`】【""】 mismatch
  reverse concatenation: 【`】【""】【&】【<】 mismatch
  operator: 【]】unknown

Question【|)][)】
  input: 【|】【)】【]】【[】【)】
  left:【|】【)】
  operator:【]】
  right:【[】【)】

The question operator is 【]】, which is unknown.
As the question operator is unknown, we default to concatenation.

  concatenation(【|】【)】, 【[】【)】) = 【|】【)】【[】【)】
  output: 【|)[)】-> 【{|)[)}】

I will now return the answer in 
The answer in  is 
</think>
</think>
\boxed{|)[)}",cryptarithm_deduce,|)[),False,-0.38709476590156555
18a4d39d,"In Alice's Wonderland, a secret set of transformation rules is applied to equations. Below are a few examples:
|/*{^ = #[^/
""""+#^ = """"#^
|#+|> = |#|>
""<+<[ = ""<<[
{$-""# = #{
Now, determine the result for: ^""*<>","#$""/","We need to infer the transformation rule from the examples.
I will put my final answer inside .

【|/*{^】 = 【#[^/】
  input: 【|】【/】【*】【{】【^】
  left:【|】【/】
  operator: 【*】
  right:【{】【^】
  output: 【#】【[】【^】【/】
  concatenation: 【|】【/】【{】【^】 mismatch
  reverse concatenation: 【{】【^】【|】【/】 mismatch
  operator: 【*】unknown

【""""+#^】 = 【""""#^】
  input: 【""】【""】【+】【#】【^】
  left:【""】【""】
  operator: 【+】
  right:【#】【^】
  output: 【""】【""】【#】【^】
  concatenation: 【""】【""】【#】【^】 match
  reverse concatenation: 【#】【^】【""】【""】 mismatch
  operator: 【+】concatenation

【|#+|>】 = 【|#|>】
  input: 【|】【#】【+】【|】【>】
  left:【|】【#】
  operator: 【+】
  right:【|】【>】
  output: 【|】【#】【|】【>】
  concatenation: 【|】【#】【|】【>】 match
  reverse concatenation: 【|】【>】【|】【#】 mismatch
  operator: 【+】concatenation

【""<+<[】 = 【""<<[】
  input: 【""】【<】【+】【<】【[】
  left:【""】【<】
  operator: 【+】
  right:【<】【[】
  output: 【""】【""】【<】【[】
  concatenation: 【""】【<】【<】【[】 mismatch
  reverse concatenation: 【<】【[】【""】【<】 mismatch
  operator: 【+】unknown

【{$-""#】 = 【#{】
  input: 【{】【$】【-】【""】【#】
  left:【{】【$】
  operator: 【-】
  right:【""】【#】
  output: 【#】【{】
  concatenation: 【{】【$】【""】【#】 mismatch
  reverse concatenation: 【""】【#】【{】【$】 mismatch
  operator: 【-】unknown

Question【^""*<>】
  input: 【^】【""】【*】【<】【>】
  left:【^】【""】
  operator:【*】
  right:【<】【>】

The question operator is 【*】, which is unknown.
As the question operator is unknown, we default to concatenation.

  concatenation(【^】【""】, 【<】【>】) = 【^】【""】【<】【>】
  output: 【^""<>】-> 【{^""<>}】

I will now return the answer in 
The answer in  is 
</think>
</think>
\boxed{^""<>}",cryptarithm_deduce,"^""<>",False,-0.06308924406766891
